ISO-10303-21;
HEADER;
FILE_DESCRIPTION(('Open CASCADE Model'),'2;1');
FILE_NAME('Open CASCADE Shape Model','2026-09-26T00:06:16',('Author'),(
    'Open CASCADE'),'Open CASCADE STEP processor 8.0','build123d',
  'Unknown');
FILE_SCHEMA(('AUTOMOTIVE_DESIGN { 1 0 10303 214 1 1 1 1 }'));
ENDSEC;
DATA;
#1 = APPLICATION_PROTOCOL_DEFINITION('international standard',
  'automotive_design',2000,#2);
#2 = APPLICATION_CONTEXT(
  'core data for automotive mechanical design processes');
#3 = SHAPE_DEFINITION_REPRESENTATION(#4,#10);
#4 = PRODUCT_DEFINITION_SHAPE('','',#5);
#5 = PRODUCT_DEFINITION('design','',#6,#9);
#6 = PRODUCT_DEFINITION_FORMATION('','',#7);
#7 = PRODUCT('COMPOUND','COMPOUND','',(#8));
#8 = PRODUCT_CONTEXT('',#2,'mechanical');
#9 = PRODUCT_DEFINITION_CONTEXT('part definition',#2,'design');
#10 = SHAPE_REPRESENTATION('',(#11,#15,#855,#1185,#1283,#1381,#1711,
    #1809,#1907,#2005,#2103,#2433,#4427,#4745,#5197,#5617,#5947,#6156,
    #7691,#9591,#9921,#10251,#12151,#12481),#12811);
#11 = AXIS2_PLACEMENT_3D('',#12,#13,#14);
#12 = CARTESIAN_POINT('',(0.,0.,0.));
#13 = DIRECTION('',(0.,0.,1.));
#14 = DIRECTION('',(1.,0.,-0.));
#15 = BREP_WITH_VOIDS('',#16,(#525));
#16 = CLOSED_SHELL('',(#17,#137,#213,#262,#311,#400,#407,#462,#517,#521)
  );
#17 = ADVANCED_FACE('',(#18),#32,.F.);
#18 = FACE_BOUND('',#19,.F.);
#19 = EDGE_LOOP('',(#20,#55,#83,#111));
#20 = ORIENTED_EDGE('',*,*,#21,.F.);
#21 = EDGE_CURVE('',#22,#24,#26,.T.);
#22 = VERTEX_POINT('',#23);
#23 = CARTESIAN_POINT('',(-183.8223050896,-75.,3.3E+03));
#24 = VERTEX_POINT('',#25);
#25 = CARTESIAN_POINT('',(-183.8223050896,-75.,3.5E+03));
#26 = SURFACE_CURVE('',#27,(#31,#43),.PCURVE_S1.);
#27 = LINE('',#28,#29);
#28 = CARTESIAN_POINT('',(-183.8223050896,-75.,3.3E+03));
#29 = VECTOR('',#30,1.);
#30 = DIRECTION('',(0.,0.,1.));
#31 = PCURVE('',#32,#37);
#32 = PLANE('',#33);
#33 = AXIS2_PLACEMENT_3D('',#34,#35,#36);
#34 = CARTESIAN_POINT('',(-183.8223050896,-75.,3.3E+03));
#35 = DIRECTION('',(1.,0.,-0.));
#36 = DIRECTION('',(0.,0.,1.));
#37 = DEFINITIONAL_REPRESENTATION('',(#38),#42);
#38 = LINE('',#39,#40);
#39 = CARTESIAN_POINT('',(0.,0.));
#40 = VECTOR('',#41,1.);
#41 = DIRECTION('',(1.,0.));
#42 = ( GEOMETRIC_REPRESENTATION_CONTEXT(2) 
PARAMETRIC_REPRESENTATION_CONTEXT() REPRESENTATION_CONTEXT('2D SPACE',''
  ) );
#43 = PCURVE('',#44,#49);
#44 = PLANE('',#45);
#45 = AXIS2_PLACEMENT_3D('',#46,#47,#48);
#46 = CARTESIAN_POINT('',(-183.8223050896,-75.,3.3E+03));
#47 = DIRECTION('',(-0.,1.,0.));
#48 = DIRECTION('',(0.,0.,1.));
#49 = DEFINITIONAL_REPRESENTATION('',(#50),#54);
#50 = LINE('',#51,#52);
#51 = CARTESIAN_POINT('',(0.,0.));
#52 = VECTOR('',#53,1.);
#53 = DIRECTION('',(1.,0.));
#54 = ( GEOMETRIC_REPRESENTATION_CONTEXT(2) 
PARAMETRIC_REPRESENTATION_CONTEXT() REPRESENTATION_CONTEXT('2D SPACE',''
  ) );
#55 = ORIENTED_EDGE('',*,*,#56,.T.);
#56 = EDGE_CURVE('',#22,#57,#59,.T.);
#57 = VERTEX_POINT('',#58);
#58 = CARTESIAN_POINT('',(-183.8223050896,75.,3.3E+03));
#59 = SURFACE_CURVE('',#60,(#64,#71),.PCURVE_S1.);
#60 = LINE('',#61,#62);
#61 = CARTESIAN_POINT('',(-183.8223050896,-75.,3.3E+03));
#62 = VECTOR('',#63,1.);
#63 = DIRECTION('',(-0.,1.,0.));
#64 = PCURVE('',#32,#65);
#65 = DEFINITIONAL_REPRESENTATION('',(#66),#70);
#66 = LINE('',#67,#68);
#67 = CARTESIAN_POINT('',(0.,0.));
#68 = VECTOR('',#69,1.);
#69 = DIRECTION('',(0.,-1.));
#70 = ( GEOMETRIC_REPRESENTATION_CONTEXT(2) 
PARAMETRIC_REPRESENTATION_CONTEXT() REPRESENTATION_CONTEXT('2D SPACE',''
  ) );
#71 = PCURVE('',#72,#77);
#72 = PLANE('',#73);
#73 = AXIS2_PLACEMENT_3D('',#74,#75,#76);
#74 = CARTESIAN_POINT('',(-183.8223050896,-75.,3.3E+03));
#75 = DIRECTION('',(0.,0.,1.));
#76 = DIRECTION('',(1.,0.,-0.));
#77 = DEFINITIONAL_REPRESENTATION('',(#78),#82);
#78 = LINE('',#79,#80);
#79 = CARTESIAN_POINT('',(0.,0.));
#80 = VECTOR('',#81,1.);
#81 = DIRECTION('',(0.,1.));
#82 = ( GEOMETRIC_REPRESENTATION_CONTEXT(2) 
PARAMETRIC_REPRESENTATION_CONTEXT() REPRESENTATION_CONTEXT('2D SPACE',''
  ) );
#83 = ORIENTED_EDGE('',*,*,#84,.T.);
#84 = EDGE_CURVE('',#57,#85,#87,.T.);
#85 = VERTEX_POINT('',#86);
#86 = CARTESIAN_POINT('',(-183.8223050896,75.,3.5E+03));
#87 = SURFACE_CURVE('',#88,(#92,#99),.PCURVE_S1.);
#88 = LINE('',#89,#90);
#89 = CARTESIAN_POINT('',(-183.8223050896,75.,3.3E+03));
#90 = VECTOR('',#91,1.);
#91 = DIRECTION('',(0.,0.,1.));
#92 = PCURVE('',#32,#93);
#93 = DEFINITIONAL_REPRESENTATION('',(#94),#98);
#94 = LINE('',#95,#96);
#95 = CARTESIAN_POINT('',(0.,-150.));
#96 = VECTOR('',#97,1.);
#97 = DIRECTION('',(1.,0.));
#98 = ( GEOMETRIC_REPRESENTATION_CONTEXT(2) 
PARAMETRIC_REPRESENTATION_CONTEXT() REPRESENTATION_CONTEXT('2D SPACE',''
  ) );
#99 = PCURVE('',#100,#105);
#100 = PLANE('',#101);
#101 = AXIS2_PLACEMENT_3D('',#102,#103,#104);
#102 = CARTESIAN_POINT('',(-183.8223050896,75.,3.3E+03));
#103 = DIRECTION('',(-0.,1.,0.));
#104 = DIRECTION('',(0.,0.,1.));
#105 = DEFINITIONAL_REPRESENTATION('',(#106),#110);
#106 = LINE('',#107,#108);
#107 = CARTESIAN_POINT('',(0.,0.));
#108 = VECTOR('',#109,1.);
#109 = DIRECTION('',(1.,0.));
#110 = ( GEOMETRIC_REPRESENTATION_CONTEXT(2) 
PARAMETRIC_REPRESENTATION_CONTEXT() REPRESENTATION_CONTEXT('2D SPACE',''
  ) );
#111 = ORIENTED_EDGE('',*,*,#112,.F.);
#112 = EDGE_CURVE('',#24,#85,#113,.T.);
#113 = SURFACE_CURVE('',#114,(#118,#125),.PCURVE_S1.);
#114 = LINE('',#115,#116);
#115 = CARTESIAN_POINT('',(-183.8223050896,-75.,3.5E+03));
#116 = VECTOR('',#117,1.);
#117 = DIRECTION('',(-0.,1.,0.));
#118 = PCURVE('',#32,#119);
#119 = DEFINITIONAL_REPRESENTATION('',(#120),#124);
#120 = LINE('',#121,#122);
#121 = CARTESIAN_POINT('',(200.,0.));
#122 = VECTOR('',#123,1.);
#123 = DIRECTION('',(0.,-1.));
#124 = ( GEOMETRIC_REPRESENTATION_CONTEXT(2) 
PARAMETRIC_REPRESENTATION_CONTEXT() REPRESENTATION_CONTEXT('2D SPACE',''
  ) );
#125 = PCURVE('',#126,#131);
#126 = PLANE('',#127);
#127 = AXIS2_PLACEMENT_3D('',#128,#129,#130);
#128 = CARTESIAN_POINT('',(-183.8223050896,-75.,3.5E+03));
#129 = DIRECTION('',(0.,0.,1.));
#130 = DIRECTION('',(1.,0.,-0.));
#131 = DEFINITIONAL_REPRESENTATION('',(#132),#136);
#132 = LINE('',#133,#134);
#133 = CARTESIAN_POINT('',(0.,0.));
#134 = VECTOR('',#135,1.);
#135 = DIRECTION('',(0.,1.));
#136 = ( GEOMETRIC_REPRESENTATION_CONTEXT(2) 
PARAMETRIC_REPRESENTATION_CONTEXT() REPRESENTATION_CONTEXT('2D SPACE',''
  ) );
#137 = ADVANCED_FACE('',(#138),#44,.F.);
#138 = FACE_BOUND('',#139,.F.);
#139 = EDGE_LOOP('',(#140,#163,#164,#187));
#140 = ORIENTED_EDGE('',*,*,#141,.F.);
#141 = EDGE_CURVE('',#22,#142,#144,.T.);
#142 = VERTEX_POINT('',#143);
#143 = CARTESIAN_POINT('',(-93.82230508962,-75.,3.3E+03));
#144 = SURFACE_CURVE('',#145,(#149,#156),.PCURVE_S1.);
#145 = LINE('',#146,#147);
#146 = CARTESIAN_POINT('',(-183.8223050896,-75.,3.3E+03));
#147 = VECTOR('',#148,1.);
#148 = DIRECTION('',(1.,0.,-0.));
#149 = PCURVE('',#44,#150);
#150 = DEFINITIONAL_REPRESENTATION('',(#151),#155);
#151 = LINE('',#152,#153);
#152 = CARTESIAN_POINT('',(0.,0.));
#153 = VECTOR('',#154,1.);
#154 = DIRECTION('',(0.,1.));
#155 = ( GEOMETRIC_REPRESENTATION_CONTEXT(2) 
PARAMETRIC_REPRESENTATION_CONTEXT() REPRESENTATION_CONTEXT('2D SPACE',''
  ) );
#156 = PCURVE('',#72,#157);
#157 = DEFINITIONAL_REPRESENTATION('',(#158),#162);
#158 = LINE('',#159,#160);
#159 = CARTESIAN_POINT('',(0.,0.));
#160 = VECTOR('',#161,1.);
#161 = DIRECTION('',(1.,0.));
#162 = ( GEOMETRIC_REPRESENTATION_CONTEXT(2) 
PARAMETRIC_REPRESENTATION_CONTEXT() REPRESENTATION_CONTEXT('2D SPACE',''
  ) );
#163 = ORIENTED_EDGE('',*,*,#21,.T.);
#164 = ORIENTED_EDGE('',*,*,#165,.T.);
#165 = EDGE_CURVE('',#24,#166,#168,.T.);
#166 = VERTEX_POINT('',#167);
#167 = CARTESIAN_POINT('',(-93.82230508962,-75.,3.5E+03));
#168 = SURFACE_CURVE('',#169,(#173,#180),.PCURVE_S1.);
#169 = LINE('',#170,#171);
#170 = CARTESIAN_POINT('',(-183.8223050896,-75.,3.5E+03));
#171 = VECTOR('',#172,1.);
#172 = DIRECTION('',(1.,0.,-0.));
#173 = PCURVE('',#44,#174);
#174 = DEFINITIONAL_REPRESENTATION('',(#175),#179);
#175 = LINE('',#176,#177);
#176 = CARTESIAN_POINT('',(200.,0.));
#177 = VECTOR('',#178,1.);
#178 = DIRECTION('',(0.,1.));
#179 = ( GEOMETRIC_REPRESENTATION_CONTEXT(2) 
PARAMETRIC_REPRESENTATION_CONTEXT() REPRESENTATION_CONTEXT('2D SPACE',''
  ) );
#180 = PCURVE('',#126,#181);
#181 = DEFINITIONAL_REPRESENTATION('',(#182),#186);
#182 = LINE('',#183,#184);
#183 = CARTESIAN_POINT('',(0.,0.));
#184 = VECTOR('',#185,1.);
#185 = DIRECTION('',(1.,0.));
#186 = ( GEOMETRIC_REPRESENTATION_CONTEXT(2) 
PARAMETRIC_REPRESENTATION_CONTEXT() REPRESENTATION_CONTEXT('2D SPACE',''
  ) );
#187 = ORIENTED_EDGE('',*,*,#188,.F.);
#188 = EDGE_CURVE('',#142,#166,#189,.T.);
#189 = SURFACE_CURVE('',#190,(#194,#201),.PCURVE_S1.);
#190 = LINE('',#191,#192);
#191 = CARTESIAN_POINT('',(-93.82230508962,-75.,3.3E+03));
#192 = VECTOR('',#193,1.);
#193 = DIRECTION('',(0.,0.,1.));
#194 = PCURVE('',#44,#195);
#195 = DEFINITIONAL_REPRESENTATION('',(#196),#200);
#196 = LINE('',#197,#198);
#197 = CARTESIAN_POINT('',(0.,90.));
#198 = VECTOR('',#199,1.);
#199 = DIRECTION('',(1.,0.));
#200 = ( GEOMETRIC_REPRESENTATION_CONTEXT(2) 
PARAMETRIC_REPRESENTATION_CONTEXT() REPRESENTATION_CONTEXT('2D SPACE',''
  ) );
#201 = PCURVE('',#202,#207);
#202 = PLANE('',#203);
#203 = AXIS2_PLACEMENT_3D('',#204,#205,#206);
#204 = CARTESIAN_POINT('',(-93.82230508962,-75.,3.3E+03));
#205 = DIRECTION('',(1.,0.,-0.));
#206 = DIRECTION('',(0.,0.,1.));
#207 = DEFINITIONAL_REPRESENTATION('',(#208),#212);
#208 = LINE('',#209,#210);
#209 = CARTESIAN_POINT('',(0.,0.));
#210 = VECTOR('',#211,1.);
#211 = DIRECTION('',(1.,0.));
#212 = ( GEOMETRIC_REPRESENTATION_CONTEXT(2) 
PARAMETRIC_REPRESENTATION_CONTEXT() REPRESENTATION_CONTEXT('2D SPACE',''
  ) );
#213 = ADVANCED_FACE('',(#214),#126,.T.);
#214 = FACE_BOUND('',#215,.T.);
#215 = EDGE_LOOP('',(#216,#217,#218,#241));
#216 = ORIENTED_EDGE('',*,*,#112,.F.);
#217 = ORIENTED_EDGE('',*,*,#165,.T.);
#218 = ORIENTED_EDGE('',*,*,#219,.T.);
#219 = EDGE_CURVE('',#166,#220,#222,.T.);
#220 = VERTEX_POINT('',#221);
#221 = CARTESIAN_POINT('',(-93.82230508962,75.,3.5E+03));
#222 = SURFACE_CURVE('',#223,(#227,#234),.PCURVE_S1.);
#223 = LINE('',#224,#225);
#224 = CARTESIAN_POINT('',(-93.82230508962,-75.,3.5E+03));
#225 = VECTOR('',#226,1.);
#226 = DIRECTION('',(-0.,1.,0.));
#227 = PCURVE('',#126,#228);
#228 = DEFINITIONAL_REPRESENTATION('',(#229),#233);
#229 = LINE('',#230,#231);
#230 = CARTESIAN_POINT('',(90.,0.));
#231 = VECTOR('',#232,1.);
#232 = DIRECTION('',(0.,1.));
#233 = ( GEOMETRIC_REPRESENTATION_CONTEXT(2) 
PARAMETRIC_REPRESENTATION_CONTEXT() REPRESENTATION_CONTEXT('2D SPACE',''
  ) );
#234 = PCURVE('',#202,#235);
#235 = DEFINITIONAL_REPRESENTATION('',(#236),#240);
#236 = LINE('',#237,#238);
#237 = CARTESIAN_POINT('',(200.,0.));
#238 = VECTOR('',#239,1.);
#239 = DIRECTION('',(0.,-1.));
#240 = ( GEOMETRIC_REPRESENTATION_CONTEXT(2) 
PARAMETRIC_REPRESENTATION_CONTEXT() REPRESENTATION_CONTEXT('2D SPACE',''
  ) );
#241 = ORIENTED_EDGE('',*,*,#242,.F.);
#242 = EDGE_CURVE('',#85,#220,#243,.T.);
#243 = SURFACE_CURVE('',#244,(#248,#255),.PCURVE_S1.);
#244 = LINE('',#245,#246);
#245 = CARTESIAN_POINT('',(-183.8223050896,75.,3.5E+03));
#246 = VECTOR('',#247,1.);
#247 = DIRECTION('',(1.,0.,-0.));
#248 = PCURVE('',#126,#249);
#249 = DEFINITIONAL_REPRESENTATION('',(#250),#254);
#250 = LINE('',#251,#252);
#251 = CARTESIAN_POINT('',(0.,150.));
#252 = VECTOR('',#253,1.);
#253 = DIRECTION('',(1.,0.));
#254 = ( GEOMETRIC_REPRESENTATION_CONTEXT(2) 
PARAMETRIC_REPRESENTATION_CONTEXT() REPRESENTATION_CONTEXT('2D SPACE',''
  ) );
#255 = PCURVE('',#100,#256);
#256 = DEFINITIONAL_REPRESENTATION('',(#257),#261);
#257 = LINE('',#258,#259);
#258 = CARTESIAN_POINT('',(200.,0.));
#259 = VECTOR('',#260,1.);
#260 = DIRECTION('',(0.,1.));
#261 = ( GEOMETRIC_REPRESENTATION_CONTEXT(2) 
PARAMETRIC_REPRESENTATION_CONTEXT() REPRESENTATION_CONTEXT('2D SPACE',''
  ) );
#262 = ADVANCED_FACE('',(#263),#100,.T.);
#263 = FACE_BOUND('',#264,.T.);
#264 = EDGE_LOOP('',(#265,#288,#289,#290));
#265 = ORIENTED_EDGE('',*,*,#266,.F.);
#266 = EDGE_CURVE('',#57,#267,#269,.T.);
#267 = VERTEX_POINT('',#268);
#268 = CARTESIAN_POINT('',(-93.82230508962,75.,3.3E+03));
#269 = SURFACE_CURVE('',#270,(#274,#281),.PCURVE_S1.);
#270 = LINE('',#271,#272);
#271 = CARTESIAN_POINT('',(-183.8223050896,75.,3.3E+03));
#272 = VECTOR('',#273,1.);
#273 = DIRECTION('',(1.,0.,-0.));
#274 = PCURVE('',#100,#275);
#275 = DEFINITIONAL_REPRESENTATION('',(#276),#280);
#276 = LINE('',#277,#278);
#277 = CARTESIAN_POINT('',(0.,0.));
#278 = VECTOR('',#279,1.);
#279 = DIRECTION('',(0.,1.));
#280 = ( GEOMETRIC_REPRESENTATION_CONTEXT(2) 
PARAMETRIC_REPRESENTATION_CONTEXT() REPRESENTATION_CONTEXT('2D SPACE',''
  ) );
#281 = PCURVE('',#72,#282);
#282 = DEFINITIONAL_REPRESENTATION('',(#283),#287);
#283 = LINE('',#284,#285);
#284 = CARTESIAN_POINT('',(0.,150.));
#285 = VECTOR('',#286,1.);
#286 = DIRECTION('',(1.,0.));
#287 = ( GEOMETRIC_REPRESENTATION_CONTEXT(2) 
PARAMETRIC_REPRESENTATION_CONTEXT() REPRESENTATION_CONTEXT('2D SPACE',''
  ) );
#288 = ORIENTED_EDGE('',*,*,#84,.T.);
#289 = ORIENTED_EDGE('',*,*,#242,.T.);
#290 = ORIENTED_EDGE('',*,*,#291,.F.);
#291 = EDGE_CURVE('',#267,#220,#292,.T.);
#292 = SURFACE_CURVE('',#293,(#297,#304),.PCURVE_S1.);
#293 = LINE('',#294,#295);
#294 = CARTESIAN_POINT('',(-93.82230508962,75.,3.3E+03));
#295 = VECTOR('',#296,1.);
#296 = DIRECTION('',(0.,0.,1.));
#297 = PCURVE('',#100,#298);
#298 = DEFINITIONAL_REPRESENTATION('',(#299),#303);
#299 = LINE('',#300,#301);
#300 = CARTESIAN_POINT('',(0.,90.));
#301 = VECTOR('',#302,1.);
#302 = DIRECTION('',(1.,0.));
#303 = ( GEOMETRIC_REPRESENTATION_CONTEXT(2) 
PARAMETRIC_REPRESENTATION_CONTEXT() REPRESENTATION_CONTEXT('2D SPACE',''
  ) );
#304 = PCURVE('',#202,#305);
#305 = DEFINITIONAL_REPRESENTATION('',(#306),#310);
#306 = LINE('',#307,#308);
#307 = CARTESIAN_POINT('',(0.,-150.));
#308 = VECTOR('',#309,1.);
#309 = DIRECTION('',(1.,0.));
#310 = ( GEOMETRIC_REPRESENTATION_CONTEXT(2) 
PARAMETRIC_REPRESENTATION_CONTEXT() REPRESENTATION_CONTEXT('2D SPACE',''
  ) );
#311 = ADVANCED_FACE('',(#312,#338,#369),#72,.F.);
#312 = FACE_BOUND('',#313,.F.);
#313 = EDGE_LOOP('',(#314,#315,#316,#337));
#314 = ORIENTED_EDGE('',*,*,#56,.F.);
#315 = ORIENTED_EDGE('',*,*,#141,.T.);
#316 = ORIENTED_EDGE('',*,*,#317,.T.);
#317 = EDGE_CURVE('',#142,#267,#318,.T.);
#318 = SURFACE_CURVE('',#319,(#323,#330),.PCURVE_S1.);
#319 = LINE('',#320,#321);
#320 = CARTESIAN_POINT('',(-93.82230508962,-75.,3.3E+03));
#321 = VECTOR('',#322,1.);
#322 = DIRECTION('',(-0.,1.,0.));
#323 = PCURVE('',#72,#324);
#324 = DEFINITIONAL_REPRESENTATION('',(#325),#329);
#325 = LINE('',#326,#327);
#326 = CARTESIAN_POINT('',(90.,0.));
#327 = VECTOR('',#328,1.);
#328 = DIRECTION('',(0.,1.));
#329 = ( GEOMETRIC_REPRESENTATION_CONTEXT(2) 
PARAMETRIC_REPRESENTATION_CONTEXT() REPRESENTATION_CONTEXT('2D SPACE',''
  ) );
#330 = PCURVE('',#202,#331);
#331 = DEFINITIONAL_REPRESENTATION('',(#332),#336);
#332 = LINE('',#333,#334);
#333 = CARTESIAN_POINT('',(0.,0.));
#334 = VECTOR('',#335,1.);
#335 = DIRECTION('',(0.,-1.));
#336 = ( GEOMETRIC_REPRESENTATION_CONTEXT(2) 
PARAMETRIC_REPRESENTATION_CONTEXT() REPRESENTATION_CONTEXT('2D SPACE',''
  ) );
#337 = ORIENTED_EDGE('',*,*,#266,.F.);
#338 = FACE_BOUND('',#339,.F.);
#339 = EDGE_LOOP('',(#340));
#340 = ORIENTED_EDGE('',*,*,#341,.F.);
#341 = EDGE_CURVE('',#342,#342,#344,.T.);
#342 = VERTEX_POINT('',#343);
#343 = CARTESIAN_POINT('',(-127.8223050896,-52.,3.3E+03));
#344 = SURFACE_CURVE('',#345,(#350,#357),.PCURVE_S1.);
#345 = CIRCLE('',#346,11.);
#346 = AXIS2_PLACEMENT_3D('',#347,#348,#349);
#347 = CARTESIAN_POINT('',(-138.8223050896,-52.,3.3E+03));
#348 = DIRECTION('',(0.,0.,1.));
#349 = DIRECTION('',(1.,0.,-0.));
#350 = PCURVE('',#72,#351);
#351 = DEFINITIONAL_REPRESENTATION('',(#352),#356);
#352 = CIRCLE('',#353,11.);
#353 = AXIS2_PLACEMENT_2D('',#354,#355);
#354 = CARTESIAN_POINT('',(45.,23.));
#355 = DIRECTION('',(1.,0.));
#356 = ( GEOMETRIC_REPRESENTATION_CONTEXT(2) 
PARAMETRIC_REPRESENTATION_CONTEXT() REPRESENTATION_CONTEXT('2D SPACE',''
  ) );
#357 = PCURVE('',#358,#363);
#358 = CYLINDRICAL_SURFACE('',#359,11.);
#359 = AXIS2_PLACEMENT_3D('',#360,#361,#362);
#360 = CARTESIAN_POINT('',(-138.8223050896,-52.,3.282E+03));
#361 = DIRECTION('',(0.,0.,1.));
#362 = DIRECTION('',(1.,0.,-0.));
#363 = DEFINITIONAL_REPRESENTATION('',(#364),#368);
#364 = LINE('',#365,#366);
#365 = CARTESIAN_POINT('',(0.,18.));
#366 = VECTOR('',#367,1.);
#367 = DIRECTION('',(1.,0.));
#368 = ( GEOMETRIC_REPRESENTATION_CONTEXT(2) 
PARAMETRIC_REPRESENTATION_CONTEXT() REPRESENTATION_CONTEXT('2D SPACE',''
  ) );
#369 = FACE_BOUND('',#370,.F.);
#370 = EDGE_LOOP('',(#371));
#371 = ORIENTED_EDGE('',*,*,#372,.F.);
#372 = EDGE_CURVE('',#373,#373,#375,.T.);
#373 = VERTEX_POINT('',#374);
#374 = CARTESIAN_POINT('',(-127.8223050896,-22.,3.3E+03));
#375 = SURFACE_CURVE('',#376,(#381,#388),.PCURVE_S1.);
#376 = CIRCLE('',#377,11.);
#377 = AXIS2_PLACEMENT_3D('',#378,#379,#380);
#378 = CARTESIAN_POINT('',(-138.8223050896,-22.,3.3E+03));
#379 = DIRECTION('',(0.,0.,1.));
#380 = DIRECTION('',(1.,0.,-0.));
#381 = PCURVE('',#72,#382);
#382 = DEFINITIONAL_REPRESENTATION('',(#383),#387);
#383 = CIRCLE('',#384,11.);
#384 = AXIS2_PLACEMENT_2D('',#385,#386);
#385 = CARTESIAN_POINT('',(45.,53.));
#386 = DIRECTION('',(1.,0.));
#387 = ( GEOMETRIC_REPRESENTATION_CONTEXT(2) 
PARAMETRIC_REPRESENTATION_CONTEXT() REPRESENTATION_CONTEXT('2D SPACE',''
  ) );
#388 = PCURVE('',#389,#394);
#389 = CYLINDRICAL_SURFACE('',#390,11.);
#390 = AXIS2_PLACEMENT_3D('',#391,#392,#393);
#391 = CARTESIAN_POINT('',(-138.8223050896,-22.,3.282E+03));
#392 = DIRECTION('',(0.,0.,1.));
#393 = DIRECTION('',(1.,0.,-0.));
#394 = DEFINITIONAL_REPRESENTATION('',(#395),#399);
#395 = LINE('',#396,#397);
#396 = CARTESIAN_POINT('',(0.,18.));
#397 = VECTOR('',#398,1.);
#398 = DIRECTION('',(1.,0.));
#399 = ( GEOMETRIC_REPRESENTATION_CONTEXT(2) 
PARAMETRIC_REPRESENTATION_CONTEXT() REPRESENTATION_CONTEXT('2D SPACE',''
  ) );
#400 = ADVANCED_FACE('',(#401),#202,.T.);
#401 = FACE_BOUND('',#402,.T.);
#402 = EDGE_LOOP('',(#403,#404,#405,#406));
#403 = ORIENTED_EDGE('',*,*,#188,.F.);
#404 = ORIENTED_EDGE('',*,*,#317,.T.);
#405 = ORIENTED_EDGE('',*,*,#291,.T.);
#406 = ORIENTED_EDGE('',*,*,#219,.F.);
#407 = ADVANCED_FACE('',(#408),#358,.T.);
#408 = FACE_BOUND('',#409,.T.);
#409 = EDGE_LOOP('',(#410,#411,#434,#461));
#410 = ORIENTED_EDGE('',*,*,#341,.F.);
#411 = ORIENTED_EDGE('',*,*,#412,.F.);
#412 = EDGE_CURVE('',#413,#342,#415,.T.);
#413 = VERTEX_POINT('',#414);
#414 = CARTESIAN_POINT('',(-127.8223050896,-52.,3.282E+03));
#415 = SEAM_CURVE('',#416,(#420,#427),.PCURVE_S1.);
#416 = LINE('',#417,#418);
#417 = CARTESIAN_POINT('',(-127.8223050896,-52.,3.282E+03));
#418 = VECTOR('',#419,1.);
#419 = DIRECTION('',(0.,0.,1.));
#420 = PCURVE('',#358,#421);
#421 = DEFINITIONAL_REPRESENTATION('',(#422),#426);
#422 = LINE('',#423,#424);
#423 = CARTESIAN_POINT('',(6.28318530718,-0.));
#424 = VECTOR('',#425,1.);
#425 = DIRECTION('',(0.,1.));
#426 = ( GEOMETRIC_REPRESENTATION_CONTEXT(2) 
PARAMETRIC_REPRESENTATION_CONTEXT() REPRESENTATION_CONTEXT('2D SPACE',''
  ) );
#427 = PCURVE('',#358,#428);
#428 = DEFINITIONAL_REPRESENTATION('',(#429),#433);
#429 = LINE('',#430,#431);
#430 = CARTESIAN_POINT('',(0.,-0.));
#431 = VECTOR('',#432,1.);
#432 = DIRECTION('',(0.,1.));
#433 = ( GEOMETRIC_REPRESENTATION_CONTEXT(2) 
PARAMETRIC_REPRESENTATION_CONTEXT() REPRESENTATION_CONTEXT('2D SPACE',''
  ) );
#434 = ORIENTED_EDGE('',*,*,#435,.T.);
#435 = EDGE_CURVE('',#413,#413,#436,.T.);
#436 = SURFACE_CURVE('',#437,(#442,#449),.PCURVE_S1.);
#437 = CIRCLE('',#438,11.);
#438 = AXIS2_PLACEMENT_3D('',#439,#440,#441);
#439 = CARTESIAN_POINT('',(-138.8223050896,-52.,3.282E+03));
#440 = DIRECTION('',(0.,0.,1.));
#441 = DIRECTION('',(1.,0.,-0.));
#442 = PCURVE('',#358,#443);
#443 = DEFINITIONAL_REPRESENTATION('',(#444),#448);
#444 = LINE('',#445,#446);
#445 = CARTESIAN_POINT('',(0.,0.));
#446 = VECTOR('',#447,1.);
#447 = DIRECTION('',(1.,0.));
#448 = ( GEOMETRIC_REPRESENTATION_CONTEXT(2) 
PARAMETRIC_REPRESENTATION_CONTEXT() REPRESENTATION_CONTEXT('2D SPACE',''
  ) );
#449 = PCURVE('',#450,#455);
#450 = PLANE('',#451);
#451 = AXIS2_PLACEMENT_3D('',#452,#453,#454);
#452 = CARTESIAN_POINT('',(-138.8223050896,-52.,3.282E+03));
#453 = DIRECTION('',(0.,0.,1.));
#454 = DIRECTION('',(1.,0.,-0.));
#455 = DEFINITIONAL_REPRESENTATION('',(#456),#460);
#456 = CIRCLE('',#457,11.);
#457 = AXIS2_PLACEMENT_2D('',#458,#459);
#458 = CARTESIAN_POINT('',(0.,0.));
#459 = DIRECTION('',(1.,0.));
#460 = ( GEOMETRIC_REPRESENTATION_CONTEXT(2) 
PARAMETRIC_REPRESENTATION_CONTEXT() REPRESENTATION_CONTEXT('2D SPACE',''
  ) );
#461 = ORIENTED_EDGE('',*,*,#412,.T.);
#462 = ADVANCED_FACE('',(#463),#389,.T.);
#463 = FACE_BOUND('',#464,.T.);
#464 = EDGE_LOOP('',(#465,#466,#489,#516));
#465 = ORIENTED_EDGE('',*,*,#372,.F.);
#466 = ORIENTED_EDGE('',*,*,#467,.F.);
#467 = EDGE_CURVE('',#468,#373,#470,.T.);
#468 = VERTEX_POINT('',#469);
#469 = CARTESIAN_POINT('',(-127.8223050896,-22.,3.282E+03));
#470 = SEAM_CURVE('',#471,(#475,#482),.PCURVE_S1.);
#471 = LINE('',#472,#473);
#472 = CARTESIAN_POINT('',(-127.8223050896,-22.,3.282E+03));
#473 = VECTOR('',#474,1.);
#474 = DIRECTION('',(0.,0.,1.));
#475 = PCURVE('',#389,#476);
#476 = DEFINITIONAL_REPRESENTATION('',(#477),#481);
#477 = LINE('',#478,#479);
#478 = CARTESIAN_POINT('',(6.28318530718,-0.));
#479 = VECTOR('',#480,1.);
#480 = DIRECTION('',(0.,1.));
#481 = ( GEOMETRIC_REPRESENTATION_CONTEXT(2) 
PARAMETRIC_REPRESENTATION_CONTEXT() REPRESENTATION_CONTEXT('2D SPACE',''
  ) );
#482 = PCURVE('',#389,#483);
#483 = DEFINITIONAL_REPRESENTATION('',(#484),#488);
#484 = LINE('',#485,#486);
#485 = CARTESIAN_POINT('',(0.,-0.));
#486 = VECTOR('',#487,1.);
#487 = DIRECTION('',(0.,1.));
#488 = ( GEOMETRIC_REPRESENTATION_CONTEXT(2) 
PARAMETRIC_REPRESENTATION_CONTEXT() REPRESENTATION_CONTEXT('2D SPACE',''
  ) );
#489 = ORIENTED_EDGE('',*,*,#490,.T.);
#490 = EDGE_CURVE('',#468,#468,#491,.T.);
#491 = SURFACE_CURVE('',#492,(#497,#504),.PCURVE_S1.);
#492 = CIRCLE('',#493,11.);
#493 = AXIS2_PLACEMENT_3D('',#494,#495,#496);
#494 = CARTESIAN_POINT('',(-138.8223050896,-22.,3.282E+03));
#495 = DIRECTION('',(0.,0.,1.));
#496 = DIRECTION('',(1.,0.,-0.));
#497 = PCURVE('',#389,#498);
#498 = DEFINITIONAL_REPRESENTATION('',(#499),#503);
#499 = LINE('',#500,#501);
#500 = CARTESIAN_POINT('',(0.,0.));
#501 = VECTOR('',#502,1.);
#502 = DIRECTION('',(1.,0.));
#503 = ( GEOMETRIC_REPRESENTATION_CONTEXT(2) 
PARAMETRIC_REPRESENTATION_CONTEXT() REPRESENTATION_CONTEXT('2D SPACE',''
  ) );
#504 = PCURVE('',#505,#510);
#505 = PLANE('',#506);
#506 = AXIS2_PLACEMENT_3D('',#507,#508,#509);
#507 = CARTESIAN_POINT('',(-138.8223050896,-22.,3.282E+03));
#508 = DIRECTION('',(0.,0.,1.));
#509 = DIRECTION('',(1.,0.,-0.));
#510 = DEFINITIONAL_REPRESENTATION('',(#511),#515);
#511 = CIRCLE('',#512,11.);
#512 = AXIS2_PLACEMENT_2D('',#513,#514);
#513 = CARTESIAN_POINT('',(0.,0.));
#514 = DIRECTION('',(1.,0.));
#515 = ( GEOMETRIC_REPRESENTATION_CONTEXT(2) 
PARAMETRIC_REPRESENTATION_CONTEXT() REPRESENTATION_CONTEXT('2D SPACE',''
  ) );
#516 = ORIENTED_EDGE('',*,*,#467,.T.);
#517 = ADVANCED_FACE('',(#518),#450,.F.);
#518 = FACE_BOUND('',#519,.T.);
#519 = EDGE_LOOP('',(#520));
#520 = ORIENTED_EDGE('',*,*,#435,.F.);
#521 = ADVANCED_FACE('',(#522),#505,.F.);
#522 = FACE_BOUND('',#523,.T.);
#523 = EDGE_LOOP('',(#524));
#524 = ORIENTED_EDGE('',*,*,#490,.F.);
#525 = ORIENTED_CLOSED_SHELL('',*,#526,.F.);
#526 = CLOSED_SHELL('',(#527,#647,#723,#772,#821,#848));
#527 = ADVANCED_FACE('',(#528),#542,.F.);
#528 = FACE_BOUND('',#529,.F.);
#529 = EDGE_LOOP('',(#530,#565,#593,#621));
#530 = ORIENTED_EDGE('',*,*,#531,.F.);
#531 = EDGE_CURVE('',#532,#534,#536,.T.);
#532 = VERTEX_POINT('',#533);
#533 = CARTESIAN_POINT('',(-180.8223050896,-72.,3.303E+03));
#534 = VERTEX_POINT('',#535);
#535 = CARTESIAN_POINT('',(-180.8223050896,-72.,3.497E+03));
#536 = SURFACE_CURVE('',#537,(#541,#553),.PCURVE_S1.);
#537 = LINE('',#538,#539);
#538 = CARTESIAN_POINT('',(-180.8223050896,-72.,3.303E+03));
#539 = VECTOR('',#540,1.);
#540 = DIRECTION('',(0.,0.,1.));
#541 = PCURVE('',#542,#547);
#542 = PLANE('',#543);
#543 = AXIS2_PLACEMENT_3D('',#544,#545,#546);
#544 = CARTESIAN_POINT('',(-180.8223050896,-72.,3.303E+03));
#545 = DIRECTION('',(1.,0.,-0.));
#546 = DIRECTION('',(0.,0.,1.));
#547 = DEFINITIONAL_REPRESENTATION('',(#548),#552);
#548 = LINE('',#549,#550);
#549 = CARTESIAN_POINT('',(0.,0.));
#550 = VECTOR('',#551,1.);
#551 = DIRECTION('',(1.,0.));
#552 = ( GEOMETRIC_REPRESENTATION_CONTEXT(2) 
PARAMETRIC_REPRESENTATION_CONTEXT() REPRESENTATION_CONTEXT('2D SPACE',''
  ) );
#553 = PCURVE('',#554,#559);
#554 = PLANE('',#555);
#555 = AXIS2_PLACEMENT_3D('',#556,#557,#558);
#556 = CARTESIAN_POINT('',(-180.8223050896,-72.,3.303E+03));
#557 = DIRECTION('',(-0.,1.,0.));
#558 = DIRECTION('',(0.,0.,1.));
#559 = DEFINITIONAL_REPRESENTATION('',(#560),#564);
#560 = LINE('',#561,#562);
#561 = CARTESIAN_POINT('',(0.,0.));
#562 = VECTOR('',#563,1.);
#563 = DIRECTION('',(1.,0.));
#564 = ( GEOMETRIC_REPRESENTATION_CONTEXT(2) 
PARAMETRIC_REPRESENTATION_CONTEXT() REPRESENTATION_CONTEXT('2D SPACE',''
  ) );
#565 = ORIENTED_EDGE('',*,*,#566,.T.);
#566 = EDGE_CURVE('',#532,#567,#569,.T.);
#567 = VERTEX_POINT('',#568);
#568 = CARTESIAN_POINT('',(-180.8223050896,72.,3.303E+03));
#569 = SURFACE_CURVE('',#570,(#574,#581),.PCURVE_S1.);
#570 = LINE('',#571,#572);
#571 = CARTESIAN_POINT('',(-180.8223050896,-72.,3.303E+03));
#572 = VECTOR('',#573,1.);
#573 = DIRECTION('',(-0.,1.,0.));
#574 = PCURVE('',#542,#575);
#575 = DEFINITIONAL_REPRESENTATION('',(#576),#580);
#576 = LINE('',#577,#578);
#577 = CARTESIAN_POINT('',(0.,0.));
#578 = VECTOR('',#579,1.);
#579 = DIRECTION('',(0.,-1.));
#580 = ( GEOMETRIC_REPRESENTATION_CONTEXT(2) 
PARAMETRIC_REPRESENTATION_CONTEXT() REPRESENTATION_CONTEXT('2D SPACE',''
  ) );
#581 = PCURVE('',#582,#587);
#582 = PLANE('',#583);
#583 = AXIS2_PLACEMENT_3D('',#584,#585,#586);
#584 = CARTESIAN_POINT('',(-180.8223050896,-72.,3.303E+03));
#585 = DIRECTION('',(0.,0.,1.));
#586 = DIRECTION('',(1.,0.,-0.));
#587 = DEFINITIONAL_REPRESENTATION('',(#588),#592);
#588 = LINE('',#589,#590);
#589 = CARTESIAN_POINT('',(0.,0.));
#590 = VECTOR('',#591,1.);
#591 = DIRECTION('',(0.,1.));
#592 = ( GEOMETRIC_REPRESENTATION_CONTEXT(2) 
PARAMETRIC_REPRESENTATION_CONTEXT() REPRESENTATION_CONTEXT('2D SPACE',''
  ) );
#593 = ORIENTED_EDGE('',*,*,#594,.T.);
#594 = EDGE_CURVE('',#567,#595,#597,.T.);
#595 = VERTEX_POINT('',#596);
#596 = CARTESIAN_POINT('',(-180.8223050896,72.,3.497E+03));
#597 = SURFACE_CURVE('',#598,(#602,#609),.PCURVE_S1.);
#598 = LINE('',#599,#600);
#599 = CARTESIAN_POINT('',(-180.8223050896,72.,3.303E+03));
#600 = VECTOR('',#601,1.);
#601 = DIRECTION('',(0.,0.,1.));
#602 = PCURVE('',#542,#603);
#603 = DEFINITIONAL_REPRESENTATION('',(#604),#608);
#604 = LINE('',#605,#606);
#605 = CARTESIAN_POINT('',(0.,-144.));
#606 = VECTOR('',#607,1.);
#607 = DIRECTION('',(1.,0.));
#608 = ( GEOMETRIC_REPRESENTATION_CONTEXT(2) 
PARAMETRIC_REPRESENTATION_CONTEXT() REPRESENTATION_CONTEXT('2D SPACE',''
  ) );
#609 = PCURVE('',#610,#615);
#610 = PLANE('',#611);
#611 = AXIS2_PLACEMENT_3D('',#612,#613,#614);
#612 = CARTESIAN_POINT('',(-180.8223050896,72.,3.303E+03));
#613 = DIRECTION('',(-0.,1.,0.));
#614 = DIRECTION('',(0.,0.,1.));
#615 = DEFINITIONAL_REPRESENTATION('',(#616),#620);
#616 = LINE('',#617,#618);
#617 = CARTESIAN_POINT('',(0.,0.));
#618 = VECTOR('',#619,1.);
#619 = DIRECTION('',(1.,0.));
#620 = ( GEOMETRIC_REPRESENTATION_CONTEXT(2) 
PARAMETRIC_REPRESENTATION_CONTEXT() REPRESENTATION_CONTEXT('2D SPACE',''
  ) );
#621 = ORIENTED_EDGE('',*,*,#622,.F.);
#622 = EDGE_CURVE('',#534,#595,#623,.T.);
#623 = SURFACE_CURVE('',#624,(#628,#635),.PCURVE_S1.);
#624 = LINE('',#625,#626);
#625 = CARTESIAN_POINT('',(-180.8223050896,-72.,3.497E+03));
#626 = VECTOR('',#627,1.);
#627 = DIRECTION('',(-0.,1.,0.));
#628 = PCURVE('',#542,#629);
#629 = DEFINITIONAL_REPRESENTATION('',(#630),#634);
#630 = LINE('',#631,#632);
#631 = CARTESIAN_POINT('',(194.,0.));
#632 = VECTOR('',#633,1.);
#633 = DIRECTION('',(0.,-1.));
#634 = ( GEOMETRIC_REPRESENTATION_CONTEXT(2) 
PARAMETRIC_REPRESENTATION_CONTEXT() REPRESENTATION_CONTEXT('2D SPACE',''
  ) );
#635 = PCURVE('',#636,#641);
#636 = PLANE('',#637);
#637 = AXIS2_PLACEMENT_3D('',#638,#639,#640);
#638 = CARTESIAN_POINT('',(-180.8223050896,-72.,3.497E+03));
#639 = DIRECTION('',(0.,0.,1.));
#640 = DIRECTION('',(1.,0.,-0.));
#641 = DEFINITIONAL_REPRESENTATION('',(#642),#646);
#642 = LINE('',#643,#644);
#643 = CARTESIAN_POINT('',(0.,0.));
#644 = VECTOR('',#645,1.);
#645 = DIRECTION('',(0.,1.));
#646 = ( GEOMETRIC_REPRESENTATION_CONTEXT(2) 
PARAMETRIC_REPRESENTATION_CONTEXT() REPRESENTATION_CONTEXT('2D SPACE',''
  ) );
#647 = ADVANCED_FACE('',(#648),#554,.F.);
#648 = FACE_BOUND('',#649,.F.);
#649 = EDGE_LOOP('',(#650,#673,#674,#697));
#650 = ORIENTED_EDGE('',*,*,#651,.F.);
#651 = EDGE_CURVE('',#532,#652,#654,.T.);
#652 = VERTEX_POINT('',#653);
#653 = CARTESIAN_POINT('',(-96.82230508962,-72.,3.303E+03));
#654 = SURFACE_CURVE('',#655,(#659,#666),.PCURVE_S1.);
#655 = LINE('',#656,#657);
#656 = CARTESIAN_POINT('',(-180.8223050896,-72.,3.303E+03));
#657 = VECTOR('',#658,1.);
#658 = DIRECTION('',(1.,0.,-0.));
#659 = PCURVE('',#554,#660);
#660 = DEFINITIONAL_REPRESENTATION('',(#661),#665);
#661 = LINE('',#662,#663);
#662 = CARTESIAN_POINT('',(0.,0.));
#663 = VECTOR('',#664,1.);
#664 = DIRECTION('',(0.,1.));
#665 = ( GEOMETRIC_REPRESENTATION_CONTEXT(2) 
PARAMETRIC_REPRESENTATION_CONTEXT() REPRESENTATION_CONTEXT('2D SPACE',''
  ) );
#666 = PCURVE('',#582,#667);
#667 = DEFINITIONAL_REPRESENTATION('',(#668),#672);
#668 = LINE('',#669,#670);
#669 = CARTESIAN_POINT('',(0.,0.));
#670 = VECTOR('',#671,1.);
#671 = DIRECTION('',(1.,0.));
#672 = ( GEOMETRIC_REPRESENTATION_CONTEXT(2) 
PARAMETRIC_REPRESENTATION_CONTEXT() REPRESENTATION_CONTEXT('2D SPACE',''
  ) );
#673 = ORIENTED_EDGE('',*,*,#531,.T.);
#674 = ORIENTED_EDGE('',*,*,#675,.T.);
#675 = EDGE_CURVE('',#534,#676,#678,.T.);
#676 = VERTEX_POINT('',#677);
#677 = CARTESIAN_POINT('',(-96.82230508962,-72.,3.497E+03));
#678 = SURFACE_CURVE('',#679,(#683,#690),.PCURVE_S1.);
#679 = LINE('',#680,#681);
#680 = CARTESIAN_POINT('',(-180.8223050896,-72.,3.497E+03));
#681 = VECTOR('',#682,1.);
#682 = DIRECTION('',(1.,0.,-0.));
#683 = PCURVE('',#554,#684);
#684 = DEFINITIONAL_REPRESENTATION('',(#685),#689);
#685 = LINE('',#686,#687);
#686 = CARTESIAN_POINT('',(194.,0.));
#687 = VECTOR('',#688,1.);
#688 = DIRECTION('',(0.,1.));
#689 = ( GEOMETRIC_REPRESENTATION_CONTEXT(2) 
PARAMETRIC_REPRESENTATION_CONTEXT() REPRESENTATION_CONTEXT('2D SPACE',''
  ) );
#690 = PCURVE('',#636,#691);
#691 = DEFINITIONAL_REPRESENTATION('',(#692),#696);
#692 = LINE('',#693,#694);
#693 = CARTESIAN_POINT('',(0.,0.));
#694 = VECTOR('',#695,1.);
#695 = DIRECTION('',(1.,0.));
#696 = ( GEOMETRIC_REPRESENTATION_CONTEXT(2) 
PARAMETRIC_REPRESENTATION_CONTEXT() REPRESENTATION_CONTEXT('2D SPACE',''
  ) );
#697 = ORIENTED_EDGE('',*,*,#698,.F.);
#698 = EDGE_CURVE('',#652,#676,#699,.T.);
#699 = SURFACE_CURVE('',#700,(#704,#711),.PCURVE_S1.);
#700 = LINE('',#701,#702);
#701 = CARTESIAN_POINT('',(-96.82230508962,-72.,3.303E+03));
#702 = VECTOR('',#703,1.);
#703 = DIRECTION('',(0.,0.,1.));
#704 = PCURVE('',#554,#705);
#705 = DEFINITIONAL_REPRESENTATION('',(#706),#710);
#706 = LINE('',#707,#708);
#707 = CARTESIAN_POINT('',(0.,84.));
#708 = VECTOR('',#709,1.);
#709 = DIRECTION('',(1.,0.));
#710 = ( GEOMETRIC_REPRESENTATION_CONTEXT(2) 
PARAMETRIC_REPRESENTATION_CONTEXT() REPRESENTATION_CONTEXT('2D SPACE',''
  ) );
#711 = PCURVE('',#712,#717);
#712 = PLANE('',#713);
#713 = AXIS2_PLACEMENT_3D('',#714,#715,#716);
#714 = CARTESIAN_POINT('',(-96.82230508962,-72.,3.303E+03));
#715 = DIRECTION('',(1.,0.,-0.));
#716 = DIRECTION('',(0.,0.,1.));
#717 = DEFINITIONAL_REPRESENTATION('',(#718),#722);
#718 = LINE('',#719,#720);
#719 = CARTESIAN_POINT('',(0.,0.));
#720 = VECTOR('',#721,1.);
#721 = DIRECTION('',(1.,0.));
#722 = ( GEOMETRIC_REPRESENTATION_CONTEXT(2) 
PARAMETRIC_REPRESENTATION_CONTEXT() REPRESENTATION_CONTEXT('2D SPACE',''
  ) );
#723 = ADVANCED_FACE('',(#724),#636,.T.);
#724 = FACE_BOUND('',#725,.T.);
#725 = EDGE_LOOP('',(#726,#727,#728,#751));
#726 = ORIENTED_EDGE('',*,*,#622,.F.);
#727 = ORIENTED_EDGE('',*,*,#675,.T.);
#728 = ORIENTED_EDGE('',*,*,#729,.T.);
#729 = EDGE_CURVE('',#676,#730,#732,.T.);
#730 = VERTEX_POINT('',#731);
#731 = CARTESIAN_POINT('',(-96.82230508962,72.,3.497E+03));
#732 = SURFACE_CURVE('',#733,(#737,#744),.PCURVE_S1.);
#733 = LINE('',#734,#735);
#734 = CARTESIAN_POINT('',(-96.82230508962,-72.,3.497E+03));
#735 = VECTOR('',#736,1.);
#736 = DIRECTION('',(-0.,1.,0.));
#737 = PCURVE('',#636,#738);
#738 = DEFINITIONAL_REPRESENTATION('',(#739),#743);
#739 = LINE('',#740,#741);
#740 = CARTESIAN_POINT('',(84.,0.));
#741 = VECTOR('',#742,1.);
#742 = DIRECTION('',(0.,1.));
#743 = ( GEOMETRIC_REPRESENTATION_CONTEXT(2) 
PARAMETRIC_REPRESENTATION_CONTEXT() REPRESENTATION_CONTEXT('2D SPACE',''
  ) );
#744 = PCURVE('',#712,#745);
#745 = DEFINITIONAL_REPRESENTATION('',(#746),#750);
#746 = LINE('',#747,#748);
#747 = CARTESIAN_POINT('',(194.,0.));
#748 = VECTOR('',#749,1.);
#749 = DIRECTION('',(0.,-1.));
#750 = ( GEOMETRIC_REPRESENTATION_CONTEXT(2) 
PARAMETRIC_REPRESENTATION_CONTEXT() REPRESENTATION_CONTEXT('2D SPACE',''
  ) );
#751 = ORIENTED_EDGE('',*,*,#752,.F.);
#752 = EDGE_CURVE('',#595,#730,#753,.T.);
#753 = SURFACE_CURVE('',#754,(#758,#765),.PCURVE_S1.);
#754 = LINE('',#755,#756);
#755 = CARTESIAN_POINT('',(-180.8223050896,72.,3.497E+03));
#756 = VECTOR('',#757,1.);
#757 = DIRECTION('',(1.,0.,-0.));
#758 = PCURVE('',#636,#759);
#759 = DEFINITIONAL_REPRESENTATION('',(#760),#764);
#760 = LINE('',#761,#762);
#761 = CARTESIAN_POINT('',(0.,144.));
#762 = VECTOR('',#763,1.);
#763 = DIRECTION('',(1.,0.));
#764 = ( GEOMETRIC_REPRESENTATION_CONTEXT(2) 
PARAMETRIC_REPRESENTATION_CONTEXT() REPRESENTATION_CONTEXT('2D SPACE',''
  ) );
#765 = PCURVE('',#610,#766);
#766 = DEFINITIONAL_REPRESENTATION('',(#767),#771);
#767 = LINE('',#768,#769);
#768 = CARTESIAN_POINT('',(194.,0.));
#769 = VECTOR('',#770,1.);
#770 = DIRECTION('',(0.,1.));
#771 = ( GEOMETRIC_REPRESENTATION_CONTEXT(2) 
PARAMETRIC_REPRESENTATION_CONTEXT() REPRESENTATION_CONTEXT('2D SPACE',''
  ) );
#772 = ADVANCED_FACE('',(#773),#610,.T.);
#773 = FACE_BOUND('',#774,.T.);
#774 = EDGE_LOOP('',(#775,#798,#799,#800));
#775 = ORIENTED_EDGE('',*,*,#776,.F.);
#776 = EDGE_CURVE('',#567,#777,#779,.T.);
#777 = VERTEX_POINT('',#778);
#778 = CARTESIAN_POINT('',(-96.82230508962,72.,3.303E+03));
#779 = SURFACE_CURVE('',#780,(#784,#791),.PCURVE_S1.);
#780 = LINE('',#781,#782);
#781 = CARTESIAN_POINT('',(-180.8223050896,72.,3.303E+03));
#782 = VECTOR('',#783,1.);
#783 = DIRECTION('',(1.,0.,-0.));
#784 = PCURVE('',#610,#785);
#785 = DEFINITIONAL_REPRESENTATION('',(#786),#790);
#786 = LINE('',#787,#788);
#787 = CARTESIAN_POINT('',(0.,0.));
#788 = VECTOR('',#789,1.);
#789 = DIRECTION('',(0.,1.));
#790 = ( GEOMETRIC_REPRESENTATION_CONTEXT(2) 
PARAMETRIC_REPRESENTATION_CONTEXT() REPRESENTATION_CONTEXT('2D SPACE',''
  ) );
#791 = PCURVE('',#582,#792);
#792 = DEFINITIONAL_REPRESENTATION('',(#793),#797);
#793 = LINE('',#794,#795);
#794 = CARTESIAN_POINT('',(0.,144.));
#795 = VECTOR('',#796,1.);
#796 = DIRECTION('',(1.,0.));
#797 = ( GEOMETRIC_REPRESENTATION_CONTEXT(2) 
PARAMETRIC_REPRESENTATION_CONTEXT() REPRESENTATION_CONTEXT('2D SPACE',''
  ) );
#798 = ORIENTED_EDGE('',*,*,#594,.T.);
#799 = ORIENTED_EDGE('',*,*,#752,.T.);
#800 = ORIENTED_EDGE('',*,*,#801,.F.);
#801 = EDGE_CURVE('',#777,#730,#802,.T.);
#802 = SURFACE_CURVE('',#803,(#807,#814),.PCURVE_S1.);
#803 = LINE('',#804,#805);
#804 = CARTESIAN_POINT('',(-96.82230508962,72.,3.303E+03));
#805 = VECTOR('',#806,1.);
#806 = DIRECTION('',(0.,0.,1.));
#807 = PCURVE('',#610,#808);
#808 = DEFINITIONAL_REPRESENTATION('',(#809),#813);
#809 = LINE('',#810,#811);
#810 = CARTESIAN_POINT('',(0.,84.));
#811 = VECTOR('',#812,1.);
#812 = DIRECTION('',(1.,0.));
#813 = ( GEOMETRIC_REPRESENTATION_CONTEXT(2) 
PARAMETRIC_REPRESENTATION_CONTEXT() REPRESENTATION_CONTEXT('2D SPACE',''
  ) );
#814 = PCURVE('',#712,#815);
#815 = DEFINITIONAL_REPRESENTATION('',(#816),#820);
#816 = LINE('',#817,#818);
#817 = CARTESIAN_POINT('',(0.,-144.));
#818 = VECTOR('',#819,1.);
#819 = DIRECTION('',(1.,0.));
#820 = ( GEOMETRIC_REPRESENTATION_CONTEXT(2) 
PARAMETRIC_REPRESENTATION_CONTEXT() REPRESENTATION_CONTEXT('2D SPACE',''
  ) );
#821 = ADVANCED_FACE('',(#822),#582,.F.);
#822 = FACE_BOUND('',#823,.F.);
#823 = EDGE_LOOP('',(#824,#825,#826,#847));
#824 = ORIENTED_EDGE('',*,*,#566,.F.);
#825 = ORIENTED_EDGE('',*,*,#651,.T.);
#826 = ORIENTED_EDGE('',*,*,#827,.T.);
#827 = EDGE_CURVE('',#652,#777,#828,.T.);
#828 = SURFACE_CURVE('',#829,(#833,#840),.PCURVE_S1.);
#829 = LINE('',#830,#831);
#830 = CARTESIAN_POINT('',(-96.82230508962,-72.,3.303E+03));
#831 = VECTOR('',#832,1.);
#832 = DIRECTION('',(-0.,1.,0.));
#833 = PCURVE('',#582,#834);
#834 = DEFINITIONAL_REPRESENTATION('',(#835),#839);
#835 = LINE('',#836,#837);
#836 = CARTESIAN_POINT('',(84.,0.));
#837 = VECTOR('',#838,1.);
#838 = DIRECTION('',(0.,1.));
#839 = ( GEOMETRIC_REPRESENTATION_CONTEXT(2) 
PARAMETRIC_REPRESENTATION_CONTEXT() REPRESENTATION_CONTEXT('2D SPACE',''
  ) );
#840 = PCURVE('',#712,#841);
#841 = DEFINITIONAL_REPRESENTATION('',(#842),#846);
#842 = LINE('',#843,#844);
#843 = CARTESIAN_POINT('',(0.,0.));
#844 = VECTOR('',#845,1.);
#845 = DIRECTION('',(0.,-1.));
#846 = ( GEOMETRIC_REPRESENTATION_CONTEXT(2) 
PARAMETRIC_REPRESENTATION_CONTEXT() REPRESENTATION_CONTEXT('2D SPACE',''
  ) );
#847 = ORIENTED_EDGE('',*,*,#776,.F.);
#848 = ADVANCED_FACE('',(#849),#712,.T.);
#849 = FACE_BOUND('',#850,.T.);
#850 = EDGE_LOOP('',(#851,#852,#853,#854));
#851 = ORIENTED_EDGE('',*,*,#698,.F.);
#852 = ORIENTED_EDGE('',*,*,#827,.T.);
#853 = ORIENTED_EDGE('',*,*,#801,.T.);
#854 = ORIENTED_EDGE('',*,*,#729,.F.);
#855 = MANIFOLD_SOLID_BREP('',#856);
#856 = CLOSED_SHELL('',(#857,#977,#1077,#1124,#1171,#1178));
#857 = ADVANCED_FACE('',(#858),#872,.F.);
#858 = FACE_BOUND('',#859,.F.);
#859 = EDGE_LOOP('',(#860,#895,#923,#951));
#860 = ORIENTED_EDGE('',*,*,#861,.F.);
#861 = EDGE_CURVE('',#862,#864,#866,.T.);
#862 = VERTEX_POINT('',#863);
#863 = CARTESIAN_POINT('',(-110.8223050896,-60.,3.36E+03));
#864 = VERTEX_POINT('',#865);
#865 = CARTESIAN_POINT('',(-110.8223050896,-60.,3.48E+03));
#866 = SURFACE_CURVE('',#867,(#871,#883),.PCURVE_S1.);
#867 = LINE('',#868,#869);
#868 = CARTESIAN_POINT('',(-110.8223050896,-60.,3.36E+03));
#869 = VECTOR('',#870,1.);
#870 = DIRECTION('',(0.,0.,1.));
#871 = PCURVE('',#872,#877);
#872 = PLANE('',#873);
#873 = AXIS2_PLACEMENT_3D('',#874,#875,#876);
#874 = CARTESIAN_POINT('',(-110.8223050896,-60.,3.36E+03));
#875 = DIRECTION('',(1.,0.,-0.));
#876 = DIRECTION('',(0.,0.,1.));
#877 = DEFINITIONAL_REPRESENTATION('',(#878),#882);
#878 = LINE('',#879,#880);
#879 = CARTESIAN_POINT('',(0.,0.));
#880 = VECTOR('',#881,1.);
#881 = DIRECTION('',(1.,0.));
#882 = ( GEOMETRIC_REPRESENTATION_CONTEXT(2) 
PARAMETRIC_REPRESENTATION_CONTEXT() REPRESENTATION_CONTEXT('2D SPACE',''
  ) );
#883 = PCURVE('',#884,#889);
#884 = PLANE('',#885);
#885 = AXIS2_PLACEMENT_3D('',#886,#887,#888);
#886 = CARTESIAN_POINT('',(-110.8223050896,-60.,3.36E+03));
#887 = DIRECTION('',(-0.,1.,0.));
#888 = DIRECTION('',(0.,0.,1.));
#889 = DEFINITIONAL_REPRESENTATION('',(#890),#894);
#890 = LINE('',#891,#892);
#891 = CARTESIAN_POINT('',(0.,0.));
#892 = VECTOR('',#893,1.);
#893 = DIRECTION('',(1.,0.));
#894 = ( GEOMETRIC_REPRESENTATION_CONTEXT(2) 
PARAMETRIC_REPRESENTATION_CONTEXT() REPRESENTATION_CONTEXT('2D SPACE',''
  ) );
#895 = ORIENTED_EDGE('',*,*,#896,.T.);
#896 = EDGE_CURVE('',#862,#897,#899,.T.);
#897 = VERTEX_POINT('',#898);
#898 = CARTESIAN_POINT('',(-110.8223050896,60.,3.36E+03));
#899 = SURFACE_CURVE('',#900,(#904,#911),.PCURVE_S1.);
#900 = LINE('',#901,#902);
#901 = CARTESIAN_POINT('',(-110.8223050896,-60.,3.36E+03));
#902 = VECTOR('',#903,1.);
#903 = DIRECTION('',(-0.,1.,0.));
#904 = PCURVE('',#872,#905);
#905 = DEFINITIONAL_REPRESENTATION('',(#906),#910);
#906 = LINE('',#907,#908);
#907 = CARTESIAN_POINT('',(0.,0.));
#908 = VECTOR('',#909,1.);
#909 = DIRECTION('',(0.,-1.));
#910 = ( GEOMETRIC_REPRESENTATION_CONTEXT(2) 
PARAMETRIC_REPRESENTATION_CONTEXT() REPRESENTATION_CONTEXT('2D SPACE',''
  ) );
#911 = PCURVE('',#912,#917);
#912 = PLANE('',#913);
#913 = AXIS2_PLACEMENT_3D('',#914,#915,#916);
#914 = CARTESIAN_POINT('',(-110.8223050896,-60.,3.36E+03));
#915 = DIRECTION('',(0.,0.,1.));
#916 = DIRECTION('',(1.,0.,-0.));
#917 = DEFINITIONAL_REPRESENTATION('',(#918),#922);
#918 = LINE('',#919,#920);
#919 = CARTESIAN_POINT('',(0.,0.));
#920 = VECTOR('',#921,1.);
#921 = DIRECTION('',(0.,1.));
#922 = ( GEOMETRIC_REPRESENTATION_CONTEXT(2) 
PARAMETRIC_REPRESENTATION_CONTEXT() REPRESENTATION_CONTEXT('2D SPACE',''
  ) );
#923 = ORIENTED_EDGE('',*,*,#924,.T.);
#924 = EDGE_CURVE('',#897,#925,#927,.T.);
#925 = VERTEX_POINT('',#926);
#926 = CARTESIAN_POINT('',(-110.8223050896,60.,3.48E+03));
#927 = SURFACE_CURVE('',#928,(#932,#939),.PCURVE_S1.);
#928 = LINE('',#929,#930);
#929 = CARTESIAN_POINT('',(-110.8223050896,60.,3.36E+03));
#930 = VECTOR('',#931,1.);
#931 = DIRECTION('',(0.,0.,1.));
#932 = PCURVE('',#872,#933);
#933 = DEFINITIONAL_REPRESENTATION('',(#934),#938);
#934 = LINE('',#935,#936);
#935 = CARTESIAN_POINT('',(0.,-120.));
#936 = VECTOR('',#937,1.);
#937 = DIRECTION('',(1.,0.));
#938 = ( GEOMETRIC_REPRESENTATION_CONTEXT(2) 
PARAMETRIC_REPRESENTATION_CONTEXT() REPRESENTATION_CONTEXT('2D SPACE',''
  ) );
#939 = PCURVE('',#940,#945);
#940 = PLANE('',#941);
#941 = AXIS2_PLACEMENT_3D('',#942,#943,#944);
#942 = CARTESIAN_POINT('',(-110.8223050896,60.,3.36E+03));
#943 = DIRECTION('',(-0.,1.,0.));
#944 = DIRECTION('',(0.,0.,1.));
#945 = DEFINITIONAL_REPRESENTATION('',(#946),#950);
#946 = LINE('',#947,#948);
#947 = CARTESIAN_POINT('',(0.,0.));
#948 = VECTOR('',#949,1.);
#949 = DIRECTION('',(1.,0.));
#950 = ( GEOMETRIC_REPRESENTATION_CONTEXT(2) 
PARAMETRIC_REPRESENTATION_CONTEXT() REPRESENTATION_CONTEXT('2D SPACE',''
  ) );
#951 = ORIENTED_EDGE('',*,*,#952,.F.);
#952 = EDGE_CURVE('',#864,#925,#953,.T.);
#953 = SURFACE_CURVE('',#954,(#958,#965),.PCURVE_S1.);
#954 = LINE('',#955,#956);
#955 = CARTESIAN_POINT('',(-110.8223050896,-60.,3.48E+03));
#956 = VECTOR('',#957,1.);
#957 = DIRECTION('',(-0.,1.,0.));
#958 = PCURVE('',#872,#959);
#959 = DEFINITIONAL_REPRESENTATION('',(#960),#964);
#960 = LINE('',#961,#962);
#961 = CARTESIAN_POINT('',(120.,0.));
#962 = VECTOR('',#963,1.);
#963 = DIRECTION('',(0.,-1.));
#964 = ( GEOMETRIC_REPRESENTATION_CONTEXT(2) 
PARAMETRIC_REPRESENTATION_CONTEXT() REPRESENTATION_CONTEXT('2D SPACE',''
  ) );
#965 = PCURVE('',#966,#971);
#966 = PLANE('',#967);
#967 = AXIS2_PLACEMENT_3D('',#968,#969,#970);
#968 = CARTESIAN_POINT('',(-110.8223050896,-60.,3.48E+03));
#969 = DIRECTION('',(0.,0.,1.));
#970 = DIRECTION('',(1.,0.,-0.));
#971 = DEFINITIONAL_REPRESENTATION('',(#972),#976);
#972 = LINE('',#973,#974);
#973 = CARTESIAN_POINT('',(0.,0.));
#974 = VECTOR('',#975,1.);
#975 = DIRECTION('',(0.,1.));
#976 = ( GEOMETRIC_REPRESENTATION_CONTEXT(2) 
PARAMETRIC_REPRESENTATION_CONTEXT() REPRESENTATION_CONTEXT('2D SPACE',''
  ) );
#977 = ADVANCED_FACE('',(#978),#992,.T.);
#978 = FACE_BOUND('',#979,.T.);
#979 = EDGE_LOOP('',(#980,#1010,#1033,#1056));
#980 = ORIENTED_EDGE('',*,*,#981,.F.);
#981 = EDGE_CURVE('',#982,#984,#986,.T.);
#982 = VERTEX_POINT('',#983);
#983 = CARTESIAN_POINT('',(-100.8223050896,-60.,3.36E+03));
#984 = VERTEX_POINT('',#985);
#985 = CARTESIAN_POINT('',(-100.8223050896,-60.,3.48E+03));
#986 = SURFACE_CURVE('',#987,(#991,#1003),.PCURVE_S1.);
#987 = LINE('',#988,#989);
#988 = CARTESIAN_POINT('',(-100.8223050896,-60.,3.36E+03));
#989 = VECTOR('',#990,1.);
#990 = DIRECTION('',(0.,0.,1.));
#991 = PCURVE('',#992,#997);
#992 = PLANE('',#993);
#993 = AXIS2_PLACEMENT_3D('',#994,#995,#996);
#994 = CARTESIAN_POINT('',(-100.8223050896,-60.,3.36E+03));
#995 = DIRECTION('',(1.,0.,-0.));
#996 = DIRECTION('',(0.,0.,1.));
#997 = DEFINITIONAL_REPRESENTATION('',(#998),#1002);
#998 = LINE('',#999,#1000);
#999 = CARTESIAN_POINT('',(0.,0.));
#1000 = VECTOR('',#1001,1.);
#1001 = DIRECTION('',(1.,0.));
#1002 = ( GEOMETRIC_REPRESENTATION_CONTEXT(2) 
PARAMETRIC_REPRESENTATION_CONTEXT() REPRESENTATION_CONTEXT('2D SPACE',''
  ) );
#1003 = PCURVE('',#884,#1004);
#1004 = DEFINITIONAL_REPRESENTATION('',(#1005),#1009);
#1005 = LINE('',#1006,#1007);
#1006 = CARTESIAN_POINT('',(0.,10.));
#1007 = VECTOR('',#1008,1.);
#1008 = DIRECTION('',(1.,0.));
#1009 = ( GEOMETRIC_REPRESENTATION_CONTEXT(2) 
PARAMETRIC_REPRESENTATION_CONTEXT() REPRESENTATION_CONTEXT('2D SPACE',''
  ) );
#1010 = ORIENTED_EDGE('',*,*,#1011,.T.);
#1011 = EDGE_CURVE('',#982,#1012,#1014,.T.);
#1012 = VERTEX_POINT('',#1013);
#1013 = CARTESIAN_POINT('',(-100.8223050896,60.,3.36E+03));
#1014 = SURFACE_CURVE('',#1015,(#1019,#1026),.PCURVE_S1.);
#1015 = LINE('',#1016,#1017);
#1016 = CARTESIAN_POINT('',(-100.8223050896,-60.,3.36E+03));
#1017 = VECTOR('',#1018,1.);
#1018 = DIRECTION('',(-0.,1.,0.));
#1019 = PCURVE('',#992,#1020);
#1020 = DEFINITIONAL_REPRESENTATION('',(#1021),#1025);
#1021 = LINE('',#1022,#1023);
#1022 = CARTESIAN_POINT('',(0.,0.));
#1023 = VECTOR('',#1024,1.);
#1024 = DIRECTION('',(0.,-1.));
#1025 = ( GEOMETRIC_REPRESENTATION_CONTEXT(2) 
PARAMETRIC_REPRESENTATION_CONTEXT() REPRESENTATION_CONTEXT('2D SPACE',''
  ) );
#1026 = PCURVE('',#912,#1027);
#1027 = DEFINITIONAL_REPRESENTATION('',(#1028),#1032);
#1028 = LINE('',#1029,#1030);
#1029 = CARTESIAN_POINT('',(10.,0.));
#1030 = VECTOR('',#1031,1.);
#1031 = DIRECTION('',(0.,1.));
#1032 = ( GEOMETRIC_REPRESENTATION_CONTEXT(2) 
PARAMETRIC_REPRESENTATION_CONTEXT() REPRESENTATION_CONTEXT('2D SPACE',''
  ) );
#1033 = ORIENTED_EDGE('',*,*,#1034,.T.);
#1034 = EDGE_CURVE('',#1012,#1035,#1037,.T.);
#1035 = VERTEX_POINT('',#1036);
#1036 = CARTESIAN_POINT('',(-100.8223050896,60.,3.48E+03));
#1037 = SURFACE_CURVE('',#1038,(#1042,#1049),.PCURVE_S1.);
#1038 = LINE('',#1039,#1040);
#1039 = CARTESIAN_POINT('',(-100.8223050896,60.,3.36E+03));
#1040 = VECTOR('',#1041,1.);
#1041 = DIRECTION('',(0.,0.,1.));
#1042 = PCURVE('',#992,#1043);
#1043 = DEFINITIONAL_REPRESENTATION('',(#1044),#1048);
#1044 = LINE('',#1045,#1046);
#1045 = CARTESIAN_POINT('',(0.,-120.));
#1046 = VECTOR('',#1047,1.);
#1047 = DIRECTION('',(1.,0.));
#1048 = ( GEOMETRIC_REPRESENTATION_CONTEXT(2) 
PARAMETRIC_REPRESENTATION_CONTEXT() REPRESENTATION_CONTEXT('2D SPACE',''
  ) );
#1049 = PCURVE('',#940,#1050);
#1050 = DEFINITIONAL_REPRESENTATION('',(#1051),#1055);
#1051 = LINE('',#1052,#1053);
#1052 = CARTESIAN_POINT('',(0.,10.));
#1053 = VECTOR('',#1054,1.);
#1054 = DIRECTION('',(1.,0.));
#1055 = ( GEOMETRIC_REPRESENTATION_CONTEXT(2) 
PARAMETRIC_REPRESENTATION_CONTEXT() REPRESENTATION_CONTEXT('2D SPACE',''
  ) );
#1056 = ORIENTED_EDGE('',*,*,#1057,.F.);
#1057 = EDGE_CURVE('',#984,#1035,#1058,.T.);
#1058 = SURFACE_CURVE('',#1059,(#1063,#1070),.PCURVE_S1.);
#1059 = LINE('',#1060,#1061);
#1060 = CARTESIAN_POINT('',(-100.8223050896,-60.,3.48E+03));
#1061 = VECTOR('',#1062,1.);
#1062 = DIRECTION('',(-0.,1.,0.));
#1063 = PCURVE('',#992,#1064);
#1064 = DEFINITIONAL_REPRESENTATION('',(#1065),#1069);
#1065 = LINE('',#1066,#1067);
#1066 = CARTESIAN_POINT('',(120.,0.));
#1067 = VECTOR('',#1068,1.);
#1068 = DIRECTION('',(0.,-1.));
#1069 = ( GEOMETRIC_REPRESENTATION_CONTEXT(2) 
PARAMETRIC_REPRESENTATION_CONTEXT() REPRESENTATION_CONTEXT('2D SPACE',''
  ) );
#1070 = PCURVE('',#966,#1071);
#1071 = DEFINITIONAL_REPRESENTATION('',(#1072),#1076);
#1072 = LINE('',#1073,#1074);
#1073 = CARTESIAN_POINT('',(10.,0.));
#1074 = VECTOR('',#1075,1.);
#1075 = DIRECTION('',(0.,1.));
#1076 = ( GEOMETRIC_REPRESENTATION_CONTEXT(2) 
PARAMETRIC_REPRESENTATION_CONTEXT() REPRESENTATION_CONTEXT('2D SPACE',''
  ) );
#1077 = ADVANCED_FACE('',(#1078),#884,.F.);
#1078 = FACE_BOUND('',#1079,.F.);
#1079 = EDGE_LOOP('',(#1080,#1101,#1102,#1123));
#1080 = ORIENTED_EDGE('',*,*,#1081,.F.);
#1081 = EDGE_CURVE('',#862,#982,#1082,.T.);
#1082 = SURFACE_CURVE('',#1083,(#1087,#1094),.PCURVE_S1.);
#1083 = LINE('',#1084,#1085);
#1084 = CARTESIAN_POINT('',(-110.8223050896,-60.,3.36E+03));
#1085 = VECTOR('',#1086,1.);
#1086 = DIRECTION('',(1.,0.,-0.));
#1087 = PCURVE('',#884,#1088);
#1088 = DEFINITIONAL_REPRESENTATION('',(#1089),#1093);
#1089 = LINE('',#1090,#1091);
#1090 = CARTESIAN_POINT('',(0.,0.));
#1091 = VECTOR('',#1092,1.);
#1092 = DIRECTION('',(0.,1.));
#1093 = ( GEOMETRIC_REPRESENTATION_CONTEXT(2) 
PARAMETRIC_REPRESENTATION_CONTEXT() REPRESENTATION_CONTEXT('2D SPACE',''
  ) );
#1094 = PCURVE('',#912,#1095);
#1095 = DEFINITIONAL_REPRESENTATION('',(#1096),#1100);
#1096 = LINE('',#1097,#1098);
#1097 = CARTESIAN_POINT('',(0.,0.));
#1098 = VECTOR('',#1099,1.);
#1099 = DIRECTION('',(1.,0.));
#1100 = ( GEOMETRIC_REPRESENTATION_CONTEXT(2) 
PARAMETRIC_REPRESENTATION_CONTEXT() REPRESENTATION_CONTEXT('2D SPACE',''
  ) );
#1101 = ORIENTED_EDGE('',*,*,#861,.T.);
#1102 = ORIENTED_EDGE('',*,*,#1103,.T.);
#1103 = EDGE_CURVE('',#864,#984,#1104,.T.);
#1104 = SURFACE_CURVE('',#1105,(#1109,#1116),.PCURVE_S1.);
#1105 = LINE('',#1106,#1107);
#1106 = CARTESIAN_POINT('',(-110.8223050896,-60.,3.48E+03));
#1107 = VECTOR('',#1108,1.);
#1108 = DIRECTION('',(1.,0.,-0.));
#1109 = PCURVE('',#884,#1110);
#1110 = DEFINITIONAL_REPRESENTATION('',(#1111),#1115);
#1111 = LINE('',#1112,#1113);
#1112 = CARTESIAN_POINT('',(120.,0.));
#1113 = VECTOR('',#1114,1.);
#1114 = DIRECTION('',(0.,1.));
#1115 = ( GEOMETRIC_REPRESENTATION_CONTEXT(2) 
PARAMETRIC_REPRESENTATION_CONTEXT() REPRESENTATION_CONTEXT('2D SPACE',''
  ) );
#1116 = PCURVE('',#966,#1117);
#1117 = DEFINITIONAL_REPRESENTATION('',(#1118),#1122);
#1118 = LINE('',#1119,#1120);
#1119 = CARTESIAN_POINT('',(0.,0.));
#1120 = VECTOR('',#1121,1.);
#1121 = DIRECTION('',(1.,0.));
#1122 = ( GEOMETRIC_REPRESENTATION_CONTEXT(2) 
PARAMETRIC_REPRESENTATION_CONTEXT() REPRESENTATION_CONTEXT('2D SPACE',''
  ) );
#1123 = ORIENTED_EDGE('',*,*,#981,.F.);
#1124 = ADVANCED_FACE('',(#1125),#940,.T.);
#1125 = FACE_BOUND('',#1126,.T.);
#1126 = EDGE_LOOP('',(#1127,#1148,#1149,#1170));
#1127 = ORIENTED_EDGE('',*,*,#1128,.F.);
#1128 = EDGE_CURVE('',#897,#1012,#1129,.T.);
#1129 = SURFACE_CURVE('',#1130,(#1134,#1141),.PCURVE_S1.);
#1130 = LINE('',#1131,#1132);
#1131 = CARTESIAN_POINT('',(-110.8223050896,60.,3.36E+03));
#1132 = VECTOR('',#1133,1.);
#1133 = DIRECTION('',(1.,0.,-0.));
#1134 = PCURVE('',#940,#1135);
#1135 = DEFINITIONAL_REPRESENTATION('',(#1136),#1140);
#1136 = LINE('',#1137,#1138);
#1137 = CARTESIAN_POINT('',(0.,0.));
#1138 = VECTOR('',#1139,1.);
#1139 = DIRECTION('',(0.,1.));
#1140 = ( GEOMETRIC_REPRESENTATION_CONTEXT(2) 
PARAMETRIC_REPRESENTATION_CONTEXT() REPRESENTATION_CONTEXT('2D SPACE',''
  ) );
#1141 = PCURVE('',#912,#1142);
#1142 = DEFINITIONAL_REPRESENTATION('',(#1143),#1147);
#1143 = LINE('',#1144,#1145);
#1144 = CARTESIAN_POINT('',(0.,120.));
#1145 = VECTOR('',#1146,1.);
#1146 = DIRECTION('',(1.,0.));
#1147 = ( GEOMETRIC_REPRESENTATION_CONTEXT(2) 
PARAMETRIC_REPRESENTATION_CONTEXT() REPRESENTATION_CONTEXT('2D SPACE',''
  ) );
#1148 = ORIENTED_EDGE('',*,*,#924,.T.);
#1149 = ORIENTED_EDGE('',*,*,#1150,.T.);
#1150 = EDGE_CURVE('',#925,#1035,#1151,.T.);
#1151 = SURFACE_CURVE('',#1152,(#1156,#1163),.PCURVE_S1.);
#1152 = LINE('',#1153,#1154);
#1153 = CARTESIAN_POINT('',(-110.8223050896,60.,3.48E+03));
#1154 = VECTOR('',#1155,1.);
#1155 = DIRECTION('',(1.,0.,-0.));
#1156 = PCURVE('',#940,#1157);
#1157 = DEFINITIONAL_REPRESENTATION('',(#1158),#1162);
#1158 = LINE('',#1159,#1160);
#1159 = CARTESIAN_POINT('',(120.,0.));
#1160 = VECTOR('',#1161,1.);
#1161 = DIRECTION('',(0.,1.));
#1162 = ( GEOMETRIC_REPRESENTATION_CONTEXT(2) 
PARAMETRIC_REPRESENTATION_CONTEXT() REPRESENTATION_CONTEXT('2D SPACE',''
  ) );
#1163 = PCURVE('',#966,#1164);
#1164 = DEFINITIONAL_REPRESENTATION('',(#1165),#1169);
#1165 = LINE('',#1166,#1167);
#1166 = CARTESIAN_POINT('',(0.,120.));
#1167 = VECTOR('',#1168,1.);
#1168 = DIRECTION('',(1.,0.));
#1169 = ( GEOMETRIC_REPRESENTATION_CONTEXT(2) 
PARAMETRIC_REPRESENTATION_CONTEXT() REPRESENTATION_CONTEXT('2D SPACE',''
  ) );
#1170 = ORIENTED_EDGE('',*,*,#1034,.F.);
#1171 = ADVANCED_FACE('',(#1172),#912,.F.);
#1172 = FACE_BOUND('',#1173,.F.);
#1173 = EDGE_LOOP('',(#1174,#1175,#1176,#1177));
#1174 = ORIENTED_EDGE('',*,*,#896,.F.);
#1175 = ORIENTED_EDGE('',*,*,#1081,.T.);
#1176 = ORIENTED_EDGE('',*,*,#1011,.T.);
#1177 = ORIENTED_EDGE('',*,*,#1128,.F.);
#1178 = ADVANCED_FACE('',(#1179),#966,.T.);
#1179 = FACE_BOUND('',#1180,.T.);
#1180 = EDGE_LOOP('',(#1181,#1182,#1183,#1184));
#1181 = ORIENTED_EDGE('',*,*,#952,.F.);
#1182 = ORIENTED_EDGE('',*,*,#1103,.T.);
#1183 = ORIENTED_EDGE('',*,*,#1057,.T.);
#1184 = ORIENTED_EDGE('',*,*,#1150,.F.);
#1185 = MANIFOLD_SOLID_BREP('',#1186);
#1186 = CLOSED_SHELL('',(#1187,#1275,#1279));
#1187 = ADVANCED_FACE('',(#1188),#1201,.T.);
#1188 = FACE_BOUND('',#1189,.T.);
#1189 = EDGE_LOOP('',(#1190,#1224,#1247,#1274));
#1190 = ORIENTED_EDGE('',*,*,#1191,.F.);
#1191 = EDGE_CURVE('',#1192,#1192,#1194,.T.);
#1192 = VERTEX_POINT('',#1193);
#1193 = CARTESIAN_POINT('',(-133.8223050896,58.,3.3E+03));
#1194 = SURFACE_CURVE('',#1195,(#1200,#1212),.PCURVE_S1.);
#1195 = CIRCLE('',#1196,5.);
#1196 = AXIS2_PLACEMENT_3D('',#1197,#1198,#1199);
#1197 = CARTESIAN_POINT('',(-138.8223050896,58.,3.3E+03));
#1198 = DIRECTION('',(0.,0.,1.));
#1199 = DIRECTION('',(1.,0.,-0.));
#1200 = PCURVE('',#1201,#1206);
#1201 = CYLINDRICAL_SURFACE('',#1202,5.);
#1202 = AXIS2_PLACEMENT_3D('',#1203,#1204,#1205);
#1203 = CARTESIAN_POINT('',(-138.8223050896,58.,3.11E+03));
#1204 = DIRECTION('',(0.,0.,1.));
#1205 = DIRECTION('',(1.,0.,-0.));
#1206 = DEFINITIONAL_REPRESENTATION('',(#1207),#1211);
#1207 = LINE('',#1208,#1209);
#1208 = CARTESIAN_POINT('',(0.,190.));
#1209 = VECTOR('',#1210,1.);
#1210 = DIRECTION('',(1.,0.));
#1211 = ( GEOMETRIC_REPRESENTATION_CONTEXT(2) 
PARAMETRIC_REPRESENTATION_CONTEXT() REPRESENTATION_CONTEXT('2D SPACE',''
  ) );
#1212 = PCURVE('',#1213,#1218);
#1213 = PLANE('',#1214);
#1214 = AXIS2_PLACEMENT_3D('',#1215,#1216,#1217);
#1215 = CARTESIAN_POINT('',(-138.8223050896,58.,3.3E+03));
#1216 = DIRECTION('',(0.,0.,1.));
#1217 = DIRECTION('',(1.,0.,-0.));
#1218 = DEFINITIONAL_REPRESENTATION('',(#1219),#1223);
#1219 = CIRCLE('',#1220,5.);
#1220 = AXIS2_PLACEMENT_2D('',#1221,#1222);
#1221 = CARTESIAN_POINT('',(0.,0.));
#1222 = DIRECTION('',(1.,0.));
#1223 = ( GEOMETRIC_REPRESENTATION_CONTEXT(2) 
PARAMETRIC_REPRESENTATION_CONTEXT() REPRESENTATION_CONTEXT('2D SPACE',''
  ) );
#1224 = ORIENTED_EDGE('',*,*,#1225,.F.);
#1225 = EDGE_CURVE('',#1226,#1192,#1228,.T.);
#1226 = VERTEX_POINT('',#1227);
#1227 = CARTESIAN_POINT('',(-133.8223050896,58.,3.11E+03));
#1228 = SEAM_CURVE('',#1229,(#1233,#1240),.PCURVE_S1.);
#1229 = LINE('',#1230,#1231);
#1230 = CARTESIAN_POINT('',(-133.8223050896,58.,3.11E+03));
#1231 = VECTOR('',#1232,1.);
#1232 = DIRECTION('',(0.,0.,1.));
#1233 = PCURVE('',#1201,#1234);
#1234 = DEFINITIONAL_REPRESENTATION('',(#1235),#1239);
#1235 = LINE('',#1236,#1237);
#1236 = CARTESIAN_POINT('',(6.28318530718,-0.));
#1237 = VECTOR('',#1238,1.);
#1238 = DIRECTION('',(0.,1.));
#1239 = ( GEOMETRIC_REPRESENTATION_CONTEXT(2) 
PARAMETRIC_REPRESENTATION_CONTEXT() REPRESENTATION_CONTEXT('2D SPACE',''
  ) );
#1240 = PCURVE('',#1201,#1241);
#1241 = DEFINITIONAL_REPRESENTATION('',(#1242),#1246);
#1242 = LINE('',#1243,#1244);
#1243 = CARTESIAN_POINT('',(0.,-0.));
#1244 = VECTOR('',#1245,1.);
#1245 = DIRECTION('',(0.,1.));
#1246 = ( GEOMETRIC_REPRESENTATION_CONTEXT(2) 
PARAMETRIC_REPRESENTATION_CONTEXT() REPRESENTATION_CONTEXT('2D SPACE',''
  ) );
#1247 = ORIENTED_EDGE('',*,*,#1248,.T.);
#1248 = EDGE_CURVE('',#1226,#1226,#1249,.T.);
#1249 = SURFACE_CURVE('',#1250,(#1255,#1262),.PCURVE_S1.);
#1250 = CIRCLE('',#1251,5.);
#1251 = AXIS2_PLACEMENT_3D('',#1252,#1253,#1254);
#1252 = CARTESIAN_POINT('',(-138.8223050896,58.,3.11E+03));
#1253 = DIRECTION('',(0.,0.,1.));
#1254 = DIRECTION('',(1.,0.,-0.));
#1255 = PCURVE('',#1201,#1256);
#1256 = DEFINITIONAL_REPRESENTATION('',(#1257),#1261);
#1257 = LINE('',#1258,#1259);
#1258 = CARTESIAN_POINT('',(0.,0.));
#1259 = VECTOR('',#1260,1.);
#1260 = DIRECTION('',(1.,0.));
#1261 = ( GEOMETRIC_REPRESENTATION_CONTEXT(2) 
PARAMETRIC_REPRESENTATION_CONTEXT() REPRESENTATION_CONTEXT('2D SPACE',''
  ) );
#1262 = PCURVE('',#1263,#1268);
#1263 = PLANE('',#1264);
#1264 = AXIS2_PLACEMENT_3D('',#1265,#1266,#1267);
#1265 = CARTESIAN_POINT('',(-138.8223050896,58.,3.11E+03));
#1266 = DIRECTION('',(0.,0.,1.));
#1267 = DIRECTION('',(1.,0.,-0.));
#1268 = DEFINITIONAL_REPRESENTATION('',(#1269),#1273);
#1269 = CIRCLE('',#1270,5.);
#1270 = AXIS2_PLACEMENT_2D('',#1271,#1272);
#1271 = CARTESIAN_POINT('',(0.,0.));
#1272 = DIRECTION('',(1.,0.));
#1273 = ( GEOMETRIC_REPRESENTATION_CONTEXT(2) 
PARAMETRIC_REPRESENTATION_CONTEXT() REPRESENTATION_CONTEXT('2D SPACE',''
  ) );
#1274 = ORIENTED_EDGE('',*,*,#1225,.T.);
#1275 = ADVANCED_FACE('',(#1276),#1213,.T.);
#1276 = FACE_BOUND('',#1277,.T.);
#1277 = EDGE_LOOP('',(#1278));
#1278 = ORIENTED_EDGE('',*,*,#1191,.T.);
#1279 = ADVANCED_FACE('',(#1280),#1263,.F.);
#1280 = FACE_BOUND('',#1281,.T.);
#1281 = EDGE_LOOP('',(#1282));
#1282 = ORIENTED_EDGE('',*,*,#1248,.F.);
#1283 = MANIFOLD_SOLID_BREP('',#1284);
#1284 = CLOSED_SHELL('',(#1285,#1373,#1377));
#1285 = ADVANCED_FACE('',(#1286),#1299,.T.);
#1286 = FACE_BOUND('',#1287,.T.);
#1287 = EDGE_LOOP('',(#1288,#1322,#1345,#1372));
#1288 = ORIENTED_EDGE('',*,*,#1289,.F.);
#1289 = EDGE_CURVE('',#1290,#1290,#1292,.T.);
#1290 = VERTEX_POINT('',#1291);
#1291 = CARTESIAN_POINT('',(-127.8223050896,-35.,3.34E+03));
#1292 = SURFACE_CURVE('',#1293,(#1298,#1310),.PCURVE_S1.);
#1293 = CIRCLE('',#1294,16.);
#1294 = AXIS2_PLACEMENT_3D('',#1295,#1296,#1297);
#1295 = CARTESIAN_POINT('',(-143.8223050896,-35.,3.34E+03));
#1296 = DIRECTION('',(0.,-1.,2.22044604925E-16));
#1297 = DIRECTION('',(1.,0.,0.));
#1298 = PCURVE('',#1299,#1304);
#1299 = CYLINDRICAL_SURFACE('',#1300,16.);
#1300 = AXIS2_PLACEMENT_3D('',#1301,#1302,#1303);
#1301 = CARTESIAN_POINT('',(-143.8223050896,35.,3.34E+03));
#1302 = DIRECTION('',(0.,-1.,2.22044604925E-16));
#1303 = DIRECTION('',(1.,0.,0.));
#1304 = DEFINITIONAL_REPRESENTATION('',(#1305),#1309);
#1305 = LINE('',#1306,#1307);
#1306 = CARTESIAN_POINT('',(0.,70.));
#1307 = VECTOR('',#1308,1.);
#1308 = DIRECTION('',(1.,0.));
#1309 = ( GEOMETRIC_REPRESENTATION_CONTEXT(2) 
PARAMETRIC_REPRESENTATION_CONTEXT() REPRESENTATION_CONTEXT('2D SPACE',''
  ) );
#1310 = PCURVE('',#1311,#1316);
#1311 = PLANE('',#1312);
#1312 = AXIS2_PLACEMENT_3D('',#1313,#1314,#1315);
#1313 = CARTESIAN_POINT('',(-143.8223050896,-35.,3.34E+03));
#1314 = DIRECTION('',(0.,-1.,2.22044604925E-16));
#1315 = DIRECTION('',(1.,0.,0.));
#1316 = DEFINITIONAL_REPRESENTATION('',(#1317),#1321);
#1317 = CIRCLE('',#1318,16.);
#1318 = AXIS2_PLACEMENT_2D('',#1319,#1320);
#1319 = CARTESIAN_POINT('',(0.,0.));
#1320 = DIRECTION('',(1.,0.));
#1321 = ( GEOMETRIC_REPRESENTATION_CONTEXT(2) 
PARAMETRIC_REPRESENTATION_CONTEXT() REPRESENTATION_CONTEXT('2D SPACE',''
  ) );
#1322 = ORIENTED_EDGE('',*,*,#1323,.F.);
#1323 = EDGE_CURVE('',#1324,#1290,#1326,.T.);
#1324 = VERTEX_POINT('',#1325);
#1325 = CARTESIAN_POINT('',(-127.8223050896,35.,3.34E+03));
#1326 = SEAM_CURVE('',#1327,(#1331,#1338),.PCURVE_S1.);
#1327 = LINE('',#1328,#1329);
#1328 = CARTESIAN_POINT('',(-127.8223050896,35.,3.34E+03));
#1329 = VECTOR('',#1330,1.);
#1330 = DIRECTION('',(0.,-1.,2.22044604925E-16));
#1331 = PCURVE('',#1299,#1332);
#1332 = DEFINITIONAL_REPRESENTATION('',(#1333),#1337);
#1333 = LINE('',#1334,#1335);
#1334 = CARTESIAN_POINT('',(6.28318530718,-0.));
#1335 = VECTOR('',#1336,1.);
#1336 = DIRECTION('',(0.,1.));
#1337 = ( GEOMETRIC_REPRESENTATION_CONTEXT(2) 
PARAMETRIC_REPRESENTATION_CONTEXT() REPRESENTATION_CONTEXT('2D SPACE',''
  ) );
#1338 = PCURVE('',#1299,#1339);
#1339 = DEFINITIONAL_REPRESENTATION('',(#1340),#1344);
#1340 = LINE('',#1341,#1342);
#1341 = CARTESIAN_POINT('',(0.,-0.));
#1342 = VECTOR('',#1343,1.);
#1343 = DIRECTION('',(0.,1.));
#1344 = ( GEOMETRIC_REPRESENTATION_CONTEXT(2) 
PARAMETRIC_REPRESENTATION_CONTEXT() REPRESENTATION_CONTEXT('2D SPACE',''
  ) );
#1345 = ORIENTED_EDGE('',*,*,#1346,.T.);
#1346 = EDGE_CURVE('',#1324,#1324,#1347,.T.);
#1347 = SURFACE_CURVE('',#1348,(#1353,#1360),.PCURVE_S1.);
#1348 = CIRCLE('',#1349,16.);
#1349 = AXIS2_PLACEMENT_3D('',#1350,#1351,#1352);
#1350 = CARTESIAN_POINT('',(-143.8223050896,35.,3.34E+03));
#1351 = DIRECTION('',(0.,-1.,2.22044604925E-16));
#1352 = DIRECTION('',(1.,0.,0.));
#1353 = PCURVE('',#1299,#1354);
#1354 = DEFINITIONAL_REPRESENTATION('',(#1355),#1359);
#1355 = LINE('',#1356,#1357);
#1356 = CARTESIAN_POINT('',(0.,0.));
#1357 = VECTOR('',#1358,1.);
#1358 = DIRECTION('',(1.,0.));
#1359 = ( GEOMETRIC_REPRESENTATION_CONTEXT(2) 
PARAMETRIC_REPRESENTATION_CONTEXT() REPRESENTATION_CONTEXT('2D SPACE',''
  ) );
#1360 = PCURVE('',#1361,#1366);
#1361 = PLANE('',#1362);
#1362 = AXIS2_PLACEMENT_3D('',#1363,#1364,#1365);
#1363 = CARTESIAN_POINT('',(-143.8223050896,35.,3.34E+03));
#1364 = DIRECTION('',(0.,-1.,2.22044604925E-16));
#1365 = DIRECTION('',(1.,0.,0.));
#1366 = DEFINITIONAL_REPRESENTATION('',(#1367),#1371);
#1367 = CIRCLE('',#1368,16.);
#1368 = AXIS2_PLACEMENT_2D('',#1369,#1370);
#1369 = CARTESIAN_POINT('',(0.,0.));
#1370 = DIRECTION('',(1.,0.));
#1371 = ( GEOMETRIC_REPRESENTATION_CONTEXT(2) 
PARAMETRIC_REPRESENTATION_CONTEXT() REPRESENTATION_CONTEXT('2D SPACE',''
  ) );
#1372 = ORIENTED_EDGE('',*,*,#1323,.T.);
#1373 = ADVANCED_FACE('',(#1374),#1311,.T.);
#1374 = FACE_BOUND('',#1375,.T.);
#1375 = EDGE_LOOP('',(#1376));
#1376 = ORIENTED_EDGE('',*,*,#1289,.T.);
#1377 = ADVANCED_FACE('',(#1378),#1361,.F.);
#1378 = FACE_BOUND('',#1379,.T.);
#1379 = EDGE_LOOP('',(#1380));
#1380 = ORIENTED_EDGE('',*,*,#1346,.F.);
#1381 = MANIFOLD_SOLID_BREP('',#1382);
#1382 = CLOSED_SHELL('',(#1383,#1503,#1603,#1650,#1697,#1704));
#1383 = ADVANCED_FACE('',(#1384),#1398,.F.);
#1384 = FACE_BOUND('',#1385,.F.);
#1385 = EDGE_LOOP('',(#1386,#1421,#1449,#1477));
#1386 = ORIENTED_EDGE('',*,*,#1387,.F.);
#1387 = EDGE_CURVE('',#1388,#1390,#1392,.T.);
#1388 = VERTEX_POINT('',#1389);
#1389 = CARTESIAN_POINT('',(-234.9630547191,-145.,3.614209861265E+03));
#1390 = VERTEX_POINT('',#1391);
#1391 = CARTESIAN_POINT('',(-245.8904440838,-145.,3.627232616798E+03));
#1392 = SURFACE_CURVE('',#1393,(#1397,#1409),.PCURVE_S1.);
#1393 = LINE('',#1394,#1395);
#1394 = CARTESIAN_POINT('',(-234.9630547191,-145.,3.614209861265E+03));
#1395 = VECTOR('',#1396,1.);
#1396 = DIRECTION('',(-0.642787609687,0.,0.766044443119));
#1397 = PCURVE('',#1398,#1403);
#1398 = PLANE('',#1399);
#1399 = AXIS2_PLACEMENT_3D('',#1400,#1401,#1402);
#1400 = CARTESIAN_POINT('',(-234.9630547191,-145.,3.614209861265E+03));
#1401 = DIRECTION('',(0.766044443119,0.,0.642787609687));
#1402 = DIRECTION('',(-0.642787609687,0.,0.766044443119));
#1403 = DEFINITIONAL_REPRESENTATION('',(#1404),#1408);
#1404 = LINE('',#1405,#1406);
#1405 = CARTESIAN_POINT('',(0.,0.));
#1406 = VECTOR('',#1407,1.);
#1407 = DIRECTION('',(1.,0.));
#1408 = ( GEOMETRIC_REPRESENTATION_CONTEXT(2) 
PARAMETRIC_REPRESENTATION_CONTEXT() REPRESENTATION_CONTEXT('2D SPACE',''
  ) );
#1409 = PCURVE('',#1410,#1415);
#1410 = PLANE('',#1411);
#1411 = AXIS2_PLACEMENT_3D('',#1412,#1413,#1414);
#1412 = CARTESIAN_POINT('',(-234.9630547191,-145.,3.614209861265E+03));
#1413 = DIRECTION('',(-0.,1.,0.));
#1414 = DIRECTION('',(-0.642787609687,0.,0.766044443119));
#1415 = DEFINITIONAL_REPRESENTATION('',(#1416),#1420);
#1416 = LINE('',#1417,#1418);
#1417 = CARTESIAN_POINT('',(0.,0.));
#1418 = VECTOR('',#1419,1.);
#1419 = DIRECTION('',(1.,0.));
#1420 = ( GEOMETRIC_REPRESENTATION_CONTEXT(2) 
PARAMETRIC_REPRESENTATION_CONTEXT() REPRESENTATION_CONTEXT('2D SPACE',''
  ) );
#1421 = ORIENTED_EDGE('',*,*,#1422,.T.);
#1422 = EDGE_CURVE('',#1388,#1423,#1425,.T.);
#1423 = VERTEX_POINT('',#1424);
#1424 = CARTESIAN_POINT('',(-234.9630547191,145.,3.614209861265E+03));
#1425 = SURFACE_CURVE('',#1426,(#1430,#1437),.PCURVE_S1.);
#1426 = LINE('',#1427,#1428);
#1427 = CARTESIAN_POINT('',(-234.9630547191,-145.,3.614209861265E+03));
#1428 = VECTOR('',#1429,1.);
#1429 = DIRECTION('',(-0.,1.,0.));
#1430 = PCURVE('',#1398,#1431);
#1431 = DEFINITIONAL_REPRESENTATION('',(#1432),#1436);
#1432 = LINE('',#1433,#1434);
#1433 = CARTESIAN_POINT('',(0.,0.));
#1434 = VECTOR('',#1435,1.);
#1435 = DIRECTION('',(0.,-1.));
#1436 = ( GEOMETRIC_REPRESENTATION_CONTEXT(2) 
PARAMETRIC_REPRESENTATION_CONTEXT() REPRESENTATION_CONTEXT('2D SPACE',''
  ) );
#1437 = PCURVE('',#1438,#1443);
#1438 = PLANE('',#1439);
#1439 = AXIS2_PLACEMENT_3D('',#1440,#1441,#1442);
#1440 = CARTESIAN_POINT('',(-234.9630547191,-145.,3.614209861265E+03));
#1441 = DIRECTION('',(-0.642787609687,0.,0.766044443119));
#1442 = DIRECTION('',(0.766044443119,0.,0.642787609687));
#1443 = DEFINITIONAL_REPRESENTATION('',(#1444),#1448);
#1444 = LINE('',#1445,#1446);
#1445 = CARTESIAN_POINT('',(0.,0.));
#1446 = VECTOR('',#1447,1.);
#1447 = DIRECTION('',(0.,1.));
#1448 = ( GEOMETRIC_REPRESENTATION_CONTEXT(2) 
PARAMETRIC_REPRESENTATION_CONTEXT() REPRESENTATION_CONTEXT('2D SPACE',''
  ) );
#1449 = ORIENTED_EDGE('',*,*,#1450,.T.);
#1450 = EDGE_CURVE('',#1423,#1451,#1453,.T.);
#1451 = VERTEX_POINT('',#1452);
#1452 = CARTESIAN_POINT('',(-245.8904440838,145.,3.627232616798E+03));
#1453 = SURFACE_CURVE('',#1454,(#1458,#1465),.PCURVE_S1.);
#1454 = LINE('',#1455,#1456);
#1455 = CARTESIAN_POINT('',(-234.9630547191,145.,3.614209861265E+03));
#1456 = VECTOR('',#1457,1.);
#1457 = DIRECTION('',(-0.642787609687,0.,0.766044443119));
#1458 = PCURVE('',#1398,#1459);
#1459 = DEFINITIONAL_REPRESENTATION('',(#1460),#1464);
#1460 = LINE('',#1461,#1462);
#1461 = CARTESIAN_POINT('',(0.,-290.));
#1462 = VECTOR('',#1463,1.);
#1463 = DIRECTION('',(1.,0.));
#1464 = ( GEOMETRIC_REPRESENTATION_CONTEXT(2) 
PARAMETRIC_REPRESENTATION_CONTEXT() REPRESENTATION_CONTEXT('2D SPACE',''
  ) );
#1465 = PCURVE('',#1466,#1471);
#1466 = PLANE('',#1467);
#1467 = AXIS2_PLACEMENT_3D('',#1468,#1469,#1470);
#1468 = CARTESIAN_POINT('',(-234.9630547191,145.,3.614209861265E+03));
#1469 = DIRECTION('',(-0.,1.,0.));
#1470 = DIRECTION('',(-0.642787609687,0.,0.766044443119));
#1471 = DEFINITIONAL_REPRESENTATION('',(#1472),#1476);
#1472 = LINE('',#1473,#1474);
#1473 = CARTESIAN_POINT('',(0.,0.));
#1474 = VECTOR('',#1475,1.);
#1475 = DIRECTION('',(1.,0.));
#1476 = ( GEOMETRIC_REPRESENTATION_CONTEXT(2) 
PARAMETRIC_REPRESENTATION_CONTEXT() REPRESENTATION_CONTEXT('2D SPACE',''
  ) );
#1477 = ORIENTED_EDGE('',*,*,#1478,.F.);
#1478 = EDGE_CURVE('',#1390,#1451,#1479,.T.);
#1479 = SURFACE_CURVE('',#1480,(#1484,#1491),.PCURVE_S1.);
#1480 = LINE('',#1481,#1482);
#1481 = CARTESIAN_POINT('',(-245.8904440838,-145.,3.627232616798E+03));
#1482 = VECTOR('',#1483,1.);
#1483 = DIRECTION('',(-0.,1.,0.));
#1484 = PCURVE('',#1398,#1485);
#1485 = DEFINITIONAL_REPRESENTATION('',(#1486),#1490);
#1486 = LINE('',#1487,#1488);
#1487 = CARTESIAN_POINT('',(17.,0.));
#1488 = VECTOR('',#1489,1.);
#1489 = DIRECTION('',(0.,-1.));
#1490 = ( GEOMETRIC_REPRESENTATION_CONTEXT(2) 
PARAMETRIC_REPRESENTATION_CONTEXT() REPRESENTATION_CONTEXT('2D SPACE',''
  ) );
#1491 = PCURVE('',#1492,#1497);
#1492 = PLANE('',#1493);
#1493 = AXIS2_PLACEMENT_3D('',#1494,#1495,#1496);
#1494 = CARTESIAN_POINT('',(-245.8904440838,-145.,3.627232616798E+03));
#1495 = DIRECTION('',(-0.642787609687,0.,0.766044443119));
#1496 = DIRECTION('',(0.766044443119,0.,0.642787609687));
#1497 = DEFINITIONAL_REPRESENTATION('',(#1498),#1502);
#1498 = LINE('',#1499,#1500);
#1499 = CARTESIAN_POINT('',(0.,0.));
#1500 = VECTOR('',#1501,1.);
#1501 = DIRECTION('',(0.,1.));
#1502 = ( GEOMETRIC_REPRESENTATION_CONTEXT(2) 
PARAMETRIC_REPRESENTATION_CONTEXT() REPRESENTATION_CONTEXT('2D SPACE',''
  ) );
#1503 = ADVANCED_FACE('',(#1504),#1518,.T.);
#1504 = FACE_BOUND('',#1505,.T.);
#1505 = EDGE_LOOP('',(#1506,#1536,#1559,#1582));
#1506 = ORIENTED_EDGE('',*,*,#1507,.F.);
#1507 = EDGE_CURVE('',#1508,#1510,#1512,.T.);
#1508 = VERTEX_POINT('',#1509);
#1509 = CARTESIAN_POINT('',(-81.75416609538,-145.,3.742767383202E+03));
#1510 = VERTEX_POINT('',#1511);
#1511 = CARTESIAN_POINT('',(-92.68155546006,-145.,3.755790138735E+03));
#1512 = SURFACE_CURVE('',#1513,(#1517,#1529),.PCURVE_S1.);
#1513 = LINE('',#1514,#1515);
#1514 = CARTESIAN_POINT('',(-81.75416609538,-145.,3.742767383202E+03));
#1515 = VECTOR('',#1516,1.);
#1516 = DIRECTION('',(-0.642787609687,0.,0.766044443119));
#1517 = PCURVE('',#1518,#1523);
#1518 = PLANE('',#1519);
#1519 = AXIS2_PLACEMENT_3D('',#1520,#1521,#1522);
#1520 = CARTESIAN_POINT('',(-81.75416609538,-145.,3.742767383202E+03));
#1521 = DIRECTION('',(0.766044443119,0.,0.642787609687));
#1522 = DIRECTION('',(-0.642787609687,0.,0.766044443119));
#1523 = DEFINITIONAL_REPRESENTATION('',(#1524),#1528);
#1524 = LINE('',#1525,#1526);
#1525 = CARTESIAN_POINT('',(0.,0.));
#1526 = VECTOR('',#1527,1.);
#1527 = DIRECTION('',(1.,0.));
#1528 = ( GEOMETRIC_REPRESENTATION_CONTEXT(2) 
PARAMETRIC_REPRESENTATION_CONTEXT() REPRESENTATION_CONTEXT('2D SPACE',''
  ) );
#1529 = PCURVE('',#1410,#1530);
#1530 = DEFINITIONAL_REPRESENTATION('',(#1531),#1535);
#1531 = LINE('',#1532,#1533);
#1532 = CARTESIAN_POINT('',(0.,200.));
#1533 = VECTOR('',#1534,1.);
#1534 = DIRECTION('',(1.,0.));
#1535 = ( GEOMETRIC_REPRESENTATION_CONTEXT(2) 
PARAMETRIC_REPRESENTATION_CONTEXT() REPRESENTATION_CONTEXT('2D SPACE',''
  ) );
#1536 = ORIENTED_EDGE('',*,*,#1537,.T.);
#1537 = EDGE_CURVE('',#1508,#1538,#1540,.T.);
#1538 = VERTEX_POINT('',#1539);
#1539 = CARTESIAN_POINT('',(-81.75416609538,145.,3.742767383202E+03));
#1540 = SURFACE_CURVE('',#1541,(#1545,#1552),.PCURVE_S1.);
#1541 = LINE('',#1542,#1543);
#1542 = CARTESIAN_POINT('',(-81.75416609538,-145.,3.742767383202E+03));
#1543 = VECTOR('',#1544,1.);
#1544 = DIRECTION('',(-0.,1.,0.));
#1545 = PCURVE('',#1518,#1546);
#1546 = DEFINITIONAL_REPRESENTATION('',(#1547),#1551);
#1547 = LINE('',#1548,#1549);
#1548 = CARTESIAN_POINT('',(0.,0.));
#1549 = VECTOR('',#1550,1.);
#1550 = DIRECTION('',(0.,-1.));
#1551 = ( GEOMETRIC_REPRESENTATION_CONTEXT(2) 
PARAMETRIC_REPRESENTATION_CONTEXT() REPRESENTATION_CONTEXT('2D SPACE',''
  ) );
#1552 = PCURVE('',#1438,#1553);
#1553 = DEFINITIONAL_REPRESENTATION('',(#1554),#1558);
#1554 = LINE('',#1555,#1556);
#1555 = CARTESIAN_POINT('',(200.,0.));
#1556 = VECTOR('',#1557,1.);
#1557 = DIRECTION('',(0.,1.));
#1558 = ( GEOMETRIC_REPRESENTATION_CONTEXT(2) 
PARAMETRIC_REPRESENTATION_CONTEXT() REPRESENTATION_CONTEXT('2D SPACE',''
  ) );
#1559 = ORIENTED_EDGE('',*,*,#1560,.T.);
#1560 = EDGE_CURVE('',#1538,#1561,#1563,.T.);
#1561 = VERTEX_POINT('',#1562);
#1562 = CARTESIAN_POINT('',(-92.68155546006,145.,3.755790138735E+03));
#1563 = SURFACE_CURVE('',#1564,(#1568,#1575),.PCURVE_S1.);
#1564 = LINE('',#1565,#1566);
#1565 = CARTESIAN_POINT('',(-81.75416609538,145.,3.742767383202E+03));
#1566 = VECTOR('',#1567,1.);
#1567 = DIRECTION('',(-0.642787609687,0.,0.766044443119));
#1568 = PCURVE('',#1518,#1569);
#1569 = DEFINITIONAL_REPRESENTATION('',(#1570),#1574);
#1570 = LINE('',#1571,#1572);
#1571 = CARTESIAN_POINT('',(0.,-290.));
#1572 = VECTOR('',#1573,1.);
#1573 = DIRECTION('',(1.,0.));
#1574 = ( GEOMETRIC_REPRESENTATION_CONTEXT(2) 
PARAMETRIC_REPRESENTATION_CONTEXT() REPRESENTATION_CONTEXT('2D SPACE',''
  ) );
#1575 = PCURVE('',#1466,#1576);
#1576 = DEFINITIONAL_REPRESENTATION('',(#1577),#1581);
#1577 = LINE('',#1578,#1579);
#1578 = CARTESIAN_POINT('',(0.,200.));
#1579 = VECTOR('',#1580,1.);
#1580 = DIRECTION('',(1.,0.));
#1581 = ( GEOMETRIC_REPRESENTATION_CONTEXT(2) 
PARAMETRIC_REPRESENTATION_CONTEXT() REPRESENTATION_CONTEXT('2D SPACE',''
  ) );
#1582 = ORIENTED_EDGE('',*,*,#1583,.F.);
#1583 = EDGE_CURVE('',#1510,#1561,#1584,.T.);
#1584 = SURFACE_CURVE('',#1585,(#1589,#1596),.PCURVE_S1.);
#1585 = LINE('',#1586,#1587);
#1586 = CARTESIAN_POINT('',(-92.68155546006,-145.,3.755790138735E+03));
#1587 = VECTOR('',#1588,1.);
#1588 = DIRECTION('',(-0.,1.,0.));
#1589 = PCURVE('',#1518,#1590);
#1590 = DEFINITIONAL_REPRESENTATION('',(#1591),#1595);
#1591 = LINE('',#1592,#1593);
#1592 = CARTESIAN_POINT('',(17.,0.));
#1593 = VECTOR('',#1594,1.);
#1594 = DIRECTION('',(0.,-1.));
#1595 = ( GEOMETRIC_REPRESENTATION_CONTEXT(2) 
PARAMETRIC_REPRESENTATION_CONTEXT() REPRESENTATION_CONTEXT('2D SPACE',''
  ) );
#1596 = PCURVE('',#1492,#1597);
#1597 = DEFINITIONAL_REPRESENTATION('',(#1598),#1602);
#1598 = LINE('',#1599,#1600);
#1599 = CARTESIAN_POINT('',(200.,0.));
#1600 = VECTOR('',#1601,1.);
#1601 = DIRECTION('',(0.,1.));
#1602 = ( GEOMETRIC_REPRESENTATION_CONTEXT(2) 
PARAMETRIC_REPRESENTATION_CONTEXT() REPRESENTATION_CONTEXT('2D SPACE',''
  ) );
#1603 = ADVANCED_FACE('',(#1604),#1410,.F.);
#1604 = FACE_BOUND('',#1605,.F.);
#1605 = EDGE_LOOP('',(#1606,#1627,#1628,#1649));
#1606 = ORIENTED_EDGE('',*,*,#1607,.F.);
#1607 = EDGE_CURVE('',#1388,#1508,#1608,.T.);
#1608 = SURFACE_CURVE('',#1609,(#1613,#1620),.PCURVE_S1.);
#1609 = LINE('',#1610,#1611);
#1610 = CARTESIAN_POINT('',(-234.9630547191,-145.,3.614209861265E+03));
#1611 = VECTOR('',#1612,1.);
#1612 = DIRECTION('',(0.766044443119,0.,0.642787609687));
#1613 = PCURVE('',#1410,#1614);
#1614 = DEFINITIONAL_REPRESENTATION('',(#1615),#1619);
#1615 = LINE('',#1616,#1617);
#1616 = CARTESIAN_POINT('',(0.,0.));
#1617 = VECTOR('',#1618,1.);
#1618 = DIRECTION('',(0.,1.));
#1619 = ( GEOMETRIC_REPRESENTATION_CONTEXT(2) 
PARAMETRIC_REPRESENTATION_CONTEXT() REPRESENTATION_CONTEXT('2D SPACE',''
  ) );
#1620 = PCURVE('',#1438,#1621);
#1621 = DEFINITIONAL_REPRESENTATION('',(#1622),#1626);
#1622 = LINE('',#1623,#1624);
#1623 = CARTESIAN_POINT('',(0.,0.));
#1624 = VECTOR('',#1625,1.);
#1625 = DIRECTION('',(1.,0.));
#1626 = ( GEOMETRIC_REPRESENTATION_CONTEXT(2) 
PARAMETRIC_REPRESENTATION_CONTEXT() REPRESENTATION_CONTEXT('2D SPACE',''
  ) );
#1627 = ORIENTED_EDGE('',*,*,#1387,.T.);
#1628 = ORIENTED_EDGE('',*,*,#1629,.T.);
#1629 = EDGE_CURVE('',#1390,#1510,#1630,.T.);
#1630 = SURFACE_CURVE('',#1631,(#1635,#1642),.PCURVE_S1.);
#1631 = LINE('',#1632,#1633);
#1632 = CARTESIAN_POINT('',(-245.8904440838,-145.,3.627232616798E+03));
#1633 = VECTOR('',#1634,1.);
#1634 = DIRECTION('',(0.766044443119,0.,0.642787609687));
#1635 = PCURVE('',#1410,#1636);
#1636 = DEFINITIONAL_REPRESENTATION('',(#1637),#1641);
#1637 = LINE('',#1638,#1639);
#1638 = CARTESIAN_POINT('',(17.,0.));
#1639 = VECTOR('',#1640,1.);
#1640 = DIRECTION('',(0.,1.));
#1641 = ( GEOMETRIC_REPRESENTATION_CONTEXT(2) 
PARAMETRIC_REPRESENTATION_CONTEXT() REPRESENTATION_CONTEXT('2D SPACE',''
  ) );
#1642 = PCURVE('',#1492,#1643);
#1643 = DEFINITIONAL_REPRESENTATION('',(#1644),#1648);
#1644 = LINE('',#1645,#1646);
#1645 = CARTESIAN_POINT('',(0.,0.));
#1646 = VECTOR('',#1647,1.);
#1647 = DIRECTION('',(1.,0.));
#1648 = ( GEOMETRIC_REPRESENTATION_CONTEXT(2) 
PARAMETRIC_REPRESENTATION_CONTEXT() REPRESENTATION_CONTEXT('2D SPACE',''
  ) );
#1649 = ORIENTED_EDGE('',*,*,#1507,.F.);
#1650 = ADVANCED_FACE('',(#1651),#1466,.T.);
#1651 = FACE_BOUND('',#1652,.T.);
#1652 = EDGE_LOOP('',(#1653,#1674,#1675,#1696));
#1653 = ORIENTED_EDGE('',*,*,#1654,.F.);
#1654 = EDGE_CURVE('',#1423,#1538,#1655,.T.);
#1655 = SURFACE_CURVE('',#1656,(#1660,#1667),.PCURVE_S1.);
#1656 = LINE('',#1657,#1658);
#1657 = CARTESIAN_POINT('',(-234.9630547191,145.,3.614209861265E+03));
#1658 = VECTOR('',#1659,1.);
#1659 = DIRECTION('',(0.766044443119,0.,0.642787609687));
#1660 = PCURVE('',#1466,#1661);
#1661 = DEFINITIONAL_REPRESENTATION('',(#1662),#1666);
#1662 = LINE('',#1663,#1664);
#1663 = CARTESIAN_POINT('',(0.,0.));
#1664 = VECTOR('',#1665,1.);
#1665 = DIRECTION('',(0.,1.));
#1666 = ( GEOMETRIC_REPRESENTATION_CONTEXT(2) 
PARAMETRIC_REPRESENTATION_CONTEXT() REPRESENTATION_CONTEXT('2D SPACE',''
  ) );
#1667 = PCURVE('',#1438,#1668);
#1668 = DEFINITIONAL_REPRESENTATION('',(#1669),#1673);
#1669 = LINE('',#1670,#1671);
#1670 = CARTESIAN_POINT('',(0.,290.));
#1671 = VECTOR('',#1672,1.);
#1672 = DIRECTION('',(1.,0.));
#1673 = ( GEOMETRIC_REPRESENTATION_CONTEXT(2) 
PARAMETRIC_REPRESENTATION_CONTEXT() REPRESENTATION_CONTEXT('2D SPACE',''
  ) );
#1674 = ORIENTED_EDGE('',*,*,#1450,.T.);
#1675 = ORIENTED_EDGE('',*,*,#1676,.T.);
#1676 = EDGE_CURVE('',#1451,#1561,#1677,.T.);
#1677 = SURFACE_CURVE('',#1678,(#1682,#1689),.PCURVE_S1.);
#1678 = LINE('',#1679,#1680);
#1679 = CARTESIAN_POINT('',(-245.8904440838,145.,3.627232616798E+03));
#1680 = VECTOR('',#1681,1.);
#1681 = DIRECTION('',(0.766044443119,0.,0.642787609687));
#1682 = PCURVE('',#1466,#1683);
#1683 = DEFINITIONAL_REPRESENTATION('',(#1684),#1688);
#1684 = LINE('',#1685,#1686);
#1685 = CARTESIAN_POINT('',(17.,0.));
#1686 = VECTOR('',#1687,1.);
#1687 = DIRECTION('',(0.,1.));
#1688 = ( GEOMETRIC_REPRESENTATION_CONTEXT(2) 
PARAMETRIC_REPRESENTATION_CONTEXT() REPRESENTATION_CONTEXT('2D SPACE',''
  ) );
#1689 = PCURVE('',#1492,#1690);
#1690 = DEFINITIONAL_REPRESENTATION('',(#1691),#1695);
#1691 = LINE('',#1692,#1693);
#1692 = CARTESIAN_POINT('',(0.,290.));
#1693 = VECTOR('',#1694,1.);
#1694 = DIRECTION('',(1.,0.));
#1695 = ( GEOMETRIC_REPRESENTATION_CONTEXT(2) 
PARAMETRIC_REPRESENTATION_CONTEXT() REPRESENTATION_CONTEXT('2D SPACE',''
  ) );
#1696 = ORIENTED_EDGE('',*,*,#1560,.F.);
#1697 = ADVANCED_FACE('',(#1698),#1438,.F.);
#1698 = FACE_BOUND('',#1699,.F.);
#1699 = EDGE_LOOP('',(#1700,#1701,#1702,#1703));
#1700 = ORIENTED_EDGE('',*,*,#1422,.F.);
#1701 = ORIENTED_EDGE('',*,*,#1607,.T.);
#1702 = ORIENTED_EDGE('',*,*,#1537,.T.);
#1703 = ORIENTED_EDGE('',*,*,#1654,.F.);
#1704 = ADVANCED_FACE('',(#1705),#1492,.T.);
#1705 = FACE_BOUND('',#1706,.T.);
#1706 = EDGE_LOOP('',(#1707,#1708,#1709,#1710));
#1707 = ORIENTED_EDGE('',*,*,#1478,.F.);
#1708 = ORIENTED_EDGE('',*,*,#1629,.T.);
#1709 = ORIENTED_EDGE('',*,*,#1583,.T.);
#1710 = ORIENTED_EDGE('',*,*,#1676,.F.);
#1711 = MANIFOLD_SOLID_BREP('',#1712);
#1712 = CLOSED_SHELL('',(#1713,#1801,#1805));
#1713 = ADVANCED_FACE('',(#1714),#1727,.T.);
#1714 = FACE_BOUND('',#1715,.T.);
#1715 = EDGE_LOOP('',(#1716,#1750,#1773,#1800));
#1716 = ORIENTED_EDGE('',*,*,#1717,.F.);
#1717 = EDGE_CURVE('',#1718,#1718,#1720,.T.);
#1718 = VERTEX_POINT('',#1719);
#1719 = CARTESIAN_POINT('',(-92.07571615518,-110.,3.72883031965E+03));
#1720 = SURFACE_CURVE('',#1721,(#1726,#1738),.PCURVE_S1.);
#1721 = CIRCLE('',#1722,5.);
#1722 = AXIS2_PLACEMENT_3D('',#1723,#1724,#1725);
#1723 = CARTESIAN_POINT('',(-97.07505495776,-110.,3.728911631008E+03));
#1724 = DIRECTION('',(1.626227170098E-02,0.,0.999867760516));
#1725 = DIRECTION('',(0.999867760516,0.,-1.626227170098E-02));
#1726 = PCURVE('',#1727,#1732);
#1727 = CYLINDRICAL_SURFACE('',#1728,5.);
#1728 = AXIS2_PLACEMENT_3D('',#1729,#1730,#1731);
#1729 = CARTESIAN_POINT('',(-99.82230508962,-110.,3.56E+03));
#1730 = DIRECTION('',(1.626227170098E-02,0.,0.999867760516));
#1731 = DIRECTION('',(0.999867760516,0.,-1.626227170098E-02));
#1732 = DEFINITIONAL_REPRESENTATION('',(#1733),#1737);
#1733 = LINE('',#1734,#1735);
#1734 = CARTESIAN_POINT('',(0.,168.93397074954));
#1735 = VECTOR('',#1736,1.);
#1736 = DIRECTION('',(1.,0.));
#1737 = ( GEOMETRIC_REPRESENTATION_CONTEXT(2) 
PARAMETRIC_REPRESENTATION_CONTEXT() REPRESENTATION_CONTEXT('2D SPACE',''
  ) );
#1738 = PCURVE('',#1739,#1744);
#1739 = PLANE('',#1740);
#1740 = AXIS2_PLACEMENT_3D('',#1741,#1742,#1743);
#1741 = CARTESIAN_POINT('',(-97.07505495776,-110.,3.728911631008E+03));
#1742 = DIRECTION('',(1.626227170098E-02,0.,0.999867760516));
#1743 = DIRECTION('',(0.999867760516,0.,-1.626227170098E-02));
#1744 = DEFINITIONAL_REPRESENTATION('',(#1745),#1749);
#1745 = CIRCLE('',#1746,5.);
#1746 = AXIS2_PLACEMENT_2D('',#1747,#1748);
#1747 = CARTESIAN_POINT('',(0.,0.));
#1748 = DIRECTION('',(1.,0.));
#1749 = ( GEOMETRIC_REPRESENTATION_CONTEXT(2) 
PARAMETRIC_REPRESENTATION_CONTEXT() REPRESENTATION_CONTEXT('2D SPACE',''
  ) );
#1750 = ORIENTED_EDGE('',*,*,#1751,.F.);
#1751 = EDGE_CURVE('',#1752,#1718,#1754,.T.);
#1752 = VERTEX_POINT('',#1753);
#1753 = CARTESIAN_POINT('',(-94.82296628704,-110.,3.559918688641E+03));
#1754 = SEAM_CURVE('',#1755,(#1759,#1766),.PCURVE_S1.);
#1755 = LINE('',#1756,#1757);
#1756 = CARTESIAN_POINT('',(-94.82296628704,-110.,3.559918688641E+03));
#1757 = VECTOR('',#1758,1.);
#1758 = DIRECTION('',(1.626227170098E-02,0.,0.999867760516));
#1759 = PCURVE('',#1727,#1760);
#1760 = DEFINITIONAL_REPRESENTATION('',(#1761),#1765);
#1761 = LINE('',#1762,#1763);
#1762 = CARTESIAN_POINT('',(6.28318530718,-0.));
#1763 = VECTOR('',#1764,1.);
#1764 = DIRECTION('',(0.,1.));
#1765 = ( GEOMETRIC_REPRESENTATION_CONTEXT(2) 
PARAMETRIC_REPRESENTATION_CONTEXT() REPRESENTATION_CONTEXT('2D SPACE',''
  ) );
#1766 = PCURVE('',#1727,#1767);
#1767 = DEFINITIONAL_REPRESENTATION('',(#1768),#1772);
#1768 = LINE('',#1769,#1770);
#1769 = CARTESIAN_POINT('',(0.,-0.));
#1770 = VECTOR('',#1771,1.);
#1771 = DIRECTION('',(0.,1.));
#1772 = ( GEOMETRIC_REPRESENTATION_CONTEXT(2) 
PARAMETRIC_REPRESENTATION_CONTEXT() REPRESENTATION_CONTEXT('2D SPACE',''
  ) );
#1773 = ORIENTED_EDGE('',*,*,#1774,.T.);
#1774 = EDGE_CURVE('',#1752,#1752,#1775,.T.);
#1775 = SURFACE_CURVE('',#1776,(#1781,#1788),.PCURVE_S1.);
#1776 = CIRCLE('',#1777,5.);
#1777 = AXIS2_PLACEMENT_3D('',#1778,#1779,#1780);
#1778 = CARTESIAN_POINT('',(-99.82230508962,-110.,3.56E+03));
#1779 = DIRECTION('',(1.626227170098E-02,0.,0.999867760516));
#1780 = DIRECTION('',(0.999867760516,0.,-1.626227170098E-02));
#1781 = PCURVE('',#1727,#1782);
#1782 = DEFINITIONAL_REPRESENTATION('',(#1783),#1787);
#1783 = LINE('',#1784,#1785);
#1784 = CARTESIAN_POINT('',(0.,0.));
#1785 = VECTOR('',#1786,1.);
#1786 = DIRECTION('',(1.,0.));
#1787 = ( GEOMETRIC_REPRESENTATION_CONTEXT(2) 
PARAMETRIC_REPRESENTATION_CONTEXT() REPRESENTATION_CONTEXT('2D SPACE',''
  ) );
#1788 = PCURVE('',#1789,#1794);
#1789 = PLANE('',#1790);
#1790 = AXIS2_PLACEMENT_3D('',#1791,#1792,#1793);
#1791 = CARTESIAN_POINT('',(-99.82230508962,-110.,3.56E+03));
#1792 = DIRECTION('',(1.626227170098E-02,0.,0.999867760516));
#1793 = DIRECTION('',(0.999867760516,0.,-1.626227170098E-02));
#1794 = DEFINITIONAL_REPRESENTATION('',(#1795),#1799);
#1795 = CIRCLE('',#1796,5.);
#1796 = AXIS2_PLACEMENT_2D('',#1797,#1798);
#1797 = CARTESIAN_POINT('',(0.,0.));
#1798 = DIRECTION('',(1.,0.));
#1799 = ( GEOMETRIC_REPRESENTATION_CONTEXT(2) 
PARAMETRIC_REPRESENTATION_CONTEXT() REPRESENTATION_CONTEXT('2D SPACE',''
  ) );
#1800 = ORIENTED_EDGE('',*,*,#1751,.T.);
#1801 = ADVANCED_FACE('',(#1802),#1739,.T.);
#1802 = FACE_BOUND('',#1803,.T.);
#1803 = EDGE_LOOP('',(#1804));
#1804 = ORIENTED_EDGE('',*,*,#1717,.T.);
#1805 = ADVANCED_FACE('',(#1806),#1789,.F.);
#1806 = FACE_BOUND('',#1807,.T.);
#1807 = EDGE_LOOP('',(#1808));
#1808 = ORIENTED_EDGE('',*,*,#1774,.F.);
#1809 = MANIFOLD_SOLID_BREP('',#1810);
#1810 = CLOSED_SHELL('',(#1811,#1899,#1903));
#1811 = ADVANCED_FACE('',(#1812),#1825,.T.);
#1812 = FACE_BOUND('',#1813,.T.);
#1813 = EDGE_LOOP('',(#1814,#1848,#1871,#1898));
#1814 = ORIENTED_EDGE('',*,*,#1815,.F.);
#1815 = EDGE_CURVE('',#1816,#1816,#1818,.T.);
#1816 = VERTEX_POINT('',#1817);
#1817 = CARTESIAN_POINT('',(-199.4527230651,-110.,3.640060304912E+03));
#1818 = SURFACE_CURVE('',#1819,(#1824,#1836),.PCURVE_S1.);
#1819 = CIRCLE('',#1820,5.);
#1820 = AXIS2_PLACEMENT_3D('',#1821,#1822,#1823);
#1821 = CARTESIAN_POINT('',(-204.3212769944,-110.,3.638921365652E+03));
#1822 = DIRECTION('',(-0.227787851958,0.,0.97371078586));
#1823 = DIRECTION('',(0.97371078586,0.,0.227787851958));
#1824 = PCURVE('',#1825,#1830);
#1825 = CYLINDRICAL_SURFACE('',#1826,5.);
#1826 = AXIS2_PLACEMENT_3D('',#1827,#1828,#1829);
#1827 = CARTESIAN_POINT('',(-171.8223050896,-110.,3.5E+03));
#1828 = DIRECTION('',(-0.227787851958,0.,0.97371078586));
#1829 = DIRECTION('',(0.97371078586,0.,0.227787851958));
#1830 = DEFINITIONAL_REPRESENTATION('',(#1831),#1835);
#1831 = LINE('',#1832,#1833);
#1832 = CARTESIAN_POINT('',(0.,142.67210312309));
#1833 = VECTOR('',#1834,1.);
#1834 = DIRECTION('',(1.,0.));
#1835 = ( GEOMETRIC_REPRESENTATION_CONTEXT(2) 
PARAMETRIC_REPRESENTATION_CONTEXT() REPRESENTATION_CONTEXT('2D SPACE',''
  ) );
#1836 = PCURVE('',#1837,#1842);
#1837 = PLANE('',#1838);
#1838 = AXIS2_PLACEMENT_3D('',#1839,#1840,#1841);
#1839 = CARTESIAN_POINT('',(-204.3212769944,-110.,3.638921365652E+03));
#1840 = DIRECTION('',(-0.227787851958,0.,0.97371078586));
#1841 = DIRECTION('',(0.97371078586,0.,0.227787851958));
#1842 = DEFINITIONAL_REPRESENTATION('',(#1843),#1847);
#1843 = CIRCLE('',#1844,5.);
#1844 = AXIS2_PLACEMENT_2D('',#1845,#1846);
#1845 = CARTESIAN_POINT('',(0.,0.));
#1846 = DIRECTION('',(1.,0.));
#1847 = ( GEOMETRIC_REPRESENTATION_CONTEXT(2) 
PARAMETRIC_REPRESENTATION_CONTEXT() REPRESENTATION_CONTEXT('2D SPACE',''
  ) );
#1848 = ORIENTED_EDGE('',*,*,#1849,.F.);
#1849 = EDGE_CURVE('',#1850,#1816,#1852,.T.);
#1850 = VERTEX_POINT('',#1851);
#1851 = CARTESIAN_POINT('',(-166.9537511603,-110.,3.50113893926E+03));
#1852 = SEAM_CURVE('',#1853,(#1857,#1864),.PCURVE_S1.);
#1853 = LINE('',#1854,#1855);
#1854 = CARTESIAN_POINT('',(-166.9537511603,-110.,3.50113893926E+03));
#1855 = VECTOR('',#1856,1.);
#1856 = DIRECTION('',(-0.227787851958,-6.162975822039E-33,0.97371078586)
  );
#1857 = PCURVE('',#1825,#1858);
#1858 = DEFINITIONAL_REPRESENTATION('',(#1859),#1863);
#1859 = LINE('',#1860,#1861);
#1860 = CARTESIAN_POINT('',(6.28318530718,-0.));
#1861 = VECTOR('',#1862,1.);
#1862 = DIRECTION('',(0.,1.));
#1863 = ( GEOMETRIC_REPRESENTATION_CONTEXT(2) 
PARAMETRIC_REPRESENTATION_CONTEXT() REPRESENTATION_CONTEXT('2D SPACE',''
  ) );
#1864 = PCURVE('',#1825,#1865);
#1865 = DEFINITIONAL_REPRESENTATION('',(#1866),#1870);
#1866 = LINE('',#1867,#1868);
#1867 = CARTESIAN_POINT('',(0.,-0.));
#1868 = VECTOR('',#1869,1.);
#1869 = DIRECTION('',(0.,1.));
#1870 = ( GEOMETRIC_REPRESENTATION_CONTEXT(2) 
PARAMETRIC_REPRESENTATION_CONTEXT() REPRESENTATION_CONTEXT('2D SPACE',''
  ) );
#1871 = ORIENTED_EDGE('',*,*,#1872,.T.);
#1872 = EDGE_CURVE('',#1850,#1850,#1873,.T.);
#1873 = SURFACE_CURVE('',#1874,(#1879,#1886),.PCURVE_S1.);
#1874 = CIRCLE('',#1875,5.);
#1875 = AXIS2_PLACEMENT_3D('',#1876,#1877,#1878);
#1876 = CARTESIAN_POINT('',(-171.8223050896,-110.,3.5E+03));
#1877 = DIRECTION('',(-0.227787851958,0.,0.97371078586));
#1878 = DIRECTION('',(0.97371078586,0.,0.227787851958));
#1879 = PCURVE('',#1825,#1880);
#1880 = DEFINITIONAL_REPRESENTATION('',(#1881),#1885);
#1881 = LINE('',#1882,#1883);
#1882 = CARTESIAN_POINT('',(0.,0.));
#1883 = VECTOR('',#1884,1.);
#1884 = DIRECTION('',(1.,0.));
#1885 = ( GEOMETRIC_REPRESENTATION_CONTEXT(2) 
PARAMETRIC_REPRESENTATION_CONTEXT() REPRESENTATION_CONTEXT('2D SPACE',''
  ) );
#1886 = PCURVE('',#1887,#1892);
#1887 = PLANE('',#1888);
#1888 = AXIS2_PLACEMENT_3D('',#1889,#1890,#1891);
#1889 = CARTESIAN_POINT('',(-171.8223050896,-110.,3.5E+03));
#1890 = DIRECTION('',(-0.227787851958,0.,0.97371078586));
#1891 = DIRECTION('',(0.97371078586,0.,0.227787851958));
#1892 = DEFINITIONAL_REPRESENTATION('',(#1893),#1897);
#1893 = CIRCLE('',#1894,5.);
#1894 = AXIS2_PLACEMENT_2D('',#1895,#1896);
#1895 = CARTESIAN_POINT('',(0.,0.));
#1896 = DIRECTION('',(1.,0.));
#1897 = ( GEOMETRIC_REPRESENTATION_CONTEXT(2) 
PARAMETRIC_REPRESENTATION_CONTEXT() REPRESENTATION_CONTEXT('2D SPACE',''
  ) );
#1898 = ORIENTED_EDGE('',*,*,#1849,.T.);
#1899 = ADVANCED_FACE('',(#1900),#1837,.T.);
#1900 = FACE_BOUND('',#1901,.T.);
#1901 = EDGE_LOOP('',(#1902));
#1902 = ORIENTED_EDGE('',*,*,#1815,.T.);
#1903 = ADVANCED_FACE('',(#1904),#1887,.F.);
#1904 = FACE_BOUND('',#1905,.T.);
#1905 = EDGE_LOOP('',(#1906));
#1906 = ORIENTED_EDGE('',*,*,#1872,.F.);
#1907 = MANIFOLD_SOLID_BREP('',#1908);
#1908 = CLOSED_SHELL('',(#1909,#1997,#2001));
#1909 = ADVANCED_FACE('',(#1910),#1923,.T.);
#1910 = FACE_BOUND('',#1911,.T.);
#1911 = EDGE_LOOP('',(#1912,#1946,#1969,#1996));
#1912 = ORIENTED_EDGE('',*,*,#1913,.F.);
#1913 = EDGE_CURVE('',#1914,#1914,#1916,.T.);
#1914 = VERTEX_POINT('',#1915);
#1915 = CARTESIAN_POINT('',(-92.07571615518,110.,3.72883031965E+03));
#1916 = SURFACE_CURVE('',#1917,(#1922,#1934),.PCURVE_S1.);
#1917 = CIRCLE('',#1918,5.);
#1918 = AXIS2_PLACEMENT_3D('',#1919,#1920,#1921);
#1919 = CARTESIAN_POINT('',(-97.07505495776,110.,3.728911631008E+03));
#1920 = DIRECTION('',(1.626227170098E-02,0.,0.999867760516));
#1921 = DIRECTION('',(0.999867760516,0.,-1.626227170098E-02));
#1922 = PCURVE('',#1923,#1928);
#1923 = CYLINDRICAL_SURFACE('',#1924,5.);
#1924 = AXIS2_PLACEMENT_3D('',#1925,#1926,#1927);
#1925 = CARTESIAN_POINT('',(-99.82230508962,110.,3.56E+03));
#1926 = DIRECTION('',(1.626227170098E-02,0.,0.999867760516));
#1927 = DIRECTION('',(0.999867760516,0.,-1.626227170098E-02));
#1928 = DEFINITIONAL_REPRESENTATION('',(#1929),#1933);
#1929 = LINE('',#1930,#1931);
#1930 = CARTESIAN_POINT('',(0.,168.93397074954));
#1931 = VECTOR('',#1932,1.);
#1932 = DIRECTION('',(1.,0.));
#1933 = ( GEOMETRIC_REPRESENTATION_CONTEXT(2) 
PARAMETRIC_REPRESENTATION_CONTEXT() REPRESENTATION_CONTEXT('2D SPACE',''
  ) );
#1934 = PCURVE('',#1935,#1940);
#1935 = PLANE('',#1936);
#1936 = AXIS2_PLACEMENT_3D('',#1937,#1938,#1939);
#1937 = CARTESIAN_POINT('',(-97.07505495776,110.,3.728911631008E+03));
#1938 = DIRECTION('',(1.626227170098E-02,0.,0.999867760516));
#1939 = DIRECTION('',(0.999867760516,0.,-1.626227170098E-02));
#1940 = DEFINITIONAL_REPRESENTATION('',(#1941),#1945);
#1941 = CIRCLE('',#1942,5.);
#1942 = AXIS2_PLACEMENT_2D('',#1943,#1944);
#1943 = CARTESIAN_POINT('',(0.,0.));
#1944 = DIRECTION('',(1.,0.));
#1945 = ( GEOMETRIC_REPRESENTATION_CONTEXT(2) 
PARAMETRIC_REPRESENTATION_CONTEXT() REPRESENTATION_CONTEXT('2D SPACE',''
  ) );
#1946 = ORIENTED_EDGE('',*,*,#1947,.F.);
#1947 = EDGE_CURVE('',#1948,#1914,#1950,.T.);
#1948 = VERTEX_POINT('',#1949);
#1949 = CARTESIAN_POINT('',(-94.82296628704,110.,3.559918688641E+03));
#1950 = SEAM_CURVE('',#1951,(#1955,#1962),.PCURVE_S1.);
#1951 = LINE('',#1952,#1953);
#1952 = CARTESIAN_POINT('',(-94.82296628704,110.,3.559918688641E+03));
#1953 = VECTOR('',#1954,1.);
#1954 = DIRECTION('',(1.626227170098E-02,0.,0.999867760516));
#1955 = PCURVE('',#1923,#1956);
#1956 = DEFINITIONAL_REPRESENTATION('',(#1957),#1961);
#1957 = LINE('',#1958,#1959);
#1958 = CARTESIAN_POINT('',(6.28318530718,-0.));
#1959 = VECTOR('',#1960,1.);
#1960 = DIRECTION('',(0.,1.));
#1961 = ( GEOMETRIC_REPRESENTATION_CONTEXT(2) 
PARAMETRIC_REPRESENTATION_CONTEXT() REPRESENTATION_CONTEXT('2D SPACE',''
  ) );
#1962 = PCURVE('',#1923,#1963);
#1963 = DEFINITIONAL_REPRESENTATION('',(#1964),#1968);
#1964 = LINE('',#1965,#1966);
#1965 = CARTESIAN_POINT('',(0.,-0.));
#1966 = VECTOR('',#1967,1.);
#1967 = DIRECTION('',(0.,1.));
#1968 = ( GEOMETRIC_REPRESENTATION_CONTEXT(2) 
PARAMETRIC_REPRESENTATION_CONTEXT() REPRESENTATION_CONTEXT('2D SPACE',''
  ) );
#1969 = ORIENTED_EDGE('',*,*,#1970,.T.);
#1970 = EDGE_CURVE('',#1948,#1948,#1971,.T.);
#1971 = SURFACE_CURVE('',#1972,(#1977,#1984),.PCURVE_S1.);
#1972 = CIRCLE('',#1973,5.);
#1973 = AXIS2_PLACEMENT_3D('',#1974,#1975,#1976);
#1974 = CARTESIAN_POINT('',(-99.82230508962,110.,3.56E+03));
#1975 = DIRECTION('',(1.626227170098E-02,0.,0.999867760516));
#1976 = DIRECTION('',(0.999867760516,0.,-1.626227170098E-02));
#1977 = PCURVE('',#1923,#1978);
#1978 = DEFINITIONAL_REPRESENTATION('',(#1979),#1983);
#1979 = LINE('',#1980,#1981);
#1980 = CARTESIAN_POINT('',(0.,0.));
#1981 = VECTOR('',#1982,1.);
#1982 = DIRECTION('',(1.,0.));
#1983 = ( GEOMETRIC_REPRESENTATION_CONTEXT(2) 
PARAMETRIC_REPRESENTATION_CONTEXT() REPRESENTATION_CONTEXT('2D SPACE',''
  ) );
#1984 = PCURVE('',#1985,#1990);
#1985 = PLANE('',#1986);
#1986 = AXIS2_PLACEMENT_3D('',#1987,#1988,#1989);
#1987 = CARTESIAN_POINT('',(-99.82230508962,110.,3.56E+03));
#1988 = DIRECTION('',(1.626227170098E-02,0.,0.999867760516));
#1989 = DIRECTION('',(0.999867760516,0.,-1.626227170098E-02));
#1990 = DEFINITIONAL_REPRESENTATION('',(#1991),#1995);
#1991 = CIRCLE('',#1992,5.);
#1992 = AXIS2_PLACEMENT_2D('',#1993,#1994);
#1993 = CARTESIAN_POINT('',(0.,0.));
#1994 = DIRECTION('',(1.,0.));
#1995 = ( GEOMETRIC_REPRESENTATION_CONTEXT(2) 
PARAMETRIC_REPRESENTATION_CONTEXT() REPRESENTATION_CONTEXT('2D SPACE',''
  ) );
#1996 = ORIENTED_EDGE('',*,*,#1947,.T.);
#1997 = ADVANCED_FACE('',(#1998),#1935,.T.);
#1998 = FACE_BOUND('',#1999,.T.);
#1999 = EDGE_LOOP('',(#2000));
#2000 = ORIENTED_EDGE('',*,*,#1913,.T.);
#2001 = ADVANCED_FACE('',(#2002),#1985,.F.);
#2002 = FACE_BOUND('',#2003,.T.);
#2003 = EDGE_LOOP('',(#2004));
#2004 = ORIENTED_EDGE('',*,*,#1970,.F.);
#2005 = MANIFOLD_SOLID_BREP('',#2006);
#2006 = CLOSED_SHELL('',(#2007,#2095,#2099));
#2007 = ADVANCED_FACE('',(#2008),#2021,.T.);
#2008 = FACE_BOUND('',#2009,.T.);
#2009 = EDGE_LOOP('',(#2010,#2044,#2067,#2094));
#2010 = ORIENTED_EDGE('',*,*,#2011,.F.);
#2011 = EDGE_CURVE('',#2012,#2012,#2014,.T.);
#2012 = VERTEX_POINT('',#2013);
#2013 = CARTESIAN_POINT('',(-199.4527230651,110.,3.640060304912E+03));
#2014 = SURFACE_CURVE('',#2015,(#2020,#2032),.PCURVE_S1.);
#2015 = CIRCLE('',#2016,5.);
#2016 = AXIS2_PLACEMENT_3D('',#2017,#2018,#2019);
#2017 = CARTESIAN_POINT('',(-204.3212769944,110.,3.638921365652E+03));
#2018 = DIRECTION('',(-0.227787851958,0.,0.97371078586));
#2019 = DIRECTION('',(0.97371078586,0.,0.227787851958));
#2020 = PCURVE('',#2021,#2026);
#2021 = CYLINDRICAL_SURFACE('',#2022,5.);
#2022 = AXIS2_PLACEMENT_3D('',#2023,#2024,#2025);
#2023 = CARTESIAN_POINT('',(-171.8223050896,110.,3.5E+03));
#2024 = DIRECTION('',(-0.227787851958,0.,0.97371078586));
#2025 = DIRECTION('',(0.97371078586,0.,0.227787851958));
#2026 = DEFINITIONAL_REPRESENTATION('',(#2027),#2031);
#2027 = LINE('',#2028,#2029);
#2028 = CARTESIAN_POINT('',(0.,142.67210312309));
#2029 = VECTOR('',#2030,1.);
#2030 = DIRECTION('',(1.,0.));
#2031 = ( GEOMETRIC_REPRESENTATION_CONTEXT(2) 
PARAMETRIC_REPRESENTATION_CONTEXT() REPRESENTATION_CONTEXT('2D SPACE',''
  ) );
#2032 = PCURVE('',#2033,#2038);
#2033 = PLANE('',#2034);
#2034 = AXIS2_PLACEMENT_3D('',#2035,#2036,#2037);
#2035 = CARTESIAN_POINT('',(-204.3212769944,110.,3.638921365652E+03));
#2036 = DIRECTION('',(-0.227787851958,0.,0.97371078586));
#2037 = DIRECTION('',(0.97371078586,0.,0.227787851958));
#2038 = DEFINITIONAL_REPRESENTATION('',(#2039),#2043);
#2039 = CIRCLE('',#2040,5.);
#2040 = AXIS2_PLACEMENT_2D('',#2041,#2042);
#2041 = CARTESIAN_POINT('',(0.,0.));
#2042 = DIRECTION('',(1.,0.));
#2043 = ( GEOMETRIC_REPRESENTATION_CONTEXT(2) 
PARAMETRIC_REPRESENTATION_CONTEXT() REPRESENTATION_CONTEXT('2D SPACE',''
  ) );
#2044 = ORIENTED_EDGE('',*,*,#2045,.F.);
#2045 = EDGE_CURVE('',#2046,#2012,#2048,.T.);
#2046 = VERTEX_POINT('',#2047);
#2047 = CARTESIAN_POINT('',(-166.9537511603,110.,3.50113893926E+03));
#2048 = SEAM_CURVE('',#2049,(#2053,#2060),.PCURVE_S1.);
#2049 = LINE('',#2050,#2051);
#2050 = CARTESIAN_POINT('',(-166.9537511603,110.,3.50113893926E+03));
#2051 = VECTOR('',#2052,1.);
#2052 = DIRECTION('',(-0.227787851958,-6.162975822039E-33,0.97371078586)
  );
#2053 = PCURVE('',#2021,#2054);
#2054 = DEFINITIONAL_REPRESENTATION('',(#2055),#2059);
#2055 = LINE('',#2056,#2057);
#2056 = CARTESIAN_POINT('',(6.28318530718,-0.));
#2057 = VECTOR('',#2058,1.);
#2058 = DIRECTION('',(0.,1.));
#2059 = ( GEOMETRIC_REPRESENTATION_CONTEXT(2) 
PARAMETRIC_REPRESENTATION_CONTEXT() REPRESENTATION_CONTEXT('2D SPACE',''
  ) );
#2060 = PCURVE('',#2021,#2061);
#2061 = DEFINITIONAL_REPRESENTATION('',(#2062),#2066);
#2062 = LINE('',#2063,#2064);
#2063 = CARTESIAN_POINT('',(0.,-0.));
#2064 = VECTOR('',#2065,1.);
#2065 = DIRECTION('',(0.,1.));
#2066 = ( GEOMETRIC_REPRESENTATION_CONTEXT(2) 
PARAMETRIC_REPRESENTATION_CONTEXT() REPRESENTATION_CONTEXT('2D SPACE',''
  ) );
#2067 = ORIENTED_EDGE('',*,*,#2068,.T.);
#2068 = EDGE_CURVE('',#2046,#2046,#2069,.T.);
#2069 = SURFACE_CURVE('',#2070,(#2075,#2082),.PCURVE_S1.);
#2070 = CIRCLE('',#2071,5.);
#2071 = AXIS2_PLACEMENT_3D('',#2072,#2073,#2074);
#2072 = CARTESIAN_POINT('',(-171.8223050896,110.,3.5E+03));
#2073 = DIRECTION('',(-0.227787851958,0.,0.97371078586));
#2074 = DIRECTION('',(0.97371078586,0.,0.227787851958));
#2075 = PCURVE('',#2021,#2076);
#2076 = DEFINITIONAL_REPRESENTATION('',(#2077),#2081);
#2077 = LINE('',#2078,#2079);
#2078 = CARTESIAN_POINT('',(0.,0.));
#2079 = VECTOR('',#2080,1.);
#2080 = DIRECTION('',(1.,0.));
#2081 = ( GEOMETRIC_REPRESENTATION_CONTEXT(2) 
PARAMETRIC_REPRESENTATION_CONTEXT() REPRESENTATION_CONTEXT('2D SPACE',''
  ) );
#2082 = PCURVE('',#2083,#2088);
#2083 = PLANE('',#2084);
#2084 = AXIS2_PLACEMENT_3D('',#2085,#2086,#2087);
#2085 = CARTESIAN_POINT('',(-171.8223050896,110.,3.5E+03));
#2086 = DIRECTION('',(-0.227787851958,0.,0.97371078586));
#2087 = DIRECTION('',(0.97371078586,0.,0.227787851958));
#2088 = DEFINITIONAL_REPRESENTATION('',(#2089),#2093);
#2089 = CIRCLE('',#2090,5.);
#2090 = AXIS2_PLACEMENT_2D('',#2091,#2092);
#2091 = CARTESIAN_POINT('',(0.,0.));
#2092 = DIRECTION('',(1.,0.));
#2093 = ( GEOMETRIC_REPRESENTATION_CONTEXT(2) 
PARAMETRIC_REPRESENTATION_CONTEXT() REPRESENTATION_CONTEXT('2D SPACE',''
  ) );
#2094 = ORIENTED_EDGE('',*,*,#2045,.T.);
#2095 = ADVANCED_FACE('',(#2096),#2033,.T.);
#2096 = FACE_BOUND('',#2097,.T.);
#2097 = EDGE_LOOP('',(#2098));
#2098 = ORIENTED_EDGE('',*,*,#2011,.T.);
#2099 = ADVANCED_FACE('',(#2100),#2083,.F.);
#2100 = FACE_BOUND('',#2101,.T.);
#2101 = EDGE_LOOP('',(#2102));
#2102 = ORIENTED_EDGE('',*,*,#2068,.F.);
#2103 = MANIFOLD_SOLID_BREP('',#2104);
#2104 = CLOSED_SHELL('',(#2105,#2225,#2325,#2372,#2419,#2426));
#2105 = ADVANCED_FACE('',(#2106),#2120,.F.);
#2106 = FACE_BOUND('',#2107,.F.);
#2107 = EDGE_LOOP('',(#2108,#2143,#2171,#2199));
#2108 = ORIENTED_EDGE('',*,*,#2109,.F.);
#2109 = EDGE_CURVE('',#2110,#2112,#2114,.T.);
#2110 = VERTEX_POINT('',#2111);
#2111 = CARTESIAN_POINT('',(-93.82230508962,-90.,3.26E+03));
#2112 = VERTEX_POINT('',#2113);
#2113 = CARTESIAN_POINT('',(-93.82230508962,-90.,3.58E+03));
#2114 = SURFACE_CURVE('',#2115,(#2119,#2131),.PCURVE_S1.);
#2115 = LINE('',#2116,#2117);
#2116 = CARTESIAN_POINT('',(-93.82230508962,-90.,3.26E+03));
#2117 = VECTOR('',#2118,1.);
#2118 = DIRECTION('',(0.,0.,1.));
#2119 = PCURVE('',#2120,#2125);
#2120 = PLANE('',#2121);
#2121 = AXIS2_PLACEMENT_3D('',#2122,#2123,#2124);
#2122 = CARTESIAN_POINT('',(-93.82230508962,-90.,3.26E+03));
#2123 = DIRECTION('',(1.,0.,-0.));
#2124 = DIRECTION('',(0.,0.,1.));
#2125 = DEFINITIONAL_REPRESENTATION('',(#2126),#2130);
#2126 = LINE('',#2127,#2128);
#2127 = CARTESIAN_POINT('',(0.,0.));
#2128 = VECTOR('',#2129,1.);
#2129 = DIRECTION('',(1.,0.));
#2130 = ( GEOMETRIC_REPRESENTATION_CONTEXT(2) 
PARAMETRIC_REPRESENTATION_CONTEXT() REPRESENTATION_CONTEXT('2D SPACE',''
  ) );
#2131 = PCURVE('',#2132,#2137);
#2132 = PLANE('',#2133);
#2133 = AXIS2_PLACEMENT_3D('',#2134,#2135,#2136);
#2134 = CARTESIAN_POINT('',(-93.82230508962,-90.,3.26E+03));
#2135 = DIRECTION('',(-0.,1.,0.));
#2136 = DIRECTION('',(0.,0.,1.));
#2137 = DEFINITIONAL_REPRESENTATION('',(#2138),#2142);
#2138 = LINE('',#2139,#2140);
#2139 = CARTESIAN_POINT('',(0.,0.));
#2140 = VECTOR('',#2141,1.);
#2141 = DIRECTION('',(1.,0.));
#2142 = ( GEOMETRIC_REPRESENTATION_CONTEXT(2) 
PARAMETRIC_REPRESENTATION_CONTEXT() REPRESENTATION_CONTEXT('2D SPACE',''
  ) );
#2143 = ORIENTED_EDGE('',*,*,#2144,.T.);
#2144 = EDGE_CURVE('',#2110,#2145,#2147,.T.);
#2145 = VERTEX_POINT('',#2146);
#2146 = CARTESIAN_POINT('',(-93.82230508962,90.,3.26E+03));
#2147 = SURFACE_CURVE('',#2148,(#2152,#2159),.PCURVE_S1.);
#2148 = LINE('',#2149,#2150);
#2149 = CARTESIAN_POINT('',(-93.82230508962,-90.,3.26E+03));
#2150 = VECTOR('',#2151,1.);
#2151 = DIRECTION('',(-0.,1.,0.));
#2152 = PCURVE('',#2120,#2153);
#2153 = DEFINITIONAL_REPRESENTATION('',(#2154),#2158);
#2154 = LINE('',#2155,#2156);
#2155 = CARTESIAN_POINT('',(0.,0.));
#2156 = VECTOR('',#2157,1.);
#2157 = DIRECTION('',(0.,-1.));
#2158 = ( GEOMETRIC_REPRESENTATION_CONTEXT(2) 
PARAMETRIC_REPRESENTATION_CONTEXT() REPRESENTATION_CONTEXT('2D SPACE',''
  ) );
#2159 = PCURVE('',#2160,#2165);
#2160 = PLANE('',#2161);
#2161 = AXIS2_PLACEMENT_3D('',#2162,#2163,#2164);
#2162 = CARTESIAN_POINT('',(-93.82230508962,-90.,3.26E+03));
#2163 = DIRECTION('',(0.,0.,1.));
#2164 = DIRECTION('',(1.,0.,-0.));
#2165 = DEFINITIONAL_REPRESENTATION('',(#2166),#2170);
#2166 = LINE('',#2167,#2168);
#2167 = CARTESIAN_POINT('',(0.,0.));
#2168 = VECTOR('',#2169,1.);
#2169 = DIRECTION('',(0.,1.));
#2170 = ( GEOMETRIC_REPRESENTATION_CONTEXT(2) 
PARAMETRIC_REPRESENTATION_CONTEXT() REPRESENTATION_CONTEXT('2D SPACE',''
  ) );
#2171 = ORIENTED_EDGE('',*,*,#2172,.T.);
#2172 = EDGE_CURVE('',#2145,#2173,#2175,.T.);
#2173 = VERTEX_POINT('',#2174);
#2174 = CARTESIAN_POINT('',(-93.82230508962,90.,3.58E+03));
#2175 = SURFACE_CURVE('',#2176,(#2180,#2187),.PCURVE_S1.);
#2176 = LINE('',#2177,#2178);
#2177 = CARTESIAN_POINT('',(-93.82230508962,90.,3.26E+03));
#2178 = VECTOR('',#2179,1.);
#2179 = DIRECTION('',(0.,0.,1.));
#2180 = PCURVE('',#2120,#2181);
#2181 = DEFINITIONAL_REPRESENTATION('',(#2182),#2186);
#2182 = LINE('',#2183,#2184);
#2183 = CARTESIAN_POINT('',(0.,-180.));
#2184 = VECTOR('',#2185,1.);
#2185 = DIRECTION('',(1.,0.));
#2186 = ( GEOMETRIC_REPRESENTATION_CONTEXT(2) 
PARAMETRIC_REPRESENTATION_CONTEXT() REPRESENTATION_CONTEXT('2D SPACE',''
  ) );
#2187 = PCURVE('',#2188,#2193);
#2188 = PLANE('',#2189);
#2189 = AXIS2_PLACEMENT_3D('',#2190,#2191,#2192);
#2190 = CARTESIAN_POINT('',(-93.82230508962,90.,3.26E+03));
#2191 = DIRECTION('',(-0.,1.,0.));
#2192 = DIRECTION('',(0.,0.,1.));
#2193 = DEFINITIONAL_REPRESENTATION('',(#2194),#2198);
#2194 = LINE('',#2195,#2196);
#2195 = CARTESIAN_POINT('',(0.,0.));
#2196 = VECTOR('',#2197,1.);
#2197 = DIRECTION('',(1.,0.));
#2198 = ( GEOMETRIC_REPRESENTATION_CONTEXT(2) 
PARAMETRIC_REPRESENTATION_CONTEXT() REPRESENTATION_CONTEXT('2D SPACE',''
  ) );
#2199 = ORIENTED_EDGE('',*,*,#2200,.F.);
#2200 = EDGE_CURVE('',#2112,#2173,#2201,.T.);
#2201 = SURFACE_CURVE('',#2202,(#2206,#2213),.PCURVE_S1.);
#2202 = LINE('',#2203,#2204);
#2203 = CARTESIAN_POINT('',(-93.82230508962,-90.,3.58E+03));
#2204 = VECTOR('',#2205,1.);
#2205 = DIRECTION('',(-0.,1.,0.));
#2206 = PCURVE('',#2120,#2207);
#2207 = DEFINITIONAL_REPRESENTATION('',(#2208),#2212);
#2208 = LINE('',#2209,#2210);
#2209 = CARTESIAN_POINT('',(320.,0.));
#2210 = VECTOR('',#2211,1.);
#2211 = DIRECTION('',(0.,-1.));
#2212 = ( GEOMETRIC_REPRESENTATION_CONTEXT(2) 
PARAMETRIC_REPRESENTATION_CONTEXT() REPRESENTATION_CONTEXT('2D SPACE',''
  ) );
#2213 = PCURVE('',#2214,#2219);
#2214 = PLANE('',#2215);
#2215 = AXIS2_PLACEMENT_3D('',#2216,#2217,#2218);
#2216 = CARTESIAN_POINT('',(-93.82230508962,-90.,3.58E+03));
#2217 = DIRECTION('',(0.,0.,1.));
#2218 = DIRECTION('',(1.,0.,-0.));
#2219 = DEFINITIONAL_REPRESENTATION('',(#2220),#2224);
#2220 = LINE('',#2221,#2222);
#2221 = CARTESIAN_POINT('',(0.,0.));
#2222 = VECTOR('',#2223,1.);
#2223 = DIRECTION('',(0.,1.));
#2224 = ( GEOMETRIC_REPRESENTATION_CONTEXT(2) 
PARAMETRIC_REPRESENTATION_CONTEXT() REPRESENTATION_CONTEXT('2D SPACE',''
  ) );
#2225 = ADVANCED_FACE('',(#2226),#2240,.T.);
#2226 = FACE_BOUND('',#2227,.T.);
#2227 = EDGE_LOOP('',(#2228,#2258,#2281,#2304));
#2228 = ORIENTED_EDGE('',*,*,#2229,.F.);
#2229 = EDGE_CURVE('',#2230,#2232,#2234,.T.);
#2230 = VERTEX_POINT('',#2231);
#2231 = CARTESIAN_POINT('',(-90.82230508962,-90.,3.26E+03));
#2232 = VERTEX_POINT('',#2233);
#2233 = CARTESIAN_POINT('',(-90.82230508962,-90.,3.58E+03));
#2234 = SURFACE_CURVE('',#2235,(#2239,#2251),.PCURVE_S1.);
#2235 = LINE('',#2236,#2237);
#2236 = CARTESIAN_POINT('',(-90.82230508962,-90.,3.26E+03));
#2237 = VECTOR('',#2238,1.);
#2238 = DIRECTION('',(0.,0.,1.));
#2239 = PCURVE('',#2240,#2245);
#2240 = PLANE('',#2241);
#2241 = AXIS2_PLACEMENT_3D('',#2242,#2243,#2244);
#2242 = CARTESIAN_POINT('',(-90.82230508962,-90.,3.26E+03));
#2243 = DIRECTION('',(1.,0.,-0.));
#2244 = DIRECTION('',(0.,0.,1.));
#2245 = DEFINITIONAL_REPRESENTATION('',(#2246),#2250);
#2246 = LINE('',#2247,#2248);
#2247 = CARTESIAN_POINT('',(0.,0.));
#2248 = VECTOR('',#2249,1.);
#2249 = DIRECTION('',(1.,0.));
#2250 = ( GEOMETRIC_REPRESENTATION_CONTEXT(2) 
PARAMETRIC_REPRESENTATION_CONTEXT() REPRESENTATION_CONTEXT('2D SPACE',''
  ) );
#2251 = PCURVE('',#2132,#2252);
#2252 = DEFINITIONAL_REPRESENTATION('',(#2253),#2257);
#2253 = LINE('',#2254,#2255);
#2254 = CARTESIAN_POINT('',(0.,3.));
#2255 = VECTOR('',#2256,1.);
#2256 = DIRECTION('',(1.,0.));
#2257 = ( GEOMETRIC_REPRESENTATION_CONTEXT(2) 
PARAMETRIC_REPRESENTATION_CONTEXT() REPRESENTATION_CONTEXT('2D SPACE',''
  ) );
#2258 = ORIENTED_EDGE('',*,*,#2259,.T.);
#2259 = EDGE_CURVE('',#2230,#2260,#2262,.T.);
#2260 = VERTEX_POINT('',#2261);
#2261 = CARTESIAN_POINT('',(-90.82230508962,90.,3.26E+03));
#2262 = SURFACE_CURVE('',#2263,(#2267,#2274),.PCURVE_S1.);
#2263 = LINE('',#2264,#2265);
#2264 = CARTESIAN_POINT('',(-90.82230508962,-90.,3.26E+03));
#2265 = VECTOR('',#2266,1.);
#2266 = DIRECTION('',(-0.,1.,0.));
#2267 = PCURVE('',#2240,#2268);
#2268 = DEFINITIONAL_REPRESENTATION('',(#2269),#2273);
#2269 = LINE('',#2270,#2271);
#2270 = CARTESIAN_POINT('',(0.,0.));
#2271 = VECTOR('',#2272,1.);
#2272 = DIRECTION('',(0.,-1.));
#2273 = ( GEOMETRIC_REPRESENTATION_CONTEXT(2) 
PARAMETRIC_REPRESENTATION_CONTEXT() REPRESENTATION_CONTEXT('2D SPACE',''
  ) );
#2274 = PCURVE('',#2160,#2275);
#2275 = DEFINITIONAL_REPRESENTATION('',(#2276),#2280);
#2276 = LINE('',#2277,#2278);
#2277 = CARTESIAN_POINT('',(3.,0.));
#2278 = VECTOR('',#2279,1.);
#2279 = DIRECTION('',(0.,1.));
#2280 = ( GEOMETRIC_REPRESENTATION_CONTEXT(2) 
PARAMETRIC_REPRESENTATION_CONTEXT() REPRESENTATION_CONTEXT('2D SPACE',''
  ) );
#2281 = ORIENTED_EDGE('',*,*,#2282,.T.);
#2282 = EDGE_CURVE('',#2260,#2283,#2285,.T.);
#2283 = VERTEX_POINT('',#2284);
#2284 = CARTESIAN_POINT('',(-90.82230508962,90.,3.58E+03));
#2285 = SURFACE_CURVE('',#2286,(#2290,#2297),.PCURVE_S1.);
#2286 = LINE('',#2287,#2288);
#2287 = CARTESIAN_POINT('',(-90.82230508962,90.,3.26E+03));
#2288 = VECTOR('',#2289,1.);
#2289 = DIRECTION('',(0.,0.,1.));
#2290 = PCURVE('',#2240,#2291);
#2291 = DEFINITIONAL_REPRESENTATION('',(#2292),#2296);
#2292 = LINE('',#2293,#2294);
#2293 = CARTESIAN_POINT('',(0.,-180.));
#2294 = VECTOR('',#2295,1.);
#2295 = DIRECTION('',(1.,0.));
#2296 = ( GEOMETRIC_REPRESENTATION_CONTEXT(2) 
PARAMETRIC_REPRESENTATION_CONTEXT() REPRESENTATION_CONTEXT('2D SPACE',''
  ) );
#2297 = PCURVE('',#2188,#2298);
#2298 = DEFINITIONAL_REPRESENTATION('',(#2299),#2303);
#2299 = LINE('',#2300,#2301);
#2300 = CARTESIAN_POINT('',(0.,3.));
#2301 = VECTOR('',#2302,1.);
#2302 = DIRECTION('',(1.,0.));
#2303 = ( GEOMETRIC_REPRESENTATION_CONTEXT(2) 
PARAMETRIC_REPRESENTATION_CONTEXT() REPRESENTATION_CONTEXT('2D SPACE',''
  ) );
#2304 = ORIENTED_EDGE('',*,*,#2305,.F.);
#2305 = EDGE_CURVE('',#2232,#2283,#2306,.T.);
#2306 = SURFACE_CURVE('',#2307,(#2311,#2318),.PCURVE_S1.);
#2307 = LINE('',#2308,#2309);
#2308 = CARTESIAN_POINT('',(-90.82230508962,-90.,3.58E+03));
#2309 = VECTOR('',#2310,1.);
#2310 = DIRECTION('',(-0.,1.,0.));
#2311 = PCURVE('',#2240,#2312);
#2312 = DEFINITIONAL_REPRESENTATION('',(#2313),#2317);
#2313 = LINE('',#2314,#2315);
#2314 = CARTESIAN_POINT('',(320.,0.));
#2315 = VECTOR('',#2316,1.);
#2316 = DIRECTION('',(0.,-1.));
#2317 = ( GEOMETRIC_REPRESENTATION_CONTEXT(2) 
PARAMETRIC_REPRESENTATION_CONTEXT() REPRESENTATION_CONTEXT('2D SPACE',''
  ) );
#2318 = PCURVE('',#2214,#2319);
#2319 = DEFINITIONAL_REPRESENTATION('',(#2320),#2324);
#2320 = LINE('',#2321,#2322);
#2321 = CARTESIAN_POINT('',(3.,0.));
#2322 = VECTOR('',#2323,1.);
#2323 = DIRECTION('',(0.,1.));
#2324 = ( GEOMETRIC_REPRESENTATION_CONTEXT(2) 
PARAMETRIC_REPRESENTATION_CONTEXT() REPRESENTATION_CONTEXT('2D SPACE',''
  ) );
#2325 = ADVANCED_FACE('',(#2326),#2132,.F.);
#2326 = FACE_BOUND('',#2327,.F.);
#2327 = EDGE_LOOP('',(#2328,#2349,#2350,#2371));
#2328 = ORIENTED_EDGE('',*,*,#2329,.F.);
#2329 = EDGE_CURVE('',#2110,#2230,#2330,.T.);
#2330 = SURFACE_CURVE('',#2331,(#2335,#2342),.PCURVE_S1.);
#2331 = LINE('',#2332,#2333);
#2332 = CARTESIAN_POINT('',(-93.82230508962,-90.,3.26E+03));
#2333 = VECTOR('',#2334,1.);
#2334 = DIRECTION('',(1.,0.,-0.));
#2335 = PCURVE('',#2132,#2336);
#2336 = DEFINITIONAL_REPRESENTATION('',(#2337),#2341);
#2337 = LINE('',#2338,#2339);
#2338 = CARTESIAN_POINT('',(0.,0.));
#2339 = VECTOR('',#2340,1.);
#2340 = DIRECTION('',(0.,1.));
#2341 = ( GEOMETRIC_REPRESENTATION_CONTEXT(2) 
PARAMETRIC_REPRESENTATION_CONTEXT() REPRESENTATION_CONTEXT('2D SPACE',''
  ) );
#2342 = PCURVE('',#2160,#2343);
#2343 = DEFINITIONAL_REPRESENTATION('',(#2344),#2348);
#2344 = LINE('',#2345,#2346);
#2345 = CARTESIAN_POINT('',(0.,0.));
#2346 = VECTOR('',#2347,1.);
#2347 = DIRECTION('',(1.,0.));
#2348 = ( GEOMETRIC_REPRESENTATION_CONTEXT(2) 
PARAMETRIC_REPRESENTATION_CONTEXT() REPRESENTATION_CONTEXT('2D SPACE',''
  ) );
#2349 = ORIENTED_EDGE('',*,*,#2109,.T.);
#2350 = ORIENTED_EDGE('',*,*,#2351,.T.);
#2351 = EDGE_CURVE('',#2112,#2232,#2352,.T.);
#2352 = SURFACE_CURVE('',#2353,(#2357,#2364),.PCURVE_S1.);
#2353 = LINE('',#2354,#2355);
#2354 = CARTESIAN_POINT('',(-93.82230508962,-90.,3.58E+03));
#2355 = VECTOR('',#2356,1.);
#2356 = DIRECTION('',(1.,0.,-0.));
#2357 = PCURVE('',#2132,#2358);
#2358 = DEFINITIONAL_REPRESENTATION('',(#2359),#2363);
#2359 = LINE('',#2360,#2361);
#2360 = CARTESIAN_POINT('',(320.,0.));
#2361 = VECTOR('',#2362,1.);
#2362 = DIRECTION('',(0.,1.));
#2363 = ( GEOMETRIC_REPRESENTATION_CONTEXT(2) 
PARAMETRIC_REPRESENTATION_CONTEXT() REPRESENTATION_CONTEXT('2D SPACE',''
  ) );
#2364 = PCURVE('',#2214,#2365);
#2365 = DEFINITIONAL_REPRESENTATION('',(#2366),#2370);
#2366 = LINE('',#2367,#2368);
#2367 = CARTESIAN_POINT('',(0.,0.));
#2368 = VECTOR('',#2369,1.);
#2369 = DIRECTION('',(1.,0.));
#2370 = ( GEOMETRIC_REPRESENTATION_CONTEXT(2) 
PARAMETRIC_REPRESENTATION_CONTEXT() REPRESENTATION_CONTEXT('2D SPACE',''
  ) );
#2371 = ORIENTED_EDGE('',*,*,#2229,.F.);
#2372 = ADVANCED_FACE('',(#2373),#2188,.T.);
#2373 = FACE_BOUND('',#2374,.T.);
#2374 = EDGE_LOOP('',(#2375,#2396,#2397,#2418));
#2375 = ORIENTED_EDGE('',*,*,#2376,.F.);
#2376 = EDGE_CURVE('',#2145,#2260,#2377,.T.);
#2377 = SURFACE_CURVE('',#2378,(#2382,#2389),.PCURVE_S1.);
#2378 = LINE('',#2379,#2380);
#2379 = CARTESIAN_POINT('',(-93.82230508962,90.,3.26E+03));
#2380 = VECTOR('',#2381,1.);
#2381 = DIRECTION('',(1.,0.,-0.));
#2382 = PCURVE('',#2188,#2383);
#2383 = DEFINITIONAL_REPRESENTATION('',(#2384),#2388);
#2384 = LINE('',#2385,#2386);
#2385 = CARTESIAN_POINT('',(0.,0.));
#2386 = VECTOR('',#2387,1.);
#2387 = DIRECTION('',(0.,1.));
#2388 = ( GEOMETRIC_REPRESENTATION_CONTEXT(2) 
PARAMETRIC_REPRESENTATION_CONTEXT() REPRESENTATION_CONTEXT('2D SPACE',''
  ) );
#2389 = PCURVE('',#2160,#2390);
#2390 = DEFINITIONAL_REPRESENTATION('',(#2391),#2395);
#2391 = LINE('',#2392,#2393);
#2392 = CARTESIAN_POINT('',(0.,180.));
#2393 = VECTOR('',#2394,1.);
#2394 = DIRECTION('',(1.,0.));
#2395 = ( GEOMETRIC_REPRESENTATION_CONTEXT(2) 
PARAMETRIC_REPRESENTATION_CONTEXT() REPRESENTATION_CONTEXT('2D SPACE',''
  ) );
#2396 = ORIENTED_EDGE('',*,*,#2172,.T.);
#2397 = ORIENTED_EDGE('',*,*,#2398,.T.);
#2398 = EDGE_CURVE('',#2173,#2283,#2399,.T.);
#2399 = SURFACE_CURVE('',#2400,(#2404,#2411),.PCURVE_S1.);
#2400 = LINE('',#2401,#2402);
#2401 = CARTESIAN_POINT('',(-93.82230508962,90.,3.58E+03));
#2402 = VECTOR('',#2403,1.);
#2403 = DIRECTION('',(1.,0.,-0.));
#2404 = PCURVE('',#2188,#2405);
#2405 = DEFINITIONAL_REPRESENTATION('',(#2406),#2410);
#2406 = LINE('',#2407,#2408);
#2407 = CARTESIAN_POINT('',(320.,0.));
#2408 = VECTOR('',#2409,1.);
#2409 = DIRECTION('',(0.,1.));
#2410 = ( GEOMETRIC_REPRESENTATION_CONTEXT(2) 
PARAMETRIC_REPRESENTATION_CONTEXT() REPRESENTATION_CONTEXT('2D SPACE',''
  ) );
#2411 = PCURVE('',#2214,#2412);
#2412 = DEFINITIONAL_REPRESENTATION('',(#2413),#2417);
#2413 = LINE('',#2414,#2415);
#2414 = CARTESIAN_POINT('',(0.,180.));
#2415 = VECTOR('',#2416,1.);
#2416 = DIRECTION('',(1.,0.));
#2417 = ( GEOMETRIC_REPRESENTATION_CONTEXT(2) 
PARAMETRIC_REPRESENTATION_CONTEXT() REPRESENTATION_CONTEXT('2D SPACE',''
  ) );
#2418 = ORIENTED_EDGE('',*,*,#2282,.F.);
#2419 = ADVANCED_FACE('',(#2420),#2160,.F.);
#2420 = FACE_BOUND('',#2421,.F.);
#2421 = EDGE_LOOP('',(#2422,#2423,#2424,#2425));
#2422 = ORIENTED_EDGE('',*,*,#2144,.F.);
#2423 = ORIENTED_EDGE('',*,*,#2329,.T.);
#2424 = ORIENTED_EDGE('',*,*,#2259,.T.);
#2425 = ORIENTED_EDGE('',*,*,#2376,.F.);
#2426 = ADVANCED_FACE('',(#2427),#2214,.T.);
#2427 = FACE_BOUND('',#2428,.T.);
#2428 = EDGE_LOOP('',(#2429,#2430,#2431,#2432));
#2429 = ORIENTED_EDGE('',*,*,#2200,.F.);
#2430 = ORIENTED_EDGE('',*,*,#2351,.T.);
#2431 = ORIENTED_EDGE('',*,*,#2305,.T.);
#2432 = ORIENTED_EDGE('',*,*,#2398,.F.);
#2433 = BREP_WITH_VOIDS('',#2434,(#3913));
#2434 = CLOSED_SHELL('',(#2435,#2661,#2737,#2786,#2835,#2862,#2938,#2987
    ,#3036,#3063,#3101,#3108,#3735,#3821,#3856,#3886));
#2435 = ADVANCED_FACE('',(#2436,#2555),#2450,.F.);
#2436 = FACE_BOUND('',#2437,.F.);
#2437 = EDGE_LOOP('',(#2438,#2473,#2501,#2529));
#2438 = ORIENTED_EDGE('',*,*,#2439,.F.);
#2439 = EDGE_CURVE('',#2440,#2442,#2444,.T.);
#2440 = VERTEX_POINT('',#2441);
#2441 = CARTESIAN_POINT('',(57.15,-30.,3.835E+03));
#2442 = VERTEX_POINT('',#2443);
#2443 = CARTESIAN_POINT('',(57.15,-30.,3.925E+03));
#2444 = SURFACE_CURVE('',#2445,(#2449,#2461),.PCURVE_S1.);
#2445 = LINE('',#2446,#2447);
#2446 = CARTESIAN_POINT('',(57.15,-30.,3.835E+03));
#2447 = VECTOR('',#2448,1.);
#2448 = DIRECTION('',(0.,0.,1.));
#2449 = PCURVE('',#2450,#2455);
#2450 = PLANE('',#2451);
#2451 = AXIS2_PLACEMENT_3D('',#2452,#2453,#2454);
#2452 = CARTESIAN_POINT('',(57.15,-30.,3.835E+03));
#2453 = DIRECTION('',(1.,0.,-0.));
#2454 = DIRECTION('',(0.,0.,1.));
#2455 = DEFINITIONAL_REPRESENTATION('',(#2456),#2460);
#2456 = LINE('',#2457,#2458);
#2457 = CARTESIAN_POINT('',(0.,0.));
#2458 = VECTOR('',#2459,1.);
#2459 = DIRECTION('',(1.,0.));
#2460 = ( GEOMETRIC_REPRESENTATION_CONTEXT(2) 
PARAMETRIC_REPRESENTATION_CONTEXT() REPRESENTATION_CONTEXT('2D SPACE',''
  ) );
#2461 = PCURVE('',#2462,#2467);
#2462 = PLANE('',#2463);
#2463 = AXIS2_PLACEMENT_3D('',#2464,#2465,#2466);
#2464 = CARTESIAN_POINT('',(57.15,-30.,3.835E+03));
#2465 = DIRECTION('',(-0.,1.,0.));
#2466 = DIRECTION('',(0.,0.,1.));
#2467 = DEFINITIONAL_REPRESENTATION('',(#2468),#2472);
#2468 = LINE('',#2469,#2470);
#2469 = CARTESIAN_POINT('',(0.,0.));
#2470 = VECTOR('',#2471,1.);
#2471 = DIRECTION('',(1.,0.));
#2472 = ( GEOMETRIC_REPRESENTATION_CONTEXT(2) 
PARAMETRIC_REPRESENTATION_CONTEXT() REPRESENTATION_CONTEXT('2D SPACE',''
  ) );
#2473 = ORIENTED_EDGE('',*,*,#2474,.T.);
#2474 = EDGE_CURVE('',#2440,#2475,#2477,.T.);
#2475 = VERTEX_POINT('',#2476);
#2476 = CARTESIAN_POINT('',(57.15,30.,3.835E+03));
#2477 = SURFACE_CURVE('',#2478,(#2482,#2489),.PCURVE_S1.);
#2478 = LINE('',#2479,#2480);
#2479 = CARTESIAN_POINT('',(57.15,-30.,3.835E+03));
#2480 = VECTOR('',#2481,1.);
#2481 = DIRECTION('',(-0.,1.,0.));
#2482 = PCURVE('',#2450,#2483);
#2483 = DEFINITIONAL_REPRESENTATION('',(#2484),#2488);
#2484 = LINE('',#2485,#2486);
#2485 = CARTESIAN_POINT('',(0.,0.));
#2486 = VECTOR('',#2487,1.);
#2487 = DIRECTION('',(0.,-1.));
#2488 = ( GEOMETRIC_REPRESENTATION_CONTEXT(2) 
PARAMETRIC_REPRESENTATION_CONTEXT() REPRESENTATION_CONTEXT('2D SPACE',''
  ) );
#2489 = PCURVE('',#2490,#2495);
#2490 = PLANE('',#2491);
#2491 = AXIS2_PLACEMENT_3D('',#2492,#2493,#2494);
#2492 = CARTESIAN_POINT('',(57.15,-30.,3.835E+03));
#2493 = DIRECTION('',(0.,0.,1.));
#2494 = DIRECTION('',(1.,0.,-0.));
#2495 = DEFINITIONAL_REPRESENTATION('',(#2496),#2500);
#2496 = LINE('',#2497,#2498);
#2497 = CARTESIAN_POINT('',(0.,0.));
#2498 = VECTOR('',#2499,1.);
#2499 = DIRECTION('',(0.,1.));
#2500 = ( GEOMETRIC_REPRESENTATION_CONTEXT(2) 
PARAMETRIC_REPRESENTATION_CONTEXT() REPRESENTATION_CONTEXT('2D SPACE',''
  ) );
#2501 = ORIENTED_EDGE('',*,*,#2502,.T.);
#2502 = EDGE_CURVE('',#2475,#2503,#2505,.T.);
#2503 = VERTEX_POINT('',#2504);
#2504 = CARTESIAN_POINT('',(57.15,30.,3.925E+03));
#2505 = SURFACE_CURVE('',#2506,(#2510,#2517),.PCURVE_S1.);
#2506 = LINE('',#2507,#2508);
#2507 = CARTESIAN_POINT('',(57.15,30.,3.835E+03));
#2508 = VECTOR('',#2509,1.);
#2509 = DIRECTION('',(0.,0.,1.));
#2510 = PCURVE('',#2450,#2511);
#2511 = DEFINITIONAL_REPRESENTATION('',(#2512),#2516);
#2512 = LINE('',#2513,#2514);
#2513 = CARTESIAN_POINT('',(0.,-60.));
#2514 = VECTOR('',#2515,1.);
#2515 = DIRECTION('',(1.,0.));
#2516 = ( GEOMETRIC_REPRESENTATION_CONTEXT(2) 
PARAMETRIC_REPRESENTATION_CONTEXT() REPRESENTATION_CONTEXT('2D SPACE',''
  ) );
#2517 = PCURVE('',#2518,#2523);
#2518 = PLANE('',#2519);
#2519 = AXIS2_PLACEMENT_3D('',#2520,#2521,#2522);
#2520 = CARTESIAN_POINT('',(57.15,30.,3.835E+03));
#2521 = DIRECTION('',(-0.,1.,0.));
#2522 = DIRECTION('',(0.,0.,1.));
#2523 = DEFINITIONAL_REPRESENTATION('',(#2524),#2528);
#2524 = LINE('',#2525,#2526);
#2525 = CARTESIAN_POINT('',(0.,0.));
#2526 = VECTOR('',#2527,1.);
#2527 = DIRECTION('',(1.,0.));
#2528 = ( GEOMETRIC_REPRESENTATION_CONTEXT(2) 
PARAMETRIC_REPRESENTATION_CONTEXT() REPRESENTATION_CONTEXT('2D SPACE',''
  ) );
#2529 = ORIENTED_EDGE('',*,*,#2530,.F.);
#2530 = EDGE_CURVE('',#2442,#2503,#2531,.T.);
#2531 = SURFACE_CURVE('',#2532,(#2536,#2543),.PCURVE_S1.);
#2532 = LINE('',#2533,#2534);
#2533 = CARTESIAN_POINT('',(57.15,-30.,3.925E+03));
#2534 = VECTOR('',#2535,1.);
#2535 = DIRECTION('',(-0.,1.,0.));
#2536 = PCURVE('',#2450,#2537);
#2537 = DEFINITIONAL_REPRESENTATION('',(#2538),#2542);
#2538 = LINE('',#2539,#2540);
#2539 = CARTESIAN_POINT('',(90.,0.));
#2540 = VECTOR('',#2541,1.);
#2541 = DIRECTION('',(0.,-1.));
#2542 = ( GEOMETRIC_REPRESENTATION_CONTEXT(2) 
PARAMETRIC_REPRESENTATION_CONTEXT() REPRESENTATION_CONTEXT('2D SPACE',''
  ) );
#2543 = PCURVE('',#2544,#2549);
#2544 = PLANE('',#2545);
#2545 = AXIS2_PLACEMENT_3D('',#2546,#2547,#2548);
#2546 = CARTESIAN_POINT('',(57.15,-30.,3.925E+03));
#2547 = DIRECTION('',(0.,0.,1.));
#2548 = DIRECTION('',(1.,0.,-0.));
#2549 = DEFINITIONAL_REPRESENTATION('',(#2550),#2554);
#2550 = LINE('',#2551,#2552);
#2551 = CARTESIAN_POINT('',(0.,0.));
#2552 = VECTOR('',#2553,1.);
#2553 = DIRECTION('',(0.,1.));
#2554 = ( GEOMETRIC_REPRESENTATION_CONTEXT(2) 
PARAMETRIC_REPRESENTATION_CONTEXT() REPRESENTATION_CONTEXT('2D SPACE',''
  ) );
#2555 = FACE_BOUND('',#2556,.F.);
#2556 = EDGE_LOOP('',(#2557,#2585,#2611,#2637));
#2557 = ORIENTED_EDGE('',*,*,#2558,.T.);
#2558 = EDGE_CURVE('',#2559,#2561,#2563,.T.);
#2559 = VERTEX_POINT('',#2560);
#2560 = CARTESIAN_POINT('',(57.15,24.,3.841E+03));
#2561 = VERTEX_POINT('',#2562);
#2562 = CARTESIAN_POINT('',(57.15,-24.,3.841E+03));
#2563 = SURFACE_CURVE('',#2564,(#2568,#2574),.PCURVE_S1.);
#2564 = LINE('',#2565,#2566);
#2565 = CARTESIAN_POINT('',(57.15,-27.,3.841E+03));
#2566 = VECTOR('',#2567,1.);
#2567 = DIRECTION('',(0.,-1.,0.));
#2568 = PCURVE('',#2450,#2569);
#2569 = DEFINITIONAL_REPRESENTATION('',(#2570),#2573);
#2570 = B_SPLINE_CURVE_WITH_KNOTS('',1,(#2571,#2572),.UNSPECIFIED.,.F.,
  .F.,(2,2),(-51.,-3.),.PIECEWISE_BEZIER_KNOTS.);
#2571 = CARTESIAN_POINT('',(6.,-54.));
#2572 = CARTESIAN_POINT('',(6.,-6.));
#2573 = ( GEOMETRIC_REPRESENTATION_CONTEXT(2) 
PARAMETRIC_REPRESENTATION_CONTEXT() REPRESENTATION_CONTEXT('2D SPACE',''
  ) );
#2574 = PCURVE('',#2575,#2580);
#2575 = PLANE('',#2576);
#2576 = AXIS2_PLACEMENT_3D('',#2577,#2578,#2579);
#2577 = CARTESIAN_POINT('',(56.15,-24.,3.841E+03));
#2578 = DIRECTION('',(0.,0.,1.));
#2579 = DIRECTION('',(1.,0.,-0.));
#2580 = DEFINITIONAL_REPRESENTATION('',(#2581),#2584);
#2581 = B_SPLINE_CURVE_WITH_KNOTS('',1,(#2582,#2583),.UNSPECIFIED.,.F.,
  .F.,(2,2),(-51.,-3.),.PIECEWISE_BEZIER_KNOTS.);
#2582 = CARTESIAN_POINT('',(1.,48.));
#2583 = CARTESIAN_POINT('',(1.,0.));
#2584 = ( GEOMETRIC_REPRESENTATION_CONTEXT(2) 
PARAMETRIC_REPRESENTATION_CONTEXT() REPRESENTATION_CONTEXT('2D SPACE',''
  ) );
#2585 = ORIENTED_EDGE('',*,*,#2586,.T.);
#2586 = EDGE_CURVE('',#2561,#2587,#2589,.T.);
#2587 = VERTEX_POINT('',#2588);
#2588 = CARTESIAN_POINT('',(57.15,-24.,3.919E+03));
#2589 = SURFACE_CURVE('',#2590,(#2594,#2600),.PCURVE_S1.);
#2590 = LINE('',#2591,#2592);
#2591 = CARTESIAN_POINT('',(57.15,-24.,3.838E+03));
#2592 = VECTOR('',#2593,1.);
#2593 = DIRECTION('',(0.,0.,1.));
#2594 = PCURVE('',#2450,#2595);
#2595 = DEFINITIONAL_REPRESENTATION('',(#2596),#2599);
#2596 = B_SPLINE_CURVE_WITH_KNOTS('',1,(#2597,#2598),.UNSPECIFIED.,.F.,
  .F.,(2,2),(3.,81.),.PIECEWISE_BEZIER_KNOTS.);
#2597 = CARTESIAN_POINT('',(6.,-6.));
#2598 = CARTESIAN_POINT('',(84.,-6.));
#2599 = ( GEOMETRIC_REPRESENTATION_CONTEXT(2) 
PARAMETRIC_REPRESENTATION_CONTEXT() REPRESENTATION_CONTEXT('2D SPACE',''
  ) );
#2600 = PCURVE('',#2601,#2606);
#2601 = PLANE('',#2602);
#2602 = AXIS2_PLACEMENT_3D('',#2603,#2604,#2605);
#2603 = CARTESIAN_POINT('',(56.15,-24.,3.841E+03));
#2604 = DIRECTION('',(-0.,1.,0.));
#2605 = DIRECTION('',(0.,0.,1.));
#2606 = DEFINITIONAL_REPRESENTATION('',(#2607),#2610);
#2607 = B_SPLINE_CURVE_WITH_KNOTS('',1,(#2608,#2609),.UNSPECIFIED.,.F.,
  .F.,(2,2),(3.,81.),.PIECEWISE_BEZIER_KNOTS.);
#2608 = CARTESIAN_POINT('',(0.,1.));
#2609 = CARTESIAN_POINT('',(78.,1.));
#2610 = ( GEOMETRIC_REPRESENTATION_CONTEXT(2) 
PARAMETRIC_REPRESENTATION_CONTEXT() REPRESENTATION_CONTEXT('2D SPACE',''
  ) );
#2611 = ORIENTED_EDGE('',*,*,#2612,.F.);
#2612 = EDGE_CURVE('',#2613,#2587,#2615,.T.);
#2613 = VERTEX_POINT('',#2614);
#2614 = CARTESIAN_POINT('',(57.15,24.,3.919E+03));
#2615 = SURFACE_CURVE('',#2616,(#2620,#2626),.PCURVE_S1.);
#2616 = LINE('',#2617,#2618);
#2617 = CARTESIAN_POINT('',(57.15,-27.,3.919E+03));
#2618 = VECTOR('',#2619,1.);
#2619 = DIRECTION('',(0.,-1.,0.));
#2620 = PCURVE('',#2450,#2621);
#2621 = DEFINITIONAL_REPRESENTATION('',(#2622),#2625);
#2622 = B_SPLINE_CURVE_WITH_KNOTS('',1,(#2623,#2624),.UNSPECIFIED.,.F.,
  .F.,(2,2),(-51.,-3.),.PIECEWISE_BEZIER_KNOTS.);
#2623 = CARTESIAN_POINT('',(84.,-54.));
#2624 = CARTESIAN_POINT('',(84.,-6.));
#2625 = ( GEOMETRIC_REPRESENTATION_CONTEXT(2) 
PARAMETRIC_REPRESENTATION_CONTEXT() REPRESENTATION_CONTEXT('2D SPACE',''
  ) );
#2626 = PCURVE('',#2627,#2632);
#2627 = PLANE('',#2628);
#2628 = AXIS2_PLACEMENT_3D('',#2629,#2630,#2631);
#2629 = CARTESIAN_POINT('',(56.15,-24.,3.919E+03));
#2630 = DIRECTION('',(0.,0.,1.));
#2631 = DIRECTION('',(1.,0.,-0.));
#2632 = DEFINITIONAL_REPRESENTATION('',(#2633),#2636);
#2633 = B_SPLINE_CURVE_WITH_KNOTS('',1,(#2634,#2635),.UNSPECIFIED.,.F.,
  .F.,(2,2),(-51.,-3.),.PIECEWISE_BEZIER_KNOTS.);
#2634 = CARTESIAN_POINT('',(1.,48.));
#2635 = CARTESIAN_POINT('',(1.,0.));
#2636 = ( GEOMETRIC_REPRESENTATION_CONTEXT(2) 
PARAMETRIC_REPRESENTATION_CONTEXT() REPRESENTATION_CONTEXT('2D SPACE',''
  ) );
#2637 = ORIENTED_EDGE('',*,*,#2638,.F.);
#2638 = EDGE_CURVE('',#2559,#2613,#2639,.T.);
#2639 = SURFACE_CURVE('',#2640,(#2644,#2650),.PCURVE_S1.);
#2640 = LINE('',#2641,#2642);
#2641 = CARTESIAN_POINT('',(57.15,24.,3.838E+03));
#2642 = VECTOR('',#2643,1.);
#2643 = DIRECTION('',(0.,0.,1.));
#2644 = PCURVE('',#2450,#2645);
#2645 = DEFINITIONAL_REPRESENTATION('',(#2646),#2649);
#2646 = B_SPLINE_CURVE_WITH_KNOTS('',1,(#2647,#2648),.UNSPECIFIED.,.F.,
  .F.,(2,2),(3.,81.),.PIECEWISE_BEZIER_KNOTS.);
#2647 = CARTESIAN_POINT('',(6.,-54.));
#2648 = CARTESIAN_POINT('',(84.,-54.));
#2649 = ( GEOMETRIC_REPRESENTATION_CONTEXT(2) 
PARAMETRIC_REPRESENTATION_CONTEXT() REPRESENTATION_CONTEXT('2D SPACE',''
  ) );
#2650 = PCURVE('',#2651,#2656);
#2651 = PLANE('',#2652);
#2652 = AXIS2_PLACEMENT_3D('',#2653,#2654,#2655);
#2653 = CARTESIAN_POINT('',(56.15,24.,3.841E+03));
#2654 = DIRECTION('',(-0.,1.,0.));
#2655 = DIRECTION('',(0.,0.,1.));
#2656 = DEFINITIONAL_REPRESENTATION('',(#2657),#2660);
#2657 = B_SPLINE_CURVE_WITH_KNOTS('',1,(#2658,#2659),.UNSPECIFIED.,.F.,
  .F.,(2,2),(3.,81.),.PIECEWISE_BEZIER_KNOTS.);
#2658 = CARTESIAN_POINT('',(0.,1.));
#2659 = CARTESIAN_POINT('',(78.,1.));
#2660 = ( GEOMETRIC_REPRESENTATION_CONTEXT(2) 
PARAMETRIC_REPRESENTATION_CONTEXT() REPRESENTATION_CONTEXT('2D SPACE',''
  ) );
#2661 = ADVANCED_FACE('',(#2662),#2462,.F.);
#2662 = FACE_BOUND('',#2663,.F.);
#2663 = EDGE_LOOP('',(#2664,#2687,#2688,#2711));
#2664 = ORIENTED_EDGE('',*,*,#2665,.F.);
#2665 = EDGE_CURVE('',#2440,#2666,#2668,.T.);
#2666 = VERTEX_POINT('',#2667);
#2667 = CARTESIAN_POINT('',(67.15,-30.,3.835E+03));
#2668 = SURFACE_CURVE('',#2669,(#2673,#2680),.PCURVE_S1.);
#2669 = LINE('',#2670,#2671);
#2670 = CARTESIAN_POINT('',(57.15,-30.,3.835E+03));
#2671 = VECTOR('',#2672,1.);
#2672 = DIRECTION('',(1.,0.,-0.));
#2673 = PCURVE('',#2462,#2674);
#2674 = DEFINITIONAL_REPRESENTATION('',(#2675),#2679);
#2675 = LINE('',#2676,#2677);
#2676 = CARTESIAN_POINT('',(0.,0.));
#2677 = VECTOR('',#2678,1.);
#2678 = DIRECTION('',(0.,1.));
#2679 = ( GEOMETRIC_REPRESENTATION_CONTEXT(2) 
PARAMETRIC_REPRESENTATION_CONTEXT() REPRESENTATION_CONTEXT('2D SPACE',''
  ) );
#2680 = PCURVE('',#2490,#2681);
#2681 = DEFINITIONAL_REPRESENTATION('',(#2682),#2686);
#2682 = LINE('',#2683,#2684);
#2683 = CARTESIAN_POINT('',(0.,0.));
#2684 = VECTOR('',#2685,1.);
#2685 = DIRECTION('',(1.,0.));
#2686 = ( GEOMETRIC_REPRESENTATION_CONTEXT(2) 
PARAMETRIC_REPRESENTATION_CONTEXT() REPRESENTATION_CONTEXT('2D SPACE',''
  ) );
#2687 = ORIENTED_EDGE('',*,*,#2439,.T.);
#2688 = ORIENTED_EDGE('',*,*,#2689,.T.);
#2689 = EDGE_CURVE('',#2442,#2690,#2692,.T.);
#2690 = VERTEX_POINT('',#2691);
#2691 = CARTESIAN_POINT('',(67.15,-30.,3.925E+03));
#2692 = SURFACE_CURVE('',#2693,(#2697,#2704),.PCURVE_S1.);
#2693 = LINE('',#2694,#2695);
#2694 = CARTESIAN_POINT('',(57.15,-30.,3.925E+03));
#2695 = VECTOR('',#2696,1.);
#2696 = DIRECTION('',(1.,0.,-0.));
#2697 = PCURVE('',#2462,#2698);
#2698 = DEFINITIONAL_REPRESENTATION('',(#2699),#2703);
#2699 = LINE('',#2700,#2701);
#2700 = CARTESIAN_POINT('',(90.,0.));
#2701 = VECTOR('',#2702,1.);
#2702 = DIRECTION('',(0.,1.));
#2703 = ( GEOMETRIC_REPRESENTATION_CONTEXT(2) 
PARAMETRIC_REPRESENTATION_CONTEXT() REPRESENTATION_CONTEXT('2D SPACE',''
  ) );
#2704 = PCURVE('',#2544,#2705);
#2705 = DEFINITIONAL_REPRESENTATION('',(#2706),#2710);
#2706 = LINE('',#2707,#2708);
#2707 = CARTESIAN_POINT('',(0.,0.));
#2708 = VECTOR('',#2709,1.);
#2709 = DIRECTION('',(1.,0.));
#2710 = ( GEOMETRIC_REPRESENTATION_CONTEXT(2) 
PARAMETRIC_REPRESENTATION_CONTEXT() REPRESENTATION_CONTEXT('2D SPACE',''
  ) );
#2711 = ORIENTED_EDGE('',*,*,#2712,.F.);
#2712 = EDGE_CURVE('',#2666,#2690,#2713,.T.);
#2713 = SURFACE_CURVE('',#2714,(#2718,#2725),.PCURVE_S1.);
#2714 = LINE('',#2715,#2716);
#2715 = CARTESIAN_POINT('',(67.15,-30.,3.835E+03));
#2716 = VECTOR('',#2717,1.);
#2717 = DIRECTION('',(0.,0.,1.));
#2718 = PCURVE('',#2462,#2719);
#2719 = DEFINITIONAL_REPRESENTATION('',(#2720),#2724);
#2720 = LINE('',#2721,#2722);
#2721 = CARTESIAN_POINT('',(0.,10.));
#2722 = VECTOR('',#2723,1.);
#2723 = DIRECTION('',(1.,0.));
#2724 = ( GEOMETRIC_REPRESENTATION_CONTEXT(2) 
PARAMETRIC_REPRESENTATION_CONTEXT() REPRESENTATION_CONTEXT('2D SPACE',''
  ) );
#2725 = PCURVE('',#2726,#2731);
#2726 = PLANE('',#2727);
#2727 = AXIS2_PLACEMENT_3D('',#2728,#2729,#2730);
#2728 = CARTESIAN_POINT('',(67.15,-30.,3.835E+03));
#2729 = DIRECTION('',(1.,0.,-0.));
#2730 = DIRECTION('',(0.,0.,1.));
#2731 = DEFINITIONAL_REPRESENTATION('',(#2732),#2736);
#2732 = LINE('',#2733,#2734);
#2733 = CARTESIAN_POINT('',(0.,0.));
#2734 = VECTOR('',#2735,1.);
#2735 = DIRECTION('',(1.,0.));
#2736 = ( GEOMETRIC_REPRESENTATION_CONTEXT(2) 
PARAMETRIC_REPRESENTATION_CONTEXT() REPRESENTATION_CONTEXT('2D SPACE',''
  ) );
#2737 = ADVANCED_FACE('',(#2738),#2544,.T.);
#2738 = FACE_BOUND('',#2739,.T.);
#2739 = EDGE_LOOP('',(#2740,#2741,#2742,#2765));
#2740 = ORIENTED_EDGE('',*,*,#2530,.F.);
#2741 = ORIENTED_EDGE('',*,*,#2689,.T.);
#2742 = ORIENTED_EDGE('',*,*,#2743,.T.);
#2743 = EDGE_CURVE('',#2690,#2744,#2746,.T.);
#2744 = VERTEX_POINT('',#2745);
#2745 = CARTESIAN_POINT('',(67.15,30.,3.925E+03));
#2746 = SURFACE_CURVE('',#2747,(#2751,#2758),.PCURVE_S1.);
#2747 = LINE('',#2748,#2749);
#2748 = CARTESIAN_POINT('',(67.15,-30.,3.925E+03));
#2749 = VECTOR('',#2750,1.);
#2750 = DIRECTION('',(-0.,1.,0.));
#2751 = PCURVE('',#2544,#2752);
#2752 = DEFINITIONAL_REPRESENTATION('',(#2753),#2757);
#2753 = LINE('',#2754,#2755);
#2754 = CARTESIAN_POINT('',(10.,0.));
#2755 = VECTOR('',#2756,1.);
#2756 = DIRECTION('',(0.,1.));
#2757 = ( GEOMETRIC_REPRESENTATION_CONTEXT(2) 
PARAMETRIC_REPRESENTATION_CONTEXT() REPRESENTATION_CONTEXT('2D SPACE',''
  ) );
#2758 = PCURVE('',#2726,#2759);
#2759 = DEFINITIONAL_REPRESENTATION('',(#2760),#2764);
#2760 = LINE('',#2761,#2762);
#2761 = CARTESIAN_POINT('',(90.,0.));
#2762 = VECTOR('',#2763,1.);
#2763 = DIRECTION('',(0.,-1.));
#2764 = ( GEOMETRIC_REPRESENTATION_CONTEXT(2) 
PARAMETRIC_REPRESENTATION_CONTEXT() REPRESENTATION_CONTEXT('2D SPACE',''
  ) );
#2765 = ORIENTED_EDGE('',*,*,#2766,.F.);
#2766 = EDGE_CURVE('',#2503,#2744,#2767,.T.);
#2767 = SURFACE_CURVE('',#2768,(#2772,#2779),.PCURVE_S1.);
#2768 = LINE('',#2769,#2770);
#2769 = CARTESIAN_POINT('',(57.15,30.,3.925E+03));
#2770 = VECTOR('',#2771,1.);
#2771 = DIRECTION('',(1.,0.,-0.));
#2772 = PCURVE('',#2544,#2773);
#2773 = DEFINITIONAL_REPRESENTATION('',(#2774),#2778);
#2774 = LINE('',#2775,#2776);
#2775 = CARTESIAN_POINT('',(0.,60.));
#2776 = VECTOR('',#2777,1.);
#2777 = DIRECTION('',(1.,0.));
#2778 = ( GEOMETRIC_REPRESENTATION_CONTEXT(2) 
PARAMETRIC_REPRESENTATION_CONTEXT() REPRESENTATION_CONTEXT('2D SPACE',''
  ) );
#2779 = PCURVE('',#2518,#2780);
#2780 = DEFINITIONAL_REPRESENTATION('',(#2781),#2785);
#2781 = LINE('',#2782,#2783);
#2782 = CARTESIAN_POINT('',(90.,0.));
#2783 = VECTOR('',#2784,1.);
#2784 = DIRECTION('',(0.,1.));
#2785 = ( GEOMETRIC_REPRESENTATION_CONTEXT(2) 
PARAMETRIC_REPRESENTATION_CONTEXT() REPRESENTATION_CONTEXT('2D SPACE',''
  ) );
#2786 = ADVANCED_FACE('',(#2787),#2490,.F.);
#2787 = FACE_BOUND('',#2788,.F.);
#2788 = EDGE_LOOP('',(#2789,#2790,#2791,#2814));
#2789 = ORIENTED_EDGE('',*,*,#2474,.F.);
#2790 = ORIENTED_EDGE('',*,*,#2665,.T.);
#2791 = ORIENTED_EDGE('',*,*,#2792,.T.);
#2792 = EDGE_CURVE('',#2666,#2793,#2795,.T.);
#2793 = VERTEX_POINT('',#2794);
#2794 = CARTESIAN_POINT('',(67.15,30.,3.835E+03));
#2795 = SURFACE_CURVE('',#2796,(#2800,#2807),.PCURVE_S1.);
#2796 = LINE('',#2797,#2798);
#2797 = CARTESIAN_POINT('',(67.15,-30.,3.835E+03));
#2798 = VECTOR('',#2799,1.);
#2799 = DIRECTION('',(-0.,1.,0.));
#2800 = PCURVE('',#2490,#2801);
#2801 = DEFINITIONAL_REPRESENTATION('',(#2802),#2806);
#2802 = LINE('',#2803,#2804);
#2803 = CARTESIAN_POINT('',(10.,0.));
#2804 = VECTOR('',#2805,1.);
#2805 = DIRECTION('',(0.,1.));
#2806 = ( GEOMETRIC_REPRESENTATION_CONTEXT(2) 
PARAMETRIC_REPRESENTATION_CONTEXT() REPRESENTATION_CONTEXT('2D SPACE',''
  ) );
#2807 = PCURVE('',#2726,#2808);
#2808 = DEFINITIONAL_REPRESENTATION('',(#2809),#2813);
#2809 = LINE('',#2810,#2811);
#2810 = CARTESIAN_POINT('',(0.,0.));
#2811 = VECTOR('',#2812,1.);
#2812 = DIRECTION('',(0.,-1.));
#2813 = ( GEOMETRIC_REPRESENTATION_CONTEXT(2) 
PARAMETRIC_REPRESENTATION_CONTEXT() REPRESENTATION_CONTEXT('2D SPACE',''
  ) );
#2814 = ORIENTED_EDGE('',*,*,#2815,.F.);
#2815 = EDGE_CURVE('',#2475,#2793,#2816,.T.);
#2816 = SURFACE_CURVE('',#2817,(#2821,#2828),.PCURVE_S1.);
#2817 = LINE('',#2818,#2819);
#2818 = CARTESIAN_POINT('',(57.15,30.,3.835E+03));
#2819 = VECTOR('',#2820,1.);
#2820 = DIRECTION('',(1.,0.,-0.));
#2821 = PCURVE('',#2490,#2822);
#2822 = DEFINITIONAL_REPRESENTATION('',(#2823),#2827);
#2823 = LINE('',#2824,#2825);
#2824 = CARTESIAN_POINT('',(0.,60.));
#2825 = VECTOR('',#2826,1.);
#2826 = DIRECTION('',(1.,0.));
#2827 = ( GEOMETRIC_REPRESENTATION_CONTEXT(2) 
PARAMETRIC_REPRESENTATION_CONTEXT() REPRESENTATION_CONTEXT('2D SPACE',''
  ) );
#2828 = PCURVE('',#2518,#2829);
#2829 = DEFINITIONAL_REPRESENTATION('',(#2830),#2834);
#2830 = LINE('',#2831,#2832);
#2831 = CARTESIAN_POINT('',(0.,0.));
#2832 = VECTOR('',#2833,1.);
#2833 = DIRECTION('',(0.,1.));
#2834 = ( GEOMETRIC_REPRESENTATION_CONTEXT(2) 
PARAMETRIC_REPRESENTATION_CONTEXT() REPRESENTATION_CONTEXT('2D SPACE',''
  ) );
#2835 = ADVANCED_FACE('',(#2836),#2518,.T.);
#2836 = FACE_BOUND('',#2837,.T.);
#2837 = EDGE_LOOP('',(#2838,#2839,#2840,#2841));
#2838 = ORIENTED_EDGE('',*,*,#2815,.F.);
#2839 = ORIENTED_EDGE('',*,*,#2502,.T.);
#2840 = ORIENTED_EDGE('',*,*,#2766,.T.);
#2841 = ORIENTED_EDGE('',*,*,#2842,.F.);
#2842 = EDGE_CURVE('',#2793,#2744,#2843,.T.);
#2843 = SURFACE_CURVE('',#2844,(#2848,#2855),.PCURVE_S1.);
#2844 = LINE('',#2845,#2846);
#2845 = CARTESIAN_POINT('',(67.15,30.,3.835E+03));
#2846 = VECTOR('',#2847,1.);
#2847 = DIRECTION('',(0.,0.,1.));
#2848 = PCURVE('',#2518,#2849);
#2849 = DEFINITIONAL_REPRESENTATION('',(#2850),#2854);
#2850 = LINE('',#2851,#2852);
#2851 = CARTESIAN_POINT('',(0.,10.));
#2852 = VECTOR('',#2853,1.);
#2853 = DIRECTION('',(1.,0.));
#2854 = ( GEOMETRIC_REPRESENTATION_CONTEXT(2) 
PARAMETRIC_REPRESENTATION_CONTEXT() REPRESENTATION_CONTEXT('2D SPACE',''
  ) );
#2855 = PCURVE('',#2726,#2856);
#2856 = DEFINITIONAL_REPRESENTATION('',(#2857),#2861);
#2857 = LINE('',#2858,#2859);
#2858 = CARTESIAN_POINT('',(0.,-60.));
#2859 = VECTOR('',#2860,1.);
#2860 = DIRECTION('',(1.,0.));
#2861 = ( GEOMETRIC_REPRESENTATION_CONTEXT(2) 
PARAMETRIC_REPRESENTATION_CONTEXT() REPRESENTATION_CONTEXT('2D SPACE',''
  ) );
#2862 = ADVANCED_FACE('',(#2863),#2575,.T.);
#2863 = FACE_BOUND('',#2864,.T.);
#2864 = EDGE_LOOP('',(#2865,#2888,#2889,#2912));
#2865 = ORIENTED_EDGE('',*,*,#2866,.F.);
#2866 = EDGE_CURVE('',#2559,#2867,#2869,.T.);
#2867 = VERTEX_POINT('',#2868);
#2868 = CARTESIAN_POINT('',(63.15,24.,3.841E+03));
#2869 = SURFACE_CURVE('',#2870,(#2874,#2881),.PCURVE_S1.);
#2870 = LINE('',#2871,#2872);
#2871 = CARTESIAN_POINT('',(56.15,24.,3.841E+03));
#2872 = VECTOR('',#2873,1.);
#2873 = DIRECTION('',(1.,0.,-0.));
#2874 = PCURVE('',#2575,#2875);
#2875 = DEFINITIONAL_REPRESENTATION('',(#2876),#2880);
#2876 = LINE('',#2877,#2878);
#2877 = CARTESIAN_POINT('',(0.,48.));
#2878 = VECTOR('',#2879,1.);
#2879 = DIRECTION('',(1.,0.));
#2880 = ( GEOMETRIC_REPRESENTATION_CONTEXT(2) 
PARAMETRIC_REPRESENTATION_CONTEXT() REPRESENTATION_CONTEXT('2D SPACE',''
  ) );
#2881 = PCURVE('',#2651,#2882);
#2882 = DEFINITIONAL_REPRESENTATION('',(#2883),#2887);
#2883 = LINE('',#2884,#2885);
#2884 = CARTESIAN_POINT('',(0.,0.));
#2885 = VECTOR('',#2886,1.);
#2886 = DIRECTION('',(0.,1.));
#2887 = ( GEOMETRIC_REPRESENTATION_CONTEXT(2) 
PARAMETRIC_REPRESENTATION_CONTEXT() REPRESENTATION_CONTEXT('2D SPACE',''
  ) );
#2888 = ORIENTED_EDGE('',*,*,#2558,.T.);
#2889 = ORIENTED_EDGE('',*,*,#2890,.T.);
#2890 = EDGE_CURVE('',#2561,#2891,#2893,.T.);
#2891 = VERTEX_POINT('',#2892);
#2892 = CARTESIAN_POINT('',(63.15,-24.,3.841E+03));
#2893 = SURFACE_CURVE('',#2894,(#2898,#2905),.PCURVE_S1.);
#2894 = LINE('',#2895,#2896);
#2895 = CARTESIAN_POINT('',(56.15,-24.,3.841E+03));
#2896 = VECTOR('',#2897,1.);
#2897 = DIRECTION('',(1.,0.,-0.));
#2898 = PCURVE('',#2575,#2899);
#2899 = DEFINITIONAL_REPRESENTATION('',(#2900),#2904);
#2900 = LINE('',#2901,#2902);
#2901 = CARTESIAN_POINT('',(0.,0.));
#2902 = VECTOR('',#2903,1.);
#2903 = DIRECTION('',(1.,0.));
#2904 = ( GEOMETRIC_REPRESENTATION_CONTEXT(2) 
PARAMETRIC_REPRESENTATION_CONTEXT() REPRESENTATION_CONTEXT('2D SPACE',''
  ) );
#2905 = PCURVE('',#2601,#2906);
#2906 = DEFINITIONAL_REPRESENTATION('',(#2907),#2911);
#2907 = LINE('',#2908,#2909);
#2908 = CARTESIAN_POINT('',(0.,0.));
#2909 = VECTOR('',#2910,1.);
#2910 = DIRECTION('',(0.,1.));
#2911 = ( GEOMETRIC_REPRESENTATION_CONTEXT(2) 
PARAMETRIC_REPRESENTATION_CONTEXT() REPRESENTATION_CONTEXT('2D SPACE',''
  ) );
#2912 = ORIENTED_EDGE('',*,*,#2913,.T.);
#2913 = EDGE_CURVE('',#2891,#2867,#2914,.T.);
#2914 = SURFACE_CURVE('',#2915,(#2919,#2926),.PCURVE_S1.);
#2915 = LINE('',#2916,#2917);
#2916 = CARTESIAN_POINT('',(63.15,-24.,3.841E+03));
#2917 = VECTOR('',#2918,1.);
#2918 = DIRECTION('',(-0.,1.,0.));
#2919 = PCURVE('',#2575,#2920);
#2920 = DEFINITIONAL_REPRESENTATION('',(#2921),#2925);
#2921 = LINE('',#2922,#2923);
#2922 = CARTESIAN_POINT('',(7.,0.));
#2923 = VECTOR('',#2924,1.);
#2924 = DIRECTION('',(0.,1.));
#2925 = ( GEOMETRIC_REPRESENTATION_CONTEXT(2) 
PARAMETRIC_REPRESENTATION_CONTEXT() REPRESENTATION_CONTEXT('2D SPACE',''
  ) );
#2926 = PCURVE('',#2927,#2932);
#2927 = PLANE('',#2928);
#2928 = AXIS2_PLACEMENT_3D('',#2929,#2930,#2931);
#2929 = CARTESIAN_POINT('',(63.15,-24.,3.841E+03));
#2930 = DIRECTION('',(1.,0.,-0.));
#2931 = DIRECTION('',(0.,0.,1.));
#2932 = DEFINITIONAL_REPRESENTATION('',(#2933),#2937);
#2933 = LINE('',#2934,#2935);
#2934 = CARTESIAN_POINT('',(0.,0.));
#2935 = VECTOR('',#2936,1.);
#2936 = DIRECTION('',(0.,-1.));
#2937 = ( GEOMETRIC_REPRESENTATION_CONTEXT(2) 
PARAMETRIC_REPRESENTATION_CONTEXT() REPRESENTATION_CONTEXT('2D SPACE',''
  ) );
#2938 = ADVANCED_FACE('',(#2939),#2651,.F.);
#2939 = FACE_BOUND('',#2940,.F.);
#2940 = EDGE_LOOP('',(#2941,#2942,#2943,#2966));
#2941 = ORIENTED_EDGE('',*,*,#2866,.F.);
#2942 = ORIENTED_EDGE('',*,*,#2638,.T.);
#2943 = ORIENTED_EDGE('',*,*,#2944,.T.);
#2944 = EDGE_CURVE('',#2613,#2945,#2947,.T.);
#2945 = VERTEX_POINT('',#2946);
#2946 = CARTESIAN_POINT('',(63.15,24.,3.919E+03));
#2947 = SURFACE_CURVE('',#2948,(#2952,#2959),.PCURVE_S1.);
#2948 = LINE('',#2949,#2950);
#2949 = CARTESIAN_POINT('',(56.15,24.,3.919E+03));
#2950 = VECTOR('',#2951,1.);
#2951 = DIRECTION('',(1.,0.,-0.));
#2952 = PCURVE('',#2651,#2953);
#2953 = DEFINITIONAL_REPRESENTATION('',(#2954),#2958);
#2954 = LINE('',#2955,#2956);
#2955 = CARTESIAN_POINT('',(78.,0.));
#2956 = VECTOR('',#2957,1.);
#2957 = DIRECTION('',(0.,1.));
#2958 = ( GEOMETRIC_REPRESENTATION_CONTEXT(2) 
PARAMETRIC_REPRESENTATION_CONTEXT() REPRESENTATION_CONTEXT('2D SPACE',''
  ) );
#2959 = PCURVE('',#2627,#2960);
#2960 = DEFINITIONAL_REPRESENTATION('',(#2961),#2965);
#2961 = LINE('',#2962,#2963);
#2962 = CARTESIAN_POINT('',(0.,48.));
#2963 = VECTOR('',#2964,1.);
#2964 = DIRECTION('',(1.,0.));
#2965 = ( GEOMETRIC_REPRESENTATION_CONTEXT(2) 
PARAMETRIC_REPRESENTATION_CONTEXT() REPRESENTATION_CONTEXT('2D SPACE',''
  ) );
#2966 = ORIENTED_EDGE('',*,*,#2967,.F.);
#2967 = EDGE_CURVE('',#2867,#2945,#2968,.T.);
#2968 = SURFACE_CURVE('',#2969,(#2973,#2980),.PCURVE_S1.);
#2969 = LINE('',#2970,#2971);
#2970 = CARTESIAN_POINT('',(63.15,24.,3.841E+03));
#2971 = VECTOR('',#2972,1.);
#2972 = DIRECTION('',(0.,0.,1.));
#2973 = PCURVE('',#2651,#2974);
#2974 = DEFINITIONAL_REPRESENTATION('',(#2975),#2979);
#2975 = LINE('',#2976,#2977);
#2976 = CARTESIAN_POINT('',(0.,7.));
#2977 = VECTOR('',#2978,1.);
#2978 = DIRECTION('',(1.,0.));
#2979 = ( GEOMETRIC_REPRESENTATION_CONTEXT(2) 
PARAMETRIC_REPRESENTATION_CONTEXT() REPRESENTATION_CONTEXT('2D SPACE',''
  ) );
#2980 = PCURVE('',#2927,#2981);
#2981 = DEFINITIONAL_REPRESENTATION('',(#2982),#2986);
#2982 = LINE('',#2983,#2984);
#2983 = CARTESIAN_POINT('',(0.,-48.));
#2984 = VECTOR('',#2985,1.);
#2985 = DIRECTION('',(1.,0.));
#2986 = ( GEOMETRIC_REPRESENTATION_CONTEXT(2) 
PARAMETRIC_REPRESENTATION_CONTEXT() REPRESENTATION_CONTEXT('2D SPACE',''
  ) );
#2987 = ADVANCED_FACE('',(#2988),#2627,.F.);
#2988 = FACE_BOUND('',#2989,.F.);
#2989 = EDGE_LOOP('',(#2990,#2991,#2992,#3015));
#2990 = ORIENTED_EDGE('',*,*,#2944,.F.);
#2991 = ORIENTED_EDGE('',*,*,#2612,.T.);
#2992 = ORIENTED_EDGE('',*,*,#2993,.T.);
#2993 = EDGE_CURVE('',#2587,#2994,#2996,.T.);
#2994 = VERTEX_POINT('',#2995);
#2995 = CARTESIAN_POINT('',(63.15,-24.,3.919E+03));
#2996 = SURFACE_CURVE('',#2997,(#3001,#3008),.PCURVE_S1.);
#2997 = LINE('',#2998,#2999);
#2998 = CARTESIAN_POINT('',(56.15,-24.,3.919E+03));
#2999 = VECTOR('',#3000,1.);
#3000 = DIRECTION('',(1.,0.,-0.));
#3001 = PCURVE('',#2627,#3002);
#3002 = DEFINITIONAL_REPRESENTATION('',(#3003),#3007);
#3003 = LINE('',#3004,#3005);
#3004 = CARTESIAN_POINT('',(0.,0.));
#3005 = VECTOR('',#3006,1.);
#3006 = DIRECTION('',(1.,0.));
#3007 = ( GEOMETRIC_REPRESENTATION_CONTEXT(2) 
PARAMETRIC_REPRESENTATION_CONTEXT() REPRESENTATION_CONTEXT('2D SPACE',''
  ) );
#3008 = PCURVE('',#2601,#3009);
#3009 = DEFINITIONAL_REPRESENTATION('',(#3010),#3014);
#3010 = LINE('',#3011,#3012);
#3011 = CARTESIAN_POINT('',(78.,0.));
#3012 = VECTOR('',#3013,1.);
#3013 = DIRECTION('',(0.,1.));
#3014 = ( GEOMETRIC_REPRESENTATION_CONTEXT(2) 
PARAMETRIC_REPRESENTATION_CONTEXT() REPRESENTATION_CONTEXT('2D SPACE',''
  ) );
#3015 = ORIENTED_EDGE('',*,*,#3016,.T.);
#3016 = EDGE_CURVE('',#2994,#2945,#3017,.T.);
#3017 = SURFACE_CURVE('',#3018,(#3022,#3029),.PCURVE_S1.);
#3018 = LINE('',#3019,#3020);
#3019 = CARTESIAN_POINT('',(63.15,-24.,3.919E+03));
#3020 = VECTOR('',#3021,1.);
#3021 = DIRECTION('',(-0.,1.,0.));
#3022 = PCURVE('',#2627,#3023);
#3023 = DEFINITIONAL_REPRESENTATION('',(#3024),#3028);
#3024 = LINE('',#3025,#3026);
#3025 = CARTESIAN_POINT('',(7.,0.));
#3026 = VECTOR('',#3027,1.);
#3027 = DIRECTION('',(0.,1.));
#3028 = ( GEOMETRIC_REPRESENTATION_CONTEXT(2) 
PARAMETRIC_REPRESENTATION_CONTEXT() REPRESENTATION_CONTEXT('2D SPACE',''
  ) );
#3029 = PCURVE('',#2927,#3030);
#3030 = DEFINITIONAL_REPRESENTATION('',(#3031),#3035);
#3031 = LINE('',#3032,#3033);
#3032 = CARTESIAN_POINT('',(78.,0.));
#3033 = VECTOR('',#3034,1.);
#3034 = DIRECTION('',(0.,-1.));
#3035 = ( GEOMETRIC_REPRESENTATION_CONTEXT(2) 
PARAMETRIC_REPRESENTATION_CONTEXT() REPRESENTATION_CONTEXT('2D SPACE',''
  ) );
#3036 = ADVANCED_FACE('',(#3037),#2601,.T.);
#3037 = FACE_BOUND('',#3038,.T.);
#3038 = EDGE_LOOP('',(#3039,#3040,#3041,#3042));
#3039 = ORIENTED_EDGE('',*,*,#2890,.F.);
#3040 = ORIENTED_EDGE('',*,*,#2586,.T.);
#3041 = ORIENTED_EDGE('',*,*,#2993,.T.);
#3042 = ORIENTED_EDGE('',*,*,#3043,.F.);
#3043 = EDGE_CURVE('',#2891,#2994,#3044,.T.);
#3044 = SURFACE_CURVE('',#3045,(#3049,#3056),.PCURVE_S1.);
#3045 = LINE('',#3046,#3047);
#3046 = CARTESIAN_POINT('',(63.15,-24.,3.841E+03));
#3047 = VECTOR('',#3048,1.);
#3048 = DIRECTION('',(0.,0.,1.));
#3049 = PCURVE('',#2601,#3050);
#3050 = DEFINITIONAL_REPRESENTATION('',(#3051),#3055);
#3051 = LINE('',#3052,#3053);
#3052 = CARTESIAN_POINT('',(0.,7.));
#3053 = VECTOR('',#3054,1.);
#3054 = DIRECTION('',(1.,0.));
#3055 = ( GEOMETRIC_REPRESENTATION_CONTEXT(2) 
PARAMETRIC_REPRESENTATION_CONTEXT() REPRESENTATION_CONTEXT('2D SPACE',''
  ) );
#3056 = PCURVE('',#2927,#3057);
#3057 = DEFINITIONAL_REPRESENTATION('',(#3058),#3062);
#3058 = LINE('',#3059,#3060);
#3059 = CARTESIAN_POINT('',(0.,0.));
#3060 = VECTOR('',#3061,1.);
#3061 = DIRECTION('',(1.,0.));
#3062 = ( GEOMETRIC_REPRESENTATION_CONTEXT(2) 
PARAMETRIC_REPRESENTATION_CONTEXT() REPRESENTATION_CONTEXT('2D SPACE',''
  ) );
#3063 = ADVANCED_FACE('',(#3064,#3070),#2726,.T.);
#3064 = FACE_BOUND('',#3065,.T.);
#3065 = EDGE_LOOP('',(#3066,#3067,#3068,#3069));
#3066 = ORIENTED_EDGE('',*,*,#2712,.F.);
#3067 = ORIENTED_EDGE('',*,*,#2792,.T.);
#3068 = ORIENTED_EDGE('',*,*,#2842,.T.);
#3069 = ORIENTED_EDGE('',*,*,#2743,.F.);
#3070 = FACE_BOUND('',#3071,.T.);
#3071 = EDGE_LOOP('',(#3072));
#3072 = ORIENTED_EDGE('',*,*,#3073,.F.);
#3073 = EDGE_CURVE('',#3074,#3074,#3076,.T.);
#3074 = VERTEX_POINT('',#3075);
#3075 = CARTESIAN_POINT('',(67.15,3.061616997868E-15,3.8925E+03));
#3076 = SURFACE_CURVE('',#3077,(#3082,#3089),.PCURVE_S1.);
#3077 = CIRCLE('',#3078,12.5);
#3078 = AXIS2_PLACEMENT_3D('',#3079,#3080,#3081);
#3079 = CARTESIAN_POINT('',(67.15,0.,3.88E+03));
#3080 = DIRECTION('',(1.,0.,0.));
#3081 = DIRECTION('',(-0.,0.,1.));
#3082 = PCURVE('',#2726,#3083);
#3083 = DEFINITIONAL_REPRESENTATION('',(#3084),#3088);
#3084 = CIRCLE('',#3085,12.5);
#3085 = AXIS2_PLACEMENT_2D('',#3086,#3087);
#3086 = CARTESIAN_POINT('',(45.,-30.));
#3087 = DIRECTION('',(1.,0.));
#3088 = ( GEOMETRIC_REPRESENTATION_CONTEXT(2) 
PARAMETRIC_REPRESENTATION_CONTEXT() REPRESENTATION_CONTEXT('2D SPACE',''
  ) );
#3089 = PCURVE('',#3090,#3095);
#3090 = CYLINDRICAL_SURFACE('',#3091,12.5);
#3091 = AXIS2_PLACEMENT_3D('',#3092,#3093,#3094);
#3092 = CARTESIAN_POINT('',(67.15,0.,3.88E+03));
#3093 = DIRECTION('',(1.,0.,0.));
#3094 = DIRECTION('',(-0.,0.,1.));
#3095 = DEFINITIONAL_REPRESENTATION('',(#3096),#3100);
#3096 = LINE('',#3097,#3098);
#3097 = CARTESIAN_POINT('',(0.,0.));
#3098 = VECTOR('',#3099,1.);
#3099 = DIRECTION('',(1.,0.));
#3100 = ( GEOMETRIC_REPRESENTATION_CONTEXT(2) 
PARAMETRIC_REPRESENTATION_CONTEXT() REPRESENTATION_CONTEXT('2D SPACE',''
  ) );
#3101 = ADVANCED_FACE('',(#3102),#2927,.F.);
#3102 = FACE_BOUND('',#3103,.F.);
#3103 = EDGE_LOOP('',(#3104,#3105,#3106,#3107));
#3104 = ORIENTED_EDGE('',*,*,#3043,.F.);
#3105 = ORIENTED_EDGE('',*,*,#2913,.T.);
#3106 = ORIENTED_EDGE('',*,*,#2967,.T.);
#3107 = ORIENTED_EDGE('',*,*,#3016,.F.);
#3108 = ADVANCED_FACE('',(#3109),#3090,.T.);
#3109 = FACE_BOUND('',#3110,.T.);
#3110 = EDGE_LOOP('',(#3111,#3712,#3733,#3734));
#3111 = ORIENTED_EDGE('',*,*,#3112,.F.);
#3112 = EDGE_CURVE('',#3113,#3113,#3115,.T.);
#3113 = VERTEX_POINT('',#3114);
#3114 = CARTESIAN_POINT('',(483.14999999999,3.061616997868E-15,
    3.8925E+03));
#3115 = SURFACE_CURVE('',#3116,(#3311,#3509),.PCURVE_S1.);
#3116 = B_SPLINE_CURVE_WITH_KNOTS('',7,(#3117,#3118,#3119,#3120,#3121,
    #3122,#3123,#3124,#3125,#3126,#3127,#3128,#3129,#3130,#3131,#3132,
    #3133,#3134,#3135,#3136,#3137,#3138,#3139,#3140,#3141,#3142,#3143,
    #3144,#3145,#3146,#3147,#3148,#3149,#3150,#3151,#3152,#3153,#3154,
    #3155,#3156,#3157,#3158,#3159,#3160,#3161,#3162,#3163,#3164,#3165,
    #3166,#3167,#3168,#3169,#3170,#3171,#3172,#3173,#3174,#3175,#3176,
    #3177,#3178,#3179,#3180,#3181,#3182,#3183,#3184,#3185,#3186,#3187,
    #3188,#3189,#3190,#3191,#3192,#3193,#3194,#3195,#3196,#3197,#3198,
    #3199,#3200,#3201,#3202,#3203,#3204,#3205,#3206,#3207,#3208,#3209,
    #3210,#3211,#3212,#3213,#3214,#3215,#3216,#3217,#3218,#3219,#3220,
    #3221,#3222,#3223,#3224,#3225,#3226,#3227,#3228,#3229,#3230,#3231,
    #3232,#3233,#3234,#3235,#3236,#3237,#3238,#3239,#3240,#3241,#3242,
    #3243,#3244,#3245,#3246,#3247,#3248,#3249,#3250,#3251,#3252,#3253,
    #3254,#3255,#3256,#3257,#3258,#3259,#3260,#3261,#3262,#3263,#3264,
    #3265,#3266,#3267,#3268,#3269,#3270,#3271,#3272,#3273,#3274,#3275,
    #3276,#3277,#3278,#3279,#3280,#3281,#3282,#3283,#3284,#3285,#3286,
    #3287,#3288,#3289,#3290,#3291,#3292,#3293,#3294,#3295,#3296,#3297,
    #3298,#3299,#3300,#3301,#3302,#3303,#3304,#3305,#3306,#3307,#3308,
    #3309,#3310),.UNSPECIFIED.,.T.,.F.,(8,6,6,6,6,6,6,6,6,6,6,6,6,6,6,6,
    6,6,6,6,6,6,6,6,6,6,6,6,6,6,6,6,8),(0.,3.470814703092E-02,
    5.588259628849E-02,8.276070068946E-02,0.103055419842,0.118320468134,
    0.13037148885,0.163764077399,0.204607215666,0.249725475543,
    0.294749657711,0.335634442275,0.416753434386,0.443458970378,
    0.464699857124,0.47613609979,0.499654365137,0.523157541507,
    0.534435345608,0.555639156235,0.582554530929,0.602877391579,
    0.618163607019,0.630231338179,0.663670230266,0.704570003307,
    0.749750826022,0.794837440577,0.835778917668,0.917010392718,
    0.943752959707,0.96502329994,1.),.UNSPECIFIED.);
#3117 = CARTESIAN_POINT('',(483.15,3.552713678801E-15,3.8925E+03));
#3118 = CARTESIAN_POINT('',(483.15,-0.48671900577,3.8925E+03));
#3119 = CARTESIAN_POINT('',(483.16151577112,-0.97265666005,
    3.892477889708E+03));
#3120 = CARTESIAN_POINT('',(483.18448064238,-1.455341844128,
    3.892433797191E+03));
#3121 = CARTESIAN_POINT('',(483.21851248067,-1.932318219386,
    3.89236827647E+03));
#3122 = CARTESIAN_POINT('',(483.26291805643,-2.401172204346,
    3.89228230536E+03));
#3123 = CARTESIAN_POINT('',(483.31671693667,-2.859560196718,
    3.892177293333E+03));
#3124 = CARTESIAN_POINT('',(483.41648979332,-3.577128534372,
    3.891980552357E+03));
#3125 = CARTESIAN_POINT('',(483.45736724911,-3.844521453991,
    3.891899547047E+03));
#3126 = CARTESIAN_POINT('',(483.50109649192,-4.107233208567,
    3.891812391588E+03));
#3127 = CARTESIAN_POINT('',(483.54744934578,-4.365095223862,
    3.891719400239E+03));
#3128 = CARTESIAN_POINT('',(483.5961919234,-4.617950906134,
    3.891620894149E+03));
#3129 = CARTESIAN_POINT('',(483.64708631,-4.865655606142,
    3.891517202115E+03));
#3130 = CARTESIAN_POINT('',(483.76692225458,-5.415797282269,
    3.891270883486E+03));
#3131 = CARTESIAN_POINT('',(483.83704269057,-5.715052026435,
    3.891125271782E+03));
#3132 = CARTESIAN_POINT('',(483.90982689672,-6.005853603553,
    3.890972381505E+03));
#3133 = CARTESIAN_POINT('',(483.98486640701,-6.288232457654,
    3.890812732724E+03));
#3134 = CARTESIAN_POINT('',(484.0617722805,-6.562236464287,
    3.89064681085E+03));
#3135 = CARTESIAN_POINT('',(484.140176434,-6.827930705923,
    3.890475067188E+03));
#3136 = CARTESIAN_POINT('',(484.27980334389,-7.279801252621,
    3.890164161444E+03));
#3137 = CARTESIAN_POINT('',(484.34053994204,-7.469544492569,
    3.89002730156E+03));
#3138 = CARTESIAN_POINT('',(484.4018019719,-7.654684178934,
    3.889887500982E+03));
#3139 = CARTESIAN_POINT('',(484.46345580897,-7.835279072679,
    3.889744907623E+03));
#3140 = CARTESIAN_POINT('',(484.52537500161,-8.011389483996,
    3.88959965617E+03));
#3141 = CARTESIAN_POINT('',(484.58744027104,-8.18307727231,
    3.88945186808E+03));
#3142 = CARTESIAN_POINT('',(484.69624860321,-8.476265127358,
    3.88918866347E+03));
#3143 = CARTESIAN_POINT('',(484.74297639456,-8.599656975428,
    3.889074302489E+03));
#3144 = CARTESIAN_POINT('',(484.78967490024,-8.720607499021,
    3.888958615197E+03));
#3145 = CARTESIAN_POINT('',(484.83629765475,-8.839141887304,
    3.888841645321E+03));
#3146 = CARTESIAN_POINT('',(484.88279971216,-8.955284410078,
    3.888723433762E+03));
#3147 = CARTESIAN_POINT('',(484.92913764612,-9.069058417776,
    3.888604018595E+03));
#3148 = CARTESIAN_POINT('',(485.011688467,-9.268453322706,
    3.888388240177E+03));
#3149 = CARTESIAN_POINT('',(485.0479788692,-9.354957994934,
    3.888292317361E+03));
#3150 = CARTESIAN_POINT('',(485.08412007462,-9.440011298565,
    3.888195684076E+03));
#3151 = CARTESIAN_POINT('',(485.12009181742,-9.523623662889,
    3.888098357037E+03));
#3152 = CARTESIAN_POINT('',(485.15587424784,-9.605805006072,
    3.888000352213E+03));
#3153 = CARTESIAN_POINT('',(485.1914479322,-9.686564735154,
    3.887901684829E+03));
#3154 = CARTESIAN_POINT('',(485.32473508247,-9.98577711265,
    3.887527172738E+03));
#3155 = CARTESIAN_POINT('',(485.42093777777,-10.19481902571,
    3.887246971409E+03));
#3156 = CARTESIAN_POINT('',(485.51498685212,-10.39320146145,
    3.886962097959E+03));
#3157 = CARTESIAN_POINT('',(485.60649048405,-10.58106838852,
    3.886672849007E+03));
#3158 = CARTESIAN_POINT('',(485.69507900451,-10.75854433596,
    3.886379485203E+03));
#3159 = CARTESIAN_POINT('',(485.78040378417,-10.92573496116,
    3.886082231209E+03));
#3160 = CARTESIAN_POINT('',(485.96210456459,-11.27474845438,
    3.885413171007E+03));
#3161 = CARTESIAN_POINT('',(486.05670895293,-11.45153247678,
    3.885039490946E+03));
#3162 = CARTESIAN_POINT('',(486.14529376118,-11.61313235821,
    3.884660766711E+03));
#3163 = CARTESIAN_POINT('',(486.22725654797,-11.75958988257,
    3.884277493217E+03));
#3164 = CARTESIAN_POINT('',(486.30205245678,-11.89093168718,
    3.883890129421E+03));
#3165 = CARTESIAN_POINT('',(486.36919871765,-12.00716500555,
    3.883499098672E+03));
#3166 = CARTESIAN_POINT('',(486.49354363077,-12.21996500531,
    3.882669206355E+03));
#3167 = CARTESIAN_POINT('',(486.54896308362,-12.31319571498,
    3.882229636481E+03));
#3168 = CARTESIAN_POINT('',(486.593931085,-12.38786580601,
    3.881786908797E+03));
#3169 = CARTESIAN_POINT('',(486.62797940614,-12.4439136709,
    3.881341817912E+03));
#3170 = CARTESIAN_POINT('',(486.65078963039,-12.4813001742,
    3.880895133607E+03));
#3171 = CARTESIAN_POINT('',(486.66219875145,-12.5,3.880447610868E+03));
#3172 = CARTESIAN_POINT('',(486.66219875145,-12.5,3.879553322462E+03));
#3173 = CARTESIAN_POINT('',(486.65083715978,-12.48137807604,
    3.879106732178E+03));
#3174 = CARTESIAN_POINT('',(486.6281218985,-12.44414721926,
    3.878660975035E+03));
#3175 = CARTESIAN_POINT('',(486.59421462806,-12.38833255071,
    3.878216801544E+03));
#3176 = CARTESIAN_POINT('',(486.54943116565,-12.31397295185,
    3.877774976863E+03));
#3177 = CARTESIAN_POINT('',(486.49423595414,-12.22112961516,
    3.877336290727E+03));
#3178 = CARTESIAN_POINT('',(486.37020162106,-12.00889941555,
    3.876506811099E+03));
#3179 = CARTESIAN_POINT('',(486.30308550309,-11.89274123077,
    3.876115335314E+03));
#3180 = CARTESIAN_POINT('',(486.22829906876,-11.76144365799,
    3.875727529188E+03));
#3181 = CARTESIAN_POINT('',(486.14632608199,-11.6149996507,
    3.875343817362E+03));
#3182 = CARTESIAN_POINT('',(486.05771269961,-11.45338270506,
    3.874964660197E+03));
#3183 = CARTESIAN_POINT('',(485.96306294151,-11.27655114646,
    3.874590554119E+03));
#3184 = CARTESIAN_POINT('',(485.66456830254,-10.70331171664,
    3.873490851742E+03));
#3185 = CARTESIAN_POINT('',(485.44519566872,-10.26258536632,
    3.872782643352E+03));
#3186 = CARTESIAN_POINT('',(485.20950872605,-9.760915090097,
    3.872099104127E+03));
#3187 = CARTESIAN_POINT('',(484.96254671278,-9.195784703392,
    3.871443261615E+03));
#3188 = CARTESIAN_POINT('',(484.71016200073,-8.563892875549,
    3.870819910094E+03));
#3189 = CARTESIAN_POINT('',(484.45958602,-7.861598972991,
    3.870236165309E+03));
#3190 = CARTESIAN_POINT('',(484.14086498786,-6.830168191677,
    3.869526463838E+03));
#3191 = CARTESIAN_POINT('',(484.06306018299,-6.566608524575,
    3.869356008882E+03));
#3192 = CARTESIAN_POINT('',(483.98672775372,-6.294869043146,
    3.869191282443E+03));
#3193 = CARTESIAN_POINT('',(483.91222689364,-6.014885455964,
    3.869032724688E+03));
#3194 = CARTESIAN_POINT('',(483.83993705732,-5.726610078132,
    3.86888080895E+03));
#3195 = CARTESIAN_POINT('',(483.77025669294,-5.430012044974,
    3.86873604225E+03));
#3196 = CARTESIAN_POINT('',(483.65058655063,-4.88254056299,
    3.868489938805E+03));
#3197 = CARTESIAN_POINT('',(483.59947817574,-4.634697577955,
    3.868385762449E+03));
#3198 = CARTESIAN_POINT('',(483.55051807085,-4.381680296998,
    3.8682867752E+03));
#3199 = CARTESIAN_POINT('',(483.50394523432,-4.123632426979,
    3.868193307237E+03));
#3200 = CARTESIAN_POINT('',(483.45999475048,-3.860709691279,
    3.868105681232E+03));
#3201 = CARTESIAN_POINT('',(483.41889609792,-3.59307986584,
    3.868024213112E+03));
#3202 = CARTESIAN_POINT('',(483.36039872439,-3.174391546901,
    3.867908832136E+03));
#3203 = CARTESIAN_POINT('',(483.34081971555,-3.026567059808,
    3.867870331659E+03));
#3204 = CARTESIAN_POINT('',(483.322172846,-2.877506882437,
    3.867833766762E+03));
#3205 = CARTESIAN_POINT('',(483.30449444884,-2.727269522745,
    3.867799189698E+03));
#3206 = CARTESIAN_POINT('',(483.28781877559,-2.575914468121,
    3.86776664961E+03));
#3207 = CARTESIAN_POINT('',(483.27217799619,-2.423502185391,
    3.867736192522E+03));
#3208 = CARTESIAN_POINT('',(483.22762754062,-1.954615368342,
    3.867649599193E+03));
#3209 = CARTESIAN_POINT('',(483.20214437908,-1.634798434617,
    3.867600304578E+03));
#3210 = CARTESIAN_POINT('',(483.18144886391,-1.311473568701,
    3.867560418905E+03));
#3211 = CARTESIAN_POINT('',(483.16576813526,-0.98547971707,
    3.867530274446E+03));
#3212 = CARTESIAN_POINT('',(483.15525789869,-0.657664324856,
    3.867510095575E+03));
#3213 = CARTESIAN_POINT('',(483.15,-0.3288831371,3.8675E+03));
#3214 = CARTESIAN_POINT('',(483.15,0.328672130465,3.8675E+03));
#3215 = CARTESIAN_POINT('',(483.15525114797,0.657231331865,
    3.867510082646E+03));
#3216 = CARTESIAN_POINT('',(483.16574726895,0.984819235509,
    3.867530234406E+03));
#3217 = CARTESIAN_POINT('',(483.18140644959,1.31058562313,
    3.867560337348E+03));
#3218 = CARTESIAN_POINT('',(483.20207348021,1.633688647694,
    3.867600167899E+03));
#3219 = CARTESIAN_POINT('',(483.22752229695,1.953295054202,
    3.867649395605E+03));
#3220 = CARTESIAN_POINT('',(483.27182302591,2.419867456996,
    3.867735502097E+03));
#3221 = CARTESIAN_POINT('',(483.2872234893,2.570186969687,
    3.867765489972E+03));
#3222 = CARTESIAN_POINT('',(483.30363096954,2.719479832746,
    3.867797504369E+03));
#3223 = CARTESIAN_POINT('',(483.32101464315,2.867687865155,
    3.867831501179E+03));
#3224 = CARTESIAN_POINT('',(483.33934170771,3.014753810705,
    3.867867433336E+03));
#3225 = CARTESIAN_POINT('',(483.35857738189,3.160621337999,
    3.867905250809E+03));
#3226 = CARTESIAN_POINT('',(483.41648979332,3.577128534372,
    3.868019447643E+03));
#3227 = CARTESIAN_POINT('',(483.45736724911,3.844521453991,
    3.868100452953E+03));
#3228 = CARTESIAN_POINT('',(483.50109649192,4.107233208567,
    3.868187608412E+03));
#3229 = CARTESIAN_POINT('',(483.54744934578,4.365095223862,
    3.868280599761E+03));
#3230 = CARTESIAN_POINT('',(483.5961919234,4.617950906134,
    3.868379105851E+03));
#3231 = CARTESIAN_POINT('',(483.64708631,4.865655606143,
    3.868482797885E+03));
#3232 = CARTESIAN_POINT('',(483.76692225458,5.415797282253,
    3.868729116514E+03));
#3233 = CARTESIAN_POINT('',(483.83704269057,5.715052026434,
    3.868874728218E+03));
#3234 = CARTESIAN_POINT('',(483.90982689672,6.005853603566,
    3.869027618495E+03));
#3235 = CARTESIAN_POINT('',(483.98486640702,6.288232457666,
    3.869187267276E+03));
#3236 = CARTESIAN_POINT('',(484.0617722805,6.562236464286,
    3.86935318915E+03));
#3237 = CARTESIAN_POINT('',(484.140176434,6.827930705911,
    3.869524932812E+03));
#3238 = CARTESIAN_POINT('',(484.27980334389,7.279801252621,
    3.869835838556E+03));
#3239 = CARTESIAN_POINT('',(484.34053994204,7.46954449257,
    3.86997269844E+03));
#3240 = CARTESIAN_POINT('',(484.4018019719,7.654684178935,
    3.870112499018E+03));
#3241 = CARTESIAN_POINT('',(484.46345580897,7.835279072679,
    3.870255092377E+03));
#3242 = CARTESIAN_POINT('',(484.52537500161,8.011389483997,
    3.87040034383E+03));
#3243 = CARTESIAN_POINT('',(484.58744027104,8.183077272311,
    3.87054813192E+03));
#3244 = CARTESIAN_POINT('',(484.69624860321,8.476265127358,
    3.87081133653E+03));
#3245 = CARTESIAN_POINT('',(484.74297639456,8.599656975429,
    3.870925697511E+03));
#3246 = CARTESIAN_POINT('',(484.78967490024,8.720607499022,
    3.871041384803E+03));
#3247 = CARTESIAN_POINT('',(484.83629765475,8.839141887304,
    3.871158354679E+03));
#3248 = CARTESIAN_POINT('',(484.88279971216,8.955284410078,
    3.871276566238E+03));
#3249 = CARTESIAN_POINT('',(484.92913764612,9.069058417777,
    3.871395981405E+03));
#3250 = CARTESIAN_POINT('',(485.011688467,9.268453322707,
    3.871611759823E+03));
#3251 = CARTESIAN_POINT('',(485.0479788692,9.354957994934,
    3.871707682639E+03));
#3252 = CARTESIAN_POINT('',(485.08412007462,9.440011298566,
    3.871804315924E+03));
#3253 = CARTESIAN_POINT('',(485.12009181742,9.52362366289,
    3.871901642963E+03));
#3254 = CARTESIAN_POINT('',(485.15587424784,9.605805006072,
    3.871999647787E+03));
#3255 = CARTESIAN_POINT('',(485.1914479322,9.686564735155,
    3.872098315171E+03));
#3256 = CARTESIAN_POINT('',(485.32473508245,9.985777112605,
    3.872472827262E+03));
#3257 = CARTESIAN_POINT('',(485.42093777777,10.19481902571,
    3.872753028591E+03));
#3258 = CARTESIAN_POINT('',(485.51498685214,10.393201461492,
    3.873037902041E+03));
#3259 = CARTESIAN_POINT('',(485.60649048406,10.581068388558,
    3.873327150993E+03));
#3260 = CARTESIAN_POINT('',(485.69507900451,10.758544335954,
    3.873620514797E+03));
#3261 = CARTESIAN_POINT('',(485.78040378415,10.925734961129,
    3.873917768791E+03));
#3262 = CARTESIAN_POINT('',(485.9621045646,11.274748454411,
    3.874586828993E+03));
#3263 = CARTESIAN_POINT('',(486.05670895293,11.451532476783,
    3.874960509054E+03));
#3264 = CARTESIAN_POINT('',(486.14529376117,11.613132358203,
    3.875339233288E+03));
#3265 = CARTESIAN_POINT('',(486.22725654797,11.759589882565,
    3.875722506783E+03));
#3266 = CARTESIAN_POINT('',(486.30205245678,11.890931687194,
    3.876109870579E+03));
#3267 = CARTESIAN_POINT('',(486.36919871766,12.007165005567,
    3.876500901328E+03));
#3268 = CARTESIAN_POINT('',(486.49354363077,12.219965005317,
    3.877330793645E+03));
#3269 = CARTESIAN_POINT('',(486.54896308362,12.313195714983,
    3.877770363519E+03));
#3270 = CARTESIAN_POINT('',(486.593931085,12.387865806019,
    3.878213091203E+03));
#3271 = CARTESIAN_POINT('',(486.62797940614,12.4439136709,
    3.878658182088E+03));
#3272 = CARTESIAN_POINT('',(486.65078963039,12.481300174207,
    3.879104866393E+03));
#3273 = CARTESIAN_POINT('',(486.66219875145,12.5,3.879552389132E+03));
#3274 = CARTESIAN_POINT('',(486.66219875145,12.5,3.880446677538E+03));
#3275 = CARTESIAN_POINT('',(486.65083715978,12.48137807604,
    3.880893267822E+03));
#3276 = CARTESIAN_POINT('',(486.6281218985,12.444147219267,
    3.881339024965E+03));
#3277 = CARTESIAN_POINT('',(486.59421462806,12.388332550718,
    3.881783198456E+03));
#3278 = CARTESIAN_POINT('',(486.54943116565,12.313972951854,
    3.882225023137E+03));
#3279 = CARTESIAN_POINT('',(486.49423595414,12.221129615162,
    3.882663709273E+03));
#3280 = CARTESIAN_POINT('',(486.37020162106,12.008899415552,
    3.883493188901E+03));
#3281 = CARTESIAN_POINT('',(486.30308550309,11.892741230779,
    3.883884664686E+03));
#3282 = CARTESIAN_POINT('',(486.22829906876,11.761443657994,
    3.884272470812E+03));
#3283 = CARTESIAN_POINT('',(486.14632608199,11.614999650704,
    3.884656182638E+03));
#3284 = CARTESIAN_POINT('',(486.05771269961,11.453382705061,
    3.885035339803E+03));
#3285 = CARTESIAN_POINT('',(485.96306294151,11.276551146464,
    3.885409445881E+03));
#3286 = CARTESIAN_POINT('',(485.66456830254,10.703311716648,
    3.886509148258E+03));
#3287 = CARTESIAN_POINT('',(485.44519566872,10.262585366326,
    3.887217356648E+03));
#3288 = CARTESIAN_POINT('',(485.20950872605,9.760915090093,
    3.887900895873E+03));
#3289 = CARTESIAN_POINT('',(484.96254671278,9.195784703401,
    3.888556738385E+03));
#3290 = CARTESIAN_POINT('',(484.71016200073,8.563892875545,
    3.889180089906E+03));
#3291 = CARTESIAN_POINT('',(484.45958602,7.861598972993,
    3.889763834691E+03));
#3292 = CARTESIAN_POINT('',(484.14086498787,6.83016819168,
    3.890473536162E+03));
#3293 = CARTESIAN_POINT('',(484.06306018299,6.566608524578,
    3.890643991118E+03));
#3294 = CARTESIAN_POINT('',(483.98672775372,6.294869043147,
    3.890808717557E+03));
#3295 = CARTESIAN_POINT('',(483.91222689364,6.014885455965,
    3.890967275312E+03));
#3296 = CARTESIAN_POINT('',(483.83993705732,5.726610078135,
    3.89111919105E+03));
#3297 = CARTESIAN_POINT('',(483.77025669294,5.430012044978,
    3.89126395775E+03));
#3298 = CARTESIAN_POINT('',(483.65058655063,4.882540563002,
    3.891510061195E+03));
#3299 = CARTESIAN_POINT('',(483.59947817574,4.63469757796,
    3.891614237551E+03));
#3300 = CARTESIAN_POINT('',(483.55051807084,4.381680296995,
    3.8917132248E+03));
#3301 = CARTESIAN_POINT('',(483.50394523432,4.123632426975,
    3.891806692763E+03));
#3302 = CARTESIAN_POINT('',(483.45999475048,3.860709691284,
    3.891894318768E+03));
#3303 = CARTESIAN_POINT('',(483.41889609792,3.593079865853,
    3.891975786888E+03));
#3304 = CARTESIAN_POINT('',(483.31834418189,2.873390926868,
    3.892174116788E+03));
#3305 = CARTESIAN_POINT('',(483.26403586523,2.412950330744,
    3.892280141198E+03));
#3306 = CARTESIAN_POINT('',(483.21919593861,1.941886386381,
    3.892366960642E+03));
#3307 = CARTESIAN_POINT('',(483.18482507051,1.462583604218,
    3.892433135892E+03));
#3308 = CARTESIAN_POINT('',(483.16163023671,0.977498562171,
    3.892477669932E+03));
#3309 = CARTESIAN_POINT('',(483.15,0.489131986937,3.8925E+03));
#3310 = CARTESIAN_POINT('',(483.15,3.552713678801E-15,3.8925E+03));
#3311 = PCURVE('',#3090,#3312);
#3312 = DEFINITIONAL_REPRESENTATION('',(#3313),#3508);
#3313 = B_SPLINE_CURVE_WITH_KNOTS('',7,(#3314,#3315,#3316,#3317,#3318,
    #3319,#3320,#3321,#3322,#3323,#3324,#3325,#3326,#3327,#3328,#3329,
    #3330,#3331,#3332,#3333,#3334,#3335,#3336,#3337,#3338,#3339,#3340,
    #3341,#3342,#3343,#3344,#3345,#3346,#3347,#3348,#3349,#3350,#3351,
    #3352,#3353,#3354,#3355,#3356,#3357,#3358,#3359,#3360,#3361,#3362,
    #3363,#3364,#3365,#3366,#3367,#3368,#3369,#3370,#3371,#3372,#3373,
    #3374,#3375,#3376,#3377,#3378,#3379,#3380,#3381,#3382,#3383,#3384,
    #3385,#3386,#3387,#3388,#3389,#3390,#3391,#3392,#3393,#3394,#3395,
    #3396,#3397,#3398,#3399,#3400,#3401,#3402,#3403,#3404,#3405,#3406,
    #3407,#3408,#3409,#3410,#3411,#3412,#3413,#3414,#3415,#3416,#3417,
    #3418,#3419,#3420,#3421,#3422,#3423,#3424,#3425,#3426,#3427,#3428,
    #3429,#3430,#3431,#3432,#3433,#3434,#3435,#3436,#3437,#3438,#3439,
    #3440,#3441,#3442,#3443,#3444,#3445,#3446,#3447,#3448,#3449,#3450,
    #3451,#3452,#3453,#3454,#3455,#3456,#3457,#3458,#3459,#3460,#3461,
    #3462,#3463,#3464,#3465,#3466,#3467,#3468,#3469,#3470,#3471,#3472,
    #3473,#3474,#3475,#3476,#3477,#3478,#3479,#3480,#3481,#3482,#3483,
    #3484,#3485,#3486,#3487,#3488,#3489,#3490,#3491,#3492,#3493,#3494,
    #3495,#3496,#3497,#3498,#3499,#3500,#3501,#3502,#3503,#3504,#3505,
    #3506,#3507),.UNSPECIFIED.,.F.,.F.,(8,6,6,6,6,6,6,6,6,6,6,6,6,6,6,6,
    6,6,6,6,6,6,6,6,6,6,6,6,6,6,6,6,8),(0.,3.470814703092E-02,
    5.588259628849E-02,8.276070068946E-02,0.103055419842,0.118320468134,
    0.13037148885,0.163764077399,0.204607215666,0.249725475543,
    0.294749657711,0.335634442275,0.416753434386,0.443458970378,
    0.464699857124,0.47613609979,0.499654365137,0.523157541507,
    0.534435345608,0.555639156235,0.582554530929,0.602877391579,
    0.618163607019,0.630231338179,0.663670230266,0.704570003307,
    0.749750826022,0.794837440577,0.835778917668,0.917010392718,
    0.943752959707,0.96502329994,1.),.UNSPECIFIED.);
#3314 = CARTESIAN_POINT('',(0.,416.));
#3315 = CARTESIAN_POINT('',(3.893752046164E-02,416.));
#3316 = CARTESIAN_POINT('',(7.781253066852E-02,416.01151577112));
#3317 = CARTESIAN_POINT('',(0.116523776415,416.03448064238));
#3318 = CARTESIAN_POINT('',(0.154969746799,416.06851248067));
#3319 = CARTESIAN_POINT('',(0.193044194685,416.11291805643));
#3320 = CARTESIAN_POINT('',(0.23063140721,416.16671693667));
#3321 = CARTESIAN_POINT('',(0.290155457106,416.26648979332));
#3322 = CARTESIAN_POINT('',(0.31249907384,416.30736724911));
#3323 = CARTESIAN_POINT('',(0.334630357595,416.35109649192));
#3324 = CARTESIAN_POINT('',(0.35654682851,416.39744934578));
#3325 = CARTESIAN_POINT('',(0.378245199786,416.4461919234));
#3326 = CARTESIAN_POINT('',(0.399721331676,416.49708631));
#3327 = CARTESIAN_POINT('',(0.447942736416,416.61692225458));
#3328 = CARTESIAN_POINT('',(0.47455325109,416.68704269057));
#3329 = CARTESIAN_POINT('',(0.500816531774,416.75982689672));
#3330 = CARTESIAN_POINT('',(0.526746019595,416.83486640701));
#3331 = CARTESIAN_POINT('',(0.552354238351,416.9117722805));
#3332 = CARTESIAN_POINT('',(0.577653238317,416.990176434));
#3333 = CARTESIAN_POINT('',(0.62153302851,417.12980334389));
#3334 = CARTESIAN_POINT('',(0.640244558844,417.19053994204));
#3335 = CARTESIAN_POINT('',(0.658796938215,417.2518019719));
#3336 = CARTESIAN_POINT('',(0.677197487681,417.31345580897));
#3337 = CARTESIAN_POINT('',(0.695453542199,417.37537500161));
#3338 = CARTESIAN_POINT('',(0.713572450629,417.43744027104));
#3339 = CARTESIAN_POINT('',(0.745092428815,417.54624860321));
#3340 = CARTESIAN_POINT('',(0.758549775189,417.59297639456));
#3341 = CARTESIAN_POINT('',(0.771936699537,417.63967490024));
#3342 = CARTESIAN_POINT('',(0.78525622063,417.68629765475));
#3343 = CARTESIAN_POINT('',(0.798511291315,417.73279971216));
#3344 = CARTESIAN_POINT('',(0.811704798519,417.77913764612));
#3345 = CARTESIAN_POINT('',(0.835208827649,417.861688467));
#3346 = CARTESIAN_POINT('',(0.845541469686,417.8979788692));
#3347 = CARTESIAN_POINT('',(0.855838871756,417.93412007462));
#3348 = CARTESIAN_POINT('',(0.866102383173,417.97009181742));
#3349 = CARTESIAN_POINT('',(0.876333320171,418.00587424784));
#3350 = CARTESIAN_POINT('',(0.886532965901,418.0414479322));
#3351 = CARTESIAN_POINT('',(0.924881878051,418.17473508247));
#3352 = CARTESIAN_POINT('',(0.952833522631,418.27093777777));
#3353 = CARTESIAN_POINT('',(0.980581431929,418.36498685212));
#3354 = CARTESIAN_POINT('',(1.008148182043,418.45649048405));
#3355 = CARTESIAN_POINT('',(1.035555674302,418.54507900451));
#3356 = CARTESIAN_POINT('',(1.06282581216,418.63040378417));
#3357 = CARTESIAN_POINT('',(1.123195445479,418.81210456459));
#3358 = CARTESIAN_POINT('',(1.15624140322,418.90670895293));
#3359 = CARTESIAN_POINT('',(1.189143181545,418.99529376118));
#3360 = CARTESIAN_POINT('',(1.221924337831,419.07725654797));
#3361 = CARTESIAN_POINT('',(1.254608549924,419.15205245678));
#3362 = CARTESIAN_POINT('',(1.287220309453,419.21919871765));
#3363 = CARTESIAN_POINT('',(1.355759587492,419.34354363077));
#3364 = CARTESIAN_POINT('',(1.391675706566,419.39896308362));
#3365 = CARTESIAN_POINT('',(1.427543770439,419.443931085));
#3366 = CARTESIAN_POINT('',(1.463375891324,419.47797940614));
#3367 = CARTESIAN_POINT('',(1.499185640305,419.50078963039));
#3368 = CARTESIAN_POINT('',(1.534987457378,419.51219875145));
#3369 = CARTESIAN_POINT('',(1.606530529848,419.51219875145));
#3370 = CARTESIAN_POINT('',(1.642257750489,419.50083715978));
#3371 = CARTESIAN_POINT('',(1.677992858302,419.4781218985));
#3372 = CARTESIAN_POINT('',(1.713750185127,419.44421462806));
#3373 = CARTESIAN_POINT('',(1.749543202025,419.39943116565));
#3374 = CARTESIAN_POINT('',(1.78538393452,419.34423595414));
#3375 = CARTESIAN_POINT('',(1.853879919106,419.22020162106));
#3376 = CARTESIAN_POINT('',(1.886524026689,419.15308550309));
#3377 = CARTESIAN_POINT('',(1.9192405059,419.07829906876));
#3378 = CARTESIAN_POINT('',(1.952053908268,418.99632608199));
#3379 = CARTESIAN_POINT('',(1.98498796557,418.90771269961));
#3380 = CARTESIAN_POINT('',(2.018066285609,418.81306294151));
#3381 = CARTESIAN_POINT('',(2.117277535337,418.51456830254));
#3382 = CARTESIAN_POINT('',(2.183815786223,418.29519566872));
#3383 = CARTESIAN_POINT('',(2.251326581651,418.05950872605));
#3384 = CARTESIAN_POINT('',(2.320193250501,417.81254671278));
#3385 = CARTESIAN_POINT('',(2.390804993943,417.56016200073));
#3386 = CARTESIAN_POINT('',(2.463561832067,417.30958602));
#3387 = CARTESIAN_POINT('',(2.563722523268,416.99086498786));
#3388 = CARTESIAN_POINT('',(2.588822386358,416.91306018299));
#3389 = CARTESIAN_POINT('',(2.614226524495,416.83672775372));
#3390 = CARTESIAN_POINT('',(2.639946765682,416.76222689364));
#3391 = CARTESIAN_POINT('',(2.66599539364,416.68993705732));
#3392 = CARTESIAN_POINT('',(2.692385575838,416.62025669294));
#3393 = CARTESIAN_POINT('',(2.740405033843,416.50058655063));
#3394 = CARTESIAN_POINT('',(2.761906332757,416.44947817574));
#3395 = CARTESIAN_POINT('',(2.783630706855,416.40051807085));
#3396 = CARTESIAN_POINT('',(2.805574073679,416.35394523432));
#3397 = CARTESIAN_POINT('',(2.827733205209,416.30999475048));
#3398 = CARTESIAN_POINT('',(2.850105683339,416.26889609792));
#3399 = CARTESIAN_POINT('',(2.884849332255,416.21039872439));
#3400 = CARTESIAN_POINT('',(2.897068579813,416.19081971555));
#3401 = CARTESIAN_POINT('',(2.909344937987,416.172172846));
#3402 = CARTESIAN_POINT('',(2.921675845564,416.15449444884));
#3403 = CARTESIAN_POINT('',(2.93405884017,416.13781877559));
#3404 = CARTESIAN_POINT('',(2.946491558263,416.12217799619));
#3405 = CARTESIAN_POINT('',(2.984636817624,416.07762754062));
#3406 = CARTESIAN_POINT('',(3.010512898934,416.05214437908));
#3407 = CARTESIAN_POINT('',(3.036555859473,416.03144886391));
#3408 = CARTESIAN_POINT('',(3.062724527407,416.01576813526));
#3409 = CARTESIAN_POINT('',(3.088979506277,416.00525789869));
#3410 = CARTESIAN_POINT('',(3.115282002622,416.));
#3411 = CARTESIAN_POINT('',(3.167886424027,416.));
#3412 = CARTESIAN_POINT('',(3.194171161548,416.00525114797));
#3413 = CARTESIAN_POINT('',(3.220407884134,416.01574726895));
#3414 = CARTESIAN_POINT('',(3.246558174291,416.03140644959));
#3415 = CARTESIAN_POINT('',(3.27258302119,416.05207348021));
#3416 = CARTESIAN_POINT('',(3.298441662803,416.07752229695));
#3417 = CARTESIAN_POINT('',(3.336397775153,416.12182302591));
#3418 = CARTESIAN_POINT('',(3.348659017456,416.1372234893));
#3419 = CARTESIAN_POINT('',(3.360871969124,416.15363096954));
#3420 = CARTESIAN_POINT('',(3.373034350816,416.17101464315));
#3421 = CARTESIAN_POINT('',(3.385143789676,416.18934170771));
#3422 = CARTESIAN_POINT('',(3.397197819332,416.20857738189));
#3423 = CARTESIAN_POINT('',(3.431748110696,416.26648979332));
#3424 = CARTESIAN_POINT('',(3.45409172743,416.30736724911));
#3425 = CARTESIAN_POINT('',(3.476223011184,416.35109649192));
#3426 = CARTESIAN_POINT('',(3.4981394821,416.39744934578));
#3427 = CARTESIAN_POINT('',(3.519837853376,416.4461919234));
#3428 = CARTESIAN_POINT('',(3.541313985266,416.49708631));
#3429 = CARTESIAN_POINT('',(3.589535390005,416.61692225458));
#3430 = CARTESIAN_POINT('',(3.61614590468,416.68704269057));
#3431 = CARTESIAN_POINT('',(3.642409185365,416.75982689672));
#3432 = CARTESIAN_POINT('',(3.668338673186,416.83486640702));
#3433 = CARTESIAN_POINT('',(3.693946891941,416.9117722805));
#3434 = CARTESIAN_POINT('',(3.719245891905,416.990176434));
#3435 = CARTESIAN_POINT('',(3.7631256821,417.12980334389));
#3436 = CARTESIAN_POINT('',(3.781837212433,417.19053994204));
#3437 = CARTESIAN_POINT('',(3.800389591804,417.2518019719));
#3438 = CARTESIAN_POINT('',(3.81879014127,417.31345580897));
#3439 = CARTESIAN_POINT('',(3.837046195789,417.37537500161));
#3440 = CARTESIAN_POINT('',(3.855165104219,417.43744027104));
#3441 = CARTESIAN_POINT('',(3.886685082405,417.54624860321));
#3442 = CARTESIAN_POINT('',(3.900142428779,417.59297639456));
#3443 = CARTESIAN_POINT('',(3.913529353127,417.63967490024));
#3444 = CARTESIAN_POINT('',(3.92684887422,417.68629765475));
#3445 = CARTESIAN_POINT('',(3.940103944905,417.73279971216));
#3446 = CARTESIAN_POINT('',(3.953297452109,417.77913764612));
#3447 = CARTESIAN_POINT('',(3.976801481238,417.861688467));
#3448 = CARTESIAN_POINT('',(3.987134123276,417.8979788692));
#3449 = CARTESIAN_POINT('',(3.997431525346,417.93412007462));
#3450 = CARTESIAN_POINT('',(4.007695036763,417.97009181742));
#3451 = CARTESIAN_POINT('',(4.017925973761,418.00587424784));
#3452 = CARTESIAN_POINT('',(4.02812561949,418.0414479322));
#3453 = CARTESIAN_POINT('',(4.066474531635,418.17473508245));
#3454 = CARTESIAN_POINT('',(4.094426176221,418.27093777777));
#3455 = CARTESIAN_POINT('',(4.122174085524,418.36498685214));
#3456 = CARTESIAN_POINT('',(4.149740835637,418.45649048406));
#3457 = CARTESIAN_POINT('',(4.177148327892,418.54507900451));
#3458 = CARTESIAN_POINT('',(4.204418465745,418.63040378415));
#3459 = CARTESIAN_POINT('',(4.264788099073,418.8121045646));
#3460 = CARTESIAN_POINT('',(4.297834056811,418.90670895293));
#3461 = CARTESIAN_POINT('',(4.330735835132,418.99529376117));
#3462 = CARTESIAN_POINT('',(4.363516991418,419.07725654797));
#3463 = CARTESIAN_POINT('',(4.396201203514,419.15205245678));
#3464 = CARTESIAN_POINT('',(4.428812963047,419.21919871766));
#3465 = CARTESIAN_POINT('',(4.497352241082,419.34354363077));
#3466 = CARTESIAN_POINT('',(4.533268360156,419.39896308362));
#3467 = CARTESIAN_POINT('',(4.569136424029,419.443931085));
#3468 = CARTESIAN_POINT('',(4.604968544913,419.47797940614));
#3469 = CARTESIAN_POINT('',(4.640778293895,419.50078963039));
#3470 = CARTESIAN_POINT('',(4.676580110968,419.51219875145));
#3471 = CARTESIAN_POINT('',(4.748123183438,419.51219875145));
#3472 = CARTESIAN_POINT('',(4.783850404079,419.50083715978));
#3473 = CARTESIAN_POINT('',(4.819585511892,419.4781218985));
#3474 = CARTESIAN_POINT('',(4.855342838716,419.44421462806));
#3475 = CARTESIAN_POINT('',(4.891135855615,419.39943116565));
#3476 = CARTESIAN_POINT('',(4.92697658811,419.34423595414));
#3477 = CARTESIAN_POINT('',(4.995472572696,419.22020162106));
#3478 = CARTESIAN_POINT('',(5.028116680279,419.15308550309));
#3479 = CARTESIAN_POINT('',(5.06083315949,419.07829906876));
#3480 = CARTESIAN_POINT('',(5.093646561858,418.99632608199));
#3481 = CARTESIAN_POINT('',(5.12658061916,418.90771269961));
#3482 = CARTESIAN_POINT('',(5.159658939199,418.81306294151));
#3483 = CARTESIAN_POINT('',(5.258870188927,418.51456830254));
#3484 = CARTESIAN_POINT('',(5.325408439812,418.29519566872));
#3485 = CARTESIAN_POINT('',(5.392919235243,418.05950872605));
#3486 = CARTESIAN_POINT('',(5.461785904089,417.81254671278));
#3487 = CARTESIAN_POINT('',(5.532397647534,417.56016200073));
#3488 = CARTESIAN_POINT('',(5.605154485656,417.30958602));
#3489 = CARTESIAN_POINT('',(5.705315176858,416.99086498787));
#3490 = CARTESIAN_POINT('',(5.730415039948,416.91306018299));
#3491 = CARTESIAN_POINT('',(5.755819178084,416.83672775372));
#3492 = CARTESIAN_POINT('',(5.781539419272,416.76222689364));
#3493 = CARTESIAN_POINT('',(5.80758804723,416.68993705732));
#3494 = CARTESIAN_POINT('',(5.833978229427,416.62025669294));
#3495 = CARTESIAN_POINT('',(5.881997687432,416.50058655063));
#3496 = CARTESIAN_POINT('',(5.903498986346,416.44947817574));
#3497 = CARTESIAN_POINT('',(5.925223360445,416.40051807084));
#3498 = CARTESIAN_POINT('',(5.947166727269,416.35394523432));
#3499 = CARTESIAN_POINT('',(5.969325858798,416.30999475048));
#3500 = CARTESIAN_POINT('',(5.991698336928,416.26889609792));
#3501 = CARTESIAN_POINT('',(6.051419658717,416.16834418189));
#3502 = CARTESIAN_POINT('',(6.089184588132,416.11403586523));
#3503 = CARTESIAN_POINT('',(6.127444327653,416.06919593861));
#3504 = CARTESIAN_POINT('',(6.166080748577,416.03482507051));
#3505 = CARTESIAN_POINT('',(6.204985424354,416.01163023671));
#3506 = CARTESIAN_POINT('',(6.244054748225,416.));
#3507 = CARTESIAN_POINT('',(6.28318530718,416.));
#3508 = ( GEOMETRIC_REPRESENTATION_CONTEXT(2) 
PARAMETRIC_REPRESENTATION_CONTEXT() REPRESENTATION_CONTEXT('2D SPACE',''
  ) );
#3509 = PCURVE('',#3510,#3515);
#3510 = CYLINDRICAL_SURFACE('',#3511,24.);
#3511 = AXIS2_PLACEMENT_3D('',#3512,#3513,#3514);
#3512 = CARTESIAN_POINT('',(507.15,0.,3.86E+03));
#3513 = DIRECTION('',(0.,0.,1.));
#3514 = DIRECTION('',(1.,0.,-0.));
#3515 = DEFINITIONAL_REPRESENTATION('',(#3516),#3711);
#3516 = B_SPLINE_CURVE_WITH_KNOTS('',7,(#3517,#3518,#3519,#3520,#3521,
    #3522,#3523,#3524,#3525,#3526,#3527,#3528,#3529,#3530,#3531,#3532,
    #3533,#3534,#3535,#3536,#3537,#3538,#3539,#3540,#3541,#3542,#3543,
    #3544,#3545,#3546,#3547,#3548,#3549,#3550,#3551,#3552,#3553,#3554,
    #3555,#3556,#3557,#3558,#3559,#3560,#3561,#3562,#3563,#3564,#3565,
    #3566,#3567,#3568,#3569,#3570,#3571,#3572,#3573,#3574,#3575,#3576,
    #3577,#3578,#3579,#3580,#3581,#3582,#3583,#3584,#3585,#3586,#3587,
    #3588,#3589,#3590,#3591,#3592,#3593,#3594,#3595,#3596,#3597,#3598,
    #3599,#3600,#3601,#3602,#3603,#3604,#3605,#3606,#3607,#3608,#3609,
    #3610,#3611,#3612,#3613,#3614,#3615,#3616,#3617,#3618,#3619,#3620,
    #3621,#3622,#3623,#3624,#3625,#3626,#3627,#3628,#3629,#3630,#3631,
    #3632,#3633,#3634,#3635,#3636,#3637,#3638,#3639,#3640,#3641,#3642,
    #3643,#3644,#3645,#3646,#3647,#3648,#3649,#3650,#3651,#3652,#3653,
    #3654,#3655,#3656,#3657,#3658,#3659,#3660,#3661,#3662,#3663,#3664,
    #3665,#3666,#3667,#3668,#3669,#3670,#3671,#3672,#3673,#3674,#3675,
    #3676,#3677,#3678,#3679,#3680,#3681,#3682,#3683,#3684,#3685,#3686,
    #3687,#3688,#3689,#3690,#3691,#3692,#3693,#3694,#3695,#3696,#3697,
    #3698,#3699,#3700,#3701,#3702,#3703,#3704,#3705,#3706,#3707,#3708,
    #3709,#3710),.UNSPECIFIED.,.T.,.F.,(8,6,6,6,6,6,6,6,6,6,6,6,6,6,6,6,
    6,6,6,6,6,6,6,6,6,6,6,6,6,6,6,6,8),(0.,3.470814703092E-02,
    5.588259628849E-02,8.276070068946E-02,0.103055419842,0.118320468134,
    0.13037148885,0.163764077399,0.204607215666,0.249725475543,
    0.294749657711,0.335634442275,0.416753434386,0.443458970378,
    0.464699857124,0.47613609979,0.499654365137,0.523157541507,
    0.534435345608,0.555639156235,0.582554530929,0.602877391579,
    0.618163607019,0.630231338179,0.663670230266,0.704570003307,
    0.749750826022,0.794837440577,0.835778917668,0.917010392718,
    0.943752959707,0.96502329994,1.),.UNSPECIFIED.);
#3517 = CARTESIAN_POINT('',(3.14159265359,32.5));
#3518 = CARTESIAN_POINT('',(3.161872612164,32.5));
#3519 = CARTESIAN_POINT('',(3.182120017756,32.477889707697));
#3520 = CARTESIAN_POINT('',(3.202245512311,32.433797191141));
#3521 = CARTESIAN_POINT('',(3.222160215619,32.368276469856));
#3522 = CARTESIAN_POINT('',(3.241775217887,32.28230535969));
#3523 = CARTESIAN_POINT('',(3.261001441466,32.177293332552));
#3524 = CARTESIAN_POINT('',(3.291187753616,31.980552357087));
#3525 = CARTESIAN_POINT('',(3.302457528772,31.899547046576));
#3526 = CARTESIAN_POINT('',(3.313552924493,31.812391587509));
#3527 = CARTESIAN_POINT('',(3.324467791513,31.71940023867));
#3528 = CARTESIAN_POINT('',(3.335196111632,31.620894148628));
#3529 = CARTESIAN_POINT('',(3.345732005328,31.517202114742));
#3530 = CARTESIAN_POINT('',(3.369192096937,31.270883486381));
#3531 = CARTESIAN_POINT('',(3.381997195331,31.125271782053));
#3532 = CARTESIAN_POINT('',(3.394485461375,30.972381505427));
#3533 = CARTESIAN_POINT('',(3.406657400831,30.812732724423));
#3534 = CARTESIAN_POINT('',(3.418513695491,30.646810850149));
#3535 = CARTESIAN_POINT('',(3.430055300262,30.475067188409));
#3536 = CARTESIAN_POINT('',(3.449761592657,30.164161443762));
#3537 = CARTESIAN_POINT('',(3.45806230845,30.027301560195));
#3538 = CARTESIAN_POINT('',(3.466187202429,29.887500982073));
#3539 = CARTESIAN_POINT('',(3.474137785321,29.744907623233));
#3540 = CARTESIAN_POINT('',(3.481915563781,29.599656169771));
#3541 = CARTESIAN_POINT('',(3.489522040403,29.451868080044));
#3542 = CARTESIAN_POINT('',(3.502552345058,29.18866346992));
#3543 = CARTESIAN_POINT('',(3.508049863447,29.074302489047));
#3544 = CARTESIAN_POINT('',(3.513451874048,28.958615196709));
#3545 = CARTESIAN_POINT('',(3.518758930258,28.841645320739));
#3546 = CARTESIAN_POINT('',(3.523971533693,28.723433762138));
#3547 = CARTESIAN_POINT('',(3.529090134194,28.604018595076));
#3548 = CARTESIAN_POINT('',(3.538082121961,28.388240176684));
#3549 = CARTESIAN_POINT('',(3.541990770611,28.292317360611));
#3550 = CARTESIAN_POINT('',(3.545841268065,28.195684076133));
#3551 = CARTESIAN_POINT('',(3.549633781632,28.098357036868));
#3552 = CARTESIAN_POINT('',(3.553368453646,28.00035221259));
#3553 = CARTESIAN_POINT('',(3.557045401465,27.901684829229));
#3554 = CARTESIAN_POINT('',(3.570693604902,27.527172737607));
#3555 = CARTESIAN_POINT('',(3.580281064916,27.246971409283));
#3556 = CARTESIAN_POINT('',(3.589427941757,26.962097959135));
#3557 = CARTESIAN_POINT('',(3.598134075533,26.672849007319));
#3558 = CARTESIAN_POINT('',(3.606398425233,26.379485203099));
#3559 = CARTESIAN_POINT('',(3.614219191756,26.082231209029));
#3560 = CARTESIAN_POINT('',(3.630614143133,25.413171006569));
#3561 = CARTESIAN_POINT('',(3.638968015515,25.039490945918));
#3562 = CARTESIAN_POINT('',(3.646646080227,24.660766711489));
#3563 = CARTESIAN_POINT('',(3.653638703408,24.277493216632));
#3564 = CARTESIAN_POINT('',(3.659936255767,23.890129421106));
#3565 = CARTESIAN_POINT('',(3.665529273162,23.499098672426));
#3566 = CARTESIAN_POINT('',(3.675798690518,22.669206354602));
#3567 = CARTESIAN_POINT('',(3.680317673745,22.229636481018));
#3568 = CARTESIAN_POINT('',(3.683949489762,21.786908797007));
#3569 = CARTESIAN_POINT('',(3.68668195606,21.341817911609));
#3570 = CARTESIAN_POINT('',(3.688506775236,20.895133607211));
#3571 = CARTESIAN_POINT('',(3.689419504557,20.447610867709));
#3572 = CARTESIAN_POINT('',(3.689419504557,19.553322461831));
#3573 = CARTESIAN_POINT('',(3.688510577581,19.10673217808));
#3574 = CARTESIAN_POINT('',(3.686693355462,18.660975035078));
#3575 = CARTESIAN_POINT('',(3.683972244718,18.216801544202));
#3576 = CARTESIAN_POINT('',(3.680355477381,17.774976863362));
#3577 = CARTESIAN_POINT('',(3.675855141161,17.336290726801));
#3578 = CARTESIAN_POINT('',(3.665612751252,16.506811099305));
#3579 = CARTESIAN_POINT('',(3.66002307265,16.115335313997));
#3580 = CARTESIAN_POINT('',(3.653727316723,15.727529188415));
#3581 = CARTESIAN_POINT('',(3.646734977257,15.343817362182));
#3582 = CARTESIAN_POINT('',(3.639055717132,14.964660196746));
#3583 = CARTESIAN_POINT('',(3.630699207215,14.590554118725));
#3584 = CARTESIAN_POINT('',(3.60377007912,13.490851741967));
#3585 = CARTESIAN_POINT('',(3.583260785063,12.782643351829));
#3586 = CARTESIAN_POINT('',(3.560175900862,12.099104126613));
#3587 = CARTESIAN_POINT('',(3.534497715052,11.443261614806));
#3588 = CARTESIAN_POINT('',(3.506174495985,10.819910094319));
#3589 = CARTESIAN_POINT('',(3.475134177314,10.23616530882));
#3590 = CARTESIAN_POINT('',(3.430152843358,9.526463837759));
#3591 = CARTESIAN_POINT('',(3.418703588982,9.356008882374));
#3592 = CARTESIAN_POINT('',(3.406944554552,9.191282442859));
#3593 = CARTESIAN_POINT('',(3.394874778999,9.032724687633));
#3594 = CARTESIAN_POINT('',(3.382493564331,8.88080894959));
#3595 = CARTESIAN_POINT('',(3.369800382161,8.736042249732));
#3596 = CARTESIAN_POINT('',(3.346450463705,8.489938804711));
#3597 = CARTESIAN_POINT('',(3.335907130187,8.385762449116));
#3598 = CARTESIAN_POINT('',(3.325170483022,8.286775200368));
#3599 = CARTESIAN_POINT('',(3.314246373898,8.193307237276));
#3600 = CARTESIAN_POINT('',(3.303140794794,8.105681232211));
#3601 = CARTESIAN_POINT('',(3.291859869923,8.024213112211));
#3602 = CARTESIAN_POINT('',(3.274245075245,7.908832135844));
#3603 = CARTESIAN_POINT('',(3.268032091207,7.870331659483));
#3604 = CARTESIAN_POINT('',(3.261773104997,7.833766761742));
#3605 = CARTESIAN_POINT('',(3.255470331584,7.799189698347));
#3606 = CARTESIAN_POINT('',(3.249125991479,7.766649610006));
#3607 = CARTESIAN_POINT('',(3.242742310726,7.736192522417));
#3608 = CARTESIAN_POINT('',(3.223117373081,7.649599193404));
#3609 = CARTESIAN_POINT('',(3.209750977619,7.600304578086));
#3610 = CARTESIAN_POINT('',(3.196254188359,7.560418905111));
#3611 = CARTESIAN_POINT('',(3.182658512948,7.530274446352));
#3612 = CARTESIAN_POINT('',(3.168995331895,7.510095575033));
#3613 = CARTESIAN_POINT('',(3.155296117636,7.5));
#3614 = CARTESIAN_POINT('',(3.127897981487,7.5));
#3615 = CARTESIAN_POINT('',(3.114208016829,7.510082645644));
#3616 = CARTESIAN_POINT('',(3.10055432247,7.530234405724));
#3617 = CARTESIAN_POINT('',(3.086968150006,7.560337347922));
#3618 = CARTESIAN_POINT('',(3.073480655522,7.600167898982));
#3619 = CARTESIAN_POINT('',(3.060123115347,7.649395604882));
#3620 = CARTESIAN_POINT('',(3.040595163442,7.735502097437));
#3621 = CARTESIAN_POINT('',(3.034299240476,7.765489972151));
#3622 = CARTESIAN_POINT('',(3.028041520354,7.797504368596));
#3623 = CARTESIAN_POINT('',(3.021824145325,7.831501179321));
#3624 = CARTESIAN_POINT('',(3.015649252448,7.867433335961));
#3625 = CARTESIAN_POINT('',(3.009518973591,7.905250809242));
#3626 = CARTESIAN_POINT('',(2.991997553564,8.019447642914));
#3627 = CARTESIAN_POINT('',(2.980727778408,8.100452953424));
#3628 = CARTESIAN_POINT('',(2.969632382687,8.187608412491));
#3629 = CARTESIAN_POINT('',(2.958717515667,8.280599761329));
#3630 = CARTESIAN_POINT('',(2.947989195547,8.379105851372));
#3631 = CARTESIAN_POINT('',(2.937453301852,8.482797885258));
#3632 = CARTESIAN_POINT('',(2.913993210243,8.729116513612));
#3633 = CARTESIAN_POINT('',(2.901188111848,8.874728217946));
#3634 = CARTESIAN_POINT('',(2.888699845804,9.027618494579));
#3635 = CARTESIAN_POINT('',(2.876527906348,9.187267275585));
#3636 = CARTESIAN_POINT('',(2.864671611689,9.353189149851));
#3637 = CARTESIAN_POINT('',(2.853130006918,9.524932811582));
#3638 = CARTESIAN_POINT('',(2.833423714522,9.835838556238));
#3639 = CARTESIAN_POINT('',(2.82512299873,9.972698439806));
#3640 = CARTESIAN_POINT('',(2.81699810475,10.112499017928));
#3641 = CARTESIAN_POINT('',(2.809047521859,10.255092376767));
#3642 = CARTESIAN_POINT('',(2.801269743399,10.400343830229));
#3643 = CARTESIAN_POINT('',(2.793663266777,10.548131919957));
#3644 = CARTESIAN_POINT('',(2.780632962122,10.81133653008));
#3645 = CARTESIAN_POINT('',(2.775135443733,10.925697510954));
#3646 = CARTESIAN_POINT('',(2.769733433131,11.041384803292));
#3647 = CARTESIAN_POINT('',(2.764426376922,11.158354679261));
#3648 = CARTESIAN_POINT('',(2.759213773487,11.276566237862));
#3649 = CARTESIAN_POINT('',(2.754095172985,11.395981404925));
#3650 = CARTESIAN_POINT('',(2.745103185219,11.611759823317));
#3651 = CARTESIAN_POINT('',(2.741194536568,11.70768263939));
#3652 = CARTESIAN_POINT('',(2.737344039114,11.804315923868));
#3653 = CARTESIAN_POINT('',(2.733551525547,11.901642963133));
#3654 = CARTESIAN_POINT('',(2.729816853533,11.999647787411));
#3655 = CARTESIAN_POINT('',(2.726139905715,12.098315170772));
#3656 = CARTESIAN_POINT('',(2.712491702279,12.472827262338));
#3657 = CARTESIAN_POINT('',(2.702904242264,12.75302859071));
#3658 = CARTESIAN_POINT('',(2.693757365421,13.037902040913));
#3659 = CARTESIAN_POINT('',(2.685051231645,13.327150992732));
#3660 = CARTESIAN_POINT('',(2.676786881947,13.620514796897));
#3661 = CARTESIAN_POINT('',(2.668966115425,13.91776879091));
#3662 = CARTESIAN_POINT('',(2.652571164046,14.586828993479));
#3663 = CARTESIAN_POINT('',(2.644217291665,14.960509054092));
#3664 = CARTESIAN_POINT('',(2.636539226954,15.339233288478));
#3665 = CARTESIAN_POINT('',(2.629546603772,15.722506783331));
#3666 = CARTESIAN_POINT('',(2.623249051412,16.109870578899));
#3667 = CARTESIAN_POINT('',(2.617656034017,16.500901327623));
#3668 = CARTESIAN_POINT('',(2.607386616661,17.330793645406));
#3669 = CARTESIAN_POINT('',(2.602867633434,17.770363518987));
#3670 = CARTESIAN_POINT('',(2.599235817418,18.213091202994));
#3671 = CARTESIAN_POINT('',(2.59650335112,18.65818208839));
#3672 = CARTESIAN_POINT('',(2.594678531944,19.10486639279));
#3673 = CARTESIAN_POINT('',(2.593765802623,19.552389132295));
#3674 = CARTESIAN_POINT('',(2.593765802623,20.446677538168));
#3675 = CARTESIAN_POINT('',(2.594674729599,20.89326782192));
#3676 = CARTESIAN_POINT('',(2.596491951718,21.339024964923));
#3677 = CARTESIAN_POINT('',(2.599213062462,21.783198455798));
#3678 = CARTESIAN_POINT('',(2.602829829798,22.225023136638));
#3679 = CARTESIAN_POINT('',(2.607330166018,22.663709273199));
#3680 = CARTESIAN_POINT('',(2.617572555928,23.493188900695));
#3681 = CARTESIAN_POINT('',(2.623162234529,23.884664686003));
#3682 = CARTESIAN_POINT('',(2.629457990457,24.272470811585));
#3683 = CARTESIAN_POINT('',(2.636450329923,24.656182637818));
#3684 = CARTESIAN_POINT('',(2.644129590048,25.035339803254));
#3685 = CARTESIAN_POINT('',(2.652486099965,25.409445881275));
#3686 = CARTESIAN_POINT('',(2.679415228059,26.509148258033));
#3687 = CARTESIAN_POINT('',(2.699924522116,27.217356648172));
#3688 = CARTESIAN_POINT('',(2.723009406317,27.900895873384));
#3689 = CARTESIAN_POINT('',(2.748687592127,28.556738385192));
#3690 = CARTESIAN_POINT('',(2.777010811195,29.180089905682));
#3691 = CARTESIAN_POINT('',(2.808051129866,29.763834691178));
#3692 = CARTESIAN_POINT('',(2.853032463822,30.473536162239));
#3693 = CARTESIAN_POINT('',(2.864481718197,30.643991117624));
#3694 = CARTESIAN_POINT('',(2.876240752628,30.80871755714));
#3695 = CARTESIAN_POINT('',(2.88831052818,30.967275312366));
#3696 = CARTESIAN_POINT('',(2.900691742848,31.119191050409));
#3697 = CARTESIAN_POINT('',(2.913384925018,31.263957750266));
#3698 = CARTESIAN_POINT('',(2.936734843474,31.510061195283));
#3699 = CARTESIAN_POINT('',(2.947278176993,31.614237550883));
#3700 = CARTESIAN_POINT('',(2.958014824158,31.713224799634));
#3701 = CARTESIAN_POINT('',(2.968938933281,31.806692762725));
#3702 = CARTESIAN_POINT('',(2.980044512385,31.894318767787));
#3703 = CARTESIAN_POINT('',(2.991325437256,31.975786887785));
#3704 = CARTESIAN_POINT('',(3.021603742904,32.174116787869));
#3705 = CARTESIAN_POINT('',(3.040917331338,32.280141197594));
#3706 = CARTESIAN_POINT('',(3.060625601072,32.366960641817));
#3707 = CARTESIAN_POINT('',(3.080637851603,32.433135892274));
#3708 = CARTESIAN_POINT('',(3.100863543389,32.477669932395));
#3709 = CARTESIAN_POINT('',(3.121212154134,32.5));
#3710 = CARTESIAN_POINT('',(3.14159265359,32.5));
#3711 = ( GEOMETRIC_REPRESENTATION_CONTEXT(2) 
PARAMETRIC_REPRESENTATION_CONTEXT() REPRESENTATION_CONTEXT('2D SPACE',''
  ) );
#3712 = ORIENTED_EDGE('',*,*,#3713,.F.);
#3713 = EDGE_CURVE('',#3074,#3113,#3714,.T.);
#3714 = SEAM_CURVE('',#3715,(#3719,#3726),.PCURVE_S1.);
#3715 = LINE('',#3716,#3717);
#3716 = CARTESIAN_POINT('',(67.15,3.061616997868E-15,3.8925E+03));
#3717 = VECTOR('',#3718,1.);
#3718 = DIRECTION('',(1.,0.,0.));
#3719 = PCURVE('',#3090,#3720);
#3720 = DEFINITIONAL_REPRESENTATION('',(#3721),#3725);
#3721 = LINE('',#3722,#3723);
#3722 = CARTESIAN_POINT('',(6.28318530718,-0.));
#3723 = VECTOR('',#3724,1.);
#3724 = DIRECTION('',(0.,1.));
#3725 = ( GEOMETRIC_REPRESENTATION_CONTEXT(2) 
PARAMETRIC_REPRESENTATION_CONTEXT() REPRESENTATION_CONTEXT('2D SPACE',''
  ) );
#3726 = PCURVE('',#3090,#3727);
#3727 = DEFINITIONAL_REPRESENTATION('',(#3728),#3732);
#3728 = LINE('',#3729,#3730);
#3729 = CARTESIAN_POINT('',(0.,-0.));
#3730 = VECTOR('',#3731,1.);
#3731 = DIRECTION('',(0.,1.));
#3732 = ( GEOMETRIC_REPRESENTATION_CONTEXT(2) 
PARAMETRIC_REPRESENTATION_CONTEXT() REPRESENTATION_CONTEXT('2D SPACE',''
  ) );
#3733 = ORIENTED_EDGE('',*,*,#3073,.T.);
#3734 = ORIENTED_EDGE('',*,*,#3713,.T.);
#3735 = ADVANCED_FACE('',(#3736,#3818),#3510,.T.);
#3736 = FACE_BOUND('',#3737,.T.);
#3737 = EDGE_LOOP('',(#3738,#3763,#3790,#3791));
#3738 = ORIENTED_EDGE('',*,*,#3739,.T.);
#3739 = EDGE_CURVE('',#3740,#3742,#3744,.T.);
#3740 = VERTEX_POINT('',#3741);
#3741 = CARTESIAN_POINT('',(531.15,-5.878304635907E-15,3.86E+03));
#3742 = VERTEX_POINT('',#3743);
#3743 = CARTESIAN_POINT('',(531.15,-5.878304635907E-15,3.9E+03));
#3744 = SEAM_CURVE('',#3745,(#3749,#3756),.PCURVE_S1.);
#3745 = LINE('',#3746,#3747);
#3746 = CARTESIAN_POINT('',(531.15,-5.878304635907E-15,3.86E+03));
#3747 = VECTOR('',#3748,1.);
#3748 = DIRECTION('',(0.,0.,1.));
#3749 = PCURVE('',#3510,#3750);
#3750 = DEFINITIONAL_REPRESENTATION('',(#3751),#3755);
#3751 = LINE('',#3752,#3753);
#3752 = CARTESIAN_POINT('',(6.28318530718,-0.));
#3753 = VECTOR('',#3754,1.);
#3754 = DIRECTION('',(0.,1.));
#3755 = ( GEOMETRIC_REPRESENTATION_CONTEXT(2) 
PARAMETRIC_REPRESENTATION_CONTEXT() REPRESENTATION_CONTEXT('2D SPACE',''
  ) );
#3756 = PCURVE('',#3510,#3757);
#3757 = DEFINITIONAL_REPRESENTATION('',(#3758),#3762);
#3758 = LINE('',#3759,#3760);
#3759 = CARTESIAN_POINT('',(0.,-0.));
#3760 = VECTOR('',#3761,1.);
#3761 = DIRECTION('',(0.,1.));
#3762 = ( GEOMETRIC_REPRESENTATION_CONTEXT(2) 
PARAMETRIC_REPRESENTATION_CONTEXT() REPRESENTATION_CONTEXT('2D SPACE',''
  ) );
#3763 = ORIENTED_EDGE('',*,*,#3764,.F.);
#3764 = EDGE_CURVE('',#3742,#3742,#3765,.T.);
#3765 = SURFACE_CURVE('',#3766,(#3771,#3778),.PCURVE_S1.);
#3766 = CIRCLE('',#3767,24.);
#3767 = AXIS2_PLACEMENT_3D('',#3768,#3769,#3770);
#3768 = CARTESIAN_POINT('',(507.15,0.,3.9E+03));
#3769 = DIRECTION('',(0.,0.,1.));
#3770 = DIRECTION('',(1.,0.,-0.));
#3771 = PCURVE('',#3510,#3772);
#3772 = DEFINITIONAL_REPRESENTATION('',(#3773),#3777);
#3773 = LINE('',#3774,#3775);
#3774 = CARTESIAN_POINT('',(0.,40.));
#3775 = VECTOR('',#3776,1.);
#3776 = DIRECTION('',(1.,0.));
#3777 = ( GEOMETRIC_REPRESENTATION_CONTEXT(2) 
PARAMETRIC_REPRESENTATION_CONTEXT() REPRESENTATION_CONTEXT('2D SPACE',''
  ) );
#3778 = PCURVE('',#3779,#3784);
#3779 = PLANE('',#3780);
#3780 = AXIS2_PLACEMENT_3D('',#3781,#3782,#3783);
#3781 = CARTESIAN_POINT('',(507.15,0.,3.9E+03));
#3782 = DIRECTION('',(0.,0.,1.));
#3783 = DIRECTION('',(1.,0.,-0.));
#3784 = DEFINITIONAL_REPRESENTATION('',(#3785),#3789);
#3785 = CIRCLE('',#3786,24.);
#3786 = AXIS2_PLACEMENT_2D('',#3787,#3788);
#3787 = CARTESIAN_POINT('',(0.,0.));
#3788 = DIRECTION('',(1.,0.));
#3789 = ( GEOMETRIC_REPRESENTATION_CONTEXT(2) 
PARAMETRIC_REPRESENTATION_CONTEXT() REPRESENTATION_CONTEXT('2D SPACE',''
  ) );
#3790 = ORIENTED_EDGE('',*,*,#3739,.F.);
#3791 = ORIENTED_EDGE('',*,*,#3792,.T.);
#3792 = EDGE_CURVE('',#3740,#3740,#3793,.T.);
#3793 = SURFACE_CURVE('',#3794,(#3799,#3806),.PCURVE_S1.);
#3794 = CIRCLE('',#3795,24.);
#3795 = AXIS2_PLACEMENT_3D('',#3796,#3797,#3798);
#3796 = CARTESIAN_POINT('',(507.15,0.,3.86E+03));
#3797 = DIRECTION('',(0.,0.,1.));
#3798 = DIRECTION('',(1.,0.,-0.));
#3799 = PCURVE('',#3510,#3800);
#3800 = DEFINITIONAL_REPRESENTATION('',(#3801),#3805);
#3801 = LINE('',#3802,#3803);
#3802 = CARTESIAN_POINT('',(0.,0.));
#3803 = VECTOR('',#3804,1.);
#3804 = DIRECTION('',(1.,0.));
#3805 = ( GEOMETRIC_REPRESENTATION_CONTEXT(2) 
PARAMETRIC_REPRESENTATION_CONTEXT() REPRESENTATION_CONTEXT('2D SPACE',''
  ) );
#3806 = PCURVE('',#3807,#3812);
#3807 = PLANE('',#3808);
#3808 = AXIS2_PLACEMENT_3D('',#3809,#3810,#3811);
#3809 = CARTESIAN_POINT('',(507.15,0.,3.86E+03));
#3810 = DIRECTION('',(0.,0.,1.));
#3811 = DIRECTION('',(1.,0.,-0.));
#3812 = DEFINITIONAL_REPRESENTATION('',(#3813),#3817);
#3813 = CIRCLE('',#3814,24.);
#3814 = AXIS2_PLACEMENT_2D('',#3815,#3816);
#3815 = CARTESIAN_POINT('',(0.,0.));
#3816 = DIRECTION('',(1.,0.));
#3817 = ( GEOMETRIC_REPRESENTATION_CONTEXT(2) 
PARAMETRIC_REPRESENTATION_CONTEXT() REPRESENTATION_CONTEXT('2D SPACE',''
  ) );
#3818 = FACE_BOUND('',#3819,.T.);
#3819 = EDGE_LOOP('',(#3820));
#3820 = ORIENTED_EDGE('',*,*,#3112,.T.);
#3821 = ADVANCED_FACE('',(#3822,#3825),#3807,.F.);
#3822 = FACE_BOUND('',#3823,.F.);
#3823 = EDGE_LOOP('',(#3824));
#3824 = ORIENTED_EDGE('',*,*,#3792,.T.);
#3825 = FACE_BOUND('',#3826,.F.);
#3826 = EDGE_LOOP('',(#3827));
#3827 = ORIENTED_EDGE('',*,*,#3828,.F.);
#3828 = EDGE_CURVE('',#3829,#3829,#3831,.T.);
#3829 = VERTEX_POINT('',#3830);
#3830 = CARTESIAN_POINT('',(527.35,-4.947573068555E-15,3.86E+03));
#3831 = SURFACE_CURVE('',#3832,(#3837,#3844),.PCURVE_S1.);
#3832 = CIRCLE('',#3833,20.2);
#3833 = AXIS2_PLACEMENT_3D('',#3834,#3835,#3836);
#3834 = CARTESIAN_POINT('',(507.15,0.,3.86E+03));
#3835 = DIRECTION('',(0.,0.,1.));
#3836 = DIRECTION('',(1.,0.,-0.));
#3837 = PCURVE('',#3807,#3838);
#3838 = DEFINITIONAL_REPRESENTATION('',(#3839),#3843);
#3839 = CIRCLE('',#3840,20.2);
#3840 = AXIS2_PLACEMENT_2D('',#3841,#3842);
#3841 = CARTESIAN_POINT('',(0.,0.));
#3842 = DIRECTION('',(1.,0.));
#3843 = ( GEOMETRIC_REPRESENTATION_CONTEXT(2) 
PARAMETRIC_REPRESENTATION_CONTEXT() REPRESENTATION_CONTEXT('2D SPACE',''
  ) );
#3844 = PCURVE('',#3845,#3850);
#3845 = CYLINDRICAL_SURFACE('',#3846,20.2);
#3846 = AXIS2_PLACEMENT_3D('',#3847,#3848,#3849);
#3847 = CARTESIAN_POINT('',(507.15,0.,3.859E+03));
#3848 = DIRECTION('',(0.,0.,1.));
#3849 = DIRECTION('',(1.,0.,-0.));
#3850 = DEFINITIONAL_REPRESENTATION('',(#3851),#3855);
#3851 = LINE('',#3852,#3853);
#3852 = CARTESIAN_POINT('',(0.,1.));
#3853 = VECTOR('',#3854,1.);
#3854 = DIRECTION('',(1.,0.));
#3855 = ( GEOMETRIC_REPRESENTATION_CONTEXT(2) 
PARAMETRIC_REPRESENTATION_CONTEXT() REPRESENTATION_CONTEXT('2D SPACE',''
  ) );
#3856 = ADVANCED_FACE('',(#3857,#3860),#3779,.T.);
#3857 = FACE_BOUND('',#3858,.T.);
#3858 = EDGE_LOOP('',(#3859));
#3859 = ORIENTED_EDGE('',*,*,#3764,.T.);
#3860 = FACE_BOUND('',#3861,.T.);
#3861 = EDGE_LOOP('',(#3862));
#3862 = ORIENTED_EDGE('',*,*,#3863,.F.);
#3863 = EDGE_CURVE('',#3864,#3864,#3866,.T.);
#3864 = VERTEX_POINT('',#3865);
#3865 = CARTESIAN_POINT('',(527.35,-4.947573068555E-15,3.9E+03));
#3866 = SURFACE_CURVE('',#3867,(#3872,#3879),.PCURVE_S1.);
#3867 = CIRCLE('',#3868,20.2);
#3868 = AXIS2_PLACEMENT_3D('',#3869,#3870,#3871);
#3869 = CARTESIAN_POINT('',(507.15,0.,3.9E+03));
#3870 = DIRECTION('',(0.,0.,1.));
#3871 = DIRECTION('',(1.,0.,-0.));
#3872 = PCURVE('',#3779,#3873);
#3873 = DEFINITIONAL_REPRESENTATION('',(#3874),#3878);
#3874 = CIRCLE('',#3875,20.2);
#3875 = AXIS2_PLACEMENT_2D('',#3876,#3877);
#3876 = CARTESIAN_POINT('',(0.,0.));
#3877 = DIRECTION('',(1.,0.));
#3878 = ( GEOMETRIC_REPRESENTATION_CONTEXT(2) 
PARAMETRIC_REPRESENTATION_CONTEXT() REPRESENTATION_CONTEXT('2D SPACE',''
  ) );
#3879 = PCURVE('',#3845,#3880);
#3880 = DEFINITIONAL_REPRESENTATION('',(#3881),#3885);
#3881 = LINE('',#3882,#3883);
#3882 = CARTESIAN_POINT('',(0.,41.));
#3883 = VECTOR('',#3884,1.);
#3884 = DIRECTION('',(1.,0.));
#3885 = ( GEOMETRIC_REPRESENTATION_CONTEXT(2) 
PARAMETRIC_REPRESENTATION_CONTEXT() REPRESENTATION_CONTEXT('2D SPACE',''
  ) );
#3886 = ADVANCED_FACE('',(#3887),#3845,.F.);
#3887 = FACE_BOUND('',#3888,.F.);
#3888 = EDGE_LOOP('',(#3889,#3890,#3911,#3912));
#3889 = ORIENTED_EDGE('',*,*,#3863,.F.);
#3890 = ORIENTED_EDGE('',*,*,#3891,.F.);
#3891 = EDGE_CURVE('',#3829,#3864,#3892,.T.);
#3892 = SEAM_CURVE('',#3893,(#3897,#3904),.PCURVE_S1.);
#3893 = LINE('',#3894,#3895);
#3894 = CARTESIAN_POINT('',(527.35,-4.947573068555E-15,3.859E+03));
#3895 = VECTOR('',#3896,1.);
#3896 = DIRECTION('',(0.,0.,1.));
#3897 = PCURVE('',#3845,#3898);
#3898 = DEFINITIONAL_REPRESENTATION('',(#3899),#3903);
#3899 = LINE('',#3900,#3901);
#3900 = CARTESIAN_POINT('',(6.28318530718,-0.));
#3901 = VECTOR('',#3902,1.);
#3902 = DIRECTION('',(0.,1.));
#3903 = ( GEOMETRIC_REPRESENTATION_CONTEXT(2) 
PARAMETRIC_REPRESENTATION_CONTEXT() REPRESENTATION_CONTEXT('2D SPACE',''
  ) );
#3904 = PCURVE('',#3845,#3905);
#3905 = DEFINITIONAL_REPRESENTATION('',(#3906),#3910);
#3906 = LINE('',#3907,#3908);
#3907 = CARTESIAN_POINT('',(0.,-0.));
#3908 = VECTOR('',#3909,1.);
#3909 = DIRECTION('',(0.,1.));
#3910 = ( GEOMETRIC_REPRESENTATION_CONTEXT(2) 
PARAMETRIC_REPRESENTATION_CONTEXT() REPRESENTATION_CONTEXT('2D SPACE',''
  ) );
#3911 = ORIENTED_EDGE('',*,*,#3828,.T.);
#3912 = ORIENTED_EDGE('',*,*,#3891,.T.);
#3913 = ORIENTED_CLOSED_SHELL('',*,#3914,.F.);
#3914 = CLOSED_SHELL('',(#3915,#4419,#4423));
#3915 = ADVANCED_FACE('',(#3916),#4067,.T.);
#3916 = FACE_BOUND('',#3917,.T.);
#3917 = EDGE_LOOP('',(#3918,#4368,#4391,#4418));
#3918 = ORIENTED_EDGE('',*,*,#3919,.F.);
#3919 = EDGE_CURVE('',#3920,#3920,#3922,.T.);
#3920 = VERTEX_POINT('',#3921);
#3921 = CARTESIAN_POINT('',(483.14999999999,2.571758278209E-15,
    3.8905E+03));
#3922 = SURFACE_CURVE('',#3923,(#4066,#4217),.PCURVE_S1.);
#3923 = B_SPLINE_CURVE_WITH_KNOTS('',6,(#3924,#3925,#3926,#3927,#3928,
    #3929,#3930,#3931,#3932,#3933,#3934,#3935,#3936,#3937,#3938,#3939,
    #3940,#3941,#3942,#3943,#3944,#3945,#3946,#3947,#3948,#3949,#3950,
    #3951,#3952,#3953,#3954,#3955,#3956,#3957,#3958,#3959,#3960,#3961,
    #3962,#3963,#3964,#3965,#3966,#3967,#3968,#3969,#3970,#3971,#3972,
    #3973,#3974,#3975,#3976,#3977,#3978,#3979,#3980,#3981,#3982,#3983,
    #3984,#3985,#3986,#3987,#3988,#3989,#3990,#3991,#3992,#3993,#3994,
    #3995,#3996,#3997,#3998,#3999,#4000,#4001,#4002,#4003,#4004,#4005,
    #4006,#4007,#4008,#4009,#4010,#4011,#4012,#4013,#4014,#4015,#4016,
    #4017,#4018,#4019,#4020,#4021,#4022,#4023,#4024,#4025,#4026,#4027,
    #4028,#4029,#4030,#4031,#4032,#4033,#4034,#4035,#4036,#4037,#4038,
    #4039,#4040,#4041,#4042,#4043,#4044,#4045,#4046,#4047,#4048,#4049,
    #4050,#4051,#4052,#4053,#4054,#4055,#4056,#4057,#4058,#4059,#4060,
    #4061,#4062,#4063,#4064,#4065),.UNSPECIFIED.,.T.,.F.,(7,5,5,5,5,5,5,
    5,5,5,5,5,5,5,5,5,5,5,5,5,5,5,5,5,5,5,5,5,7),(0.,3.750113110225E-02,
    5.998990224462E-02,8.926748495279E-02,0.111829856787,0.129993531069,
    0.192484268876,0.249991407103,0.307744939888,0.369294336373,
    0.387503896474,0.410594471353,0.43954586928,0.463049405656,
    0.499981346965,0.537485421855,0.559975958331,0.589255839282,
    0.611819982225,0.629985082325,0.692480725552,0.749992377995,
    0.807750444336,0.869304672381,0.887515661921,0.910608049396,
    0.939561719989,0.963067101376,1.),.UNSPECIFIED.);
#3924 = CARTESIAN_POINT('',(483.15,3.552713678801E-15,3.8905E+03));
#3925 = CARTESIAN_POINT('',(483.15,-0.510364591119,3.8905E+03));
#3926 = CARTESIAN_POINT('',(483.16302360441,-1.019728544763,
    3.890470231694E+03));
#3927 = CARTESIAN_POINT('',(483.1889750357,-1.52389582521,
    3.890410914441E+03));
#3928 = CARTESIAN_POINT('',(483.22709808664,-2.018709905863,
    3.890323263501E+03));
#3929 = CARTESIAN_POINT('',(483.2759946414,-2.50017276235,
    3.89020947944E+03));
#3930 = CARTESIAN_POINT('',(483.36846454228,-3.243042754146,
    3.889990843046E+03));
#3931 = CARTESIAN_POINT('',(483.40637192947,-3.515698463455,
    3.889900557445E+03));
#3932 = CARTESIAN_POINT('',(483.44720030857,-3.782234952343,
    3.889802453725E+03));
#3933 = CARTESIAN_POINT('',(483.49061468739,-4.042390149662,
    3.889697049664E+03));
#3934 = CARTESIAN_POINT('',(483.53627278382,-4.295930622753,
    3.889584877056E+03));
#3935 = CARTESIAN_POINT('',(483.64574605243,-4.863851268143,
    3.889312350788E+03));
#3936 = CARTESIAN_POINT('',(483.71089122631,-5.17354234801,
    3.889147651048E+03));
#3937 = CARTESIAN_POINT('',(483.77859951126,-5.471727967218,
    3.888973364694E+03));
#3938 = CARTESIAN_POINT('',(483.84824410738,-5.758454956068,
    3.888790388631E+03));
#3939 = CARTESIAN_POINT('',(483.91924403378,-6.033812651461,
    3.888599538535E+03));
#3940 = CARTESIAN_POINT('',(484.04642110976,-6.501471735548,
    3.888248974081E+03));
#3941 = CARTESIAN_POINT('',(484.10227333192,-6.698375904486,
    3.888092129301E+03));
#3942 = CARTESIAN_POINT('',(484.15839553807,-6.88873989616,
    3.887931319476E+03));
#3943 = CARTESIAN_POINT('',(484.21457386232,-7.072662166696,
    3.88776681574E+03));
#3944 = CARTESIAN_POINT('',(484.2706113645,-7.250244094157,
    3.88759885725E+03));
#3945 = CARTESIAN_POINT('',(484.37118232878,-7.559530743659,
    3.887289822988E+03));
#3946 = CARTESIAN_POINT('',(484.41582792973,-7.693428089089,
    3.887149891953E+03));
#3947 = CARTESIAN_POINT('',(484.46017041437,-7.823334636535,
    3.887007967226E+03));
#3948 = CARTESIAN_POINT('',(484.50412033348,-7.949299981411,
    3.886864149495E+03));
#3949 = CARTESIAN_POINT('',(484.54759320718,-8.071370692835,
    3.886718530997E+03));
#3950 = CARTESIAN_POINT('',(484.73815984711,-8.596315913997,
    3.88606429901E+03));
#3951 = CARTESIAN_POINT('',(484.87931890612,-8.957726467655,
    3.885536747399E+03));
#3952 = CARTESIAN_POINT('',(485.01060426805,-9.275158835293,
    3.884992322524E+03));
#3953 = CARTESIAN_POINT('',(485.12927575439,-9.549755490136,
    3.88443390718E+03));
#3954 = CARTESIAN_POINT('',(485.23311766186,-9.782349045122,
    3.88386374875E+03));
#3955 = CARTESIAN_POINT('',(485.40066147765,-10.14906927215,
    3.882749944284E+03));
#3956 = CARTESIAN_POINT('',(485.46687788628,-10.28951191683,
    3.882207985108E+03));
#3957 = CARTESIAN_POINT('',(485.51755438089,-10.39475803305,
    3.881660034161E+03));
#3958 = CARTESIAN_POINT('',(485.55168447128,-10.4649075095,
    3.881108108795E+03));
#3959 = CARTESIAN_POINT('',(485.56875814509,-10.5,3.880554129502E+03));
#3960 = CARTESIAN_POINT('',(485.56875814509,-10.5,3.87944349628E+03));
#3961 = CARTESIAN_POINT('',(485.55153785077,-10.46460615184,
    3.878887145963E+03));
#3962 = CARTESIAN_POINT('',(485.51711496136,-10.39385486999,
    3.878332876104E+03));
#3963 = CARTESIAN_POINT('',(485.46600818039,-10.28770559717,
    3.877782630877E+03));
#3964 = CARTESIAN_POINT('',(485.39924101212,-10.14605613309,
    3.877238453441E+03));
#3965 = CARTESIAN_POINT('',(485.23204204615,-9.779889884445,
    3.876131459714E+03));
#3966 = CARTESIAN_POINT('',(485.12971414264,-9.550600082026,
    3.87556995591E+03));
#3967 = CARTESIAN_POINT('',(485.01300624592,-9.280557005827,
    3.875019852268E+03));
#3968 = CARTESIAN_POINT('',(484.8840356656,-8.96896966161,
    3.87448329883E+03));
#3969 = CARTESIAN_POINT('',(484.74541222671,-8.614754051027,
    3.873963039444E+03));
#3970 = CARTESIAN_POINT('',(484.55742862875,-8.098853858725,
    3.873314616317E+03));
#3971 = CARTESIAN_POINT('',(484.51393891304,-7.977205798375,
    3.873168289263E+03));
#3972 = CARTESIAN_POINT('',(484.46995716622,-7.85165009061,
    3.873023758636E+03));
#3973 = CARTESIAN_POINT('',(484.42556798846,-7.722140188865,
    3.872881116512E+03));
#3974 = CARTESIAN_POINT('',(484.38086094217,-7.588626419265,
    3.872740463357E+03));
#3975 = CARTESIAN_POINT('',(484.27895671358,-7.276610222602,
    3.872426213391E+03));
#3976 = CARTESIAN_POINT('',(484.22162509138,-7.095644896647,
    3.872253895302E+03));
#3977 = CARTESIAN_POINT('',(484.16412720283,-6.908048128625,
    3.872085173063E+03));
#3978 = CARTESIAN_POINT('',(484.10667308635,-6.713711183161,
    3.871920301006E+03));
#3979 = CARTESIAN_POINT('',(484.04949130153,-6.512528463627,
    3.871759568496E+03));
#3980 = CARTESIAN_POINT('',(483.92178457864,-6.043439002937,
    3.871407367464E+03));
#3981 = CARTESIAN_POINT('',(483.85154026369,-5.771496162065,
    3.871218406149E+03));
#3982 = CARTESIAN_POINT('',(483.78260688903,-5.488440319091,
    3.871037124907E+03));
#3983 = CARTESIAN_POINT('',(483.71554452213,-5.194182011172,
    3.870864309128E+03));
#3984 = CARTESIAN_POINT('',(483.6509572921,-4.888671951894,
    3.870700822383E+03));
#3985 = CARTESIAN_POINT('',(483.53958607103,-4.314739492661,
    3.870423224607E+03));
#3986 = CARTESIAN_POINT('',(483.4917300534,-4.0501100991,
    3.870305589308E+03));
#3987 = CARTESIAN_POINT('',(483.44631274844,-3.778247114543,
    3.870195329556E+03));
#3988 = CARTESIAN_POINT('',(483.40372535966,-3.499417864957,
    3.8700930529E+03));
#3989 = CARTESIAN_POINT('',(483.36435022135,-3.21392386715,
    3.869999349861E+03));
#3990 = CARTESIAN_POINT('',(483.27230416818,-2.463549337475,
    3.869781935289E+03));
#3991 = CARTESIAN_POINT('',(483.22479765907,-1.98861914908,
    3.869671447818E+03));
#3992 = CARTESIAN_POINT('',(483.18779940683,-1.500895809642,
    3.869586398428E+03));
#3993 = CARTESIAN_POINT('',(483.16262927906,-1.004219552239,
    3.869528866983E+03));
#3994 = CARTESIAN_POINT('',(483.15,-0.502578857773,3.8695E+03));
#3995 = CARTESIAN_POINT('',(483.15,0.510364590973,3.8695E+03));
#3996 = CARTESIAN_POINT('',(483.1630236044,1.019728544791,
    3.869529768306E+03));
#3997 = CARTESIAN_POINT('',(483.18897503571,1.523895825348,
    3.869589085559E+03));
#3998 = CARTESIAN_POINT('',(483.22709808665,2.018709905911,
    3.869676736499E+03));
#3999 = CARTESIAN_POINT('',(483.27599464139,2.50017276223,
    3.869790520559E+03));
#4000 = CARTESIAN_POINT('',(483.36846454228,3.243042754154,
    3.870009156954E+03));
#4001 = CARTESIAN_POINT('',(483.40637192947,3.515698463453,
    3.870099442555E+03));
#4002 = CARTESIAN_POINT('',(483.44720030857,3.782234952336,
    3.870197546275E+03));
#4003 = CARTESIAN_POINT('',(483.49061468739,4.04239014966,
    3.870302950336E+03));
#4004 = CARTESIAN_POINT('',(483.53627278382,4.29593062276,
    3.870415122944E+03));
#4005 = CARTESIAN_POINT('',(483.64574605242,4.863851268128,
    3.870687649212E+03));
#4006 = CARTESIAN_POINT('',(483.71089122631,5.173542348015,
    3.870852348952E+03));
#4007 = CARTESIAN_POINT('',(483.77859951127,5.471727967232,
    3.871026635306E+03));
#4008 = CARTESIAN_POINT('',(483.84824410738,5.75845495607,
    3.871209611369E+03));
#4009 = CARTESIAN_POINT('',(483.91924403378,6.03381265145,
    3.871400461465E+03));
#4010 = CARTESIAN_POINT('',(484.04642110976,6.501471735549,
    3.871751025919E+03));
#4011 = CARTESIAN_POINT('',(484.10227333192,6.698375904486,
    3.871907870699E+03));
#4012 = CARTESIAN_POINT('',(484.15839553807,6.88873989616,
    3.872068680524E+03));
#4013 = CARTESIAN_POINT('',(484.21457386232,7.072662166696,
    3.87223318426E+03));
#4014 = CARTESIAN_POINT('',(484.2706113645,7.250244094157,
    3.87240114275E+03));
#4015 = CARTESIAN_POINT('',(484.37118232878,7.55953074366,
    3.872710177012E+03));
#4016 = CARTESIAN_POINT('',(484.41582792973,7.693428089089,
    3.872850108047E+03));
#4017 = CARTESIAN_POINT('',(484.46017041437,7.823334636536,
    3.872992032774E+03));
#4018 = CARTESIAN_POINT('',(484.50412033348,7.949299981411,
    3.873135850505E+03));
#4019 = CARTESIAN_POINT('',(484.54759320718,8.071370692835,
    3.873281469003E+03));
#4020 = CARTESIAN_POINT('',(484.73815984711,8.596315913998,
    3.87393570099E+03));
#4021 = CARTESIAN_POINT('',(484.87931890612,8.957726467656,
    3.874463252601E+03));
#4022 = CARTESIAN_POINT('',(485.01060426805,9.275158835293,
    3.875007677476E+03));
#4023 = CARTESIAN_POINT('',(485.12927575439,9.549755490137,
    3.87556609282E+03));
#4024 = CARTESIAN_POINT('',(485.23311766186,9.782349045122,
    3.87613625125E+03));
#4025 = CARTESIAN_POINT('',(485.40066147765,10.149069272156,
    3.877250055716E+03));
#4026 = CARTESIAN_POINT('',(485.46687788628,10.289511916837,
    3.877792014892E+03));
#4027 = CARTESIAN_POINT('',(485.51755438089,10.394758033059,
    3.878339965839E+03));
#4028 = CARTESIAN_POINT('',(485.55168447128,10.464907509508,
    3.878891891205E+03));
#4029 = CARTESIAN_POINT('',(485.56875814509,10.5,3.879445870498E+03));
#4030 = CARTESIAN_POINT('',(485.56875814509,10.5,3.88055650372E+03));
#4031 = CARTESIAN_POINT('',(485.55153785077,10.464606151849,
    3.881112854037E+03));
#4032 = CARTESIAN_POINT('',(485.51711496136,10.393854869996,
    3.881667123896E+03));
#4033 = CARTESIAN_POINT('',(485.46600818039,10.287705597174,
    3.882217369123E+03));
#4034 = CARTESIAN_POINT('',(485.39924101212,10.146056133092,
    3.882761546559E+03));
#4035 = CARTESIAN_POINT('',(485.2320420461,9.77988988434,
    3.883868540287E+03));
#4036 = CARTESIAN_POINT('',(485.12971414263,9.550600082009,
    3.88443004409E+03));
#4037 = CARTESIAN_POINT('',(485.01300624599,9.280557005977,
    3.884980147731E+03));
#4038 = CARTESIAN_POINT('',(484.88403566563,8.96896966171,
    3.88551670117E+03));
#4039 = CARTESIAN_POINT('',(484.74541222664,8.614754050828,
    3.886036960556E+03));
#4040 = CARTESIAN_POINT('',(484.55742862875,8.098853858726,
    3.886685383683E+03));
#4041 = CARTESIAN_POINT('',(484.51393891304,7.977205798376,
    3.886831710737E+03));
#4042 = CARTESIAN_POINT('',(484.46995716622,7.85165009061,
    3.886976241364E+03));
#4043 = CARTESIAN_POINT('',(484.42556798846,7.722140188866,
    3.887118883488E+03));
#4044 = CARTESIAN_POINT('',(484.38086094218,7.588626419266,
    3.887259536643E+03));
#4045 = CARTESIAN_POINT('',(484.27895671358,7.276610222603,
    3.887573786609E+03));
#4046 = CARTESIAN_POINT('',(484.22162509138,7.095644896647,
    3.887746104698E+03));
#4047 = CARTESIAN_POINT('',(484.16412720283,6.908048128625,
    3.887914826937E+03));
#4048 = CARTESIAN_POINT('',(484.10667308635,6.713711183161,
    3.888079698994E+03));
#4049 = CARTESIAN_POINT('',(484.04949130153,6.512528463628,
    3.888240431504E+03));
#4050 = CARTESIAN_POINT('',(483.92178457864,6.043439002949,
    3.888592632536E+03));
#4051 = CARTESIAN_POINT('',(483.85154026369,5.771496162064,
    3.888781593851E+03));
#4052 = CARTESIAN_POINT('',(483.78260688902,5.488440319079,
    3.888962875094E+03));
#4053 = CARTESIAN_POINT('',(483.71554452213,5.194182011169,
    3.889135690872E+03));
#4054 = CARTESIAN_POINT('',(483.6509572921,4.888671951909,
    3.889299177617E+03));
#4055 = CARTESIAN_POINT('',(483.53958607103,4.314739492675,
    3.889576775393E+03));
#4056 = CARTESIAN_POINT('',(483.4917300534,4.050110099099,
    3.889694410692E+03));
#4057 = CARTESIAN_POINT('',(483.44631274844,3.778247114531,
    3.889804670444E+03));
#4058 = CARTESIAN_POINT('',(483.40372535966,3.499417864954,
    3.8899069471E+03));
#4059 = CARTESIAN_POINT('',(483.36435022135,3.213923867167,
    3.890000650139E+03));
#4060 = CARTESIAN_POINT('',(483.27230712542,2.463573445384,
    3.890218057726E+03));
#4061 = CARTESIAN_POINT('',(483.22479797422,1.988630932755,
    3.890328551623E+03));
#4062 = CARTESIAN_POINT('',(483.18779696367,1.500877905912,
    3.890413607157E+03));
#4063 = CARTESIAN_POINT('',(483.16262698235,1.004175245719,
    3.89047113827E+03));
#4064 = CARTESIAN_POINT('',(483.15,0.502533170996,3.8905E+03));
#4065 = CARTESIAN_POINT('',(483.15,3.552713678801E-15,3.8905E+03));
#4066 = PCURVE('',#4067,#4072);
#4067 = CYLINDRICAL_SURFACE('',#4068,10.5);
#4068 = AXIS2_PLACEMENT_3D('',#4069,#4070,#4071);
#4069 = CARTESIAN_POINT('',(66.15,0.,3.88E+03));
#4070 = DIRECTION('',(1.,0.,0.));
#4071 = DIRECTION('',(-0.,0.,1.));
#4072 = DEFINITIONAL_REPRESENTATION('',(#4073),#4216);
#4073 = B_SPLINE_CURVE_WITH_KNOTS('',6,(#4074,#4075,#4076,#4077,#4078,
    #4079,#4080,#4081,#4082,#4083,#4084,#4085,#4086,#4087,#4088,#4089,
    #4090,#4091,#4092,#4093,#4094,#4095,#4096,#4097,#4098,#4099,#4100,
    #4101,#4102,#4103,#4104,#4105,#4106,#4107,#4108,#4109,#4110,#4111,
    #4112,#4113,#4114,#4115,#4116,#4117,#4118,#4119,#4120,#4121,#4122,
    #4123,#4124,#4125,#4126,#4127,#4128,#4129,#4130,#4131,#4132,#4133,
    #4134,#4135,#4136,#4137,#4138,#4139,#4140,#4141,#4142,#4143,#4144,
    #4145,#4146,#4147,#4148,#4149,#4150,#4151,#4152,#4153,#4154,#4155,
    #4156,#4157,#4158,#4159,#4160,#4161,#4162,#4163,#4164,#4165,#4166,
    #4167,#4168,#4169,#4170,#4171,#4172,#4173,#4174,#4175,#4176,#4177,
    #4178,#4179,#4180,#4181,#4182,#4183,#4184,#4185,#4186,#4187,#4188,
    #4189,#4190,#4191,#4192,#4193,#4194,#4195,#4196,#4197,#4198,#4199,
    #4200,#4201,#4202,#4203,#4204,#4205,#4206,#4207,#4208,#4209,#4210,
    #4211,#4212,#4213,#4214,#4215),.UNSPECIFIED.,.F.,.F.,(7,5,5,5,5,5,5,
    5,5,5,5,5,5,5,5,5,5,5,5,5,5,5,5,5,5,5,5,5,7),(0.,3.750113110225E-02,
    5.998990224462E-02,8.926748495279E-02,0.111829856787,0.129993531069,
    0.192484268876,0.249991407103,0.307744939888,0.369294336373,
    0.387503896474,0.410594471353,0.43954586928,0.463049405656,
    0.499981346965,0.537485421855,0.559975958331,0.589255839282,
    0.611819982225,0.629985082325,0.692480725552,0.749992377995,
    0.807750444336,0.869304672381,0.887515661921,0.910608049396,
    0.939561719989,0.963067101376,1.),.UNSPECIFIED.);
#4074 = CARTESIAN_POINT('',(0.,417.));
#4075 = CARTESIAN_POINT('',(4.860615153519E-02,417.));
#4076 = CARTESIAN_POINT('',(9.711700003534E-02,417.01302360441));
#4077 = CARTESIAN_POINT('',(0.145339656797,417.0389750357));
#4078 = CARTESIAN_POINT('',(0.193080791282,417.07709808664));
#4079 = CARTESIAN_POINT('',(0.240128413598,417.1259946414));
#4080 = CARTESIAN_POINT('',(0.313878478597,417.21846454228));
#4081 = CARTESIAN_POINT('',(0.341216936642,417.25637192947));
#4082 = CARTESIAN_POINT('',(0.368244573134,417.29720030857));
#4083 = CARTESIAN_POINT('',(0.394957344175,417.34061468739));
#4084 = CARTESIAN_POINT('',(0.421349158669,417.38627278382));
#4085 = CARTESIAN_POINT('',(0.481341934242,417.49574605243));
#4086 = CARTESIAN_POINT('',(0.514719355357,417.56089122631));
#4087 = CARTESIAN_POINT('',(0.547574129118,417.62859951126));
#4088 = CARTESIAN_POINT('',(0.579932333534,417.69824410738));
#4089 = CARTESIAN_POINT('',(0.611817964982,417.76924403378));
#4090 = CARTESIAN_POINT('',(0.667481389531,417.89642110976));
#4091 = CARTESIAN_POINT('',(0.691446104347,417.95227333192));
#4092 = CARTESIAN_POINT('',(0.715164291796,418.00839553807));
#4093 = CARTESIAN_POINT('',(0.738651045746,418.06457386232));
#4094 = CARTESIAN_POINT('',(0.761921330384,418.1206113645));
#4095 = CARTESIAN_POINT('',(0.803561229946,418.22118232878));
#4096 = CARTESIAN_POINT('',(0.822001654852,418.26582792973));
#4097 = CARTESIAN_POINT('',(0.840318891075,418.31017041437));
#4098 = CARTESIAN_POINT('',(0.858520284086,418.35412033348));
#4099 = CARTESIAN_POINT('',(0.87661288869,418.39759320718));
#4100 = CARTESIAN_POINT('',(0.956498690287,418.58815984711));
#4101 = CARTESIAN_POINT('',(1.017227345932,418.72931890612));
#4102 = CARTESIAN_POINT('',(1.07701479627,418.86060426805));
#4103 = CARTESIAN_POINT('',(1.136062191104,418.97927575439));
#4104 = CARTESIAN_POINT('',(1.194566956375,419.08311766186));
#4105 = CARTESIAN_POINT('',(1.306245313516,419.25066147765));
#4106 = CARTESIAN_POINT('',(1.359454463171,419.31687788628));
#4107 = CARTESIAN_POINT('',(1.412433270001,419.36755438089));
#4108 = CARTESIAN_POINT('',(1.465262155107,419.40168447128));
#4109 = CARTESIAN_POINT('',(1.518022088498,419.41875814509));
#4110 = CARTESIAN_POINT('',(1.623796681109,419.41875814509));
#4111 = CARTESIAN_POINT('',(1.67678242633,419.40153785077));
#4112 = CARTESIAN_POINT('',(1.729838011588,419.36711496136));
#4113 = CARTESIAN_POINT('',(1.783045546278,419.31600818039));
#4114 = CARTESIAN_POINT('',(1.836486587161,419.24924101212));
#4115 = CARTESIAN_POINT('',(1.947532443338,419.08204204615));
#4116 = CARTESIAN_POINT('',(2.00516137145,418.97971414264));
#4117 = CARTESIAN_POINT('',(2.06331664899,418.86300624592));
#4118 = CARTESIAN_POINT('',(2.122186708423,418.7340356656));
#4119 = CARTESIAN_POINT('',(2.181963715626,418.59541222671));
#4120 = CARTESIAN_POINT('',(2.260879587495,418.40742862875));
#4121 = CARTESIAN_POINT('',(2.278998180789,418.36393891304));
#4122 = CARTESIAN_POINT('',(2.29722506617,418.31995716622));
#4123 = CARTESIAN_POINT('',(2.315567317486,418.27556798846));
#4124 = CARTESIAN_POINT('',(2.334032306026,418.23086094217));
#4125 = CARTESIAN_POINT('',(2.376207531475,418.12895671358));
#4126 = CARTESIAN_POINT('',(2.39999677435,418.07162509138));
#4127 = CARTESIAN_POINT('',(2.424011339462,418.01412720283));
#4128 = CARTESIAN_POINT('',(2.448267260943,417.95667308635));
#4129 = CARTESIAN_POINT('',(2.472780696738,417.89949130153));
#4130 = CARTESIAN_POINT('',(2.52864662704,417.77178457864));
#4131 = CARTESIAN_POINT('',(2.560163254299,417.70154026369));
#4132 = CARTESIAN_POINT('',(2.592141170517,417.63260688903));
#4133 = CARTESIAN_POINT('',(2.624603811915,417.56554452213));
#4134 = CARTESIAN_POINT('',(2.657576579375,417.5009572921));
#4135 = CARTESIAN_POINT('',(2.718294804667,417.38958607103));
#4136 = CARTESIAN_POINT('',(2.745861220738,417.3417300534));
#4137 = CARTESIAN_POINT('',(2.773778224244,417.29631274844));
#4138 = CARTESIAN_POINT('',(2.8020387138,417.25372535966));
#4139 = CARTESIAN_POINT('',(2.830638035578,417.21435022135));
#4140 = CARTESIAN_POINT('',(2.905041546006,417.12230416818));
#4141 = CARTESIAN_POINT('',(2.951414540934,417.07479765907));
#4142 = CARTESIAN_POINT('',(2.99845279252,417.03779940683));
#4143 = CARTESIAN_POINT('',(3.045952699982,417.01262927906));
#4144 = CARTESIAN_POINT('',(3.093728000469,417.));
#4145 = CARTESIAN_POINT('',(3.190198805111,417.));
#4146 = CARTESIAN_POINT('',(3.238709653628,417.0130236044));
#4147 = CARTESIAN_POINT('',(3.286932310399,417.03897503571));
#4148 = CARTESIAN_POINT('',(3.334673444877,417.07709808665));
#4149 = CARTESIAN_POINT('',(3.381721067176,417.12599464139));
#4150 = CARTESIAN_POINT('',(3.455471132188,417.21846454228));
#4151 = CARTESIAN_POINT('',(3.482809590232,417.25637192947));
#4152 = CARTESIAN_POINT('',(3.509837226723,417.29720030857));
#4153 = CARTESIAN_POINT('',(3.536549997765,417.34061468739));
#4154 = CARTESIAN_POINT('',(3.56294181226,417.38627278382));
#4155 = CARTESIAN_POINT('',(3.62293458783,417.49574605242));
#4156 = CARTESIAN_POINT('',(3.656312008947,417.56089122631));
#4157 = CARTESIAN_POINT('',(3.689166782709,417.62859951127));
#4158 = CARTESIAN_POINT('',(3.721524987124,417.69824410738));
#4159 = CARTESIAN_POINT('',(3.753410618571,417.76924403378));
#4160 = CARTESIAN_POINT('',(3.809074043121,417.89642110976));
#4161 = CARTESIAN_POINT('',(3.833038757937,417.95227333192));
#4162 = CARTESIAN_POINT('',(3.856756945386,418.00839553807));
#4163 = CARTESIAN_POINT('',(3.880243699335,418.06457386232));
#4164 = CARTESIAN_POINT('',(3.903513983974,418.1206113645));
#4165 = CARTESIAN_POINT('',(3.945153883535,418.22118232878));
#4166 = CARTESIAN_POINT('',(3.963594308441,418.26582792973));
#4167 = CARTESIAN_POINT('',(3.981911544665,418.31017041437));
#4168 = CARTESIAN_POINT('',(4.000112937676,418.35412033348));
#4169 = CARTESIAN_POINT('',(4.018205542279,418.39759320718));
#4170 = CARTESIAN_POINT('',(4.098091343877,418.58815984711));
#4171 = CARTESIAN_POINT('',(4.158819999522,418.72931890612));
#4172 = CARTESIAN_POINT('',(4.21860744986,418.86060426805));
#4173 = CARTESIAN_POINT('',(4.277654844694,418.97927575439));
#4174 = CARTESIAN_POINT('',(4.336159609965,419.08311766186));
#4175 = CARTESIAN_POINT('',(4.447837967106,419.25066147765));
#4176 = CARTESIAN_POINT('',(4.501047116761,419.31687788628));
#4177 = CARTESIAN_POINT('',(4.55402592359,419.36755438089));
#4178 = CARTESIAN_POINT('',(4.606854808697,419.40168447128));
#4179 = CARTESIAN_POINT('',(4.659614742088,419.41875814509));
#4180 = CARTESIAN_POINT('',(4.765389334699,419.41875814509));
#4181 = CARTESIAN_POINT('',(4.818375079919,419.40153785077));
#4182 = CARTESIAN_POINT('',(4.871430665178,419.36711496136));
#4183 = CARTESIAN_POINT('',(4.924638199868,419.31600818039));
#4184 = CARTESIAN_POINT('',(4.978079240751,419.24924101212));
#4185 = CARTESIAN_POINT('',(5.08912509696,419.0820420461));
#4186 = CARTESIAN_POINT('',(5.146754025032,418.97971414263));
#4187 = CARTESIAN_POINT('',(5.20490930255,418.86300624599));
#4188 = CARTESIAN_POINT('',(5.263779362003,418.73403566563));
#4189 = CARTESIAN_POINT('',(5.323556369246,418.59541222664));
#4190 = CARTESIAN_POINT('',(5.402472241084,418.40742862875));
#4191 = CARTESIAN_POINT('',(5.420590834379,418.36393891304));
#4192 = CARTESIAN_POINT('',(5.43881771976,418.31995716622));
#4193 = CARTESIAN_POINT('',(5.457159971076,418.27556798846));
#4194 = CARTESIAN_POINT('',(5.475624959616,418.23086094218));
#4195 = CARTESIAN_POINT('',(5.517800185065,418.12895671358));
#4196 = CARTESIAN_POINT('',(5.54158942794,418.07162509138));
#4197 = CARTESIAN_POINT('',(5.565603993052,418.01412720283));
#4198 = CARTESIAN_POINT('',(5.589859914533,417.95667308635));
#4199 = CARTESIAN_POINT('',(5.614373350328,417.89949130153));
#4200 = CARTESIAN_POINT('',(5.670239280629,417.77178457864));
#4201 = CARTESIAN_POINT('',(5.701755907889,417.70154026369));
#4202 = CARTESIAN_POINT('',(5.733733824108,417.63260688902));
#4203 = CARTESIAN_POINT('',(5.766196465506,417.56554452213));
#4204 = CARTESIAN_POINT('',(5.799169232963,417.5009572921));
#4205 = CARTESIAN_POINT('',(5.859887458255,417.38958607103));
#4206 = CARTESIAN_POINT('',(5.887453874328,417.3417300534));
#4207 = CARTESIAN_POINT('',(5.915370877835,417.29631274844));
#4208 = CARTESIAN_POINT('',(5.94363136739,417.25372535966));
#4209 = CARTESIAN_POINT('',(5.972230689166,417.21435022135));
#4210 = CARTESIAN_POINT('',(6.046631809172,417.12230712542));
#4211 = CARTESIAN_POINT('',(6.093006101634,417.07479797421));
#4212 = CARTESIAN_POINT('',(6.140047205564,417.03779696367));
#4213 = CARTESIAN_POINT('',(6.187549572926,417.01262698235));
#4214 = CARTESIAN_POINT('',(6.23532500518,417.));
#4215 = CARTESIAN_POINT('',(6.28318530718,417.));
#4216 = ( GEOMETRIC_REPRESENTATION_CONTEXT(2) 
PARAMETRIC_REPRESENTATION_CONTEXT() REPRESENTATION_CONTEXT('2D SPACE',''
  ) );
#4217 = PCURVE('',#4218,#4223);
#4218 = CYLINDRICAL_SURFACE('',#4219,24.);
#4219 = AXIS2_PLACEMENT_3D('',#4220,#4221,#4222);
#4220 = CARTESIAN_POINT('',(507.15,0.,3.86E+03));
#4221 = DIRECTION('',(0.,0.,1.));
#4222 = DIRECTION('',(1.,0.,-0.));
#4223 = DEFINITIONAL_REPRESENTATION('',(#4224),#4367);
#4224 = B_SPLINE_CURVE_WITH_KNOTS('',6,(#4225,#4226,#4227,#4228,#4229,
    #4230,#4231,#4232,#4233,#4234,#4235,#4236,#4237,#4238,#4239,#4240,
    #4241,#4242,#4243,#4244,#4245,#4246,#4247,#4248,#4249,#4250,#4251,
    #4252,#4253,#4254,#4255,#4256,#4257,#4258,#4259,#4260,#4261,#4262,
    #4263,#4264,#4265,#4266,#4267,#4268,#4269,#4270,#4271,#4272,#4273,
    #4274,#4275,#4276,#4277,#4278,#4279,#4280,#4281,#4282,#4283,#4284,
    #4285,#4286,#4287,#4288,#4289,#4290,#4291,#4292,#4293,#4294,#4295,
    #4296,#4297,#4298,#4299,#4300,#4301,#4302,#4303,#4304,#4305,#4306,
    #4307,#4308,#4309,#4310,#4311,#4312,#4313,#4314,#4315,#4316,#4317,
    #4318,#4319,#4320,#4321,#4322,#4323,#4324,#4325,#4326,#4327,#4328,
    #4329,#4330,#4331,#4332,#4333,#4334,#4335,#4336,#4337,#4338,#4339,
    #4340,#4341,#4342,#4343,#4344,#4345,#4346,#4347,#4348,#4349,#4350,
    #4351,#4352,#4353,#4354,#4355,#4356,#4357,#4358,#4359,#4360,#4361,
    #4362,#4363,#4364,#4365,#4366),.UNSPECIFIED.,.T.,.F.,(7,5,5,5,5,5,5,
    5,5,5,5,5,5,5,5,5,5,5,5,5,5,5,5,5,5,5,5,5,7),(0.,3.750113110225E-02,
    5.998990224462E-02,8.926748495279E-02,0.111829856787,0.129993531069,
    0.192484268876,0.249991407103,0.307744939888,0.369294336373,
    0.387503896474,0.410594471353,0.43954586928,0.463049405656,
    0.499981346965,0.537485421855,0.559975958331,0.589255839282,
    0.611819982225,0.629985082325,0.692480725552,0.749992377995,
    0.807750444336,0.869304672381,0.887515661921,0.910608049396,
    0.939561719989,0.963067101376,1.),.UNSPECIFIED.);
#4225 = CARTESIAN_POINT('',(3.14159265359,30.5));
#4226 = CARTESIAN_POINT('',(3.162857844886,30.5));
#4227 = CARTESIAN_POINT('',(3.184081347256,30.470231694407));
#4228 = CARTESIAN_POINT('',(3.20510560585,30.410914441021));
#4229 = CARTESIAN_POINT('',(3.225774503702,30.323263500904));
#4230 = CARTESIAN_POINT('',(3.245933487266,30.209479440492));
#4231 = CARTESIAN_POINT('',(3.277125280482,29.990843046195));
#4232 = CARTESIAN_POINT('',(3.288594032326,29.900557444654));
#4233 = CARTESIAN_POINT('',(3.299827684553,29.802453725227));
#4234 = CARTESIAN_POINT('',(3.310815993489,29.697049663793));
#4235 = CARTESIAN_POINT('',(3.321549304194,29.584877056239));
#4236 = CARTESIAN_POINT('',(3.345648284694,29.312350787553));
#4237 = CARTESIAN_POINT('',(3.35883259753,29.147651048288));
#4238 = CARTESIAN_POINT('',(3.37157095306,28.97336469424));
#4239 = CARTESIAN_POINT('',(3.383863393109,28.790388630972));
#4240 = CARTESIAN_POINT('',(3.395710862387,28.59953853526));
#4241 = CARTESIAN_POINT('',(3.415904328894,28.248974080628));
#4242 = CARTESIAN_POINT('',(3.424431847821,28.092129300561));
#4243 = CARTESIAN_POINT('',(3.432700555031,27.931319476452));
#4244 = CARTESIAN_POINT('',(3.440712960278,27.766815740186));
#4245 = CARTESIAN_POINT('',(3.448471584641,27.59885724977));
#4246 = CARTESIAN_POINT('',(3.462022719178,27.289822988475));
#4247 = CARTESIAN_POINT('',(3.467903574296,27.149891953325));
#4248 = CARTESIAN_POINT('',(3.473622780628,27.007967225935));
#4249 = CARTESIAN_POINT('',(3.479181449057,26.864149495293));
#4250 = CARTESIAN_POINT('',(3.48458054659,26.718530997322));
#4251 = CARTESIAN_POINT('',(3.507849920592,26.064299010359));
#4252 = CARTESIAN_POINT('',(3.524011854409,25.536747399337));
#4253 = CARTESIAN_POINT('',(3.538321500738,24.992322524189));
#4254 = CARTESIAN_POINT('',(3.550784317943,24.433907180145));
#4255 = CARTESIAN_POINT('',(3.561397306691,23.863748749781));
#4256 = CARTESIAN_POINT('',(3.578196501402,22.74994428362));
#4257 = CARTESIAN_POINT('',(3.584665613176,22.207985108272));
#4258 = CARTESIAN_POINT('',(3.589532697388,21.660034160759));
#4259 = CARTESIAN_POINT('',(3.592783184626,21.108108794639));
#4260 = CARTESIAN_POINT('',(3.594409248335,20.554129502116));
#4261 = CARTESIAN_POINT('',(3.594409248335,19.4434962797));
#4262 = CARTESIAN_POINT('',(3.59276922078,18.887145963476));
#4263 = CARTESIAN_POINT('',(3.589490847851,18.332876103762));
#4264 = CARTESIAN_POINT('',(3.584582081174,17.782630877209));
#4265 = CARTESIAN_POINT('',(3.57805771255,17.238453441335));
#4266 = CARTESIAN_POINT('',(3.561285483526,16.131459713683));
#4267 = CARTESIAN_POINT('',(3.550823898544,15.569955909786));
#4268 = CARTESIAN_POINT('',(3.538567641323,15.019852268342));
#4269 = CARTESIAN_POINT('',(3.524519738668,14.483298830331));
#4270 = CARTESIAN_POINT('',(3.508675192245,13.963039444256));
#4271 = CARTESIAN_POINT('',(3.485796783213,13.314616317051));
#4272 = CARTESIAN_POINT('',(3.48041403506,13.168289262891));
#4273 = CARTESIAN_POINT('',(3.474871039419,13.023758636123));
#4274 = CARTESIAN_POINT('',(3.46916683931,12.881116511675));
#4275 = CARTESIAN_POINT('',(3.463300330217,12.740463356894));
#4276 = CARTESIAN_POINT('',(3.449623848808,12.426213391077));
#4277 = CARTESIAN_POINT('',(3.441714567777,12.253895302087));
#4278 = CARTESIAN_POINT('',(3.433539705237,12.085173063023));
#4279 = CARTESIAN_POINT('',(3.425096561815,11.920301005899));
#4280 = CARTESIAN_POINT('',(3.416382450522,11.7595684963));
#4281 = CARTESIAN_POINT('',(3.396125681711,11.40736746429));
#4282 = CARTESIAN_POINT('',(3.384423815597,11.218406149057));
#4283 = CARTESIAN_POINT('',(3.372286940646,11.037124906506));
#4284 = CARTESIAN_POINT('',(3.359714026573,10.864309127678));
#4285 = CARTESIAN_POINT('',(3.346704894801,10.70082238276));
#4286 = CARTESIAN_POINT('',(3.322344962969,10.423224607104));
#4287 = CARTESIAN_POINT('',(3.311140800395,10.305589307522));
#4288 = CARTESIAN_POINT('',(3.299657778213,10.195329555947));
#4289 = CARTESIAN_POINT('',(3.287906964048,10.093052899714));
#4290 = CARTESIAN_POINT('',(3.275900128187,9.999349860771));
#4291 = CARTESIAN_POINT('',(3.244400171985,9.78193528938));
#4292 = CARTESIAN_POINT('',(3.224517628957,9.671447818455));
#4293 = CARTESIAN_POINT('',(3.204146493258,9.586398428214));
#4294 = CARTESIAN_POINT('',(3.183435138723,9.528866982562));
#4295 = CARTESIAN_POINT('',(3.16253343933,9.5));
#4296 = CARTESIAN_POINT('',(3.120327462299,9.5));
#4297 = CARTESIAN_POINT('',(3.099103959923,9.529768305576));
#4298 = CARTESIAN_POINT('',(3.078079701324,9.589085558998));
#4299 = CARTESIAN_POINT('',(3.057410803476,9.676736499124));
#4300 = CARTESIAN_POINT('',(3.037251819919,9.790520559472));
#4301 = CARTESIAN_POINT('',(3.006060026698,10.009156953808));
#4302 = CARTESIAN_POINT('',(2.994591274853,10.099442555346));
#4303 = CARTESIAN_POINT('',(2.983357622627,10.19754627477));
#4304 = CARTESIAN_POINT('',(2.97236931369,10.302950336205));
#4305 = CARTESIAN_POINT('',(2.961636002985,10.415122943764));
#4306 = CARTESIAN_POINT('',(2.937537022487,10.68764921244));
#4307 = CARTESIAN_POINT('',(2.924352709649,10.852348951713));
#4308 = CARTESIAN_POINT('',(2.911614354119,11.026635305768));
#4309 = CARTESIAN_POINT('',(2.89932191407,11.209611369031));
#4310 = CARTESIAN_POINT('',(2.887474444793,11.400461464732));
#4311 = CARTESIAN_POINT('',(2.867280978286,11.751025919372));
#4312 = CARTESIAN_POINT('',(2.858753459358,11.90787069944));
#4313 = CARTESIAN_POINT('',(2.850484752149,12.068680523548));
#4314 = CARTESIAN_POINT('',(2.842472346902,12.233184259814));
#4315 = CARTESIAN_POINT('',(2.834713722539,12.401142750231));
#4316 = CARTESIAN_POINT('',(2.821162588002,12.710177011525));
#4317 = CARTESIAN_POINT('',(2.815281732883,12.850108046675));
#4318 = CARTESIAN_POINT('',(2.809562526551,12.992032774066));
#4319 = CARTESIAN_POINT('',(2.804003858123,13.135850504708));
#4320 = CARTESIAN_POINT('',(2.79860476059,13.281469002678));
#4321 = CARTESIAN_POINT('',(2.775335386587,13.935700989642));
#4322 = CARTESIAN_POINT('',(2.759173452771,14.463252600663));
#4323 = CARTESIAN_POINT('',(2.744863806442,15.007677475813));
#4324 = CARTESIAN_POINT('',(2.732400989237,15.566092819856));
#4325 = CARTESIAN_POINT('',(2.721788000488,16.13625125022));
#4326 = CARTESIAN_POINT('',(2.704988805778,17.250055716382));
#4327 = CARTESIAN_POINT('',(2.698519694004,17.79201489173));
#4328 = CARTESIAN_POINT('',(2.693652609792,18.339965839242));
#4329 = CARTESIAN_POINT('',(2.690402122554,18.891891205362));
#4330 = CARTESIAN_POINT('',(2.688776058845,19.445870497883));
#4331 = CARTESIAN_POINT('',(2.688776058845,20.556503720299));
#4332 = CARTESIAN_POINT('',(2.690416086399,21.112854036525));
#4333 = CARTESIAN_POINT('',(2.693694459329,21.667123896237));
#4334 = CARTESIAN_POINT('',(2.698603226006,22.217369122791));
#4335 = CARTESIAN_POINT('',(2.705127594629,22.761546558665));
#4336 = CARTESIAN_POINT('',(2.721899823658,23.868540286635));
#4337 = CARTESIAN_POINT('',(2.732361408636,24.430044090123));
#4338 = CARTESIAN_POINT('',(2.74461766585,24.980147731372));
#4339 = CARTESIAN_POINT('',(2.758665568507,25.516701169616));
#4340 = CARTESIAN_POINT('',(2.774510114943,26.036960555993));
#4341 = CARTESIAN_POINT('',(2.797388523967,26.685383682948));
#4342 = CARTESIAN_POINT('',(2.80277127212,26.831710737109));
#4343 = CARTESIAN_POINT('',(2.808314267761,26.976241363876));
#4344 = CARTESIAN_POINT('',(2.81401846787,27.118883488324));
#4345 = CARTESIAN_POINT('',(2.819884976963,27.259536643106));
#4346 = CARTESIAN_POINT('',(2.833561458371,27.573786608922));
#4347 = CARTESIAN_POINT('',(2.841470739402,27.746104697912));
#4348 = CARTESIAN_POINT('',(2.849645601942,27.914826936977));
#4349 = CARTESIAN_POINT('',(2.858088745365,28.0796989941));
#4350 = CARTESIAN_POINT('',(2.866802856658,28.240431503699));
#4351 = CARTESIAN_POINT('',(2.887059625468,28.592632535701));
#4352 = CARTESIAN_POINT('',(2.898761491582,28.781593850946));
#4353 = CARTESIAN_POINT('',(2.910898366534,28.962875093501));
#4354 = CARTESIAN_POINT('',(2.923471280607,29.135690872322));
#4355 = CARTESIAN_POINT('',(2.936480412378,29.299177617233));
#4356 = CARTESIAN_POINT('',(2.96084034421,29.57677539289));
#4357 = CARTESIAN_POINT('',(2.972044506785,29.69441069248));
#4358 = CARTESIAN_POINT('',(2.983527528967,29.804670444057));
#4359 = CARTESIAN_POINT('',(2.995278343132,29.906947100285));
#4360 = CARTESIAN_POINT('',(3.007285178991,30.000650139224));
#4361 = CARTESIAN_POINT('',(3.03878412317,30.21805772556));
#4362 = CARTESIAN_POINT('',(3.058667189474,30.328551623145));
#4363 = CARTESIAN_POINT('',(3.079039564204,30.413607157349));
#4364 = CARTESIAN_POINT('',(3.09975201482,30.471138270016));
#4365 = CARTESIAN_POINT('',(3.120653771465,30.5));
#4366 = CARTESIAN_POINT('',(3.14159265359,30.5));
#4367 = ( GEOMETRIC_REPRESENTATION_CONTEXT(2) 
PARAMETRIC_REPRESENTATION_CONTEXT() REPRESENTATION_CONTEXT('2D SPACE',''
  ) );
#4368 = ORIENTED_EDGE('',*,*,#4369,.F.);
#4369 = EDGE_CURVE('',#4370,#3920,#4372,.T.);
#4370 = VERTEX_POINT('',#4371);
#4371 = CARTESIAN_POINT('',(67.15,2.571758278209E-15,3.8905E+03));
#4372 = SEAM_CURVE('',#4373,(#4377,#4384),.PCURVE_S1.);
#4373 = LINE('',#4374,#4375);
#4374 = CARTESIAN_POINT('',(66.15,2.571758278209E-15,3.8905E+03));
#4375 = VECTOR('',#4376,1.);
#4376 = DIRECTION('',(1.,0.,0.));
#4377 = PCURVE('',#4067,#4378);
#4378 = DEFINITIONAL_REPRESENTATION('',(#4379),#4383);
#4379 = LINE('',#4380,#4381);
#4380 = CARTESIAN_POINT('',(6.28318530718,-0.));
#4381 = VECTOR('',#4382,1.);
#4382 = DIRECTION('',(0.,1.));
#4383 = ( GEOMETRIC_REPRESENTATION_CONTEXT(2) 
PARAMETRIC_REPRESENTATION_CONTEXT() REPRESENTATION_CONTEXT('2D SPACE',''
  ) );
#4384 = PCURVE('',#4067,#4385);
#4385 = DEFINITIONAL_REPRESENTATION('',(#4386),#4390);
#4386 = LINE('',#4387,#4388);
#4387 = CARTESIAN_POINT('',(0.,-0.));
#4388 = VECTOR('',#4389,1.);
#4389 = DIRECTION('',(0.,1.));
#4390 = ( GEOMETRIC_REPRESENTATION_CONTEXT(2) 
PARAMETRIC_REPRESENTATION_CONTEXT() REPRESENTATION_CONTEXT('2D SPACE',''
  ) );
#4391 = ORIENTED_EDGE('',*,*,#4392,.T.);
#4392 = EDGE_CURVE('',#4370,#4370,#4393,.T.);
#4393 = SURFACE_CURVE('',#4394,(#4399,#4406),.PCURVE_S1.);
#4394 = CIRCLE('',#4395,10.5);
#4395 = AXIS2_PLACEMENT_3D('',#4396,#4397,#4398);
#4396 = CARTESIAN_POINT('',(67.15,0.,3.88E+03));
#4397 = DIRECTION('',(1.,0.,0.));
#4398 = DIRECTION('',(-0.,0.,1.));
#4399 = PCURVE('',#4067,#4400);
#4400 = DEFINITIONAL_REPRESENTATION('',(#4401),#4405);
#4401 = LINE('',#4402,#4403);
#4402 = CARTESIAN_POINT('',(0.,1.));
#4403 = VECTOR('',#4404,1.);
#4404 = DIRECTION('',(1.,0.));
#4405 = ( GEOMETRIC_REPRESENTATION_CONTEXT(2) 
PARAMETRIC_REPRESENTATION_CONTEXT() REPRESENTATION_CONTEXT('2D SPACE',''
  ) );
#4406 = PCURVE('',#4407,#4412);
#4407 = PLANE('',#4408);
#4408 = AXIS2_PLACEMENT_3D('',#4409,#4410,#4411);
#4409 = CARTESIAN_POINT('',(67.15,-30.,3.835E+03));
#4410 = DIRECTION('',(1.,0.,-0.));
#4411 = DIRECTION('',(0.,0.,1.));
#4412 = DEFINITIONAL_REPRESENTATION('',(#4413),#4417);
#4413 = CIRCLE('',#4414,10.5);
#4414 = AXIS2_PLACEMENT_2D('',#4415,#4416);
#4415 = CARTESIAN_POINT('',(45.,-30.));
#4416 = DIRECTION('',(1.,0.));
#4417 = ( GEOMETRIC_REPRESENTATION_CONTEXT(2) 
PARAMETRIC_REPRESENTATION_CONTEXT() REPRESENTATION_CONTEXT('2D SPACE',''
  ) );
#4418 = ORIENTED_EDGE('',*,*,#4369,.T.);
#4419 = ADVANCED_FACE('',(#4420),#4218,.F.);
#4420 = FACE_BOUND('',#4421,.F.);
#4421 = EDGE_LOOP('',(#4422));
#4422 = ORIENTED_EDGE('',*,*,#3919,.F.);
#4423 = ADVANCED_FACE('',(#4424),#4407,.F.);
#4424 = FACE_BOUND('',#4425,.F.);
#4425 = EDGE_LOOP('',(#4426));
#4426 = ORIENTED_EDGE('',*,*,#4392,.T.);
#4427 = MANIFOLD_SOLID_BREP('',#4428);
#4428 = CLOSED_SHELL('',(#4429,#4547,#4620,#4665,#4713,#4738));
#4429 = ADVANCED_FACE('',(#4430),#4445,.T.);
#4430 = FACE_BOUND('',#4431,.T.);
#4431 = EDGE_LOOP('',(#4432,#4468,#4494,#4523));
#4432 = ORIENTED_EDGE('',*,*,#4433,.F.);
#4433 = EDGE_CURVE('',#4434,#4436,#4438,.T.);
#4434 = VERTEX_POINT('',#4435);
#4435 = CARTESIAN_POINT('',(56.15,14.331085094995,3.88E+03));
#4436 = VERTEX_POINT('',#4437);
#4437 = CARTESIAN_POINT('',(56.15,-14.33108509499,3.88E+03));
#4438 = SURFACE_CURVE('',#4439,(#4444,#4456),.PCURVE_S1.);
#4439 = CIRCLE('',#4440,57.95);
#4440 = AXIS2_PLACEMENT_3D('',#4441,#4442,#4443);
#4441 = CARTESIAN_POINT('',(0.,0.,3.88E+03));
#4442 = DIRECTION('',(0.,0.,1.));
#4443 = DIRECTION('',(1.,0.,-0.));
#4444 = PCURVE('',#4445,#4450);
#4445 = CYLINDRICAL_SURFACE('',#4446,57.95);
#4446 = AXIS2_PLACEMENT_3D('',#4447,#4448,#4449);
#4447 = CARTESIAN_POINT('',(0.,0.,3.868E+03));
#4448 = DIRECTION('',(0.,0.,1.));
#4449 = DIRECTION('',(1.,0.,-0.));
#4450 = DEFINITIONAL_REPRESENTATION('',(#4451),#4455);
#4451 = LINE('',#4452,#4453);
#4452 = CARTESIAN_POINT('',(0.,12.));
#4453 = VECTOR('',#4454,1.);
#4454 = DIRECTION('',(1.,0.));
#4455 = ( GEOMETRIC_REPRESENTATION_CONTEXT(2) 
PARAMETRIC_REPRESENTATION_CONTEXT() REPRESENTATION_CONTEXT('2D SPACE',''
  ) );
#4456 = PCURVE('',#4457,#4462);
#4457 = PLANE('',#4458);
#4458 = AXIS2_PLACEMENT_3D('',#4459,#4460,#4461);
#4459 = CARTESIAN_POINT('',(0.,0.,3.88E+03));
#4460 = DIRECTION('',(0.,0.,1.));
#4461 = DIRECTION('',(1.,0.,-0.));
#4462 = DEFINITIONAL_REPRESENTATION('',(#4463),#4467);
#4463 = CIRCLE('',#4464,57.95);
#4464 = AXIS2_PLACEMENT_2D('',#4465,#4466);
#4465 = CARTESIAN_POINT('',(0.,0.));
#4466 = DIRECTION('',(1.,0.));
#4467 = ( GEOMETRIC_REPRESENTATION_CONTEXT(2) 
PARAMETRIC_REPRESENTATION_CONTEXT() REPRESENTATION_CONTEXT('2D SPACE',''
  ) );
#4468 = ORIENTED_EDGE('',*,*,#4469,.F.);
#4469 = EDGE_CURVE('',#4470,#4434,#4472,.T.);
#4470 = VERTEX_POINT('',#4471);
#4471 = CARTESIAN_POINT('',(56.15,14.331085094995,3.868E+03));
#4472 = SURFACE_CURVE('',#4473,(#4477,#4483),.PCURVE_S1.);
#4473 = LINE('',#4474,#4475);
#4474 = CARTESIAN_POINT('',(56.15,14.331085094995,3.868E+03));
#4475 = VECTOR('',#4476,1.);
#4476 = DIRECTION('',(0.,0.,1.));
#4477 = PCURVE('',#4445,#4478);
#4478 = DEFINITIONAL_REPRESENTATION('',(#4479),#4482);
#4479 = B_SPLINE_CURVE_WITH_KNOTS('',1,(#4480,#4481),.UNSPECIFIED.,.F.,
  .F.,(2,2),(-6.000000212225E-07,12.0000006),.PIECEWISE_BEZIER_KNOTS.);
#4480 = CARTESIAN_POINT('',(0.249893598843,-6.000000212225E-07));
#4481 = CARTESIAN_POINT('',(0.249893598843,12.0000006));
#4482 = ( GEOMETRIC_REPRESENTATION_CONTEXT(2) 
PARAMETRIC_REPRESENTATION_CONTEXT() REPRESENTATION_CONTEXT('2D SPACE',''
  ) );
#4483 = PCURVE('',#4484,#4489);
#4484 = PLANE('',#4485);
#4485 = AXIS2_PLACEMENT_3D('',#4486,#4487,#4488);
#4486 = CARTESIAN_POINT('',(56.15,-30.,3.86E+03));
#4487 = DIRECTION('',(1.,0.,-0.));
#4488 = DIRECTION('',(0.,0.,1.));
#4489 = DEFINITIONAL_REPRESENTATION('',(#4490),#4493);
#4490 = B_SPLINE_CURVE_WITH_KNOTS('',1,(#4491,#4492),.UNSPECIFIED.,.F.,
  .F.,(2,2),(-6.000000212225E-07,12.0000006),.PIECEWISE_BEZIER_KNOTS.);
#4491 = CARTESIAN_POINT('',(7.9999994,-44.33108509499));
#4492 = CARTESIAN_POINT('',(20.0000006,-44.33108509499));
#4493 = ( GEOMETRIC_REPRESENTATION_CONTEXT(2) 
PARAMETRIC_REPRESENTATION_CONTEXT() REPRESENTATION_CONTEXT('2D SPACE',''
  ) );
#4494 = ORIENTED_EDGE('',*,*,#4495,.T.);
#4495 = EDGE_CURVE('',#4470,#4496,#4498,.T.);
#4496 = VERTEX_POINT('',#4497);
#4497 = CARTESIAN_POINT('',(56.15,-14.33108509499,3.868E+03));
#4498 = SURFACE_CURVE('',#4499,(#4504,#4511),.PCURVE_S1.);
#4499 = CIRCLE('',#4500,57.95);
#4500 = AXIS2_PLACEMENT_3D('',#4501,#4502,#4503);
#4501 = CARTESIAN_POINT('',(0.,0.,3.868E+03));
#4502 = DIRECTION('',(0.,0.,1.));
#4503 = DIRECTION('',(1.,0.,-0.));
#4504 = PCURVE('',#4445,#4505);
#4505 = DEFINITIONAL_REPRESENTATION('',(#4506),#4510);
#4506 = LINE('',#4507,#4508);
#4507 = CARTESIAN_POINT('',(0.,0.));
#4508 = VECTOR('',#4509,1.);
#4509 = DIRECTION('',(1.,0.));
#4510 = ( GEOMETRIC_REPRESENTATION_CONTEXT(2) 
PARAMETRIC_REPRESENTATION_CONTEXT() REPRESENTATION_CONTEXT('2D SPACE',''
  ) );
#4511 = PCURVE('',#4512,#4517);
#4512 = PLANE('',#4513);
#4513 = AXIS2_PLACEMENT_3D('',#4514,#4515,#4516);
#4514 = CARTESIAN_POINT('',(0.,0.,3.868E+03));
#4515 = DIRECTION('',(0.,0.,1.));
#4516 = DIRECTION('',(1.,0.,-0.));
#4517 = DEFINITIONAL_REPRESENTATION('',(#4518),#4522);
#4518 = CIRCLE('',#4519,57.95);
#4519 = AXIS2_PLACEMENT_2D('',#4520,#4521);
#4520 = CARTESIAN_POINT('',(0.,0.));
#4521 = DIRECTION('',(1.,0.));
#4522 = ( GEOMETRIC_REPRESENTATION_CONTEXT(2) 
PARAMETRIC_REPRESENTATION_CONTEXT() REPRESENTATION_CONTEXT('2D SPACE',''
  ) );
#4523 = ORIENTED_EDGE('',*,*,#4524,.T.);
#4524 = EDGE_CURVE('',#4496,#4436,#4525,.T.);
#4525 = SURFACE_CURVE('',#4526,(#4530,#4536),.PCURVE_S1.);
#4526 = LINE('',#4527,#4528);
#4527 = CARTESIAN_POINT('',(56.15,-14.33108509499,3.868E+03));
#4528 = VECTOR('',#4529,1.);
#4529 = DIRECTION('',(0.,0.,1.));
#4530 = PCURVE('',#4445,#4531);
#4531 = DEFINITIONAL_REPRESENTATION('',(#4532),#4535);
#4532 = B_SPLINE_CURVE_WITH_KNOTS('',1,(#4533,#4534),.UNSPECIFIED.,.F.,
  .F.,(2,2),(-6.000000212225E-07,12.0000006),.PIECEWISE_BEZIER_KNOTS.);
#4533 = CARTESIAN_POINT('',(6.033291708336,-6.000000212225E-07));
#4534 = CARTESIAN_POINT('',(6.033291708336,12.0000006));
#4535 = ( GEOMETRIC_REPRESENTATION_CONTEXT(2) 
PARAMETRIC_REPRESENTATION_CONTEXT() REPRESENTATION_CONTEXT('2D SPACE',''
  ) );
#4536 = PCURVE('',#4537,#4542);
#4537 = PLANE('',#4538);
#4538 = AXIS2_PLACEMENT_3D('',#4539,#4540,#4541);
#4539 = CARTESIAN_POINT('',(56.15,-30.,3.86E+03));
#4540 = DIRECTION('',(1.,0.,-0.));
#4541 = DIRECTION('',(0.,0.,1.));
#4542 = DEFINITIONAL_REPRESENTATION('',(#4543),#4546);
#4543 = B_SPLINE_CURVE_WITH_KNOTS('',1,(#4544,#4545),.UNSPECIFIED.,.F.,
  .F.,(2,2),(-6.000000212225E-07,12.0000006),.PIECEWISE_BEZIER_KNOTS.);
#4544 = CARTESIAN_POINT('',(7.9999994,-15.668914905));
#4545 = CARTESIAN_POINT('',(20.0000006,-15.668914905));
#4546 = ( GEOMETRIC_REPRESENTATION_CONTEXT(2) 
PARAMETRIC_REPRESENTATION_CONTEXT() REPRESENTATION_CONTEXT('2D SPACE',''
  ) );
#4547 = ADVANCED_FACE('',(#4548),#4457,.T.);
#4548 = FACE_BOUND('',#4549,.T.);
#4549 = EDGE_LOOP('',(#4550,#4571,#4572,#4593));
#4550 = ORIENTED_EDGE('',*,*,#4551,.T.);
#4551 = EDGE_CURVE('',#4552,#4434,#4554,.T.);
#4552 = VERTEX_POINT('',#4553);
#4553 = CARTESIAN_POINT('',(56.15,10.644247272588,3.88E+03));
#4554 = SURFACE_CURVE('',#4555,(#4559,#4565),.PCURVE_S1.);
#4555 = LINE('',#4556,#4557);
#4556 = CARTESIAN_POINT('',(56.15,-15.,3.88E+03));
#4557 = VECTOR('',#4558,1.);
#4558 = DIRECTION('',(-0.,1.,0.));
#4559 = PCURVE('',#4457,#4560);
#4560 = DEFINITIONAL_REPRESENTATION('',(#4561),#4564);
#4561 = B_SPLINE_CURVE_WITH_KNOTS('',1,(#4562,#4563),.UNSPECIFIED.,.F.,
  .F.,(2,2),(-15.,45.),.PIECEWISE_BEZIER_KNOTS.);
#4562 = CARTESIAN_POINT('',(56.15,-30.));
#4563 = CARTESIAN_POINT('',(56.15,30.));
#4564 = ( GEOMETRIC_REPRESENTATION_CONTEXT(2) 
PARAMETRIC_REPRESENTATION_CONTEXT() REPRESENTATION_CONTEXT('2D SPACE',''
  ) );
#4565 = PCURVE('',#4484,#4566);
#4566 = DEFINITIONAL_REPRESENTATION('',(#4567),#4570);
#4567 = B_SPLINE_CURVE_WITH_KNOTS('',1,(#4568,#4569),.UNSPECIFIED.,.F.,
  .F.,(2,2),(-15.,45.),.PIECEWISE_BEZIER_KNOTS.);
#4568 = CARTESIAN_POINT('',(20.,0.));
#4569 = CARTESIAN_POINT('',(20.,-60.));
#4570 = ( GEOMETRIC_REPRESENTATION_CONTEXT(2) 
PARAMETRIC_REPRESENTATION_CONTEXT() REPRESENTATION_CONTEXT('2D SPACE',''
  ) );
#4571 = ORIENTED_EDGE('',*,*,#4433,.T.);
#4572 = ORIENTED_EDGE('',*,*,#4573,.T.);
#4573 = EDGE_CURVE('',#4436,#4574,#4576,.T.);
#4574 = VERTEX_POINT('',#4575);
#4575 = CARTESIAN_POINT('',(56.15,-10.64424727258,3.88E+03));
#4576 = SURFACE_CURVE('',#4577,(#4581,#4587),.PCURVE_S1.);
#4577 = LINE('',#4578,#4579);
#4578 = CARTESIAN_POINT('',(56.15,-15.,3.88E+03));
#4579 = VECTOR('',#4580,1.);
#4580 = DIRECTION('',(-0.,1.,0.));
#4581 = PCURVE('',#4457,#4582);
#4582 = DEFINITIONAL_REPRESENTATION('',(#4583),#4586);
#4583 = B_SPLINE_CURVE_WITH_KNOTS('',1,(#4584,#4585),.UNSPECIFIED.,.F.,
  .F.,(2,2),(-15.,45.),.PIECEWISE_BEZIER_KNOTS.);
#4584 = CARTESIAN_POINT('',(56.15,-30.));
#4585 = CARTESIAN_POINT('',(56.15,30.));
#4586 = ( GEOMETRIC_REPRESENTATION_CONTEXT(2) 
PARAMETRIC_REPRESENTATION_CONTEXT() REPRESENTATION_CONTEXT('2D SPACE',''
  ) );
#4587 = PCURVE('',#4537,#4588);
#4588 = DEFINITIONAL_REPRESENTATION('',(#4589),#4592);
#4589 = B_SPLINE_CURVE_WITH_KNOTS('',1,(#4590,#4591),.UNSPECIFIED.,.F.,
  .F.,(2,2),(-15.,45.),.PIECEWISE_BEZIER_KNOTS.);
#4590 = CARTESIAN_POINT('',(20.,0.));
#4591 = CARTESIAN_POINT('',(20.,-60.));
#4592 = ( GEOMETRIC_REPRESENTATION_CONTEXT(2) 
PARAMETRIC_REPRESENTATION_CONTEXT() REPRESENTATION_CONTEXT('2D SPACE',''
  ) );
#4593 = ORIENTED_EDGE('',*,*,#4594,.F.);
#4594 = EDGE_CURVE('',#4552,#4574,#4595,.T.);
#4595 = SURFACE_CURVE('',#4596,(#4601,#4608),.PCURVE_S1.);
#4596 = CIRCLE('',#4597,57.15);
#4597 = AXIS2_PLACEMENT_3D('',#4598,#4599,#4600);
#4598 = CARTESIAN_POINT('',(0.,0.,3.88E+03));
#4599 = DIRECTION('',(0.,0.,1.));
#4600 = DIRECTION('',(1.,0.,-0.));
#4601 = PCURVE('',#4457,#4602);
#4602 = DEFINITIONAL_REPRESENTATION('',(#4603),#4607);
#4603 = CIRCLE('',#4604,57.15);
#4604 = AXIS2_PLACEMENT_2D('',#4605,#4606);
#4605 = CARTESIAN_POINT('',(0.,0.));
#4606 = DIRECTION('',(1.,0.));
#4607 = ( GEOMETRIC_REPRESENTATION_CONTEXT(2) 
PARAMETRIC_REPRESENTATION_CONTEXT() REPRESENTATION_CONTEXT('2D SPACE',''
  ) );
#4608 = PCURVE('',#4609,#4614);
#4609 = CYLINDRICAL_SURFACE('',#4610,57.15);
#4610 = AXIS2_PLACEMENT_3D('',#4611,#4612,#4613);
#4611 = CARTESIAN_POINT('',(0.,0.,3.867E+03));
#4612 = DIRECTION('',(0.,0.,1.));
#4613 = DIRECTION('',(1.,0.,-0.));
#4614 = DEFINITIONAL_REPRESENTATION('',(#4615),#4619);
#4615 = LINE('',#4616,#4617);
#4616 = CARTESIAN_POINT('',(0.,13.));
#4617 = VECTOR('',#4618,1.);
#4618 = DIRECTION('',(1.,0.));
#4619 = ( GEOMETRIC_REPRESENTATION_CONTEXT(2) 
PARAMETRIC_REPRESENTATION_CONTEXT() REPRESENTATION_CONTEXT('2D SPACE',''
  ) );
#4620 = ADVANCED_FACE('',(#4621),#4537,.T.);
#4621 = FACE_BOUND('',#4622,.T.);
#4622 = EDGE_LOOP('',(#4623,#4624,#4645,#4664));
#4623 = ORIENTED_EDGE('',*,*,#4524,.F.);
#4624 = ORIENTED_EDGE('',*,*,#4625,.T.);
#4625 = EDGE_CURVE('',#4496,#4626,#4628,.T.);
#4626 = VERTEX_POINT('',#4627);
#4627 = CARTESIAN_POINT('',(56.15,-10.64424727258,3.868E+03));
#4628 = SURFACE_CURVE('',#4629,(#4633,#4639),.PCURVE_S1.);
#4629 = LINE('',#4630,#4631);
#4630 = CARTESIAN_POINT('',(56.15,-15.,3.868E+03));
#4631 = VECTOR('',#4632,1.);
#4632 = DIRECTION('',(-0.,1.,0.));
#4633 = PCURVE('',#4537,#4634);
#4634 = DEFINITIONAL_REPRESENTATION('',(#4635),#4638);
#4635 = B_SPLINE_CURVE_WITH_KNOTS('',1,(#4636,#4637),.UNSPECIFIED.,.F.,
  .F.,(2,2),(-15.,45.),.PIECEWISE_BEZIER_KNOTS.);
#4636 = CARTESIAN_POINT('',(8.,0.));
#4637 = CARTESIAN_POINT('',(8.,-60.));
#4638 = ( GEOMETRIC_REPRESENTATION_CONTEXT(2) 
PARAMETRIC_REPRESENTATION_CONTEXT() REPRESENTATION_CONTEXT('2D SPACE',''
  ) );
#4639 = PCURVE('',#4512,#4640);
#4640 = DEFINITIONAL_REPRESENTATION('',(#4641),#4644);
#4641 = B_SPLINE_CURVE_WITH_KNOTS('',1,(#4642,#4643),.UNSPECIFIED.,.F.,
  .F.,(2,2),(-15.,45.),.PIECEWISE_BEZIER_KNOTS.);
#4642 = CARTESIAN_POINT('',(56.15,-30.));
#4643 = CARTESIAN_POINT('',(56.15,30.));
#4644 = ( GEOMETRIC_REPRESENTATION_CONTEXT(2) 
PARAMETRIC_REPRESENTATION_CONTEXT() REPRESENTATION_CONTEXT('2D SPACE',''
  ) );
#4645 = ORIENTED_EDGE('',*,*,#4646,.T.);
#4646 = EDGE_CURVE('',#4626,#4574,#4647,.T.);
#4647 = SURFACE_CURVE('',#4648,(#4652,#4658),.PCURVE_S1.);
#4648 = LINE('',#4649,#4650);
#4649 = CARTESIAN_POINT('',(56.15,-10.64424727258,3.867E+03));
#4650 = VECTOR('',#4651,1.);
#4651 = DIRECTION('',(0.,0.,1.));
#4652 = PCURVE('',#4537,#4653);
#4653 = DEFINITIONAL_REPRESENTATION('',(#4654),#4657);
#4654 = B_SPLINE_CURVE_WITH_KNOTS('',1,(#4655,#4656),.UNSPECIFIED.,.F.,
  .F.,(2,2),(0.9999994,13.0000006),.PIECEWISE_BEZIER_KNOTS.);
#4655 = CARTESIAN_POINT('',(7.9999994,-19.35575272741));
#4656 = CARTESIAN_POINT('',(20.0000006,-19.35575272741));
#4657 = ( GEOMETRIC_REPRESENTATION_CONTEXT(2) 
PARAMETRIC_REPRESENTATION_CONTEXT() REPRESENTATION_CONTEXT('2D SPACE',''
  ) );
#4658 = PCURVE('',#4609,#4659);
#4659 = DEFINITIONAL_REPRESENTATION('',(#4660),#4663);
#4660 = B_SPLINE_CURVE_WITH_KNOTS('',1,(#4661,#4662),.UNSPECIFIED.,.F.,
  .F.,(2,2),(0.9999994,13.0000006),.PIECEWISE_BEZIER_KNOTS.);
#4661 = CARTESIAN_POINT('',(6.095840271832,0.9999994));
#4662 = CARTESIAN_POINT('',(6.095840271832,13.0000006));
#4663 = ( GEOMETRIC_REPRESENTATION_CONTEXT(2) 
PARAMETRIC_REPRESENTATION_CONTEXT() REPRESENTATION_CONTEXT('2D SPACE',''
  ) );
#4664 = ORIENTED_EDGE('',*,*,#4573,.F.);
#4665 = ADVANCED_FACE('',(#4666),#4512,.F.);
#4666 = FACE_BOUND('',#4667,.F.);
#4667 = EDGE_LOOP('',(#4668,#4689,#4690,#4691));
#4668 = ORIENTED_EDGE('',*,*,#4669,.T.);
#4669 = EDGE_CURVE('',#4670,#4470,#4672,.T.);
#4670 = VERTEX_POINT('',#4671);
#4671 = CARTESIAN_POINT('',(56.15,10.644247272588,3.868E+03));
#4672 = SURFACE_CURVE('',#4673,(#4677,#4683),.PCURVE_S1.);
#4673 = LINE('',#4674,#4675);
#4674 = CARTESIAN_POINT('',(56.15,-15.,3.868E+03));
#4675 = VECTOR('',#4676,1.);
#4676 = DIRECTION('',(-0.,1.,0.));
#4677 = PCURVE('',#4512,#4678);
#4678 = DEFINITIONAL_REPRESENTATION('',(#4679),#4682);
#4679 = B_SPLINE_CURVE_WITH_KNOTS('',1,(#4680,#4681),.UNSPECIFIED.,.F.,
  .F.,(2,2),(-15.,45.),.PIECEWISE_BEZIER_KNOTS.);
#4680 = CARTESIAN_POINT('',(56.15,-30.));
#4681 = CARTESIAN_POINT('',(56.15,30.));
#4682 = ( GEOMETRIC_REPRESENTATION_CONTEXT(2) 
PARAMETRIC_REPRESENTATION_CONTEXT() REPRESENTATION_CONTEXT('2D SPACE',''
  ) );
#4683 = PCURVE('',#4484,#4684);
#4684 = DEFINITIONAL_REPRESENTATION('',(#4685),#4688);
#4685 = B_SPLINE_CURVE_WITH_KNOTS('',1,(#4686,#4687),.UNSPECIFIED.,.F.,
  .F.,(2,2),(-15.,45.),.PIECEWISE_BEZIER_KNOTS.);
#4686 = CARTESIAN_POINT('',(8.,0.));
#4687 = CARTESIAN_POINT('',(8.,-60.));
#4688 = ( GEOMETRIC_REPRESENTATION_CONTEXT(2) 
PARAMETRIC_REPRESENTATION_CONTEXT() REPRESENTATION_CONTEXT('2D SPACE',''
  ) );
#4689 = ORIENTED_EDGE('',*,*,#4495,.T.);
#4690 = ORIENTED_EDGE('',*,*,#4625,.T.);
#4691 = ORIENTED_EDGE('',*,*,#4692,.F.);
#4692 = EDGE_CURVE('',#4670,#4626,#4693,.T.);
#4693 = SURFACE_CURVE('',#4694,(#4699,#4706),.PCURVE_S1.);
#4694 = CIRCLE('',#4695,57.15);
#4695 = AXIS2_PLACEMENT_3D('',#4696,#4697,#4698);
#4696 = CARTESIAN_POINT('',(0.,0.,3.868E+03));
#4697 = DIRECTION('',(0.,0.,1.));
#4698 = DIRECTION('',(1.,0.,-0.));
#4699 = PCURVE('',#4512,#4700);
#4700 = DEFINITIONAL_REPRESENTATION('',(#4701),#4705);
#4701 = CIRCLE('',#4702,57.15);
#4702 = AXIS2_PLACEMENT_2D('',#4703,#4704);
#4703 = CARTESIAN_POINT('',(0.,0.));
#4704 = DIRECTION('',(1.,0.));
#4705 = ( GEOMETRIC_REPRESENTATION_CONTEXT(2) 
PARAMETRIC_REPRESENTATION_CONTEXT() REPRESENTATION_CONTEXT('2D SPACE',''
  ) );
#4706 = PCURVE('',#4609,#4707);
#4707 = DEFINITIONAL_REPRESENTATION('',(#4708),#4712);
#4708 = LINE('',#4709,#4710);
#4709 = CARTESIAN_POINT('',(0.,1.));
#4710 = VECTOR('',#4711,1.);
#4711 = DIRECTION('',(1.,0.));
#4712 = ( GEOMETRIC_REPRESENTATION_CONTEXT(2) 
PARAMETRIC_REPRESENTATION_CONTEXT() REPRESENTATION_CONTEXT('2D SPACE',''
  ) );
#4713 = ADVANCED_FACE('',(#4714),#4484,.T.);
#4714 = FACE_BOUND('',#4715,.T.);
#4715 = EDGE_LOOP('',(#4716,#4717,#4718,#4719));
#4716 = ORIENTED_EDGE('',*,*,#4669,.T.);
#4717 = ORIENTED_EDGE('',*,*,#4469,.T.);
#4718 = ORIENTED_EDGE('',*,*,#4551,.F.);
#4719 = ORIENTED_EDGE('',*,*,#4720,.F.);
#4720 = EDGE_CURVE('',#4670,#4552,#4721,.T.);
#4721 = SURFACE_CURVE('',#4722,(#4726,#4732),.PCURVE_S1.);
#4722 = LINE('',#4723,#4724);
#4723 = CARTESIAN_POINT('',(56.15,10.644247272588,3.867E+03));
#4724 = VECTOR('',#4725,1.);
#4725 = DIRECTION('',(0.,0.,1.));
#4726 = PCURVE('',#4484,#4727);
#4727 = DEFINITIONAL_REPRESENTATION('',(#4728),#4731);
#4728 = B_SPLINE_CURVE_WITH_KNOTS('',1,(#4729,#4730),.UNSPECIFIED.,.F.,
  .F.,(2,2),(0.9999994,13.0000006),.PIECEWISE_BEZIER_KNOTS.);
#4729 = CARTESIAN_POINT('',(7.9999994,-40.64424727258));
#4730 = CARTESIAN_POINT('',(20.0000006,-40.64424727258));
#4731 = ( GEOMETRIC_REPRESENTATION_CONTEXT(2) 
PARAMETRIC_REPRESENTATION_CONTEXT() REPRESENTATION_CONTEXT('2D SPACE',''
  ) );
#4732 = PCURVE('',#4609,#4733);
#4733 = DEFINITIONAL_REPRESENTATION('',(#4734),#4737);
#4734 = B_SPLINE_CURVE_WITH_KNOTS('',1,(#4735,#4736),.UNSPECIFIED.,.F.,
  .F.,(2,2),(0.9999994,13.0000006),.PIECEWISE_BEZIER_KNOTS.);
#4735 = CARTESIAN_POINT('',(0.187345035348,0.9999994));
#4736 = CARTESIAN_POINT('',(0.187345035348,13.0000006));
#4737 = ( GEOMETRIC_REPRESENTATION_CONTEXT(2) 
PARAMETRIC_REPRESENTATION_CONTEXT() REPRESENTATION_CONTEXT('2D SPACE',''
  ) );
#4738 = ADVANCED_FACE('',(#4739),#4609,.F.);
#4739 = FACE_BOUND('',#4740,.F.);
#4740 = EDGE_LOOP('',(#4741,#4742,#4743,#4744));
#4741 = ORIENTED_EDGE('',*,*,#4594,.F.);
#4742 = ORIENTED_EDGE('',*,*,#4720,.F.);
#4743 = ORIENTED_EDGE('',*,*,#4692,.T.);
#4744 = ORIENTED_EDGE('',*,*,#4646,.T.);
#4745 = MANIFOLD_SOLID_BREP('',#4746);
#4746 = CLOSED_SHELL('',(#4747,#4835,#4870,#4905,#4960,#5015,#5050,#5085
    ,#5140,#5190));
#4747 = ADVANCED_FACE('',(#4748),#4762,.T.);
#4748 = FACE_BOUND('',#4749,.T.);
#4749 = EDGE_LOOP('',(#4750,#4780,#4807,#4808));
#4750 = ORIENTED_EDGE('',*,*,#4751,.T.);
#4751 = EDGE_CURVE('',#4752,#4754,#4756,.T.);
#4752 = VERTEX_POINT('',#4753);
#4753 = CARTESIAN_POINT('',(527.15,-4.898587196589E-15,3.942E+03));
#4754 = VERTEX_POINT('',#4755);
#4755 = CARTESIAN_POINT('',(527.15,-4.898587196589E-15,4.E+03));
#4756 = SEAM_CURVE('',#4757,(#4761,#4773),.PCURVE_S1.);
#4757 = LINE('',#4758,#4759);
#4758 = CARTESIAN_POINT('',(527.15,-4.898587196589E-15,3.85E+03));
#4759 = VECTOR('',#4760,1.);
#4760 = DIRECTION('',(0.,0.,1.));
#4761 = PCURVE('',#4762,#4767);
#4762 = CYLINDRICAL_SURFACE('',#4763,20.);
#4763 = AXIS2_PLACEMENT_3D('',#4764,#4765,#4766);
#4764 = CARTESIAN_POINT('',(507.15,0.,3.85E+03));
#4765 = DIRECTION('',(0.,0.,1.));
#4766 = DIRECTION('',(1.,0.,-0.));
#4767 = DEFINITIONAL_REPRESENTATION('',(#4768),#4772);
#4768 = LINE('',#4769,#4770);
#4769 = CARTESIAN_POINT('',(6.28318530718,-0.));
#4770 = VECTOR('',#4771,1.);
#4771 = DIRECTION('',(0.,1.));
#4772 = ( GEOMETRIC_REPRESENTATION_CONTEXT(2) 
PARAMETRIC_REPRESENTATION_CONTEXT() REPRESENTATION_CONTEXT('2D SPACE',''
  ) );
#4773 = PCURVE('',#4762,#4774);
#4774 = DEFINITIONAL_REPRESENTATION('',(#4775),#4779);
#4775 = LINE('',#4776,#4777);
#4776 = CARTESIAN_POINT('',(0.,-0.));
#4777 = VECTOR('',#4778,1.);
#4778 = DIRECTION('',(0.,1.));
#4779 = ( GEOMETRIC_REPRESENTATION_CONTEXT(2) 
PARAMETRIC_REPRESENTATION_CONTEXT() REPRESENTATION_CONTEXT('2D SPACE',''
  ) );
#4780 = ORIENTED_EDGE('',*,*,#4781,.F.);
#4781 = EDGE_CURVE('',#4754,#4754,#4782,.T.);
#4782 = SURFACE_CURVE('',#4783,(#4788,#4795),.PCURVE_S1.);
#4783 = CIRCLE('',#4784,20.);
#4784 = AXIS2_PLACEMENT_3D('',#4785,#4786,#4787);
#4785 = CARTESIAN_POINT('',(507.15,0.,4.E+03));
#4786 = DIRECTION('',(0.,0.,1.));
#4787 = DIRECTION('',(1.,0.,-0.));
#4788 = PCURVE('',#4762,#4789);
#4789 = DEFINITIONAL_REPRESENTATION('',(#4790),#4794);
#4790 = LINE('',#4791,#4792);
#4791 = CARTESIAN_POINT('',(0.,150.));
#4792 = VECTOR('',#4793,1.);
#4793 = DIRECTION('',(1.,0.));
#4794 = ( GEOMETRIC_REPRESENTATION_CONTEXT(2) 
PARAMETRIC_REPRESENTATION_CONTEXT() REPRESENTATION_CONTEXT('2D SPACE',''
  ) );
#4795 = PCURVE('',#4796,#4801);
#4796 = PLANE('',#4797);
#4797 = AXIS2_PLACEMENT_3D('',#4798,#4799,#4800);
#4798 = CARTESIAN_POINT('',(507.15,0.,4.E+03));
#4799 = DIRECTION('',(0.,0.,1.));
#4800 = DIRECTION('',(1.,0.,-0.));
#4801 = DEFINITIONAL_REPRESENTATION('',(#4802),#4806);
#4802 = CIRCLE('',#4803,20.);
#4803 = AXIS2_PLACEMENT_2D('',#4804,#4805);
#4804 = CARTESIAN_POINT('',(0.,0.));
#4805 = DIRECTION('',(1.,0.));
#4806 = ( GEOMETRIC_REPRESENTATION_CONTEXT(2) 
PARAMETRIC_REPRESENTATION_CONTEXT() REPRESENTATION_CONTEXT('2D SPACE',''
  ) );
#4807 = ORIENTED_EDGE('',*,*,#4751,.F.);
#4808 = ORIENTED_EDGE('',*,*,#4809,.T.);
#4809 = EDGE_CURVE('',#4752,#4752,#4810,.T.);
#4810 = SURFACE_CURVE('',#4811,(#4816,#4823),.PCURVE_S1.);
#4811 = CIRCLE('',#4812,20.);
#4812 = AXIS2_PLACEMENT_3D('',#4813,#4814,#4815);
#4813 = CARTESIAN_POINT('',(507.15,0.,3.942E+03));
#4814 = DIRECTION('',(0.,0.,1.));
#4815 = DIRECTION('',(1.,0.,-0.));
#4816 = PCURVE('',#4762,#4817);
#4817 = DEFINITIONAL_REPRESENTATION('',(#4818),#4822);
#4818 = LINE('',#4819,#4820);
#4819 = CARTESIAN_POINT('',(0.,92.));
#4820 = VECTOR('',#4821,1.);
#4821 = DIRECTION('',(1.,0.));
#4822 = ( GEOMETRIC_REPRESENTATION_CONTEXT(2) 
PARAMETRIC_REPRESENTATION_CONTEXT() REPRESENTATION_CONTEXT('2D SPACE',''
  ) );
#4823 = PCURVE('',#4824,#4829);
#4824 = PLANE('',#4825);
#4825 = AXIS2_PLACEMENT_3D('',#4826,#4827,#4828);
#4826 = CARTESIAN_POINT('',(507.15,0.,3.942E+03));
#4827 = DIRECTION('',(0.,0.,1.));
#4828 = DIRECTION('',(1.,0.,-0.));
#4829 = DEFINITIONAL_REPRESENTATION('',(#4830),#4834);
#4830 = CIRCLE('',#4831,20.);
#4831 = AXIS2_PLACEMENT_2D('',#4832,#4833);
#4832 = CARTESIAN_POINT('',(0.,0.));
#4833 = DIRECTION('',(1.,0.));
#4834 = ( GEOMETRIC_REPRESENTATION_CONTEXT(2) 
PARAMETRIC_REPRESENTATION_CONTEXT() REPRESENTATION_CONTEXT('2D SPACE',''
  ) );
#4835 = ADVANCED_FACE('',(#4836,#4867),#4824,.T.);
#4836 = FACE_BOUND('',#4837,.T.);
#4837 = EDGE_LOOP('',(#4838));
#4838 = ORIENTED_EDGE('',*,*,#4839,.T.);
#4839 = EDGE_CURVE('',#4840,#4840,#4842,.T.);
#4840 = VERTEX_POINT('',#4841);
#4841 = CARTESIAN_POINT('',(539.15,-7.837739514543E-15,3.942E+03));
#4842 = SURFACE_CURVE('',#4843,(#4848,#4855),.PCURVE_S1.);
#4843 = CIRCLE('',#4844,32.);
#4844 = AXIS2_PLACEMENT_3D('',#4845,#4846,#4847);
#4845 = CARTESIAN_POINT('',(507.15,0.,3.942E+03));
#4846 = DIRECTION('',(0.,0.,1.));
#4847 = DIRECTION('',(1.,0.,-0.));
#4848 = PCURVE('',#4824,#4849);
#4849 = DEFINITIONAL_REPRESENTATION('',(#4850),#4854);
#4850 = CIRCLE('',#4851,32.);
#4851 = AXIS2_PLACEMENT_2D('',#4852,#4853);
#4852 = CARTESIAN_POINT('',(0.,0.));
#4853 = DIRECTION('',(1.,0.));
#4854 = ( GEOMETRIC_REPRESENTATION_CONTEXT(2) 
PARAMETRIC_REPRESENTATION_CONTEXT() REPRESENTATION_CONTEXT('2D SPACE',''
  ) );
#4855 = PCURVE('',#4856,#4861);
#4856 = CYLINDRICAL_SURFACE('',#4857,32.);
#4857 = AXIS2_PLACEMENT_3D('',#4858,#4859,#4860);
#4858 = CARTESIAN_POINT('',(507.15,0.,3.938E+03));
#4859 = DIRECTION('',(0.,0.,1.));
#4860 = DIRECTION('',(1.,0.,-0.));
#4861 = DEFINITIONAL_REPRESENTATION('',(#4862),#4866);
#4862 = LINE('',#4863,#4864);
#4863 = CARTESIAN_POINT('',(0.,4.));
#4864 = VECTOR('',#4865,1.);
#4865 = DIRECTION('',(1.,0.));
#4866 = ( GEOMETRIC_REPRESENTATION_CONTEXT(2) 
PARAMETRIC_REPRESENTATION_CONTEXT() REPRESENTATION_CONTEXT('2D SPACE',''
  ) );
#4867 = FACE_BOUND('',#4868,.T.);
#4868 = EDGE_LOOP('',(#4869));
#4869 = ORIENTED_EDGE('',*,*,#4809,.F.);
#4870 = ADVANCED_FACE('',(#4871,#4874),#4796,.T.);
#4871 = FACE_BOUND('',#4872,.T.);
#4872 = EDGE_LOOP('',(#4873));
#4873 = ORIENTED_EDGE('',*,*,#4781,.T.);
#4874 = FACE_BOUND('',#4875,.T.);
#4875 = EDGE_LOOP('',(#4876));
#4876 = ORIENTED_EDGE('',*,*,#4877,.F.);
#4877 = EDGE_CURVE('',#4878,#4878,#4880,.T.);
#4878 = VERTEX_POINT('',#4879);
#4879 = CARTESIAN_POINT('',(508.65,-3.673940397442E-16,4.E+03));
#4880 = SURFACE_CURVE('',#4881,(#4886,#4893),.PCURVE_S1.);
#4881 = CIRCLE('',#4882,1.5);
#4882 = AXIS2_PLACEMENT_3D('',#4883,#4884,#4885);
#4883 = CARTESIAN_POINT('',(507.15,0.,4.E+03));
#4884 = DIRECTION('',(0.,0.,1.));
#4885 = DIRECTION('',(1.,0.,-0.));
#4886 = PCURVE('',#4796,#4887);
#4887 = DEFINITIONAL_REPRESENTATION('',(#4888),#4892);
#4888 = CIRCLE('',#4889,1.5);
#4889 = AXIS2_PLACEMENT_2D('',#4890,#4891);
#4890 = CARTESIAN_POINT('',(0.,0.));
#4891 = DIRECTION('',(1.,0.));
#4892 = ( GEOMETRIC_REPRESENTATION_CONTEXT(2) 
PARAMETRIC_REPRESENTATION_CONTEXT() REPRESENTATION_CONTEXT('2D SPACE',''
  ) );
#4893 = PCURVE('',#4894,#4899);
#4894 = CYLINDRICAL_SURFACE('',#4895,1.5);
#4895 = AXIS2_PLACEMENT_3D('',#4896,#4897,#4898);
#4896 = CARTESIAN_POINT('',(507.15,0.,3.997E+03));
#4897 = DIRECTION('',(0.,0.,1.));
#4898 = DIRECTION('',(1.,0.,-0.));
#4899 = DEFINITIONAL_REPRESENTATION('',(#4900),#4904);
#4900 = LINE('',#4901,#4902);
#4901 = CARTESIAN_POINT('',(0.,3.));
#4902 = VECTOR('',#4903,1.);
#4903 = DIRECTION('',(1.,0.));
#4904 = ( GEOMETRIC_REPRESENTATION_CONTEXT(2) 
PARAMETRIC_REPRESENTATION_CONTEXT() REPRESENTATION_CONTEXT('2D SPACE',''
  ) );
#4905 = ADVANCED_FACE('',(#4906),#4856,.T.);
#4906 = FACE_BOUND('',#4907,.T.);
#4907 = EDGE_LOOP('',(#4908,#4909,#4932,#4959));
#4908 = ORIENTED_EDGE('',*,*,#4839,.F.);
#4909 = ORIENTED_EDGE('',*,*,#4910,.F.);
#4910 = EDGE_CURVE('',#4911,#4840,#4913,.T.);
#4911 = VERTEX_POINT('',#4912);
#4912 = CARTESIAN_POINT('',(539.15,-7.837739514543E-15,3.938E+03));
#4913 = SEAM_CURVE('',#4914,(#4918,#4925),.PCURVE_S1.);
#4914 = LINE('',#4915,#4916);
#4915 = CARTESIAN_POINT('',(539.15,-7.837739514543E-15,3.938E+03));
#4916 = VECTOR('',#4917,1.);
#4917 = DIRECTION('',(0.,0.,1.));
#4918 = PCURVE('',#4856,#4919);
#4919 = DEFINITIONAL_REPRESENTATION('',(#4920),#4924);
#4920 = LINE('',#4921,#4922);
#4921 = CARTESIAN_POINT('',(6.28318530718,-0.));
#4922 = VECTOR('',#4923,1.);
#4923 = DIRECTION('',(0.,1.));
#4924 = ( GEOMETRIC_REPRESENTATION_CONTEXT(2) 
PARAMETRIC_REPRESENTATION_CONTEXT() REPRESENTATION_CONTEXT('2D SPACE',''
  ) );
#4925 = PCURVE('',#4856,#4926);
#4926 = DEFINITIONAL_REPRESENTATION('',(#4927),#4931);
#4927 = LINE('',#4928,#4929);
#4928 = CARTESIAN_POINT('',(0.,-0.));
#4929 = VECTOR('',#4930,1.);
#4930 = DIRECTION('',(0.,1.));
#4931 = ( GEOMETRIC_REPRESENTATION_CONTEXT(2) 
PARAMETRIC_REPRESENTATION_CONTEXT() REPRESENTATION_CONTEXT('2D SPACE',''
  ) );
#4932 = ORIENTED_EDGE('',*,*,#4933,.T.);
#4933 = EDGE_CURVE('',#4911,#4911,#4934,.T.);
#4934 = SURFACE_CURVE('',#4935,(#4940,#4947),.PCURVE_S1.);
#4935 = CIRCLE('',#4936,32.);
#4936 = AXIS2_PLACEMENT_3D('',#4937,#4938,#4939);
#4937 = CARTESIAN_POINT('',(507.15,0.,3.938E+03));
#4938 = DIRECTION('',(0.,0.,1.));
#4939 = DIRECTION('',(1.,0.,-0.));
#4940 = PCURVE('',#4856,#4941);
#4941 = DEFINITIONAL_REPRESENTATION('',(#4942),#4946);
#4942 = LINE('',#4943,#4944);
#4943 = CARTESIAN_POINT('',(0.,0.));
#4944 = VECTOR('',#4945,1.);
#4945 = DIRECTION('',(1.,0.));
#4946 = ( GEOMETRIC_REPRESENTATION_CONTEXT(2) 
PARAMETRIC_REPRESENTATION_CONTEXT() REPRESENTATION_CONTEXT('2D SPACE',''
  ) );
#4947 = PCURVE('',#4948,#4953);
#4948 = PLANE('',#4949);
#4949 = AXIS2_PLACEMENT_3D('',#4950,#4951,#4952);
#4950 = CARTESIAN_POINT('',(507.15,0.,3.938E+03));
#4951 = DIRECTION('',(0.,0.,1.));
#4952 = DIRECTION('',(1.,0.,-0.));
#4953 = DEFINITIONAL_REPRESENTATION('',(#4954),#4958);
#4954 = CIRCLE('',#4955,32.);
#4955 = AXIS2_PLACEMENT_2D('',#4956,#4957);
#4956 = CARTESIAN_POINT('',(0.,0.));
#4957 = DIRECTION('',(1.,0.));
#4958 = ( GEOMETRIC_REPRESENTATION_CONTEXT(2) 
PARAMETRIC_REPRESENTATION_CONTEXT() REPRESENTATION_CONTEXT('2D SPACE',''
  ) );
#4959 = ORIENTED_EDGE('',*,*,#4910,.T.);
#4960 = ADVANCED_FACE('',(#4961),#4894,.F.);
#4961 = FACE_BOUND('',#4962,.F.);
#4962 = EDGE_LOOP('',(#4963,#4964,#4987,#5014));
#4963 = ORIENTED_EDGE('',*,*,#4877,.F.);
#4964 = ORIENTED_EDGE('',*,*,#4965,.F.);
#4965 = EDGE_CURVE('',#4966,#4878,#4968,.T.);
#4966 = VERTEX_POINT('',#4967);
#4967 = CARTESIAN_POINT('',(508.65,-3.673940397442E-16,3.998E+03));
#4968 = SEAM_CURVE('',#4969,(#4973,#4980),.PCURVE_S1.);
#4969 = LINE('',#4970,#4971);
#4970 = CARTESIAN_POINT('',(508.65,-3.673940397442E-16,3.997E+03));
#4971 = VECTOR('',#4972,1.);
#4972 = DIRECTION('',(0.,0.,1.));
#4973 = PCURVE('',#4894,#4974);
#4974 = DEFINITIONAL_REPRESENTATION('',(#4975),#4979);
#4975 = LINE('',#4976,#4977);
#4976 = CARTESIAN_POINT('',(6.28318530718,-0.));
#4977 = VECTOR('',#4978,1.);
#4978 = DIRECTION('',(0.,1.));
#4979 = ( GEOMETRIC_REPRESENTATION_CONTEXT(2) 
PARAMETRIC_REPRESENTATION_CONTEXT() REPRESENTATION_CONTEXT('2D SPACE',''
  ) );
#4980 = PCURVE('',#4894,#4981);
#4981 = DEFINITIONAL_REPRESENTATION('',(#4982),#4986);
#4982 = LINE('',#4983,#4984);
#4983 = CARTESIAN_POINT('',(0.,-0.));
#4984 = VECTOR('',#4985,1.);
#4985 = DIRECTION('',(0.,1.));
#4986 = ( GEOMETRIC_REPRESENTATION_CONTEXT(2) 
PARAMETRIC_REPRESENTATION_CONTEXT() REPRESENTATION_CONTEXT('2D SPACE',''
  ) );
#4987 = ORIENTED_EDGE('',*,*,#4988,.T.);
#4988 = EDGE_CURVE('',#4966,#4966,#4989,.T.);
#4989 = SURFACE_CURVE('',#4990,(#4995,#5002),.PCURVE_S1.);
#4990 = CIRCLE('',#4991,1.5);
#4991 = AXIS2_PLACEMENT_3D('',#4992,#4993,#4994);
#4992 = CARTESIAN_POINT('',(507.15,0.,3.998E+03));
#4993 = DIRECTION('',(0.,0.,1.));
#4994 = DIRECTION('',(1.,0.,-0.));
#4995 = PCURVE('',#4894,#4996);
#4996 = DEFINITIONAL_REPRESENTATION('',(#4997),#5001);
#4997 = LINE('',#4998,#4999);
#4998 = CARTESIAN_POINT('',(0.,1.));
#4999 = VECTOR('',#5000,1.);
#5000 = DIRECTION('',(1.,0.));
#5001 = ( GEOMETRIC_REPRESENTATION_CONTEXT(2) 
PARAMETRIC_REPRESENTATION_CONTEXT() REPRESENTATION_CONTEXT('2D SPACE',''
  ) );
#5002 = PCURVE('',#5003,#5008);
#5003 = PLANE('',#5004);
#5004 = AXIS2_PLACEMENT_3D('',#5005,#5006,#5007);
#5005 = CARTESIAN_POINT('',(507.15,0.,3.998E+03));
#5006 = DIRECTION('',(0.,0.,1.));
#5007 = DIRECTION('',(1.,0.,-0.));
#5008 = DEFINITIONAL_REPRESENTATION('',(#5009),#5013);
#5009 = CIRCLE('',#5010,1.5);
#5010 = AXIS2_PLACEMENT_2D('',#5011,#5012);
#5011 = CARTESIAN_POINT('',(0.,0.));
#5012 = DIRECTION('',(1.,0.));
#5013 = ( GEOMETRIC_REPRESENTATION_CONTEXT(2) 
PARAMETRIC_REPRESENTATION_CONTEXT() REPRESENTATION_CONTEXT('2D SPACE',''
  ) );
#5014 = ORIENTED_EDGE('',*,*,#4965,.T.);
#5015 = ADVANCED_FACE('',(#5016,#5019),#4948,.F.);
#5016 = FACE_BOUND('',#5017,.F.);
#5017 = EDGE_LOOP('',(#5018));
#5018 = ORIENTED_EDGE('',*,*,#4933,.T.);
#5019 = FACE_BOUND('',#5020,.F.);
#5020 = EDGE_LOOP('',(#5021));
#5021 = ORIENTED_EDGE('',*,*,#5022,.F.);
#5022 = EDGE_CURVE('',#5023,#5023,#5025,.T.);
#5023 = VERTEX_POINT('',#5024);
#5024 = CARTESIAN_POINT('',(527.15,-4.898587196589E-15,3.938E+03));
#5025 = SURFACE_CURVE('',#5026,(#5031,#5038),.PCURVE_S1.);
#5026 = CIRCLE('',#5027,20.);
#5027 = AXIS2_PLACEMENT_3D('',#5028,#5029,#5030);
#5028 = CARTESIAN_POINT('',(507.15,0.,3.938E+03));
#5029 = DIRECTION('',(0.,0.,1.));
#5030 = DIRECTION('',(1.,0.,-0.));
#5031 = PCURVE('',#4948,#5032);
#5032 = DEFINITIONAL_REPRESENTATION('',(#5033),#5037);
#5033 = CIRCLE('',#5034,20.);
#5034 = AXIS2_PLACEMENT_2D('',#5035,#5036);
#5035 = CARTESIAN_POINT('',(0.,0.));
#5036 = DIRECTION('',(1.,0.));
#5037 = ( GEOMETRIC_REPRESENTATION_CONTEXT(2) 
PARAMETRIC_REPRESENTATION_CONTEXT() REPRESENTATION_CONTEXT('2D SPACE',''
  ) );
#5038 = PCURVE('',#5039,#5044);
#5039 = CYLINDRICAL_SURFACE('',#5040,20.);
#5040 = AXIS2_PLACEMENT_3D('',#5041,#5042,#5043);
#5041 = CARTESIAN_POINT('',(507.15,0.,3.85E+03));
#5042 = DIRECTION('',(0.,0.,1.));
#5043 = DIRECTION('',(1.,0.,-0.));
#5044 = DEFINITIONAL_REPRESENTATION('',(#5045),#5049);
#5045 = LINE('',#5046,#5047);
#5046 = CARTESIAN_POINT('',(0.,88.));
#5047 = VECTOR('',#5048,1.);
#5048 = DIRECTION('',(1.,0.));
#5049 = ( GEOMETRIC_REPRESENTATION_CONTEXT(2) 
PARAMETRIC_REPRESENTATION_CONTEXT() REPRESENTATION_CONTEXT('2D SPACE',''
  ) );
#5050 = ADVANCED_FACE('',(#5051,#5082),#5003,.F.);
#5051 = FACE_BOUND('',#5052,.F.);
#5052 = EDGE_LOOP('',(#5053));
#5053 = ORIENTED_EDGE('',*,*,#5054,.T.);
#5054 = EDGE_CURVE('',#5055,#5055,#5057,.T.);
#5055 = VERTEX_POINT('',#5056);
#5056 = CARTESIAN_POINT('',(524.15,-4.163799117101E-15,3.998E+03));
#5057 = SURFACE_CURVE('',#5058,(#5063,#5070),.PCURVE_S1.);
#5058 = CIRCLE('',#5059,17.);
#5059 = AXIS2_PLACEMENT_3D('',#5060,#5061,#5062);
#5060 = CARTESIAN_POINT('',(507.15,0.,3.998E+03));
#5061 = DIRECTION('',(0.,0.,1.));
#5062 = DIRECTION('',(1.,0.,-0.));
#5063 = PCURVE('',#5003,#5064);
#5064 = DEFINITIONAL_REPRESENTATION('',(#5065),#5069);
#5065 = CIRCLE('',#5066,17.);
#5066 = AXIS2_PLACEMENT_2D('',#5067,#5068);
#5067 = CARTESIAN_POINT('',(0.,0.));
#5068 = DIRECTION('',(1.,0.));
#5069 = ( GEOMETRIC_REPRESENTATION_CONTEXT(2) 
PARAMETRIC_REPRESENTATION_CONTEXT() REPRESENTATION_CONTEXT('2D SPACE',''
  ) );
#5070 = PCURVE('',#5071,#5076);
#5071 = CYLINDRICAL_SURFACE('',#5072,17.);
#5072 = AXIS2_PLACEMENT_3D('',#5073,#5074,#5075);
#5073 = CARTESIAN_POINT('',(507.15,0.,3.848E+03));
#5074 = DIRECTION('',(0.,0.,1.));
#5075 = DIRECTION('',(1.,0.,-0.));
#5076 = DEFINITIONAL_REPRESENTATION('',(#5077),#5081);
#5077 = LINE('',#5078,#5079);
#5078 = CARTESIAN_POINT('',(0.,150.));
#5079 = VECTOR('',#5080,1.);
#5080 = DIRECTION('',(1.,0.));
#5081 = ( GEOMETRIC_REPRESENTATION_CONTEXT(2) 
PARAMETRIC_REPRESENTATION_CONTEXT() REPRESENTATION_CONTEXT('2D SPACE',''
  ) );
#5082 = FACE_BOUND('',#5083,.F.);
#5083 = EDGE_LOOP('',(#5084));
#5084 = ORIENTED_EDGE('',*,*,#4988,.F.);
#5085 = ADVANCED_FACE('',(#5086),#5039,.T.);
#5086 = FACE_BOUND('',#5087,.T.);
#5087 = EDGE_LOOP('',(#5088,#5089,#5112,#5139));
#5088 = ORIENTED_EDGE('',*,*,#5022,.F.);
#5089 = ORIENTED_EDGE('',*,*,#5090,.F.);
#5090 = EDGE_CURVE('',#5091,#5023,#5093,.T.);
#5091 = VERTEX_POINT('',#5092);
#5092 = CARTESIAN_POINT('',(527.15,-4.898587196589E-15,3.85E+03));
#5093 = SEAM_CURVE('',#5094,(#5098,#5105),.PCURVE_S1.);
#5094 = LINE('',#5095,#5096);
#5095 = CARTESIAN_POINT('',(527.15,-4.898587196589E-15,3.85E+03));
#5096 = VECTOR('',#5097,1.);
#5097 = DIRECTION('',(0.,0.,1.));
#5098 = PCURVE('',#5039,#5099);
#5099 = DEFINITIONAL_REPRESENTATION('',(#5100),#5104);
#5100 = LINE('',#5101,#5102);
#5101 = CARTESIAN_POINT('',(6.28318530718,-0.));
#5102 = VECTOR('',#5103,1.);
#5103 = DIRECTION('',(0.,1.));
#5104 = ( GEOMETRIC_REPRESENTATION_CONTEXT(2) 
PARAMETRIC_REPRESENTATION_CONTEXT() REPRESENTATION_CONTEXT('2D SPACE',''
  ) );
#5105 = PCURVE('',#5039,#5106);
#5106 = DEFINITIONAL_REPRESENTATION('',(#5107),#5111);
#5107 = LINE('',#5108,#5109);
#5108 = CARTESIAN_POINT('',(0.,-0.));
#5109 = VECTOR('',#5110,1.);
#5110 = DIRECTION('',(0.,1.));
#5111 = ( GEOMETRIC_REPRESENTATION_CONTEXT(2) 
PARAMETRIC_REPRESENTATION_CONTEXT() REPRESENTATION_CONTEXT('2D SPACE',''
  ) );
#5112 = ORIENTED_EDGE('',*,*,#5113,.T.);
#5113 = EDGE_CURVE('',#5091,#5091,#5114,.T.);
#5114 = SURFACE_CURVE('',#5115,(#5120,#5127),.PCURVE_S1.);
#5115 = CIRCLE('',#5116,20.);
#5116 = AXIS2_PLACEMENT_3D('',#5117,#5118,#5119);
#5117 = CARTESIAN_POINT('',(507.15,0.,3.85E+03));
#5118 = DIRECTION('',(0.,0.,1.));
#5119 = DIRECTION('',(1.,0.,-0.));
#5120 = PCURVE('',#5039,#5121);
#5121 = DEFINITIONAL_REPRESENTATION('',(#5122),#5126);
#5122 = LINE('',#5123,#5124);
#5123 = CARTESIAN_POINT('',(0.,0.));
#5124 = VECTOR('',#5125,1.);
#5125 = DIRECTION('',(1.,0.));
#5126 = ( GEOMETRIC_REPRESENTATION_CONTEXT(2) 
PARAMETRIC_REPRESENTATION_CONTEXT() REPRESENTATION_CONTEXT('2D SPACE',''
  ) );
#5127 = PCURVE('',#5128,#5133);
#5128 = PLANE('',#5129);
#5129 = AXIS2_PLACEMENT_3D('',#5130,#5131,#5132);
#5130 = CARTESIAN_POINT('',(507.15,0.,3.85E+03));
#5131 = DIRECTION('',(0.,0.,1.));
#5132 = DIRECTION('',(1.,0.,-0.));
#5133 = DEFINITIONAL_REPRESENTATION('',(#5134),#5138);
#5134 = CIRCLE('',#5135,20.);
#5135 = AXIS2_PLACEMENT_2D('',#5136,#5137);
#5136 = CARTESIAN_POINT('',(0.,0.));
#5137 = DIRECTION('',(1.,0.));
#5138 = ( GEOMETRIC_REPRESENTATION_CONTEXT(2) 
PARAMETRIC_REPRESENTATION_CONTEXT() REPRESENTATION_CONTEXT('2D SPACE',''
  ) );
#5139 = ORIENTED_EDGE('',*,*,#5090,.T.);
#5140 = ADVANCED_FACE('',(#5141),#5071,.F.);
#5141 = FACE_BOUND('',#5142,.F.);
#5142 = EDGE_LOOP('',(#5143,#5166,#5167,#5168));
#5143 = ORIENTED_EDGE('',*,*,#5144,.T.);
#5144 = EDGE_CURVE('',#5145,#5055,#5147,.T.);
#5145 = VERTEX_POINT('',#5146);
#5146 = CARTESIAN_POINT('',(524.15,-4.163799117101E-15,3.85E+03));
#5147 = SEAM_CURVE('',#5148,(#5152,#5159),.PCURVE_S1.);
#5148 = LINE('',#5149,#5150);
#5149 = CARTESIAN_POINT('',(524.15,-4.163799117101E-15,3.848E+03));
#5150 = VECTOR('',#5151,1.);
#5151 = DIRECTION('',(0.,0.,1.));
#5152 = PCURVE('',#5071,#5153);
#5153 = DEFINITIONAL_REPRESENTATION('',(#5154),#5158);
#5154 = LINE('',#5155,#5156);
#5155 = CARTESIAN_POINT('',(6.28318530718,-0.));
#5156 = VECTOR('',#5157,1.);
#5157 = DIRECTION('',(0.,1.));
#5158 = ( GEOMETRIC_REPRESENTATION_CONTEXT(2) 
PARAMETRIC_REPRESENTATION_CONTEXT() REPRESENTATION_CONTEXT('2D SPACE',''
  ) );
#5159 = PCURVE('',#5071,#5160);
#5160 = DEFINITIONAL_REPRESENTATION('',(#5161),#5165);
#5161 = LINE('',#5162,#5163);
#5162 = CARTESIAN_POINT('',(0.,-0.));
#5163 = VECTOR('',#5164,1.);
#5164 = DIRECTION('',(0.,1.));
#5165 = ( GEOMETRIC_REPRESENTATION_CONTEXT(2) 
PARAMETRIC_REPRESENTATION_CONTEXT() REPRESENTATION_CONTEXT('2D SPACE',''
  ) );
#5166 = ORIENTED_EDGE('',*,*,#5054,.F.);
#5167 = ORIENTED_EDGE('',*,*,#5144,.F.);
#5168 = ORIENTED_EDGE('',*,*,#5169,.T.);
#5169 = EDGE_CURVE('',#5145,#5145,#5170,.T.);
#5170 = SURFACE_CURVE('',#5171,(#5176,#5183),.PCURVE_S1.);
#5171 = CIRCLE('',#5172,17.);
#5172 = AXIS2_PLACEMENT_3D('',#5173,#5174,#5175);
#5173 = CARTESIAN_POINT('',(507.15,0.,3.85E+03));
#5174 = DIRECTION('',(0.,0.,1.));
#5175 = DIRECTION('',(1.,0.,-0.));
#5176 = PCURVE('',#5071,#5177);
#5177 = DEFINITIONAL_REPRESENTATION('',(#5178),#5182);
#5178 = LINE('',#5179,#5180);
#5179 = CARTESIAN_POINT('',(0.,2.));
#5180 = VECTOR('',#5181,1.);
#5181 = DIRECTION('',(1.,0.));
#5182 = ( GEOMETRIC_REPRESENTATION_CONTEXT(2) 
PARAMETRIC_REPRESENTATION_CONTEXT() REPRESENTATION_CONTEXT('2D SPACE',''
  ) );
#5183 = PCURVE('',#5128,#5184);
#5184 = DEFINITIONAL_REPRESENTATION('',(#5185),#5189);
#5185 = CIRCLE('',#5186,17.);
#5186 = AXIS2_PLACEMENT_2D('',#5187,#5188);
#5187 = CARTESIAN_POINT('',(0.,0.));
#5188 = DIRECTION('',(1.,0.));
#5189 = ( GEOMETRIC_REPRESENTATION_CONTEXT(2) 
PARAMETRIC_REPRESENTATION_CONTEXT() REPRESENTATION_CONTEXT('2D SPACE',''
  ) );
#5190 = ADVANCED_FACE('',(#5191,#5194),#5128,.F.);
#5191 = FACE_BOUND('',#5192,.F.);
#5192 = EDGE_LOOP('',(#5193));
#5193 = ORIENTED_EDGE('',*,*,#5113,.T.);
#5194 = FACE_BOUND('',#5195,.F.);
#5195 = EDGE_LOOP('',(#5196));
#5196 = ORIENTED_EDGE('',*,*,#5169,.F.);
#5197 = MANIFOLD_SOLID_BREP('',#5198);
#5198 = CLOSED_SHELL('',(#5199,#5287,#5291,#5409,#5485,#5534,#5583,#5610
    ));
#5199 = ADVANCED_FACE('',(#5200),#5213,.T.);
#5200 = FACE_BOUND('',#5201,.T.);
#5201 = EDGE_LOOP('',(#5202,#5236,#5259,#5286));
#5202 = ORIENTED_EDGE('',*,*,#5203,.F.);
#5203 = EDGE_CURVE('',#5204,#5204,#5206,.T.);
#5204 = VERTEX_POINT('',#5205);
#5205 = CARTESIAN_POINT('',(521.15,-3.429011037613E-15,3.9975E+03));
#5206 = SURFACE_CURVE('',#5207,(#5212,#5224),.PCURVE_S1.);
#5207 = CIRCLE('',#5208,14.);
#5208 = AXIS2_PLACEMENT_3D('',#5209,#5210,#5211);
#5209 = CARTESIAN_POINT('',(507.15,0.,3.9975E+03));
#5210 = DIRECTION('',(0.,0.,1.));
#5211 = DIRECTION('',(1.,0.,-0.));
#5212 = PCURVE('',#5213,#5218);
#5213 = CYLINDRICAL_SURFACE('',#5214,14.);
#5214 = AXIS2_PLACEMENT_3D('',#5215,#5216,#5217);
#5215 = CARTESIAN_POINT('',(507.15,0.,3.9959E+03));
#5216 = DIRECTION('',(0.,0.,1.));
#5217 = DIRECTION('',(1.,0.,-0.));
#5218 = DEFINITIONAL_REPRESENTATION('',(#5219),#5223);
#5219 = LINE('',#5220,#5221);
#5220 = CARTESIAN_POINT('',(0.,1.6));
#5221 = VECTOR('',#5222,1.);
#5222 = DIRECTION('',(1.,0.));
#5223 = ( GEOMETRIC_REPRESENTATION_CONTEXT(2) 
PARAMETRIC_REPRESENTATION_CONTEXT() REPRESENTATION_CONTEXT('2D SPACE',''
  ) );
#5224 = PCURVE('',#5225,#5230);
#5225 = PLANE('',#5226);
#5226 = AXIS2_PLACEMENT_3D('',#5227,#5228,#5229);
#5227 = CARTESIAN_POINT('',(507.15,0.,3.9975E+03));
#5228 = DIRECTION('',(0.,0.,1.));
#5229 = DIRECTION('',(1.,0.,-0.));
#5230 = DEFINITIONAL_REPRESENTATION('',(#5231),#5235);
#5231 = CIRCLE('',#5232,14.);
#5232 = AXIS2_PLACEMENT_2D('',#5233,#5234);
#5233 = CARTESIAN_POINT('',(0.,0.));
#5234 = DIRECTION('',(1.,0.));
#5235 = ( GEOMETRIC_REPRESENTATION_CONTEXT(2) 
PARAMETRIC_REPRESENTATION_CONTEXT() REPRESENTATION_CONTEXT('2D SPACE',''
  ) );
#5236 = ORIENTED_EDGE('',*,*,#5237,.F.);
#5237 = EDGE_CURVE('',#5238,#5204,#5240,.T.);
#5238 = VERTEX_POINT('',#5239);
#5239 = CARTESIAN_POINT('',(521.15,-3.429011037613E-15,3.9959E+03));
#5240 = SEAM_CURVE('',#5241,(#5245,#5252),.PCURVE_S1.);
#5241 = LINE('',#5242,#5243);
#5242 = CARTESIAN_POINT('',(521.15,-3.429011037613E-15,3.9959E+03));
#5243 = VECTOR('',#5244,1.);
#5244 = DIRECTION('',(0.,0.,1.));
#5245 = PCURVE('',#5213,#5246);
#5246 = DEFINITIONAL_REPRESENTATION('',(#5247),#5251);
#5247 = LINE('',#5248,#5249);
#5248 = CARTESIAN_POINT('',(6.28318530718,-0.));
#5249 = VECTOR('',#5250,1.);
#5250 = DIRECTION('',(0.,1.));
#5251 = ( GEOMETRIC_REPRESENTATION_CONTEXT(2) 
PARAMETRIC_REPRESENTATION_CONTEXT() REPRESENTATION_CONTEXT('2D SPACE',''
  ) );
#5252 = PCURVE('',#5213,#5253);
#5253 = DEFINITIONAL_REPRESENTATION('',(#5254),#5258);
#5254 = LINE('',#5255,#5256);
#5255 = CARTESIAN_POINT('',(0.,-0.));
#5256 = VECTOR('',#5257,1.);
#5257 = DIRECTION('',(0.,1.));
#5258 = ( GEOMETRIC_REPRESENTATION_CONTEXT(2) 
PARAMETRIC_REPRESENTATION_CONTEXT() REPRESENTATION_CONTEXT('2D SPACE',''
  ) );
#5259 = ORIENTED_EDGE('',*,*,#5260,.T.);
#5260 = EDGE_CURVE('',#5238,#5238,#5261,.T.);
#5261 = SURFACE_CURVE('',#5262,(#5267,#5274),.PCURVE_S1.);
#5262 = CIRCLE('',#5263,14.);
#5263 = AXIS2_PLACEMENT_3D('',#5264,#5265,#5266);
#5264 = CARTESIAN_POINT('',(507.15,0.,3.9959E+03));
#5265 = DIRECTION('',(0.,0.,1.));
#5266 = DIRECTION('',(1.,0.,-0.));
#5267 = PCURVE('',#5213,#5268);
#5268 = DEFINITIONAL_REPRESENTATION('',(#5269),#5273);
#5269 = LINE('',#5270,#5271);
#5270 = CARTESIAN_POINT('',(0.,0.));
#5271 = VECTOR('',#5272,1.);
#5272 = DIRECTION('',(1.,0.));
#5273 = ( GEOMETRIC_REPRESENTATION_CONTEXT(2) 
PARAMETRIC_REPRESENTATION_CONTEXT() REPRESENTATION_CONTEXT('2D SPACE',''
  ) );
#5274 = PCURVE('',#5275,#5280);
#5275 = PLANE('',#5276);
#5276 = AXIS2_PLACEMENT_3D('',#5277,#5278,#5279);
#5277 = CARTESIAN_POINT('',(507.15,0.,3.9959E+03));
#5278 = DIRECTION('',(0.,0.,1.));
#5279 = DIRECTION('',(1.,0.,-0.));
#5280 = DEFINITIONAL_REPRESENTATION('',(#5281),#5285);
#5281 = CIRCLE('',#5282,14.);
#5282 = AXIS2_PLACEMENT_2D('',#5283,#5284);
#5283 = CARTESIAN_POINT('',(0.,0.));
#5284 = DIRECTION('',(1.,0.));
#5285 = ( GEOMETRIC_REPRESENTATION_CONTEXT(2) 
PARAMETRIC_REPRESENTATION_CONTEXT() REPRESENTATION_CONTEXT('2D SPACE',''
  ) );
#5286 = ORIENTED_EDGE('',*,*,#5237,.T.);
#5287 = ADVANCED_FACE('',(#5288),#5225,.T.);
#5288 = FACE_BOUND('',#5289,.T.);
#5289 = EDGE_LOOP('',(#5290));
#5290 = ORIENTED_EDGE('',*,*,#5203,.T.);
#5291 = ADVANCED_FACE('',(#5292,#5295),#5275,.F.);
#5292 = FACE_BOUND('',#5293,.F.);
#5293 = EDGE_LOOP('',(#5294));
#5294 = ORIENTED_EDGE('',*,*,#5260,.T.);
#5295 = FACE_BOUND('',#5296,.F.);
#5296 = EDGE_LOOP('',(#5297,#5327,#5355,#5383));
#5297 = ORIENTED_EDGE('',*,*,#5298,.T.);
#5298 = EDGE_CURVE('',#5299,#5301,#5303,.T.);
#5299 = VERTEX_POINT('',#5300);
#5300 = CARTESIAN_POINT('',(505.15,-1.5,3.9959E+03));
#5301 = VERTEX_POINT('',#5302);
#5302 = CARTESIAN_POINT('',(505.15,1.5,3.9959E+03));
#5303 = SURFACE_CURVE('',#5304,(#5308,#5315),.PCURVE_S1.);
#5304 = LINE('',#5305,#5306);
#5305 = CARTESIAN_POINT('',(505.15,-1.5,3.9959E+03));
#5306 = VECTOR('',#5307,1.);
#5307 = DIRECTION('',(-0.,1.,0.));
#5308 = PCURVE('',#5275,#5309);
#5309 = DEFINITIONAL_REPRESENTATION('',(#5310),#5314);
#5310 = LINE('',#5311,#5312);
#5311 = CARTESIAN_POINT('',(-2.,-1.5));
#5312 = VECTOR('',#5313,1.);
#5313 = DIRECTION('',(0.,1.));
#5314 = ( GEOMETRIC_REPRESENTATION_CONTEXT(2) 
PARAMETRIC_REPRESENTATION_CONTEXT() REPRESENTATION_CONTEXT('2D SPACE',''
  ) );
#5315 = PCURVE('',#5316,#5321);
#5316 = PLANE('',#5317);
#5317 = AXIS2_PLACEMENT_3D('',#5318,#5319,#5320);
#5318 = CARTESIAN_POINT('',(505.15,-1.5,3.9949E+03));
#5319 = DIRECTION('',(1.,0.,-0.));
#5320 = DIRECTION('',(0.,0.,1.));
#5321 = DEFINITIONAL_REPRESENTATION('',(#5322),#5326);
#5322 = LINE('',#5323,#5324);
#5323 = CARTESIAN_POINT('',(1.,0.));
#5324 = VECTOR('',#5325,1.);
#5325 = DIRECTION('',(0.,-1.));
#5326 = ( GEOMETRIC_REPRESENTATION_CONTEXT(2) 
PARAMETRIC_REPRESENTATION_CONTEXT() REPRESENTATION_CONTEXT('2D SPACE',''
  ) );
#5327 = ORIENTED_EDGE('',*,*,#5328,.T.);
#5328 = EDGE_CURVE('',#5301,#5329,#5331,.T.);
#5329 = VERTEX_POINT('',#5330);
#5330 = CARTESIAN_POINT('',(509.15,1.5,3.9959E+03));
#5331 = SURFACE_CURVE('',#5332,(#5336,#5343),.PCURVE_S1.);
#5332 = LINE('',#5333,#5334);
#5333 = CARTESIAN_POINT('',(505.15,1.5,3.9959E+03));
#5334 = VECTOR('',#5335,1.);
#5335 = DIRECTION('',(1.,0.,-0.));
#5336 = PCURVE('',#5275,#5337);
#5337 = DEFINITIONAL_REPRESENTATION('',(#5338),#5342);
#5338 = LINE('',#5339,#5340);
#5339 = CARTESIAN_POINT('',(-2.,1.5));
#5340 = VECTOR('',#5341,1.);
#5341 = DIRECTION('',(1.,0.));
#5342 = ( GEOMETRIC_REPRESENTATION_CONTEXT(2) 
PARAMETRIC_REPRESENTATION_CONTEXT() REPRESENTATION_CONTEXT('2D SPACE',''
  ) );
#5343 = PCURVE('',#5344,#5349);
#5344 = PLANE('',#5345);
#5345 = AXIS2_PLACEMENT_3D('',#5346,#5347,#5348);
#5346 = CARTESIAN_POINT('',(505.15,1.5,3.9949E+03));
#5347 = DIRECTION('',(-0.,1.,0.));
#5348 = DIRECTION('',(0.,0.,1.));
#5349 = DEFINITIONAL_REPRESENTATION('',(#5350),#5354);
#5350 = LINE('',#5351,#5352);
#5351 = CARTESIAN_POINT('',(1.,0.));
#5352 = VECTOR('',#5353,1.);
#5353 = DIRECTION('',(0.,1.));
#5354 = ( GEOMETRIC_REPRESENTATION_CONTEXT(2) 
PARAMETRIC_REPRESENTATION_CONTEXT() REPRESENTATION_CONTEXT('2D SPACE',''
  ) );
#5355 = ORIENTED_EDGE('',*,*,#5356,.F.);
#5356 = EDGE_CURVE('',#5357,#5329,#5359,.T.);
#5357 = VERTEX_POINT('',#5358);
#5358 = CARTESIAN_POINT('',(509.15,-1.5,3.9959E+03));
#5359 = SURFACE_CURVE('',#5360,(#5364,#5371),.PCURVE_S1.);
#5360 = LINE('',#5361,#5362);
#5361 = CARTESIAN_POINT('',(509.15,-1.5,3.9959E+03));
#5362 = VECTOR('',#5363,1.);
#5363 = DIRECTION('',(-0.,1.,0.));
#5364 = PCURVE('',#5275,#5365);
#5365 = DEFINITIONAL_REPRESENTATION('',(#5366),#5370);
#5366 = LINE('',#5367,#5368);
#5367 = CARTESIAN_POINT('',(2.,-1.5));
#5368 = VECTOR('',#5369,1.);
#5369 = DIRECTION('',(0.,1.));
#5370 = ( GEOMETRIC_REPRESENTATION_CONTEXT(2) 
PARAMETRIC_REPRESENTATION_CONTEXT() REPRESENTATION_CONTEXT('2D SPACE',''
  ) );
#5371 = PCURVE('',#5372,#5377);
#5372 = PLANE('',#5373);
#5373 = AXIS2_PLACEMENT_3D('',#5374,#5375,#5376);
#5374 = CARTESIAN_POINT('',(509.15,-1.5,3.9949E+03));
#5375 = DIRECTION('',(1.,0.,-0.));
#5376 = DIRECTION('',(0.,0.,1.));
#5377 = DEFINITIONAL_REPRESENTATION('',(#5378),#5382);
#5378 = LINE('',#5379,#5380);
#5379 = CARTESIAN_POINT('',(1.,0.));
#5380 = VECTOR('',#5381,1.);
#5381 = DIRECTION('',(0.,-1.));
#5382 = ( GEOMETRIC_REPRESENTATION_CONTEXT(2) 
PARAMETRIC_REPRESENTATION_CONTEXT() REPRESENTATION_CONTEXT('2D SPACE',''
  ) );
#5383 = ORIENTED_EDGE('',*,*,#5384,.F.);
#5384 = EDGE_CURVE('',#5299,#5357,#5385,.T.);
#5385 = SURFACE_CURVE('',#5386,(#5390,#5397),.PCURVE_S1.);
#5386 = LINE('',#5387,#5388);
#5387 = CARTESIAN_POINT('',(505.15,-1.5,3.9959E+03));
#5388 = VECTOR('',#5389,1.);
#5389 = DIRECTION('',(1.,0.,-0.));
#5390 = PCURVE('',#5275,#5391);
#5391 = DEFINITIONAL_REPRESENTATION('',(#5392),#5396);
#5392 = LINE('',#5393,#5394);
#5393 = CARTESIAN_POINT('',(-2.,-1.5));
#5394 = VECTOR('',#5395,1.);
#5395 = DIRECTION('',(1.,0.));
#5396 = ( GEOMETRIC_REPRESENTATION_CONTEXT(2) 
PARAMETRIC_REPRESENTATION_CONTEXT() REPRESENTATION_CONTEXT('2D SPACE',''
  ) );
#5397 = PCURVE('',#5398,#5403);
#5398 = PLANE('',#5399);
#5399 = AXIS2_PLACEMENT_3D('',#5400,#5401,#5402);
#5400 = CARTESIAN_POINT('',(505.15,-1.5,3.9949E+03));
#5401 = DIRECTION('',(-0.,1.,0.));
#5402 = DIRECTION('',(0.,0.,1.));
#5403 = DEFINITIONAL_REPRESENTATION('',(#5404),#5408);
#5404 = LINE('',#5405,#5406);
#5405 = CARTESIAN_POINT('',(1.,0.));
#5406 = VECTOR('',#5407,1.);
#5407 = DIRECTION('',(0.,1.));
#5408 = ( GEOMETRIC_REPRESENTATION_CONTEXT(2) 
PARAMETRIC_REPRESENTATION_CONTEXT() REPRESENTATION_CONTEXT('2D SPACE',''
  ) );
#5409 = ADVANCED_FACE('',(#5410),#5316,.F.);
#5410 = FACE_BOUND('',#5411,.F.);
#5411 = EDGE_LOOP('',(#5412,#5435,#5463,#5484));
#5412 = ORIENTED_EDGE('',*,*,#5413,.F.);
#5413 = EDGE_CURVE('',#5414,#5299,#5416,.T.);
#5414 = VERTEX_POINT('',#5415);
#5415 = CARTESIAN_POINT('',(505.15,-1.5,3.9949E+03));
#5416 = SURFACE_CURVE('',#5417,(#5421,#5428),.PCURVE_S1.);
#5417 = LINE('',#5418,#5419);
#5418 = CARTESIAN_POINT('',(505.15,-1.5,3.9949E+03));
#5419 = VECTOR('',#5420,1.);
#5420 = DIRECTION('',(0.,0.,1.));
#5421 = PCURVE('',#5316,#5422);
#5422 = DEFINITIONAL_REPRESENTATION('',(#5423),#5427);
#5423 = LINE('',#5424,#5425);
#5424 = CARTESIAN_POINT('',(0.,0.));
#5425 = VECTOR('',#5426,1.);
#5426 = DIRECTION('',(1.,0.));
#5427 = ( GEOMETRIC_REPRESENTATION_CONTEXT(2) 
PARAMETRIC_REPRESENTATION_CONTEXT() REPRESENTATION_CONTEXT('2D SPACE',''
  ) );
#5428 = PCURVE('',#5398,#5429);
#5429 = DEFINITIONAL_REPRESENTATION('',(#5430),#5434);
#5430 = LINE('',#5431,#5432);
#5431 = CARTESIAN_POINT('',(0.,0.));
#5432 = VECTOR('',#5433,1.);
#5433 = DIRECTION('',(1.,0.));
#5434 = ( GEOMETRIC_REPRESENTATION_CONTEXT(2) 
PARAMETRIC_REPRESENTATION_CONTEXT() REPRESENTATION_CONTEXT('2D SPACE',''
  ) );
#5435 = ORIENTED_EDGE('',*,*,#5436,.T.);
#5436 = EDGE_CURVE('',#5414,#5437,#5439,.T.);
#5437 = VERTEX_POINT('',#5438);
#5438 = CARTESIAN_POINT('',(505.15,1.5,3.9949E+03));
#5439 = SURFACE_CURVE('',#5440,(#5444,#5451),.PCURVE_S1.);
#5440 = LINE('',#5441,#5442);
#5441 = CARTESIAN_POINT('',(505.15,-1.5,3.9949E+03));
#5442 = VECTOR('',#5443,1.);
#5443 = DIRECTION('',(-0.,1.,0.));
#5444 = PCURVE('',#5316,#5445);
#5445 = DEFINITIONAL_REPRESENTATION('',(#5446),#5450);
#5446 = LINE('',#5447,#5448);
#5447 = CARTESIAN_POINT('',(0.,0.));
#5448 = VECTOR('',#5449,1.);
#5449 = DIRECTION('',(0.,-1.));
#5450 = ( GEOMETRIC_REPRESENTATION_CONTEXT(2) 
PARAMETRIC_REPRESENTATION_CONTEXT() REPRESENTATION_CONTEXT('2D SPACE',''
  ) );
#5451 = PCURVE('',#5452,#5457);
#5452 = PLANE('',#5453);
#5453 = AXIS2_PLACEMENT_3D('',#5454,#5455,#5456);
#5454 = CARTESIAN_POINT('',(505.15,-1.5,3.9949E+03));
#5455 = DIRECTION('',(0.,0.,1.));
#5456 = DIRECTION('',(1.,0.,-0.));
#5457 = DEFINITIONAL_REPRESENTATION('',(#5458),#5462);
#5458 = LINE('',#5459,#5460);
#5459 = CARTESIAN_POINT('',(0.,0.));
#5460 = VECTOR('',#5461,1.);
#5461 = DIRECTION('',(0.,1.));
#5462 = ( GEOMETRIC_REPRESENTATION_CONTEXT(2) 
PARAMETRIC_REPRESENTATION_CONTEXT() REPRESENTATION_CONTEXT('2D SPACE',''
  ) );
#5463 = ORIENTED_EDGE('',*,*,#5464,.T.);
#5464 = EDGE_CURVE('',#5437,#5301,#5465,.T.);
#5465 = SURFACE_CURVE('',#5466,(#5470,#5477),.PCURVE_S1.);
#5466 = LINE('',#5467,#5468);
#5467 = CARTESIAN_POINT('',(505.15,1.5,3.9949E+03));
#5468 = VECTOR('',#5469,1.);
#5469 = DIRECTION('',(0.,0.,1.));
#5470 = PCURVE('',#5316,#5471);
#5471 = DEFINITIONAL_REPRESENTATION('',(#5472),#5476);
#5472 = LINE('',#5473,#5474);
#5473 = CARTESIAN_POINT('',(0.,-3.));
#5474 = VECTOR('',#5475,1.);
#5475 = DIRECTION('',(1.,0.));
#5476 = ( GEOMETRIC_REPRESENTATION_CONTEXT(2) 
PARAMETRIC_REPRESENTATION_CONTEXT() REPRESENTATION_CONTEXT('2D SPACE',''
  ) );
#5477 = PCURVE('',#5344,#5478);
#5478 = DEFINITIONAL_REPRESENTATION('',(#5479),#5483);
#5479 = LINE('',#5480,#5481);
#5480 = CARTESIAN_POINT('',(0.,0.));
#5481 = VECTOR('',#5482,1.);
#5482 = DIRECTION('',(1.,0.));
#5483 = ( GEOMETRIC_REPRESENTATION_CONTEXT(2) 
PARAMETRIC_REPRESENTATION_CONTEXT() REPRESENTATION_CONTEXT('2D SPACE',''
  ) );
#5484 = ORIENTED_EDGE('',*,*,#5298,.F.);
#5485 = ADVANCED_FACE('',(#5486),#5398,.F.);
#5486 = FACE_BOUND('',#5487,.F.);
#5487 = EDGE_LOOP('',(#5488,#5511,#5512,#5513));
#5488 = ORIENTED_EDGE('',*,*,#5489,.F.);
#5489 = EDGE_CURVE('',#5414,#5490,#5492,.T.);
#5490 = VERTEX_POINT('',#5491);
#5491 = CARTESIAN_POINT('',(509.15,-1.5,3.9949E+03));
#5492 = SURFACE_CURVE('',#5493,(#5497,#5504),.PCURVE_S1.);
#5493 = LINE('',#5494,#5495);
#5494 = CARTESIAN_POINT('',(505.15,-1.5,3.9949E+03));
#5495 = VECTOR('',#5496,1.);
#5496 = DIRECTION('',(1.,0.,-0.));
#5497 = PCURVE('',#5398,#5498);
#5498 = DEFINITIONAL_REPRESENTATION('',(#5499),#5503);
#5499 = LINE('',#5500,#5501);
#5500 = CARTESIAN_POINT('',(0.,0.));
#5501 = VECTOR('',#5502,1.);
#5502 = DIRECTION('',(0.,1.));
#5503 = ( GEOMETRIC_REPRESENTATION_CONTEXT(2) 
PARAMETRIC_REPRESENTATION_CONTEXT() REPRESENTATION_CONTEXT('2D SPACE',''
  ) );
#5504 = PCURVE('',#5452,#5505);
#5505 = DEFINITIONAL_REPRESENTATION('',(#5506),#5510);
#5506 = LINE('',#5507,#5508);
#5507 = CARTESIAN_POINT('',(0.,0.));
#5508 = VECTOR('',#5509,1.);
#5509 = DIRECTION('',(1.,0.));
#5510 = ( GEOMETRIC_REPRESENTATION_CONTEXT(2) 
PARAMETRIC_REPRESENTATION_CONTEXT() REPRESENTATION_CONTEXT('2D SPACE',''
  ) );
#5511 = ORIENTED_EDGE('',*,*,#5413,.T.);
#5512 = ORIENTED_EDGE('',*,*,#5384,.T.);
#5513 = ORIENTED_EDGE('',*,*,#5514,.F.);
#5514 = EDGE_CURVE('',#5490,#5357,#5515,.T.);
#5515 = SURFACE_CURVE('',#5516,(#5520,#5527),.PCURVE_S1.);
#5516 = LINE('',#5517,#5518);
#5517 = CARTESIAN_POINT('',(509.15,-1.5,3.9949E+03));
#5518 = VECTOR('',#5519,1.);
#5519 = DIRECTION('',(0.,0.,1.));
#5520 = PCURVE('',#5398,#5521);
#5521 = DEFINITIONAL_REPRESENTATION('',(#5522),#5526);
#5522 = LINE('',#5523,#5524);
#5523 = CARTESIAN_POINT('',(0.,4.));
#5524 = VECTOR('',#5525,1.);
#5525 = DIRECTION('',(1.,0.));
#5526 = ( GEOMETRIC_REPRESENTATION_CONTEXT(2) 
PARAMETRIC_REPRESENTATION_CONTEXT() REPRESENTATION_CONTEXT('2D SPACE',''
  ) );
#5527 = PCURVE('',#5372,#5528);
#5528 = DEFINITIONAL_REPRESENTATION('',(#5529),#5533);
#5529 = LINE('',#5530,#5531);
#5530 = CARTESIAN_POINT('',(0.,0.));
#5531 = VECTOR('',#5532,1.);
#5532 = DIRECTION('',(1.,0.));
#5533 = ( GEOMETRIC_REPRESENTATION_CONTEXT(2) 
PARAMETRIC_REPRESENTATION_CONTEXT() REPRESENTATION_CONTEXT('2D SPACE',''
  ) );
#5534 = ADVANCED_FACE('',(#5535),#5372,.T.);
#5535 = FACE_BOUND('',#5536,.T.);
#5536 = EDGE_LOOP('',(#5537,#5538,#5561,#5582));
#5537 = ORIENTED_EDGE('',*,*,#5514,.F.);
#5538 = ORIENTED_EDGE('',*,*,#5539,.T.);
#5539 = EDGE_CURVE('',#5490,#5540,#5542,.T.);
#5540 = VERTEX_POINT('',#5541);
#5541 = CARTESIAN_POINT('',(509.15,1.5,3.9949E+03));
#5542 = SURFACE_CURVE('',#5543,(#5547,#5554),.PCURVE_S1.);
#5543 = LINE('',#5544,#5545);
#5544 = CARTESIAN_POINT('',(509.15,-1.5,3.9949E+03));
#5545 = VECTOR('',#5546,1.);
#5546 = DIRECTION('',(-0.,1.,0.));
#5547 = PCURVE('',#5372,#5548);
#5548 = DEFINITIONAL_REPRESENTATION('',(#5549),#5553);
#5549 = LINE('',#5550,#5551);
#5550 = CARTESIAN_POINT('',(0.,0.));
#5551 = VECTOR('',#5552,1.);
#5552 = DIRECTION('',(0.,-1.));
#5553 = ( GEOMETRIC_REPRESENTATION_CONTEXT(2) 
PARAMETRIC_REPRESENTATION_CONTEXT() REPRESENTATION_CONTEXT('2D SPACE',''
  ) );
#5554 = PCURVE('',#5452,#5555);
#5555 = DEFINITIONAL_REPRESENTATION('',(#5556),#5560);
#5556 = LINE('',#5557,#5558);
#5557 = CARTESIAN_POINT('',(4.,0.));
#5558 = VECTOR('',#5559,1.);
#5559 = DIRECTION('',(0.,1.));
#5560 = ( GEOMETRIC_REPRESENTATION_CONTEXT(2) 
PARAMETRIC_REPRESENTATION_CONTEXT() REPRESENTATION_CONTEXT('2D SPACE',''
  ) );
#5561 = ORIENTED_EDGE('',*,*,#5562,.T.);
#5562 = EDGE_CURVE('',#5540,#5329,#5563,.T.);
#5563 = SURFACE_CURVE('',#5564,(#5568,#5575),.PCURVE_S1.);
#5564 = LINE('',#5565,#5566);
#5565 = CARTESIAN_POINT('',(509.15,1.5,3.9949E+03));
#5566 = VECTOR('',#5567,1.);
#5567 = DIRECTION('',(0.,0.,1.));
#5568 = PCURVE('',#5372,#5569);
#5569 = DEFINITIONAL_REPRESENTATION('',(#5570),#5574);
#5570 = LINE('',#5571,#5572);
#5571 = CARTESIAN_POINT('',(0.,-3.));
#5572 = VECTOR('',#5573,1.);
#5573 = DIRECTION('',(1.,0.));
#5574 = ( GEOMETRIC_REPRESENTATION_CONTEXT(2) 
PARAMETRIC_REPRESENTATION_CONTEXT() REPRESENTATION_CONTEXT('2D SPACE',''
  ) );
#5575 = PCURVE('',#5344,#5576);
#5576 = DEFINITIONAL_REPRESENTATION('',(#5577),#5581);
#5577 = LINE('',#5578,#5579);
#5578 = CARTESIAN_POINT('',(0.,4.));
#5579 = VECTOR('',#5580,1.);
#5580 = DIRECTION('',(1.,0.));
#5581 = ( GEOMETRIC_REPRESENTATION_CONTEXT(2) 
PARAMETRIC_REPRESENTATION_CONTEXT() REPRESENTATION_CONTEXT('2D SPACE',''
  ) );
#5582 = ORIENTED_EDGE('',*,*,#5356,.F.);
#5583 = ADVANCED_FACE('',(#5584),#5344,.T.);
#5584 = FACE_BOUND('',#5585,.T.);
#5585 = EDGE_LOOP('',(#5586,#5607,#5608,#5609));
#5586 = ORIENTED_EDGE('',*,*,#5587,.F.);
#5587 = EDGE_CURVE('',#5437,#5540,#5588,.T.);
#5588 = SURFACE_CURVE('',#5589,(#5593,#5600),.PCURVE_S1.);
#5589 = LINE('',#5590,#5591);
#5590 = CARTESIAN_POINT('',(505.15,1.5,3.9949E+03));
#5591 = VECTOR('',#5592,1.);
#5592 = DIRECTION('',(1.,0.,-0.));
#5593 = PCURVE('',#5344,#5594);
#5594 = DEFINITIONAL_REPRESENTATION('',(#5595),#5599);
#5595 = LINE('',#5596,#5597);
#5596 = CARTESIAN_POINT('',(0.,0.));
#5597 = VECTOR('',#5598,1.);
#5598 = DIRECTION('',(0.,1.));
#5599 = ( GEOMETRIC_REPRESENTATION_CONTEXT(2) 
PARAMETRIC_REPRESENTATION_CONTEXT() REPRESENTATION_CONTEXT('2D SPACE',''
  ) );
#5600 = PCURVE('',#5452,#5601);
#5601 = DEFINITIONAL_REPRESENTATION('',(#5602),#5606);
#5602 = LINE('',#5603,#5604);
#5603 = CARTESIAN_POINT('',(0.,3.));
#5604 = VECTOR('',#5605,1.);
#5605 = DIRECTION('',(1.,0.));
#5606 = ( GEOMETRIC_REPRESENTATION_CONTEXT(2) 
PARAMETRIC_REPRESENTATION_CONTEXT() REPRESENTATION_CONTEXT('2D SPACE',''
  ) );
#5607 = ORIENTED_EDGE('',*,*,#5464,.T.);
#5608 = ORIENTED_EDGE('',*,*,#5328,.T.);
#5609 = ORIENTED_EDGE('',*,*,#5562,.F.);
#5610 = ADVANCED_FACE('',(#5611),#5452,.F.);
#5611 = FACE_BOUND('',#5612,.F.);
#5612 = EDGE_LOOP('',(#5613,#5614,#5615,#5616));
#5613 = ORIENTED_EDGE('',*,*,#5436,.F.);
#5614 = ORIENTED_EDGE('',*,*,#5489,.T.);
#5615 = ORIENTED_EDGE('',*,*,#5539,.T.);
#5616 = ORIENTED_EDGE('',*,*,#5587,.F.);
#5617 = MANIFOLD_SOLID_BREP('',#5618);
#5618 = CLOSED_SHELL('',(#5619,#5739,#5839,#5886,#5933,#5940));
#5619 = ADVANCED_FACE('',(#5620),#5634,.F.);
#5620 = FACE_BOUND('',#5621,.F.);
#5621 = EDGE_LOOP('',(#5622,#5657,#5685,#5713));
#5622 = ORIENTED_EDGE('',*,*,#5623,.F.);
#5623 = EDGE_CURVE('',#5624,#5626,#5628,.T.);
#5624 = VERTEX_POINT('',#5625);
#5625 = CARTESIAN_POINT('',(502.15,-13.,3.916E+03));
#5626 = VERTEX_POINT('',#5627);
#5627 = CARTESIAN_POINT('',(502.15,-13.,3.986E+03));
#5628 = SURFACE_CURVE('',#5629,(#5633,#5645),.PCURVE_S1.);
#5629 = LINE('',#5630,#5631);
#5630 = CARTESIAN_POINT('',(502.15,-13.,3.916E+03));
#5631 = VECTOR('',#5632,1.);
#5632 = DIRECTION('',(0.,0.,1.));
#5633 = PCURVE('',#5634,#5639);
#5634 = PLANE('',#5635);
#5635 = AXIS2_PLACEMENT_3D('',#5636,#5637,#5638);
#5636 = CARTESIAN_POINT('',(502.15,-13.,3.916E+03));
#5637 = DIRECTION('',(1.,0.,-0.));
#5638 = DIRECTION('',(0.,0.,1.));
#5639 = DEFINITIONAL_REPRESENTATION('',(#5640),#5644);
#5640 = LINE('',#5641,#5642);
#5641 = CARTESIAN_POINT('',(0.,0.));
#5642 = VECTOR('',#5643,1.);
#5643 = DIRECTION('',(1.,0.));
#5644 = ( GEOMETRIC_REPRESENTATION_CONTEXT(2) 
PARAMETRIC_REPRESENTATION_CONTEXT() REPRESENTATION_CONTEXT('2D SPACE',''
  ) );
#5645 = PCURVE('',#5646,#5651);
#5646 = PLANE('',#5647);
#5647 = AXIS2_PLACEMENT_3D('',#5648,#5649,#5650);
#5648 = CARTESIAN_POINT('',(502.15,-13.,3.916E+03));
#5649 = DIRECTION('',(-0.,1.,0.));
#5650 = DIRECTION('',(0.,0.,1.));
#5651 = DEFINITIONAL_REPRESENTATION('',(#5652),#5656);
#5652 = LINE('',#5653,#5654);
#5653 = CARTESIAN_POINT('',(0.,0.));
#5654 = VECTOR('',#5655,1.);
#5655 = DIRECTION('',(1.,0.));
#5656 = ( GEOMETRIC_REPRESENTATION_CONTEXT(2) 
PARAMETRIC_REPRESENTATION_CONTEXT() REPRESENTATION_CONTEXT('2D SPACE',''
  ) );
#5657 = ORIENTED_EDGE('',*,*,#5658,.T.);
#5658 = EDGE_CURVE('',#5624,#5659,#5661,.T.);
#5659 = VERTEX_POINT('',#5660);
#5660 = CARTESIAN_POINT('',(502.15,13.,3.916E+03));
#5661 = SURFACE_CURVE('',#5662,(#5666,#5673),.PCURVE_S1.);
#5662 = LINE('',#5663,#5664);
#5663 = CARTESIAN_POINT('',(502.15,-13.,3.916E+03));
#5664 = VECTOR('',#5665,1.);
#5665 = DIRECTION('',(-0.,1.,0.));
#5666 = PCURVE('',#5634,#5667);
#5667 = DEFINITIONAL_REPRESENTATION('',(#5668),#5672);
#5668 = LINE('',#5669,#5670);
#5669 = CARTESIAN_POINT('',(0.,0.));
#5670 = VECTOR('',#5671,1.);
#5671 = DIRECTION('',(0.,-1.));
#5672 = ( GEOMETRIC_REPRESENTATION_CONTEXT(2) 
PARAMETRIC_REPRESENTATION_CONTEXT() REPRESENTATION_CONTEXT('2D SPACE',''
  ) );
#5673 = PCURVE('',#5674,#5679);
#5674 = PLANE('',#5675);
#5675 = AXIS2_PLACEMENT_3D('',#5676,#5677,#5678);
#5676 = CARTESIAN_POINT('',(502.15,-13.,3.916E+03));
#5677 = DIRECTION('',(0.,0.,1.));
#5678 = DIRECTION('',(1.,0.,-0.));
#5679 = DEFINITIONAL_REPRESENTATION('',(#5680),#5684);
#5680 = LINE('',#5681,#5682);
#5681 = CARTESIAN_POINT('',(0.,0.));
#5682 = VECTOR('',#5683,1.);
#5683 = DIRECTION('',(0.,1.));
#5684 = ( GEOMETRIC_REPRESENTATION_CONTEXT(2) 
PARAMETRIC_REPRESENTATION_CONTEXT() REPRESENTATION_CONTEXT('2D SPACE',''
  ) );
#5685 = ORIENTED_EDGE('',*,*,#5686,.T.);
#5686 = EDGE_CURVE('',#5659,#5687,#5689,.T.);
#5687 = VERTEX_POINT('',#5688);
#5688 = CARTESIAN_POINT('',(502.15,13.,3.986E+03));
#5689 = SURFACE_CURVE('',#5690,(#5694,#5701),.PCURVE_S1.);
#5690 = LINE('',#5691,#5692);
#5691 = CARTESIAN_POINT('',(502.15,13.,3.916E+03));
#5692 = VECTOR('',#5693,1.);
#5693 = DIRECTION('',(0.,0.,1.));
#5694 = PCURVE('',#5634,#5695);
#5695 = DEFINITIONAL_REPRESENTATION('',(#5696),#5700);
#5696 = LINE('',#5697,#5698);
#5697 = CARTESIAN_POINT('',(0.,-26.));
#5698 = VECTOR('',#5699,1.);
#5699 = DIRECTION('',(1.,0.));
#5700 = ( GEOMETRIC_REPRESENTATION_CONTEXT(2) 
PARAMETRIC_REPRESENTATION_CONTEXT() REPRESENTATION_CONTEXT('2D SPACE',''
  ) );
#5701 = PCURVE('',#5702,#5707);
#5702 = PLANE('',#5703);
#5703 = AXIS2_PLACEMENT_3D('',#5704,#5705,#5706);
#5704 = CARTESIAN_POINT('',(502.15,13.,3.916E+03));
#5705 = DIRECTION('',(-0.,1.,0.));
#5706 = DIRECTION('',(0.,0.,1.));
#5707 = DEFINITIONAL_REPRESENTATION('',(#5708),#5712);
#5708 = LINE('',#5709,#5710);
#5709 = CARTESIAN_POINT('',(0.,0.));
#5710 = VECTOR('',#5711,1.);
#5711 = DIRECTION('',(1.,0.));
#5712 = ( GEOMETRIC_REPRESENTATION_CONTEXT(2) 
PARAMETRIC_REPRESENTATION_CONTEXT() REPRESENTATION_CONTEXT('2D SPACE',''
  ) );
#5713 = ORIENTED_EDGE('',*,*,#5714,.F.);
#5714 = EDGE_CURVE('',#5626,#5687,#5715,.T.);
#5715 = SURFACE_CURVE('',#5716,(#5720,#5727),.PCURVE_S1.);
#5716 = LINE('',#5717,#5718);
#5717 = CARTESIAN_POINT('',(502.15,-13.,3.986E+03));
#5718 = VECTOR('',#5719,1.);
#5719 = DIRECTION('',(-0.,1.,0.));
#5720 = PCURVE('',#5634,#5721);
#5721 = DEFINITIONAL_REPRESENTATION('',(#5722),#5726);
#5722 = LINE('',#5723,#5724);
#5723 = CARTESIAN_POINT('',(70.,0.));
#5724 = VECTOR('',#5725,1.);
#5725 = DIRECTION('',(0.,-1.));
#5726 = ( GEOMETRIC_REPRESENTATION_CONTEXT(2) 
PARAMETRIC_REPRESENTATION_CONTEXT() REPRESENTATION_CONTEXT('2D SPACE',''
  ) );
#5727 = PCURVE('',#5728,#5733);
#5728 = PLANE('',#5729);
#5729 = AXIS2_PLACEMENT_3D('',#5730,#5731,#5732);
#5730 = CARTESIAN_POINT('',(502.15,-13.,3.986E+03));
#5731 = DIRECTION('',(0.,0.,1.));
#5732 = DIRECTION('',(1.,0.,-0.));
#5733 = DEFINITIONAL_REPRESENTATION('',(#5734),#5738);
#5734 = LINE('',#5735,#5736);
#5735 = CARTESIAN_POINT('',(0.,0.));
#5736 = VECTOR('',#5737,1.);
#5737 = DIRECTION('',(0.,1.));
#5738 = ( GEOMETRIC_REPRESENTATION_CONTEXT(2) 
PARAMETRIC_REPRESENTATION_CONTEXT() REPRESENTATION_CONTEXT('2D SPACE',''
  ) );
#5739 = ADVANCED_FACE('',(#5740),#5754,.T.);
#5740 = FACE_BOUND('',#5741,.T.);
#5741 = EDGE_LOOP('',(#5742,#5772,#5795,#5818));
#5742 = ORIENTED_EDGE('',*,*,#5743,.F.);
#5743 = EDGE_CURVE('',#5744,#5746,#5748,.T.);
#5744 = VERTEX_POINT('',#5745);
#5745 = CARTESIAN_POINT('',(512.15,-13.,3.916E+03));
#5746 = VERTEX_POINT('',#5747);
#5747 = CARTESIAN_POINT('',(512.15,-13.,3.986E+03));
#5748 = SURFACE_CURVE('',#5749,(#5753,#5765),.PCURVE_S1.);
#5749 = LINE('',#5750,#5751);
#5750 = CARTESIAN_POINT('',(512.15,-13.,3.916E+03));
#5751 = VECTOR('',#5752,1.);
#5752 = DIRECTION('',(0.,0.,1.));
#5753 = PCURVE('',#5754,#5759);
#5754 = PLANE('',#5755);
#5755 = AXIS2_PLACEMENT_3D('',#5756,#5757,#5758);
#5756 = CARTESIAN_POINT('',(512.15,-13.,3.916E+03));
#5757 = DIRECTION('',(1.,0.,-0.));
#5758 = DIRECTION('',(0.,0.,1.));
#5759 = DEFINITIONAL_REPRESENTATION('',(#5760),#5764);
#5760 = LINE('',#5761,#5762);
#5761 = CARTESIAN_POINT('',(0.,0.));
#5762 = VECTOR('',#5763,1.);
#5763 = DIRECTION('',(1.,0.));
#5764 = ( GEOMETRIC_REPRESENTATION_CONTEXT(2) 
PARAMETRIC_REPRESENTATION_CONTEXT() REPRESENTATION_CONTEXT('2D SPACE',''
  ) );
#5765 = PCURVE('',#5646,#5766);
#5766 = DEFINITIONAL_REPRESENTATION('',(#5767),#5771);
#5767 = LINE('',#5768,#5769);
#5768 = CARTESIAN_POINT('',(0.,10.));
#5769 = VECTOR('',#5770,1.);
#5770 = DIRECTION('',(1.,0.));
#5771 = ( GEOMETRIC_REPRESENTATION_CONTEXT(2) 
PARAMETRIC_REPRESENTATION_CONTEXT() REPRESENTATION_CONTEXT('2D SPACE',''
  ) );
#5772 = ORIENTED_EDGE('',*,*,#5773,.T.);
#5773 = EDGE_CURVE('',#5744,#5774,#5776,.T.);
#5774 = VERTEX_POINT('',#5775);
#5775 = CARTESIAN_POINT('',(512.15,13.,3.916E+03));
#5776 = SURFACE_CURVE('',#5777,(#5781,#5788),.PCURVE_S1.);
#5777 = LINE('',#5778,#5779);
#5778 = CARTESIAN_POINT('',(512.15,-13.,3.916E+03));
#5779 = VECTOR('',#5780,1.);
#5780 = DIRECTION('',(-0.,1.,0.));
#5781 = PCURVE('',#5754,#5782);
#5782 = DEFINITIONAL_REPRESENTATION('',(#5783),#5787);
#5783 = LINE('',#5784,#5785);
#5784 = CARTESIAN_POINT('',(0.,0.));
#5785 = VECTOR('',#5786,1.);
#5786 = DIRECTION('',(0.,-1.));
#5787 = ( GEOMETRIC_REPRESENTATION_CONTEXT(2) 
PARAMETRIC_REPRESENTATION_CONTEXT() REPRESENTATION_CONTEXT('2D SPACE',''
  ) );
#5788 = PCURVE('',#5674,#5789);
#5789 = DEFINITIONAL_REPRESENTATION('',(#5790),#5794);
#5790 = LINE('',#5791,#5792);
#5791 = CARTESIAN_POINT('',(10.,0.));
#5792 = VECTOR('',#5793,1.);
#5793 = DIRECTION('',(0.,1.));
#5794 = ( GEOMETRIC_REPRESENTATION_CONTEXT(2) 
PARAMETRIC_REPRESENTATION_CONTEXT() REPRESENTATION_CONTEXT('2D SPACE',''
  ) );
#5795 = ORIENTED_EDGE('',*,*,#5796,.T.);
#5796 = EDGE_CURVE('',#5774,#5797,#5799,.T.);
#5797 = VERTEX_POINT('',#5798);
#5798 = CARTESIAN_POINT('',(512.15,13.,3.986E+03));
#5799 = SURFACE_CURVE('',#5800,(#5804,#5811),.PCURVE_S1.);
#5800 = LINE('',#5801,#5802);
#5801 = CARTESIAN_POINT('',(512.15,13.,3.916E+03));
#5802 = VECTOR('',#5803,1.);
#5803 = DIRECTION('',(0.,0.,1.));
#5804 = PCURVE('',#5754,#5805);
#5805 = DEFINITIONAL_REPRESENTATION('',(#5806),#5810);
#5806 = LINE('',#5807,#5808);
#5807 = CARTESIAN_POINT('',(0.,-26.));
#5808 = VECTOR('',#5809,1.);
#5809 = DIRECTION('',(1.,0.));
#5810 = ( GEOMETRIC_REPRESENTATION_CONTEXT(2) 
PARAMETRIC_REPRESENTATION_CONTEXT() REPRESENTATION_CONTEXT('2D SPACE',''
  ) );
#5811 = PCURVE('',#5702,#5812);
#5812 = DEFINITIONAL_REPRESENTATION('',(#5813),#5817);
#5813 = LINE('',#5814,#5815);
#5814 = CARTESIAN_POINT('',(0.,10.));
#5815 = VECTOR('',#5816,1.);
#5816 = DIRECTION('',(1.,0.));
#5817 = ( GEOMETRIC_REPRESENTATION_CONTEXT(2) 
PARAMETRIC_REPRESENTATION_CONTEXT() REPRESENTATION_CONTEXT('2D SPACE',''
  ) );
#5818 = ORIENTED_EDGE('',*,*,#5819,.F.);
#5819 = EDGE_CURVE('',#5746,#5797,#5820,.T.);
#5820 = SURFACE_CURVE('',#5821,(#5825,#5832),.PCURVE_S1.);
#5821 = LINE('',#5822,#5823);
#5822 = CARTESIAN_POINT('',(512.15,-13.,3.986E+03));
#5823 = VECTOR('',#5824,1.);
#5824 = DIRECTION('',(-0.,1.,0.));
#5825 = PCURVE('',#5754,#5826);
#5826 = DEFINITIONAL_REPRESENTATION('',(#5827),#5831);
#5827 = LINE('',#5828,#5829);
#5828 = CARTESIAN_POINT('',(70.,0.));
#5829 = VECTOR('',#5830,1.);
#5830 = DIRECTION('',(0.,-1.));
#5831 = ( GEOMETRIC_REPRESENTATION_CONTEXT(2) 
PARAMETRIC_REPRESENTATION_CONTEXT() REPRESENTATION_CONTEXT('2D SPACE',''
  ) );
#5832 = PCURVE('',#5728,#5833);
#5833 = DEFINITIONAL_REPRESENTATION('',(#5834),#5838);
#5834 = LINE('',#5835,#5836);
#5835 = CARTESIAN_POINT('',(10.,0.));
#5836 = VECTOR('',#5837,1.);
#5837 = DIRECTION('',(0.,1.));
#5838 = ( GEOMETRIC_REPRESENTATION_CONTEXT(2) 
PARAMETRIC_REPRESENTATION_CONTEXT() REPRESENTATION_CONTEXT('2D SPACE',''
  ) );
#5839 = ADVANCED_FACE('',(#5840),#5646,.F.);
#5840 = FACE_BOUND('',#5841,.F.);
#5841 = EDGE_LOOP('',(#5842,#5863,#5864,#5885));
#5842 = ORIENTED_EDGE('',*,*,#5843,.F.);
#5843 = EDGE_CURVE('',#5624,#5744,#5844,.T.);
#5844 = SURFACE_CURVE('',#5845,(#5849,#5856),.PCURVE_S1.);
#5845 = LINE('',#5846,#5847);
#5846 = CARTESIAN_POINT('',(502.15,-13.,3.916E+03));
#5847 = VECTOR('',#5848,1.);
#5848 = DIRECTION('',(1.,0.,-0.));
#5849 = PCURVE('',#5646,#5850);
#5850 = DEFINITIONAL_REPRESENTATION('',(#5851),#5855);
#5851 = LINE('',#5852,#5853);
#5852 = CARTESIAN_POINT('',(0.,0.));
#5853 = VECTOR('',#5854,1.);
#5854 = DIRECTION('',(0.,1.));
#5855 = ( GEOMETRIC_REPRESENTATION_CONTEXT(2) 
PARAMETRIC_REPRESENTATION_CONTEXT() REPRESENTATION_CONTEXT('2D SPACE',''
  ) );
#5856 = PCURVE('',#5674,#5857);
#5857 = DEFINITIONAL_REPRESENTATION('',(#5858),#5862);
#5858 = LINE('',#5859,#5860);
#5859 = CARTESIAN_POINT('',(0.,0.));
#5860 = VECTOR('',#5861,1.);
#5861 = DIRECTION('',(1.,0.));
#5862 = ( GEOMETRIC_REPRESENTATION_CONTEXT(2) 
PARAMETRIC_REPRESENTATION_CONTEXT() REPRESENTATION_CONTEXT('2D SPACE',''
  ) );
#5863 = ORIENTED_EDGE('',*,*,#5623,.T.);
#5864 = ORIENTED_EDGE('',*,*,#5865,.T.);
#5865 = EDGE_CURVE('',#5626,#5746,#5866,.T.);
#5866 = SURFACE_CURVE('',#5867,(#5871,#5878),.PCURVE_S1.);
#5867 = LINE('',#5868,#5869);
#5868 = CARTESIAN_POINT('',(502.15,-13.,3.986E+03));
#5869 = VECTOR('',#5870,1.);
#5870 = DIRECTION('',(1.,0.,-0.));
#5871 = PCURVE('',#5646,#5872);
#5872 = DEFINITIONAL_REPRESENTATION('',(#5873),#5877);
#5873 = LINE('',#5874,#5875);
#5874 = CARTESIAN_POINT('',(70.,0.));
#5875 = VECTOR('',#5876,1.);
#5876 = DIRECTION('',(0.,1.));
#5877 = ( GEOMETRIC_REPRESENTATION_CONTEXT(2) 
PARAMETRIC_REPRESENTATION_CONTEXT() REPRESENTATION_CONTEXT('2D SPACE',''
  ) );
#5878 = PCURVE('',#5728,#5879);
#5879 = DEFINITIONAL_REPRESENTATION('',(#5880),#5884);
#5880 = LINE('',#5881,#5882);
#5881 = CARTESIAN_POINT('',(0.,0.));
#5882 = VECTOR('',#5883,1.);
#5883 = DIRECTION('',(1.,0.));
#5884 = ( GEOMETRIC_REPRESENTATION_CONTEXT(2) 
PARAMETRIC_REPRESENTATION_CONTEXT() REPRESENTATION_CONTEXT('2D SPACE',''
  ) );
#5885 = ORIENTED_EDGE('',*,*,#5743,.F.);
#5886 = ADVANCED_FACE('',(#5887),#5702,.T.);
#5887 = FACE_BOUND('',#5888,.T.);
#5888 = EDGE_LOOP('',(#5889,#5910,#5911,#5932));
#5889 = ORIENTED_EDGE('',*,*,#5890,.F.);
#5890 = EDGE_CURVE('',#5659,#5774,#5891,.T.);
#5891 = SURFACE_CURVE('',#5892,(#5896,#5903),.PCURVE_S1.);
#5892 = LINE('',#5893,#5894);
#5893 = CARTESIAN_POINT('',(502.15,13.,3.916E+03));
#5894 = VECTOR('',#5895,1.);
#5895 = DIRECTION('',(1.,0.,-0.));
#5896 = PCURVE('',#5702,#5897);
#5897 = DEFINITIONAL_REPRESENTATION('',(#5898),#5902);
#5898 = LINE('',#5899,#5900);
#5899 = CARTESIAN_POINT('',(0.,0.));
#5900 = VECTOR('',#5901,1.);
#5901 = DIRECTION('',(0.,1.));
#5902 = ( GEOMETRIC_REPRESENTATION_CONTEXT(2) 
PARAMETRIC_REPRESENTATION_CONTEXT() REPRESENTATION_CONTEXT('2D SPACE',''
  ) );
#5903 = PCURVE('',#5674,#5904);
#5904 = DEFINITIONAL_REPRESENTATION('',(#5905),#5909);
#5905 = LINE('',#5906,#5907);
#5906 = CARTESIAN_POINT('',(0.,26.));
#5907 = VECTOR('',#5908,1.);
#5908 = DIRECTION('',(1.,0.));
#5909 = ( GEOMETRIC_REPRESENTATION_CONTEXT(2) 
PARAMETRIC_REPRESENTATION_CONTEXT() REPRESENTATION_CONTEXT('2D SPACE',''
  ) );
#5910 = ORIENTED_EDGE('',*,*,#5686,.T.);
#5911 = ORIENTED_EDGE('',*,*,#5912,.T.);
#5912 = EDGE_CURVE('',#5687,#5797,#5913,.T.);
#5913 = SURFACE_CURVE('',#5914,(#5918,#5925),.PCURVE_S1.);
#5914 = LINE('',#5915,#5916);
#5915 = CARTESIAN_POINT('',(502.15,13.,3.986E+03));
#5916 = VECTOR('',#5917,1.);
#5917 = DIRECTION('',(1.,0.,-0.));
#5918 = PCURVE('',#5702,#5919);
#5919 = DEFINITIONAL_REPRESENTATION('',(#5920),#5924);
#5920 = LINE('',#5921,#5922);
#5921 = CARTESIAN_POINT('',(70.,0.));
#5922 = VECTOR('',#5923,1.);
#5923 = DIRECTION('',(0.,1.));
#5924 = ( GEOMETRIC_REPRESENTATION_CONTEXT(2) 
PARAMETRIC_REPRESENTATION_CONTEXT() REPRESENTATION_CONTEXT('2D SPACE',''
  ) );
#5925 = PCURVE('',#5728,#5926);
#5926 = DEFINITIONAL_REPRESENTATION('',(#5927),#5931);
#5927 = LINE('',#5928,#5929);
#5928 = CARTESIAN_POINT('',(0.,26.));
#5929 = VECTOR('',#5930,1.);
#5930 = DIRECTION('',(1.,0.));
#5931 = ( GEOMETRIC_REPRESENTATION_CONTEXT(2) 
PARAMETRIC_REPRESENTATION_CONTEXT() REPRESENTATION_CONTEXT('2D SPACE',''
  ) );
#5932 = ORIENTED_EDGE('',*,*,#5796,.F.);
#5933 = ADVANCED_FACE('',(#5934),#5674,.F.);
#5934 = FACE_BOUND('',#5935,.F.);
#5935 = EDGE_LOOP('',(#5936,#5937,#5938,#5939));
#5936 = ORIENTED_EDGE('',*,*,#5658,.F.);
#5937 = ORIENTED_EDGE('',*,*,#5843,.T.);
#5938 = ORIENTED_EDGE('',*,*,#5773,.T.);
#5939 = ORIENTED_EDGE('',*,*,#5890,.F.);
#5940 = ADVANCED_FACE('',(#5941),#5728,.T.);
#5941 = FACE_BOUND('',#5942,.T.);
#5942 = EDGE_LOOP('',(#5943,#5944,#5945,#5946));
#5943 = ORIENTED_EDGE('',*,*,#5714,.F.);
#5944 = ORIENTED_EDGE('',*,*,#5865,.T.);
#5945 = ORIENTED_EDGE('',*,*,#5819,.T.);
#5946 = ORIENTED_EDGE('',*,*,#5912,.F.);
#5947 = MANIFOLD_SOLID_BREP('',#5948);
#5948 = CLOSED_SHELL('',(#5949,#6038,#6093,#6148,#6152));
#5949 = ADVANCED_FACE('',(#5950),#5963,.T.);
#5950 = FACE_BOUND('',#5951,.T.);
#5951 = EDGE_LOOP('',(#5952,#5986,#6010,#6037));
#5952 = ORIENTED_EDGE('',*,*,#5953,.T.);
#5953 = EDGE_CURVE('',#5954,#5954,#5956,.T.);
#5954 = VERTEX_POINT('',#5955);
#5955 = CARTESIAN_POINT('',(527.64999999999,-5.021051876504E-15,
    3.964940669002E+03));
#5956 = SURFACE_CURVE('',#5957,(#5962,#5974),.PCURVE_S1.);
#5957 = CIRCLE('',#5958,20.5);
#5958 = AXIS2_PLACEMENT_3D('',#5959,#5960,#5961);
#5959 = CARTESIAN_POINT('',(507.15,0.,3.964940669002E+03));
#5960 = DIRECTION('',(0.,0.,1.));
#5961 = DIRECTION('',(0.,-1.,0.));
#5962 = PCURVE('',#5963,#5968);
#5963 = SPHERICAL_SURFACE('',#5964,45.);
#5964 = AXIS2_PLACEMENT_3D('',#5965,#5966,#5967);
#5965 = CARTESIAN_POINT('',(507.15,0.,4.005E+03));
#5966 = DIRECTION('',(0.,0.,1.));
#5967 = DIRECTION('',(1.,0.,-0.));
#5968 = DEFINITIONAL_REPRESENTATION('',(#5969),#5973);
#5969 = LINE('',#5970,#5971);
#5970 = CARTESIAN_POINT('',(-1.570796326795,-1.097800137921));
#5971 = VECTOR('',#5972,1.);
#5972 = DIRECTION('',(1.,0.));
#5973 = ( GEOMETRIC_REPRESENTATION_CONTEXT(2) 
PARAMETRIC_REPRESENTATION_CONTEXT() REPRESENTATION_CONTEXT('2D SPACE',''
  ) );
#5974 = PCURVE('',#5975,#5980);
#5975 = CYLINDRICAL_SURFACE('',#5976,20.5);
#5976 = AXIS2_PLACEMENT_3D('',#5977,#5978,#5979);
#5977 = CARTESIAN_POINT('',(507.15,0.,3.958E+03));
#5978 = DIRECTION('',(0.,0.,1.));
#5979 = DIRECTION('',(1.,0.,-0.));
#5980 = DEFINITIONAL_REPRESENTATION('',(#5981),#5985);
#5981 = LINE('',#5982,#5983);
#5982 = CARTESIAN_POINT('',(-1.570796326795,6.940669002091));
#5983 = VECTOR('',#5984,1.);
#5984 = DIRECTION('',(1.,0.));
#5985 = ( GEOMETRIC_REPRESENTATION_CONTEXT(2) 
PARAMETRIC_REPRESENTATION_CONTEXT() REPRESENTATION_CONTEXT('2D SPACE',''
  ) );
#5986 = ORIENTED_EDGE('',*,*,#5987,.T.);
#5987 = EDGE_CURVE('',#5954,#5988,#5990,.T.);
#5988 = VERTEX_POINT('',#5989);
#5989 = CARTESIAN_POINT('',(508.65,-3.673940397442E-16,
    4.049974993052E+03));
#5990 = SEAM_CURVE('',#5991,(#5996,#6003),.PCURVE_S1.);
#5991 = CIRCLE('',#5992,45.);
#5992 = AXIS2_PLACEMENT_3D('',#5993,#5994,#5995);
#5993 = CARTESIAN_POINT('',(507.15,0.,4.005E+03));
#5994 = DIRECTION('',(-2.449293598295E-16,-1.,0.));
#5995 = DIRECTION('',(1.,-2.449293598295E-16,0.));
#5996 = PCURVE('',#5963,#5997);
#5997 = DEFINITIONAL_REPRESENTATION('',(#5998),#6002);
#5998 = LINE('',#5999,#6000);
#5999 = CARTESIAN_POINT('',(0.,-6.28318530718));
#6000 = VECTOR('',#6001,1.);
#6001 = DIRECTION('',(0.,1.));
#6002 = ( GEOMETRIC_REPRESENTATION_CONTEXT(2) 
PARAMETRIC_REPRESENTATION_CONTEXT() REPRESENTATION_CONTEXT('2D SPACE',''
  ) );
#6003 = PCURVE('',#5963,#6004);
#6004 = DEFINITIONAL_REPRESENTATION('',(#6005),#6009);
#6005 = LINE('',#6006,#6007);
#6006 = CARTESIAN_POINT('',(6.28318530718,-6.28318530718));
#6007 = VECTOR('',#6008,1.);
#6008 = DIRECTION('',(0.,1.));
#6009 = ( GEOMETRIC_REPRESENTATION_CONTEXT(2) 
PARAMETRIC_REPRESENTATION_CONTEXT() REPRESENTATION_CONTEXT('2D SPACE',''
  ) );
#6010 = ORIENTED_EDGE('',*,*,#6011,.F.);
#6011 = EDGE_CURVE('',#5988,#5988,#6012,.T.);
#6012 = SURFACE_CURVE('',#6013,(#6018,#6025),.PCURVE_S1.);
#6013 = CIRCLE('',#6014,1.5);
#6014 = AXIS2_PLACEMENT_3D('',#6015,#6016,#6017);
#6015 = CARTESIAN_POINT('',(507.15,0.,4.049974993052E+03));
#6016 = DIRECTION('',(0.,0.,1.));
#6017 = DIRECTION('',(0.,-1.,0.));
#6018 = PCURVE('',#5963,#6019);
#6019 = DEFINITIONAL_REPRESENTATION('',(#6020),#6024);
#6020 = LINE('',#6021,#6022);
#6021 = CARTESIAN_POINT('',(-1.570796326795,1.537456817534));
#6022 = VECTOR('',#6023,1.);
#6023 = DIRECTION('',(1.,0.));
#6024 = ( GEOMETRIC_REPRESENTATION_CONTEXT(2) 
PARAMETRIC_REPRESENTATION_CONTEXT() REPRESENTATION_CONTEXT('2D SPACE',''
  ) );
#6025 = PCURVE('',#6026,#6031);
#6026 = CYLINDRICAL_SURFACE('',#6027,1.5);
#6027 = AXIS2_PLACEMENT_3D('',#6028,#6029,#6030);
#6028 = CARTESIAN_POINT('',(507.15,0.,4.045E+03));
#6029 = DIRECTION('',(0.,0.,1.));
#6030 = DIRECTION('',(1.,0.,-0.));
#6031 = DEFINITIONAL_REPRESENTATION('',(#6032),#6036);
#6032 = LINE('',#6033,#6034);
#6033 = CARTESIAN_POINT('',(-1.570796326795,4.974993051695));
#6034 = VECTOR('',#6035,1.);
#6035 = DIRECTION('',(1.,0.));
#6036 = ( GEOMETRIC_REPRESENTATION_CONTEXT(2) 
PARAMETRIC_REPRESENTATION_CONTEXT() REPRESENTATION_CONTEXT('2D SPACE',''
  ) );
#6037 = ORIENTED_EDGE('',*,*,#5987,.F.);
#6038 = ADVANCED_FACE('',(#6039),#5975,.F.);
#6039 = FACE_BOUND('',#6040,.F.);
#6040 = EDGE_LOOP('',(#6041,#6064,#6091,#6092));
#6041 = ORIENTED_EDGE('',*,*,#6042,.T.);
#6042 = EDGE_CURVE('',#5954,#6043,#6045,.T.);
#6043 = VERTEX_POINT('',#6044);
#6044 = CARTESIAN_POINT('',(527.65,-5.021051876504E-15,4.0005E+03));
#6045 = SEAM_CURVE('',#6046,(#6050,#6057),.PCURVE_S1.);
#6046 = LINE('',#6047,#6048);
#6047 = CARTESIAN_POINT('',(527.65,-5.021051876504E-15,3.958E+03));
#6048 = VECTOR('',#6049,1.);
#6049 = DIRECTION('',(0.,0.,1.));
#6050 = PCURVE('',#5975,#6051);
#6051 = DEFINITIONAL_REPRESENTATION('',(#6052),#6056);
#6052 = LINE('',#6053,#6054);
#6053 = CARTESIAN_POINT('',(6.28318530718,-0.));
#6054 = VECTOR('',#6055,1.);
#6055 = DIRECTION('',(0.,1.));
#6056 = ( GEOMETRIC_REPRESENTATION_CONTEXT(2) 
PARAMETRIC_REPRESENTATION_CONTEXT() REPRESENTATION_CONTEXT('2D SPACE',''
  ) );
#6057 = PCURVE('',#5975,#6058);
#6058 = DEFINITIONAL_REPRESENTATION('',(#6059),#6063);
#6059 = LINE('',#6060,#6061);
#6060 = CARTESIAN_POINT('',(0.,-0.));
#6061 = VECTOR('',#6062,1.);
#6062 = DIRECTION('',(0.,1.));
#6063 = ( GEOMETRIC_REPRESENTATION_CONTEXT(2) 
PARAMETRIC_REPRESENTATION_CONTEXT() REPRESENTATION_CONTEXT('2D SPACE',''
  ) );
#6064 = ORIENTED_EDGE('',*,*,#6065,.F.);
#6065 = EDGE_CURVE('',#6043,#6043,#6066,.T.);
#6066 = SURFACE_CURVE('',#6067,(#6072,#6079),.PCURVE_S1.);
#6067 = CIRCLE('',#6068,20.5);
#6068 = AXIS2_PLACEMENT_3D('',#6069,#6070,#6071);
#6069 = CARTESIAN_POINT('',(507.15,0.,4.0005E+03));
#6070 = DIRECTION('',(0.,0.,1.));
#6071 = DIRECTION('',(1.,0.,-0.));
#6072 = PCURVE('',#5975,#6073);
#6073 = DEFINITIONAL_REPRESENTATION('',(#6074),#6078);
#6074 = LINE('',#6075,#6076);
#6075 = CARTESIAN_POINT('',(0.,42.5));
#6076 = VECTOR('',#6077,1.);
#6077 = DIRECTION('',(1.,0.));
#6078 = ( GEOMETRIC_REPRESENTATION_CONTEXT(2) 
PARAMETRIC_REPRESENTATION_CONTEXT() REPRESENTATION_CONTEXT('2D SPACE',''
  ) );
#6079 = PCURVE('',#6080,#6085);
#6080 = PLANE('',#6081);
#6081 = AXIS2_PLACEMENT_3D('',#6082,#6083,#6084);
#6082 = CARTESIAN_POINT('',(507.15,0.,4.0005E+03));
#6083 = DIRECTION('',(0.,0.,1.));
#6084 = DIRECTION('',(1.,0.,-0.));
#6085 = DEFINITIONAL_REPRESENTATION('',(#6086),#6090);
#6086 = CIRCLE('',#6087,20.5);
#6087 = AXIS2_PLACEMENT_2D('',#6088,#6089);
#6088 = CARTESIAN_POINT('',(0.,0.));
#6089 = DIRECTION('',(1.,0.));
#6090 = ( GEOMETRIC_REPRESENTATION_CONTEXT(2) 
PARAMETRIC_REPRESENTATION_CONTEXT() REPRESENTATION_CONTEXT('2D SPACE',''
  ) );
#6091 = ORIENTED_EDGE('',*,*,#6042,.F.);
#6092 = ORIENTED_EDGE('',*,*,#5953,.T.);
#6093 = ADVANCED_FACE('',(#6094),#6026,.T.);
#6094 = FACE_BOUND('',#6095,.T.);
#6095 = EDGE_LOOP('',(#6096,#6119,#6146,#6147));
#6096 = ORIENTED_EDGE('',*,*,#6097,.T.);
#6097 = EDGE_CURVE('',#5988,#6098,#6100,.T.);
#6098 = VERTEX_POINT('',#6099);
#6099 = CARTESIAN_POINT('',(508.65,-3.673940397442E-16,4.16E+03));
#6100 = SEAM_CURVE('',#6101,(#6105,#6112),.PCURVE_S1.);
#6101 = LINE('',#6102,#6103);
#6102 = CARTESIAN_POINT('',(508.65,-3.673940397442E-16,4.045E+03));
#6103 = VECTOR('',#6104,1.);
#6104 = DIRECTION('',(0.,0.,1.));
#6105 = PCURVE('',#6026,#6106);
#6106 = DEFINITIONAL_REPRESENTATION('',(#6107),#6111);
#6107 = LINE('',#6108,#6109);
#6108 = CARTESIAN_POINT('',(6.28318530718,-0.));
#6109 = VECTOR('',#6110,1.);
#6110 = DIRECTION('',(0.,1.));
#6111 = ( GEOMETRIC_REPRESENTATION_CONTEXT(2) 
PARAMETRIC_REPRESENTATION_CONTEXT() REPRESENTATION_CONTEXT('2D SPACE',''
  ) );
#6112 = PCURVE('',#6026,#6113);
#6113 = DEFINITIONAL_REPRESENTATION('',(#6114),#6118);
#6114 = LINE('',#6115,#6116);
#6115 = CARTESIAN_POINT('',(0.,-0.));
#6116 = VECTOR('',#6117,1.);
#6117 = DIRECTION('',(0.,1.));
#6118 = ( GEOMETRIC_REPRESENTATION_CONTEXT(2) 
PARAMETRIC_REPRESENTATION_CONTEXT() REPRESENTATION_CONTEXT('2D SPACE',''
  ) );
#6119 = ORIENTED_EDGE('',*,*,#6120,.F.);
#6120 = EDGE_CURVE('',#6098,#6098,#6121,.T.);
#6121 = SURFACE_CURVE('',#6122,(#6127,#6134),.PCURVE_S1.);
#6122 = CIRCLE('',#6123,1.5);
#6123 = AXIS2_PLACEMENT_3D('',#6124,#6125,#6126);
#6124 = CARTESIAN_POINT('',(507.15,0.,4.16E+03));
#6125 = DIRECTION('',(0.,0.,1.));
#6126 = DIRECTION('',(1.,0.,-0.));
#6127 = PCURVE('',#6026,#6128);
#6128 = DEFINITIONAL_REPRESENTATION('',(#6129),#6133);
#6129 = LINE('',#6130,#6131);
#6130 = CARTESIAN_POINT('',(0.,115.));
#6131 = VECTOR('',#6132,1.);
#6132 = DIRECTION('',(1.,0.));
#6133 = ( GEOMETRIC_REPRESENTATION_CONTEXT(2) 
PARAMETRIC_REPRESENTATION_CONTEXT() REPRESENTATION_CONTEXT('2D SPACE',''
  ) );
#6134 = PCURVE('',#6135,#6140);
#6135 = PLANE('',#6136);
#6136 = AXIS2_PLACEMENT_3D('',#6137,#6138,#6139);
#6137 = CARTESIAN_POINT('',(507.15,0.,4.16E+03));
#6138 = DIRECTION('',(0.,0.,1.));
#6139 = DIRECTION('',(1.,0.,-0.));
#6140 = DEFINITIONAL_REPRESENTATION('',(#6141),#6145);
#6141 = CIRCLE('',#6142,1.5);
#6142 = AXIS2_PLACEMENT_2D('',#6143,#6144);
#6143 = CARTESIAN_POINT('',(0.,0.));
#6144 = DIRECTION('',(1.,0.));
#6145 = ( GEOMETRIC_REPRESENTATION_CONTEXT(2) 
PARAMETRIC_REPRESENTATION_CONTEXT() REPRESENTATION_CONTEXT('2D SPACE',''
  ) );
#6146 = ORIENTED_EDGE('',*,*,#6097,.F.);
#6147 = ORIENTED_EDGE('',*,*,#6011,.T.);
#6148 = ADVANCED_FACE('',(#6149),#6080,.F.);
#6149 = FACE_BOUND('',#6150,.F.);
#6150 = EDGE_LOOP('',(#6151));
#6151 = ORIENTED_EDGE('',*,*,#6065,.T.);
#6152 = ADVANCED_FACE('',(#6153),#6135,.T.);
#6153 = FACE_BOUND('',#6154,.T.);
#6154 = EDGE_LOOP('',(#6155));
#6155 = ORIENTED_EDGE('',*,*,#6120,.T.);
#6156 = MANIFOLD_SOLID_BREP('',#6157);
#6157 = CLOSED_SHELL('',(#6158,#6325,#6329,#6358,#6490,#6495,#6678,#6701
    ,#6707,#6911,#6934,#6963,#7106,#7112,#7117,#7146,#7322,#7328,#7357,
    #7569,#7575,#7659,#7682,#7687));
#6158 = ADVANCED_FACE('',(#6159),#6173,.T.);
#6159 = FACE_BOUND('',#6160,.T.);
#6160 = EDGE_LOOP('',(#6161,#6191,#6220,#6275,#6297,#6298));
#6161 = ORIENTED_EDGE('',*,*,#6162,.T.);
#6162 = EDGE_CURVE('',#6163,#6165,#6167,.T.);
#6163 = VERTEX_POINT('',#6164);
#6164 = CARTESIAN_POINT('',(-142.3223050896,-52.,3.28E+03));
#6165 = VERTEX_POINT('',#6166);
#6166 = CARTESIAN_POINT('',(-142.3223050896,-52.,3.24E+03));
#6167 = SEAM_CURVE('',#6168,(#6172,#6184),.PCURVE_S1.);
#6168 = LINE('',#6169,#6170);
#6169 = CARTESIAN_POINT('',(-142.3223050896,-52.,3.28E+03));
#6170 = VECTOR('',#6171,1.);
#6171 = DIRECTION('',(0.,0.,-1.));
#6172 = PCURVE('',#6173,#6178);
#6173 = CYLINDRICAL_SURFACE('',#6174,3.5);
#6174 = AXIS2_PLACEMENT_3D('',#6175,#6176,#6177);
#6175 = CARTESIAN_POINT('',(-138.8223050896,-52.,3.28E+03));
#6176 = DIRECTION('',(0.,0.,-1.));
#6177 = DIRECTION('',(-1.,0.,-0.));
#6178 = DEFINITIONAL_REPRESENTATION('',(#6179),#6183);
#6179 = LINE('',#6180,#6181);
#6180 = CARTESIAN_POINT('',(6.28318530718,-0.));
#6181 = VECTOR('',#6182,1.);
#6182 = DIRECTION('',(0.,1.));
#6183 = ( GEOMETRIC_REPRESENTATION_CONTEXT(2) 
PARAMETRIC_REPRESENTATION_CONTEXT() REPRESENTATION_CONTEXT('2D SPACE',''
  ) );
#6184 = PCURVE('',#6173,#6185);
#6185 = DEFINITIONAL_REPRESENTATION('',(#6186),#6190);
#6186 = LINE('',#6187,#6188);
#6187 = CARTESIAN_POINT('',(0.,-0.));
#6188 = VECTOR('',#6189,1.);
#6189 = DIRECTION('',(0.,1.));
#6190 = ( GEOMETRIC_REPRESENTATION_CONTEXT(2) 
PARAMETRIC_REPRESENTATION_CONTEXT() REPRESENTATION_CONTEXT('2D SPACE',''
  ) );
#6191 = ORIENTED_EDGE('',*,*,#6192,.F.);
#6192 = EDGE_CURVE('',#6193,#6165,#6195,.T.);
#6193 = VERTEX_POINT('',#6194);
#6194 = CARTESIAN_POINT('',(-139.6588668854,-55.39855327482,3.24E+03));
#6195 = SURFACE_CURVE('',#6196,(#6201,#6208),.PCURVE_S1.);
#6196 = CIRCLE('',#6197,3.5);
#6197 = AXIS2_PLACEMENT_3D('',#6198,#6199,#6200);
#6198 = CARTESIAN_POINT('',(-138.8223050896,-52.,3.24E+03));
#6199 = DIRECTION('',(0.,0.,-1.));
#6200 = DIRECTION('',(-1.,0.,-0.));
#6201 = PCURVE('',#6173,#6202);
#6202 = DEFINITIONAL_REPRESENTATION('',(#6203),#6207);
#6203 = LINE('',#6204,#6205);
#6204 = CARTESIAN_POINT('',(0.,40.));
#6205 = VECTOR('',#6206,1.);
#6206 = DIRECTION('',(1.,0.));
#6207 = ( GEOMETRIC_REPRESENTATION_CONTEXT(2) 
PARAMETRIC_REPRESENTATION_CONTEXT() REPRESENTATION_CONTEXT('2D SPACE',''
  ) );
#6208 = PCURVE('',#6209,#6214);
#6209 = PLANE('',#6210);
#6210 = AXIS2_PLACEMENT_3D('',#6211,#6212,#6213);
#6211 = CARTESIAN_POINT('',(-138.8223050896,-52.,3.24E+03));
#6212 = DIRECTION('',(0.,0.,-1.));
#6213 = DIRECTION('',(-1.,0.,-0.));
#6214 = DEFINITIONAL_REPRESENTATION('',(#6215),#6219);
#6215 = CIRCLE('',#6216,3.5);
#6216 = AXIS2_PLACEMENT_2D('',#6217,#6218);
#6217 = CARTESIAN_POINT('',(0.,0.));
#6218 = DIRECTION('',(1.,0.));
#6219 = ( GEOMETRIC_REPRESENTATION_CONTEXT(2) 
PARAMETRIC_REPRESENTATION_CONTEXT() REPRESENTATION_CONTEXT('2D SPACE',''
  ) );
#6220 = ORIENTED_EDGE('',*,*,#6221,.F.);
#6221 = EDGE_CURVE('',#6222,#6193,#6224,.T.);
#6222 = VERTEX_POINT('',#6223);
#6223 = CARTESIAN_POINT('',(-137.9857432938,-48.60144672517,3.24E+03));
#6224 = SURFACE_CURVE('',#6225,(#6230,#6250),.PCURVE_S1.);
#6225 = ELLIPSE('',#6226,4.949747468306,3.5);
#6226 = AXIS2_PLACEMENT_3D('',#6227,#6228,#6229);
#6227 = CARTESIAN_POINT('',(-138.8223050896,-52.,3.24E+03));
#6228 = DIRECTION('',(0.686611447672,-0.16901100534,-0.707106781187));
#6229 = DIRECTION('',(-0.686611447672,0.16901100534,-0.707106781187));
#6230 = PCURVE('',#6173,#6231);
#6231 = DEFINITIONAL_REPRESENTATION('',(#6232),#6249);
#6232 = B_SPLINE_CURVE_WITH_KNOTS('',8,(#6233,#6234,#6235,#6236,#6237,
    #6238,#6239,#6240,#6241,#6242,#6243,#6244,#6245,#6246,#6247,#6248),
  .UNSPECIFIED.,.F.,.F.,(9,7,9),(1.570795857293,3.141592461696,
    4.712389066099),.UNSPECIFIED.);
#6233 = CARTESIAN_POINT('',(1.812149915162,40.000001643255));
#6234 = CARTESIAN_POINT('',(2.008499490712,39.312778128829));
#6235 = CARTESIAN_POINT('',(2.204849066259,38.625554378803));
#6236 = CARTESIAN_POINT('',(2.401198641822,37.9787046688));
#6237 = CARTESIAN_POINT('',(2.597548217342,37.412595187314));
#6238 = CARTESIAN_POINT('',(2.793897792919,36.962637389224));
#6239 = CARTESIAN_POINT('',(2.99024736846,36.654213034177));
#6240 = CARTESIAN_POINT('',(3.186596944014,36.500000131874));
#6241 = CARTESIAN_POINT('',(3.579296095115,36.499999868126));
#6242 = CARTESIAN_POINT('',(3.775645670668,36.654212506717));
#6243 = CARTESIAN_POINT('',(3.971995246206,36.962636613374));
#6244 = CARTESIAN_POINT('',(4.168344821774,37.412594194699));
#6245 = CARTESIAN_POINT('',(4.364694397302,37.978703503089));
#6246 = CARTESIAN_POINT('',(4.56104397287,38.625553094746));
#6247 = CARTESIAN_POINT('',(4.757393548417,39.312776785573));
#6248 = CARTESIAN_POINT('',(4.953743123967,40.000000299999));
#6249 = ( GEOMETRIC_REPRESENTATION_CONTEXT(2) 
PARAMETRIC_REPRESENTATION_CONTEXT() REPRESENTATION_CONTEXT('2D SPACE',''
  ) );
#6250 = PCURVE('',#6251,#6256);
#6251 = CYLINDRICAL_SURFACE('',#6252,3.5);
#6252 = AXIS2_PLACEMENT_3D('',#6253,#6254,#6255);
#6253 = CARTESIAN_POINT('',(-138.8223050896,-52.,3.24E+03));
#6254 = DIRECTION('',(0.971015221378,-0.239017655943,0.));
#6255 = DIRECTION('',(0.239017655943,0.971015221378,0.));
#6256 = DEFINITIONAL_REPRESENTATION('',(#6257),#6274);
#6257 = B_SPLINE_CURVE_WITH_KNOTS('',8,(#6258,#6259,#6260,#6261,#6262,
    #6263,#6264,#6265,#6266,#6267,#6268,#6269,#6270,#6271,#6272,#6273),
  .UNSPECIFIED.,.F.,.F.,(9,7,9),(1.570795857293,3.141592461696,
    4.712389066099),.UNSPECIFIED.);
#6258 = CARTESIAN_POINT('',(-4.695014341749E-07,-1.643255259864E-06));
#6259 = CARTESIAN_POINT('',(0.196349106049,0.687221871171));
#6260 = CARTESIAN_POINT('',(0.392698681597,1.374445621168));
#6261 = CARTESIAN_POINT('',(0.589048257152,2.021295331137));
#6262 = CARTESIAN_POINT('',(0.785397832694,2.587404812431));
#6263 = CARTESIAN_POINT('',(0.981747408252,3.037362610783));
#6264 = CARTESIAN_POINT('',(1.178096983799,3.345786965792));
#6265 = CARTESIAN_POINT('',(1.374446559351,3.499999868126));
#6266 = CARTESIAN_POINT('',(1.767145710451,3.500000131874));
#6267 = CARTESIAN_POINT('',(1.963495286003,3.345787493286));
#6268 = CARTESIAN_POINT('',(2.159844861539,3.037363386535));
#6269 = CARTESIAN_POINT('',(2.356194437121,2.587405805436));
#6270 = CARTESIAN_POINT('',(2.55254401264,2.021296496845));
#6271 = CARTESIAN_POINT('',(2.748893588204,1.374446905239));
#6272 = CARTESIAN_POINT('',(2.945243163753,0.687223214427));
#6273 = CARTESIAN_POINT('',(3.141592739304,-2.999990869057E-07));
#6274 = ( GEOMETRIC_REPRESENTATION_CONTEXT(2) 
PARAMETRIC_REPRESENTATION_CONTEXT() REPRESENTATION_CONTEXT('2D SPACE',''
  ) );
#6275 = ORIENTED_EDGE('',*,*,#6276,.F.);
#6276 = EDGE_CURVE('',#6165,#6222,#6277,.T.);
#6277 = SURFACE_CURVE('',#6278,(#6283,#6290),.PCURVE_S1.);
#6278 = CIRCLE('',#6279,3.5);
#6279 = AXIS2_PLACEMENT_3D('',#6280,#6281,#6282);
#6280 = CARTESIAN_POINT('',(-138.8223050896,-52.,3.24E+03));
#6281 = DIRECTION('',(0.,0.,-1.));
#6282 = DIRECTION('',(-1.,0.,-0.));
#6283 = PCURVE('',#6173,#6284);
#6284 = DEFINITIONAL_REPRESENTATION('',(#6285),#6289);
#6285 = LINE('',#6286,#6287);
#6286 = CARTESIAN_POINT('',(0.,40.));
#6287 = VECTOR('',#6288,1.);
#6288 = DIRECTION('',(1.,0.));
#6289 = ( GEOMETRIC_REPRESENTATION_CONTEXT(2) 
PARAMETRIC_REPRESENTATION_CONTEXT() REPRESENTATION_CONTEXT('2D SPACE',''
  ) );
#6290 = PCURVE('',#6209,#6291);
#6291 = DEFINITIONAL_REPRESENTATION('',(#6292),#6296);
#6292 = CIRCLE('',#6293,3.5);
#6293 = AXIS2_PLACEMENT_2D('',#6294,#6295);
#6294 = CARTESIAN_POINT('',(0.,0.));
#6295 = DIRECTION('',(1.,0.));
#6296 = ( GEOMETRIC_REPRESENTATION_CONTEXT(2) 
PARAMETRIC_REPRESENTATION_CONTEXT() REPRESENTATION_CONTEXT('2D SPACE',''
  ) );
#6297 = ORIENTED_EDGE('',*,*,#6162,.F.);
#6298 = ORIENTED_EDGE('',*,*,#6299,.T.);
#6299 = EDGE_CURVE('',#6163,#6163,#6300,.T.);
#6300 = SURFACE_CURVE('',#6301,(#6306,#6313),.PCURVE_S1.);
#6301 = CIRCLE('',#6302,3.5);
#6302 = AXIS2_PLACEMENT_3D('',#6303,#6304,#6305);
#6303 = CARTESIAN_POINT('',(-138.8223050896,-52.,3.28E+03));
#6304 = DIRECTION('',(0.,0.,-1.));
#6305 = DIRECTION('',(-1.,0.,-0.));
#6306 = PCURVE('',#6173,#6307);
#6307 = DEFINITIONAL_REPRESENTATION('',(#6308),#6312);
#6308 = LINE('',#6309,#6310);
#6309 = CARTESIAN_POINT('',(0.,0.));
#6310 = VECTOR('',#6311,1.);
#6311 = DIRECTION('',(1.,0.));
#6312 = ( GEOMETRIC_REPRESENTATION_CONTEXT(2) 
PARAMETRIC_REPRESENTATION_CONTEXT() REPRESENTATION_CONTEXT('2D SPACE',''
  ) );
#6313 = PCURVE('',#6314,#6319);
#6314 = PLANE('',#6315);
#6315 = AXIS2_PLACEMENT_3D('',#6316,#6317,#6318);
#6316 = CARTESIAN_POINT('',(-138.8223050896,-52.,3.28E+03));
#6317 = DIRECTION('',(0.,0.,-1.));
#6318 = DIRECTION('',(-1.,0.,-0.));
#6319 = DEFINITIONAL_REPRESENTATION('',(#6320),#6324);
#6320 = CIRCLE('',#6321,3.5);
#6321 = AXIS2_PLACEMENT_2D('',#6322,#6323);
#6322 = CARTESIAN_POINT('',(0.,0.));
#6323 = DIRECTION('',(1.,0.));
#6324 = ( GEOMETRIC_REPRESENTATION_CONTEXT(2) 
PARAMETRIC_REPRESENTATION_CONTEXT() REPRESENTATION_CONTEXT('2D SPACE',''
  ) );
#6325 = ADVANCED_FACE('',(#6326),#6314,.F.);
#6326 = FACE_BOUND('',#6327,.T.);
#6327 = EDGE_LOOP('',(#6328));
#6328 = ORIENTED_EDGE('',*,*,#6299,.F.);
#6329 = ADVANCED_FACE('',(#6330),#6209,.T.);
#6330 = FACE_BOUND('',#6331,.T.);
#6331 = EDGE_LOOP('',(#6332,#6333,#6334));
#6332 = ORIENTED_EDGE('',*,*,#6192,.T.);
#6333 = ORIENTED_EDGE('',*,*,#6276,.T.);
#6334 = ORIENTED_EDGE('',*,*,#6335,.T.);
#6335 = EDGE_CURVE('',#6222,#6193,#6336,.T.);
#6336 = SURFACE_CURVE('',#6337,(#6341,#6347),.PCURVE_S1.);
#6337 = LINE('',#6338,#6339);
#6338 = CARTESIAN_POINT('',(-138.8223050896,-52.,3.24E+03));
#6339 = VECTOR('',#6340,1.);
#6340 = DIRECTION('',(-0.239017655943,-0.971015221378,-0.));
#6341 = PCURVE('',#6209,#6342);
#6342 = DEFINITIONAL_REPRESENTATION('',(#6343),#6346);
#6343 = B_SPLINE_CURVE_WITH_KNOTS('',1,(#6344,#6345),.UNSPECIFIED.,.F.,
  .F.,(2,2),(-3.5,3.5),.PIECEWISE_BEZIER_KNOTS.);
#6344 = CARTESIAN_POINT('',(-0.836561795799,3.398553274823));
#6345 = CARTESIAN_POINT('',(0.836561795799,-3.398553274823));
#6346 = ( GEOMETRIC_REPRESENTATION_CONTEXT(2) 
PARAMETRIC_REPRESENTATION_CONTEXT() REPRESENTATION_CONTEXT('2D SPACE',''
  ) );
#6347 = PCURVE('',#6348,#6353);
#6348 = PLANE('',#6349);
#6349 = AXIS2_PLACEMENT_3D('',#6350,#6351,#6352);
#6350 = CARTESIAN_POINT('',(-138.8223050896,-52.,3.24E+03));
#6351 = DIRECTION('',(0.971015221378,-0.239017655943,0.));
#6352 = DIRECTION('',(0.239017655943,0.971015221378,0.));
#6353 = DEFINITIONAL_REPRESENTATION('',(#6354),#6357);
#6354 = B_SPLINE_CURVE_WITH_KNOTS('',1,(#6355,#6356),.UNSPECIFIED.,.F.,
  .F.,(2,2),(-3.5,3.5),.PIECEWISE_BEZIER_KNOTS.);
#6355 = CARTESIAN_POINT('',(3.5,0.));
#6356 = CARTESIAN_POINT('',(-3.5,0.));
#6357 = ( GEOMETRIC_REPRESENTATION_CONTEXT(2) 
PARAMETRIC_REPRESENTATION_CONTEXT() REPRESENTATION_CONTEXT('2D SPACE',''
  ) );
#6358 = ADVANCED_FACE('',(#6359),#6251,.T.);
#6359 = FACE_BOUND('',#6360,.T.);
#6360 = EDGE_LOOP('',(#6361,#6418,#6439,#6440,#6462,#6463));
#6361 = ORIENTED_EDGE('',*,*,#6362,.F.);
#6362 = EDGE_CURVE('',#6363,#6365,#6367,.T.);
#6363 = VERTEX_POINT('',#6364);
#6364 = CARTESIAN_POINT('',(-68.3134382042,-65.75144672517,3.24E+03));
#6365 = VERTEX_POINT('',#6366);
#6366 = CARTESIAN_POINT('',(-69.98656179579,-72.54855327482,3.24E+03));
#6367 = SURFACE_CURVE('',#6368,(#6373,#6393),.PCURVE_S1.);
#6368 = ELLIPSE('',#6369,4.949747468306,3.5);
#6369 = AXIS2_PLACEMENT_3D('',#6370,#6371,#6372);
#6370 = CARTESIAN_POINT('',(-69.15,-69.15,3.24E+03));
#6371 = DIRECTION('',(0.686611447672,-0.16901100534,0.707106781187));
#6372 = DIRECTION('',(0.686611447672,-0.16901100534,-0.707106781187));
#6373 = PCURVE('',#6251,#6374);
#6374 = DEFINITIONAL_REPRESENTATION('',(#6375),#6392);
#6375 = B_SPLINE_CURVE_WITH_KNOTS('',8,(#6376,#6377,#6378,#6379,#6380,
    #6381,#6382,#6383,#6384,#6385,#6386,#6387,#6388,#6389,#6390,#6391),
  .UNSPECIFIED.,.F.,.F.,(9,7,9),(1.570796260593,3.141592677142,
    4.712389093691),.UNSPECIFIED.);
#6376 = CARTESIAN_POINT('',(-6.620211934205E-08,71.752021781636));
#6377 = CARTESIAN_POINT('',(0.196349485866,71.064798349396));
#6378 = CARTESIAN_POINT('',(0.392699037936,70.377574743827));
#6379 = CARTESIAN_POINT('',(0.58904859,69.730725225498));
#6380 = CARTESIAN_POINT('',(0.785398142077,69.164615965041));
#6381 = CARTESIAN_POINT('',(0.981747694137,68.71465839271));
#6382 = CARTESIAN_POINT('',(1.17809724621,68.406234251175));
#6383 = CARTESIAN_POINT('',(1.374446798278,68.252021533743));
#6384 = CARTESIAN_POINT('',(1.767145902415,68.252021566114));
#6385 = CARTESIAN_POINT('',(1.963495454484,68.406234315837));
#6386 = CARTESIAN_POINT('',(2.159845006545,68.714658488083));
#6387 = CARTESIAN_POINT('',(2.356194558624,69.164616086462));
#6388 = CARTESIAN_POINT('',(2.55254411068,69.730725368863));
#6389 = CARTESIAN_POINT('',(2.748893662759,70.3775749013));
#6390 = CARTESIAN_POINT('',(2.945243214827,71.064798514259));
#6391 = CARTESIAN_POINT('',(3.141592766896,71.752021946499));
#6392 = ( GEOMETRIC_REPRESENTATION_CONTEXT(2) 
PARAMETRIC_REPRESENTATION_CONTEXT() REPRESENTATION_CONTEXT('2D SPACE',''
  ) );
#6393 = PCURVE('',#6394,#6399);
#6394 = CYLINDRICAL_SURFACE('',#6395,3.5);
#6395 = AXIS2_PLACEMENT_3D('',#6396,#6397,#6398);
#6396 = CARTESIAN_POINT('',(-69.15,-69.15,3.24E+03));
#6397 = DIRECTION('',(0.,0.,1.));
#6398 = DIRECTION('',(1.,0.,-0.));
#6399 = DEFINITIONAL_REPRESENTATION('',(#6400),#6417);
#6400 = B_SPLINE_CURVE_WITH_KNOTS('',8,(#6401,#6402,#6403,#6404,#6405,
    #6406,#6407,#6408,#6409,#6410,#6411,#6412,#6413,#6414,#6415,#6416),
  .UNSPECIFIED.,.F.,.F.,(9,7,9),(1.570796260593,3.141592677142,
    4.712389093691),.UNSPECIFIED.);
#6401 = CARTESIAN_POINT('',(1.329442202724,-2.317074176972E-07));
#6402 = CARTESIAN_POINT('',(1.525791754793,0.687223200533));
#6403 = CARTESIAN_POINT('',(1.722141306866,1.374446806148));
#6404 = CARTESIAN_POINT('',(1.918490858905,2.021296324043));
#6405 = CARTESIAN_POINT('',(2.114840411035,2.587405585098));
#6406 = CARTESIAN_POINT('',(2.311189963043,3.037363156924));
#6407 = CARTESIAN_POINT('',(2.50753951514,3.345787298793));
#6408 = CARTESIAN_POINT('',(2.703889067205,3.500000016185));
#6409 = CARTESIAN_POINT('',(3.096588171342,3.499999983815));
#6410 = CARTESIAN_POINT('',(3.292937723407,3.345787234054));
#6411 = CARTESIAN_POINT('',(3.489287275464,3.037363061714));
#6412 = CARTESIAN_POINT('',(3.685636827544,2.587405463242));
#6413 = CARTESIAN_POINT('',(3.881986379605,2.021296180972));
#6414 = CARTESIAN_POINT('',(4.078335931683,1.37444664855));
#6415 = CARTESIAN_POINT('',(4.274685483753,0.68722303567));
#6416 = CARTESIAN_POINT('',(4.471035035822,-3.965706127929E-07));
#6417 = ( GEOMETRIC_REPRESENTATION_CONTEXT(2) 
PARAMETRIC_REPRESENTATION_CONTEXT() REPRESENTATION_CONTEXT('2D SPACE',''
  ) );
#6418 = ORIENTED_EDGE('',*,*,#6419,.F.);
#6419 = EDGE_CURVE('',#6222,#6363,#6420,.T.);
#6420 = SEAM_CURVE('',#6421,(#6425,#6432),.PCURVE_S1.);
#6421 = LINE('',#6422,#6423);
#6422 = CARTESIAN_POINT('',(-137.9857432938,-48.60144672517,3.24E+03));
#6423 = VECTOR('',#6424,1.);
#6424 = DIRECTION('',(0.971015221378,-0.239017655943,-1.232595164408E-32
    ));
#6425 = PCURVE('',#6251,#6426);
#6426 = DEFINITIONAL_REPRESENTATION('',(#6427),#6431);
#6427 = LINE('',#6428,#6429);
#6428 = CARTESIAN_POINT('',(6.28318530718,-0.));
#6429 = VECTOR('',#6430,1.);
#6430 = DIRECTION('',(0.,1.));
#6431 = ( GEOMETRIC_REPRESENTATION_CONTEXT(2) 
PARAMETRIC_REPRESENTATION_CONTEXT() REPRESENTATION_CONTEXT('2D SPACE',''
  ) );
#6432 = PCURVE('',#6251,#6433);
#6433 = DEFINITIONAL_REPRESENTATION('',(#6434),#6438);
#6434 = LINE('',#6435,#6436);
#6435 = CARTESIAN_POINT('',(0.,-0.));
#6436 = VECTOR('',#6437,1.);
#6437 = DIRECTION('',(0.,1.));
#6438 = ( GEOMETRIC_REPRESENTATION_CONTEXT(2) 
PARAMETRIC_REPRESENTATION_CONTEXT() REPRESENTATION_CONTEXT('2D SPACE',''
  ) );
#6439 = ORIENTED_EDGE('',*,*,#6221,.T.);
#6440 = ORIENTED_EDGE('',*,*,#6441,.T.);
#6441 = EDGE_CURVE('',#6193,#6222,#6442,.T.);
#6442 = SURFACE_CURVE('',#6443,(#6448,#6455),.PCURVE_S1.);
#6443 = CIRCLE('',#6444,3.5);
#6444 = AXIS2_PLACEMENT_3D('',#6445,#6446,#6447);
#6445 = CARTESIAN_POINT('',(-138.8223050896,-52.,3.24E+03));
#6446 = DIRECTION('',(0.971015221378,-0.239017655943,0.));
#6447 = DIRECTION('',(0.239017655943,0.971015221378,0.));
#6448 = PCURVE('',#6251,#6449);
#6449 = DEFINITIONAL_REPRESENTATION('',(#6450),#6454);
#6450 = LINE('',#6451,#6452);
#6451 = CARTESIAN_POINT('',(0.,0.));
#6452 = VECTOR('',#6453,1.);
#6453 = DIRECTION('',(1.,0.));
#6454 = ( GEOMETRIC_REPRESENTATION_CONTEXT(2) 
PARAMETRIC_REPRESENTATION_CONTEXT() REPRESENTATION_CONTEXT('2D SPACE',''
  ) );
#6455 = PCURVE('',#6348,#6456);
#6456 = DEFINITIONAL_REPRESENTATION('',(#6457),#6461);
#6457 = CIRCLE('',#6458,3.5);
#6458 = AXIS2_PLACEMENT_2D('',#6459,#6460);
#6459 = CARTESIAN_POINT('',(0.,0.));
#6460 = DIRECTION('',(1.,0.));
#6461 = ( GEOMETRIC_REPRESENTATION_CONTEXT(2) 
PARAMETRIC_REPRESENTATION_CONTEXT() REPRESENTATION_CONTEXT('2D SPACE',''
  ) );
#6462 = ORIENTED_EDGE('',*,*,#6419,.T.);
#6463 = ORIENTED_EDGE('',*,*,#6464,.F.);
#6464 = EDGE_CURVE('',#6365,#6363,#6465,.T.);
#6465 = SURFACE_CURVE('',#6466,(#6471,#6478),.PCURVE_S1.);
#6466 = CIRCLE('',#6467,3.5);
#6467 = AXIS2_PLACEMENT_3D('',#6468,#6469,#6470);
#6468 = CARTESIAN_POINT('',(-69.15,-69.15,3.24E+03));
#6469 = DIRECTION('',(0.971015221378,-0.239017655943,0.));
#6470 = DIRECTION('',(0.239017655943,0.971015221378,0.));
#6471 = PCURVE('',#6251,#6472);
#6472 = DEFINITIONAL_REPRESENTATION('',(#6473),#6477);
#6473 = LINE('',#6474,#6475);
#6474 = CARTESIAN_POINT('',(0.,71.752021549929));
#6475 = VECTOR('',#6476,1.);
#6476 = DIRECTION('',(1.,0.));
#6477 = ( GEOMETRIC_REPRESENTATION_CONTEXT(2) 
PARAMETRIC_REPRESENTATION_CONTEXT() REPRESENTATION_CONTEXT('2D SPACE',''
  ) );
#6478 = PCURVE('',#6479,#6484);
#6479 = PLANE('',#6480);
#6480 = AXIS2_PLACEMENT_3D('',#6481,#6482,#6483);
#6481 = CARTESIAN_POINT('',(-69.15,-69.15,3.24E+03));
#6482 = DIRECTION('',(0.971015221378,-0.239017655943,0.));
#6483 = DIRECTION('',(0.239017655943,0.971015221378,0.));
#6484 = DEFINITIONAL_REPRESENTATION('',(#6485),#6489);
#6485 = CIRCLE('',#6486,3.5);
#6486 = AXIS2_PLACEMENT_2D('',#6487,#6488);
#6487 = CARTESIAN_POINT('',(0.,0.));
#6488 = DIRECTION('',(1.,0.));
#6489 = ( GEOMETRIC_REPRESENTATION_CONTEXT(2) 
PARAMETRIC_REPRESENTATION_CONTEXT() REPRESENTATION_CONTEXT('2D SPACE',''
  ) );
#6490 = ADVANCED_FACE('',(#6491),#6348,.F.);
#6491 = FACE_BOUND('',#6492,.F.);
#6492 = EDGE_LOOP('',(#6493,#6494));
#6493 = ORIENTED_EDGE('',*,*,#6441,.T.);
#6494 = ORIENTED_EDGE('',*,*,#6335,.T.);
#6495 = ADVANCED_FACE('',(#6496),#6394,.T.);
#6496 = FACE_BOUND('',#6497,.T.);
#6497 = EDGE_LOOP('',(#6498,#6527,#6550,#6591,#6620,#6654,#6655,#6677));
#6498 = ORIENTED_EDGE('',*,*,#6499,.T.);
#6499 = EDGE_CURVE('',#6365,#6500,#6502,.T.);
#6500 = VERTEX_POINT('',#6501);
#6501 = CARTESIAN_POINT('',(-65.65,-69.15,3.24E+03));
#6502 = SURFACE_CURVE('',#6503,(#6508,#6515),.PCURVE_S1.);
#6503 = CIRCLE('',#6504,3.5);
#6504 = AXIS2_PLACEMENT_3D('',#6505,#6506,#6507);
#6505 = CARTESIAN_POINT('',(-69.15,-69.15,3.24E+03));
#6506 = DIRECTION('',(0.,0.,1.));
#6507 = DIRECTION('',(1.,0.,-0.));
#6508 = PCURVE('',#6394,#6509);
#6509 = DEFINITIONAL_REPRESENTATION('',(#6510),#6514);
#6510 = LINE('',#6511,#6512);
#6511 = CARTESIAN_POINT('',(0.,0.));
#6512 = VECTOR('',#6513,1.);
#6513 = DIRECTION('',(1.,0.));
#6514 = ( GEOMETRIC_REPRESENTATION_CONTEXT(2) 
PARAMETRIC_REPRESENTATION_CONTEXT() REPRESENTATION_CONTEXT('2D SPACE',''
  ) );
#6515 = PCURVE('',#6516,#6521);
#6516 = PLANE('',#6517);
#6517 = AXIS2_PLACEMENT_3D('',#6518,#6519,#6520);
#6518 = CARTESIAN_POINT('',(-69.15,-69.15,3.24E+03));
#6519 = DIRECTION('',(0.,0.,1.));
#6520 = DIRECTION('',(1.,0.,-0.));
#6521 = DEFINITIONAL_REPRESENTATION('',(#6522),#6526);
#6522 = CIRCLE('',#6523,3.5);
#6523 = AXIS2_PLACEMENT_2D('',#6524,#6525);
#6524 = CARTESIAN_POINT('',(0.,0.));
#6525 = DIRECTION('',(1.,0.));
#6526 = ( GEOMETRIC_REPRESENTATION_CONTEXT(2) 
PARAMETRIC_REPRESENTATION_CONTEXT() REPRESENTATION_CONTEXT('2D SPACE',''
  ) );
#6527 = ORIENTED_EDGE('',*,*,#6528,.T.);
#6528 = EDGE_CURVE('',#6500,#6529,#6531,.T.);
#6529 = VERTEX_POINT('',#6530);
#6530 = CARTESIAN_POINT('',(-65.65,-69.15,3.807181533631E+03));
#6531 = SEAM_CURVE('',#6532,(#6536,#6543),.PCURVE_S1.);
#6532 = LINE('',#6533,#6534);
#6533 = CARTESIAN_POINT('',(-65.65,-69.15,3.24E+03));
#6534 = VECTOR('',#6535,1.);
#6535 = DIRECTION('',(0.,0.,1.));
#6536 = PCURVE('',#6394,#6537);
#6537 = DEFINITIONAL_REPRESENTATION('',(#6538),#6542);
#6538 = LINE('',#6539,#6540);
#6539 = CARTESIAN_POINT('',(0.,-0.));
#6540 = VECTOR('',#6541,1.);
#6541 = DIRECTION('',(0.,1.));
#6542 = ( GEOMETRIC_REPRESENTATION_CONTEXT(2) 
PARAMETRIC_REPRESENTATION_CONTEXT() REPRESENTATION_CONTEXT('2D SPACE',''
  ) );
#6543 = PCURVE('',#6394,#6544);
#6544 = DEFINITIONAL_REPRESENTATION('',(#6545),#6549);
#6545 = LINE('',#6546,#6547);
#6546 = CARTESIAN_POINT('',(6.28318530718,-0.));
#6547 = VECTOR('',#6548,1.);
#6548 = DIRECTION('',(0.,1.));
#6549 = ( GEOMETRIC_REPRESENTATION_CONTEXT(2) 
PARAMETRIC_REPRESENTATION_CONTEXT() REPRESENTATION_CONTEXT('2D SPACE',''
  ) );
#6550 = ORIENTED_EDGE('',*,*,#6551,.F.);
#6551 = EDGE_CURVE('',#6552,#6529,#6554,.T.);
#6552 = VERTEX_POINT('',#6553);
#6553 = CARTESIAN_POINT('',(-69.3521205509,-72.6441590237,3.81E+03));
#6554 = SURFACE_CURVE('',#6555,(#6560,#6573),.PCURVE_S1.);
#6555 = ELLIPSE('',#6556,4.496702465383,3.5);
#6556 = AXIS2_PLACEMENT_3D('',#6557,#6558,#6559);
#6557 = CARTESIAN_POINT('',(-69.15,-69.15,3.81E+03));
#6558 = DIRECTION('',(0.626785158846,-3.625655293399E-02,0.778348139986)
  );
#6559 = DIRECTION('',(-0.777049193403,4.494861567047E-02,0.627832918045)
  );
#6560 = PCURVE('',#6394,#6561);
#6561 = DEFINITIONAL_REPRESENTATION('',(#6562),#6572);
#6562 = B_SPLINE_CURVE_WITH_KNOTS('',8,(#6563,#6564,#6565,#6566,#6567,
    #6568,#6569,#6570,#6571),.UNSPECIFIED.,.F.,.F.,(9,9),(1.570796109862
    ,3.19937352854),.PIECEWISE_BEZIER_KNOTS.);
#6563 = CARTESIAN_POINT('',(4.6546078885,570.00000061244));
#6564 = CARTESIAN_POINT('',(4.858180065835,569.42528015449));
#6565 = CARTESIAN_POINT('',(5.061752243168,568.85055948962));
#6566 = CARTESIAN_POINT('',(5.265324420503,568.31213335949));
#6567 = CARTESIAN_POINT('',(5.468896597809,567.84628768358));
#6568 = CARTESIAN_POINT('',(5.672468775163,567.48452391801));
#6569 = CARTESIAN_POINT('',(5.876040952508,567.24864285916));
#6570 = CARTESIAN_POINT('',(6.079613129844,567.14834425507));
#6571 = CARTESIAN_POINT('',(6.283185307178,567.18153363095));
#6572 = ( GEOMETRIC_REPRESENTATION_CONTEXT(2) 
PARAMETRIC_REPRESENTATION_CONTEXT() REPRESENTATION_CONTEXT('2D SPACE',''
  ) );
#6573 = PCURVE('',#6574,#6579);
#6574 = CYLINDRICAL_SURFACE('',#6575,3.5);
#6575 = AXIS2_PLACEMENT_3D('',#6576,#6577,#6578);
#6576 = CARTESIAN_POINT('',(-69.15,-69.15,3.81E+03));
#6577 = DIRECTION('',(0.975714125117,-5.644044107693E-02,0.211651654039)
  );
#6578 = DIRECTION('',(-0.211989572235,1.734723475977E-18,0.977271928003)
  );
#6579 = DEFINITIONAL_REPRESENTATION('',(#6580),#6590);
#6580 = B_SPLINE_CURVE_WITH_KNOTS('',8,(#6581,#6582,#6583,#6584,#6585,
    #6586,#6587,#6588,#6589),.UNSPECIFIED.,.F.,.F.,(9,9),(1.570796109862
    ,3.19937352854),.PIECEWISE_BEZIER_KNOTS.);
#6581 = CARTESIAN_POINT('',(1.558553675732,-6.124404308139E-07));
#6582 = CARTESIAN_POINT('',(1.762125853067,0.574719845502));
#6583 = CARTESIAN_POINT('',(1.965698030399,1.149440509871));
#6584 = CARTESIAN_POINT('',(2.169270207745,1.687866639784));
#6585 = CARTESIAN_POINT('',(2.372842385053,2.153712316202));
#6586 = CARTESIAN_POINT('',(2.576414562413,2.515476081624));
#6587 = CARTESIAN_POINT('',(2.779986739739,2.751357140279));
#6588 = CARTESIAN_POINT('',(2.983558917076,2.851655744928));
#6589 = CARTESIAN_POINT('',(3.18713109441,2.81846636905));
#6590 = ( GEOMETRIC_REPRESENTATION_CONTEXT(2) 
PARAMETRIC_REPRESENTATION_CONTEXT() REPRESENTATION_CONTEXT('2D SPACE',''
  ) );
#6591 = ORIENTED_EDGE('',*,*,#6592,.F.);
#6592 = EDGE_CURVE('',#6593,#6552,#6595,.T.);
#6593 = VERTEX_POINT('',#6594);
#6594 = CARTESIAN_POINT('',(-68.94787944909,-65.6558409763,3.81E+03));
#6595 = SURFACE_CURVE('',#6596,(#6601,#6608),.PCURVE_S1.);
#6596 = CIRCLE('',#6597,3.5);
#6597 = AXIS2_PLACEMENT_3D('',#6598,#6599,#6600);
#6598 = CARTESIAN_POINT('',(-69.15,-69.15,3.81E+03));
#6599 = DIRECTION('',(0.,0.,1.));
#6600 = DIRECTION('',(1.,0.,-0.));
#6601 = PCURVE('',#6394,#6602);
#6602 = DEFINITIONAL_REPRESENTATION('',(#6603),#6607);
#6603 = LINE('',#6604,#6605);
#6604 = CARTESIAN_POINT('',(0.,570.));
#6605 = VECTOR('',#6606,1.);
#6606 = DIRECTION('',(1.,0.));
#6607 = ( GEOMETRIC_REPRESENTATION_CONTEXT(2) 
PARAMETRIC_REPRESENTATION_CONTEXT() REPRESENTATION_CONTEXT('2D SPACE',''
  ) );
#6608 = PCURVE('',#6609,#6614);
#6609 = PLANE('',#6610);
#6610 = AXIS2_PLACEMENT_3D('',#6611,#6612,#6613);
#6611 = CARTESIAN_POINT('',(-69.15,-69.15,3.81E+03));
#6612 = DIRECTION('',(0.,0.,1.));
#6613 = DIRECTION('',(1.,0.,-0.));
#6614 = DEFINITIONAL_REPRESENTATION('',(#6615),#6619);
#6615 = CIRCLE('',#6616,3.5);
#6616 = AXIS2_PLACEMENT_2D('',#6617,#6618);
#6617 = CARTESIAN_POINT('',(0.,0.));
#6618 = DIRECTION('',(1.,0.));
#6619 = ( GEOMETRIC_REPRESENTATION_CONTEXT(2) 
PARAMETRIC_REPRESENTATION_CONTEXT() REPRESENTATION_CONTEXT('2D SPACE',''
  ) );
#6620 = ORIENTED_EDGE('',*,*,#6621,.F.);
#6621 = EDGE_CURVE('',#6529,#6593,#6622,.T.);
#6622 = SURFACE_CURVE('',#6623,(#6628,#6641),.PCURVE_S1.);
#6623 = ELLIPSE('',#6624,4.496702465383,3.5);
#6624 = AXIS2_PLACEMENT_3D('',#6625,#6626,#6627);
#6625 = CARTESIAN_POINT('',(-69.15,-69.15,3.81E+03));
#6626 = DIRECTION('',(0.626785158846,-3.625655293399E-02,0.778348139986)
  );
#6627 = DIRECTION('',(-0.777049193403,4.494861567047E-02,0.627832918045)
  );
#6628 = PCURVE('',#6394,#6629);
#6629 = DEFINITIONAL_REPRESENTATION('',(#6630),#6640);
#6630 = B_SPLINE_CURVE_WITH_KNOTS('',8,(#6631,#6632,#6633,#6634,#6635,
    #6636,#6637,#6638,#6639),.UNSPECIFIED.,.F.,.F.,(9,9),(3.19937352854,
    4.712389055408),.PIECEWISE_BEZIER_KNOTS.);
#6631 = CARTESIAN_POINT('',(-1.100453062008E-12,567.18153363095));
#6632 = CARTESIAN_POINT('',(0.189126940857,567.21236792869));
#6633 = CARTESIAN_POINT('',(0.378253881716,567.3584179976));
#6634 = CARTESIAN_POINT('',(0.567380822576,567.61800242448));
#6635 = CARTESIAN_POINT('',(0.756507763431,567.98065209155));
#6636 = CARTESIAN_POINT('',(0.945634704292,568.42728623934));
#6637 = CARTESIAN_POINT('',(1.13476164515,568.93212213378));
#6638 = CARTESIAN_POINT('',(1.323888586009,569.46606122523));
#6639 = CARTESIAN_POINT('',(1.513015526867,570.0000002118));
#6640 = ( GEOMETRIC_REPRESENTATION_CONTEXT(2) 
PARAMETRIC_REPRESENTATION_CONTEXT() REPRESENTATION_CONTEXT('2D SPACE',''
  ) );
#6641 = PCURVE('',#6574,#6642);
#6642 = DEFINITIONAL_REPRESENTATION('',(#6643),#6653);
#6643 = B_SPLINE_CURVE_WITH_KNOTS('',8,(#6644,#6645,#6646,#6647,#6648,
    #6649,#6650,#6651,#6652),.UNSPECIFIED.,.F.,.F.,(9,9),(3.19937352854,
    4.712389055408),.PIECEWISE_BEZIER_KNOTS.);
#6644 = CARTESIAN_POINT('',(3.18713109441,2.81846636905));
#6645 = CARTESIAN_POINT('',(3.376258035269,2.787632071304));
#6646 = CARTESIAN_POINT('',(3.565384976125,2.641582002566));
#6647 = CARTESIAN_POINT('',(3.754511916995,2.381997572595));
#6648 = CARTESIAN_POINT('',(3.943638857814,2.019347913132));
#6649 = CARTESIAN_POINT('',(4.132765798711,1.572713758983));
#6650 = CARTESIAN_POINT('',(4.321892739559,1.067877866303));
#6651 = CARTESIAN_POINT('',(4.51101968042,0.533938774762));
#6652 = CARTESIAN_POINT('',(4.700146621279,-2.118052861988E-07));
#6653 = ( GEOMETRIC_REPRESENTATION_CONTEXT(2) 
PARAMETRIC_REPRESENTATION_CONTEXT() REPRESENTATION_CONTEXT('2D SPACE',''
  ) );
#6654 = ORIENTED_EDGE('',*,*,#6528,.F.);
#6655 = ORIENTED_EDGE('',*,*,#6656,.T.);
#6656 = EDGE_CURVE('',#6500,#6363,#6657,.T.);
#6657 = SURFACE_CURVE('',#6658,(#6663,#6670),.PCURVE_S1.);
#6658 = CIRCLE('',#6659,3.5);
#6659 = AXIS2_PLACEMENT_3D('',#6660,#6661,#6662);
#6660 = CARTESIAN_POINT('',(-69.15,-69.15,3.24E+03));
#6661 = DIRECTION('',(0.,0.,1.));
#6662 = DIRECTION('',(1.,0.,-0.));
#6663 = PCURVE('',#6394,#6664);
#6664 = DEFINITIONAL_REPRESENTATION('',(#6665),#6669);
#6665 = LINE('',#6666,#6667);
#6666 = CARTESIAN_POINT('',(0.,0.));
#6667 = VECTOR('',#6668,1.);
#6668 = DIRECTION('',(1.,0.));
#6669 = ( GEOMETRIC_REPRESENTATION_CONTEXT(2) 
PARAMETRIC_REPRESENTATION_CONTEXT() REPRESENTATION_CONTEXT('2D SPACE',''
  ) );
#6670 = PCURVE('',#6516,#6671);
#6671 = DEFINITIONAL_REPRESENTATION('',(#6672),#6676);
#6672 = CIRCLE('',#6673,3.5);
#6673 = AXIS2_PLACEMENT_2D('',#6674,#6675);
#6674 = CARTESIAN_POINT('',(0.,0.));
#6675 = DIRECTION('',(1.,0.));
#6676 = ( GEOMETRIC_REPRESENTATION_CONTEXT(2) 
PARAMETRIC_REPRESENTATION_CONTEXT() REPRESENTATION_CONTEXT('2D SPACE',''
  ) );
#6677 = ORIENTED_EDGE('',*,*,#6362,.T.);
#6678 = ADVANCED_FACE('',(#6679),#6479,.T.);
#6679 = FACE_BOUND('',#6680,.T.);
#6680 = EDGE_LOOP('',(#6681,#6682));
#6681 = ORIENTED_EDGE('',*,*,#6464,.T.);
#6682 = ORIENTED_EDGE('',*,*,#6683,.T.);
#6683 = EDGE_CURVE('',#6363,#6365,#6684,.T.);
#6684 = SURFACE_CURVE('',#6685,(#6689,#6695),.PCURVE_S1.);
#6685 = LINE('',#6686,#6687);
#6686 = CARTESIAN_POINT('',(-69.15,-69.15,3.24E+03));
#6687 = VECTOR('',#6688,1.);
#6688 = DIRECTION('',(-0.239017655943,-0.971015221378,0.));
#6689 = PCURVE('',#6479,#6690);
#6690 = DEFINITIONAL_REPRESENTATION('',(#6691),#6694);
#6691 = B_SPLINE_CURVE_WITH_KNOTS('',1,(#6692,#6693),.UNSPECIFIED.,.F.,
  .F.,(2,2),(-3.5,3.5),.PIECEWISE_BEZIER_KNOTS.);
#6692 = CARTESIAN_POINT('',(3.5,0.));
#6693 = CARTESIAN_POINT('',(-3.5,0.));
#6694 = ( GEOMETRIC_REPRESENTATION_CONTEXT(2) 
PARAMETRIC_REPRESENTATION_CONTEXT() REPRESENTATION_CONTEXT('2D SPACE',''
  ) );
#6695 = PCURVE('',#6516,#6696);
#6696 = DEFINITIONAL_REPRESENTATION('',(#6697),#6700);
#6697 = B_SPLINE_CURVE_WITH_KNOTS('',1,(#6698,#6699),.UNSPECIFIED.,.F.,
  .F.,(2,2),(-3.5,3.5),.PIECEWISE_BEZIER_KNOTS.);
#6698 = CARTESIAN_POINT('',(0.836561795799,3.398553274823));
#6699 = CARTESIAN_POINT('',(-0.836561795799,-3.398553274823));
#6700 = ( GEOMETRIC_REPRESENTATION_CONTEXT(2) 
PARAMETRIC_REPRESENTATION_CONTEXT() REPRESENTATION_CONTEXT('2D SPACE',''
  ) );
#6701 = ADVANCED_FACE('',(#6702),#6516,.F.);
#6702 = FACE_BOUND('',#6703,.F.);
#6703 = EDGE_LOOP('',(#6704,#6705,#6706));
#6704 = ORIENTED_EDGE('',*,*,#6499,.T.);
#6705 = ORIENTED_EDGE('',*,*,#6656,.T.);
#6706 = ORIENTED_EDGE('',*,*,#6683,.T.);
#6707 = ADVANCED_FACE('',(#6708),#6574,.T.);
#6708 = FACE_BOUND('',#6709,.T.);
#6709 = EDGE_LOOP('',(#6710,#6741,#6764,#6791,#6792,#6793,#6815,#6816,
    #6840,#6879));
#6710 = ORIENTED_EDGE('',*,*,#6711,.F.);
#6711 = EDGE_CURVE('',#6712,#6714,#6716,.T.);
#6712 = VERTEX_POINT('',#6713);
#6713 = CARTESIAN_POINT('',(-0.741963502823,-73.15,3.828420451748E+03));
#6714 = VERTEX_POINT('',#6715);
#6715 = CARTESIAN_POINT('',(0.730055817463,-73.34468155132,
    3.821582527601E+03));
#6716 = SURFACE_CURVE('',#6717,(#6722,#6729),.PCURVE_S1.);
#6717 = CIRCLE('',#6718,3.5);
#6718 = AXIS2_PLACEMENT_3D('',#6719,#6720,#6721);
#6719 = CARTESIAN_POINT('',(0.,-73.15,3.825E+03));
#6720 = DIRECTION('',(0.975714125117,-5.644044107693E-02,0.211651654039)
  );
#6721 = DIRECTION('',(-0.211989572235,1.734723475977E-18,0.977271928003)
  );
#6722 = PCURVE('',#6574,#6723);
#6723 = DEFINITIONAL_REPRESENTATION('',(#6724),#6728);
#6724 = LINE('',#6725,#6726);
#6725 = CARTESIAN_POINT('',(0.,70.87116832676));
#6726 = VECTOR('',#6727,1.);
#6727 = DIRECTION('',(1.,0.));
#6728 = ( GEOMETRIC_REPRESENTATION_CONTEXT(2) 
PARAMETRIC_REPRESENTATION_CONTEXT() REPRESENTATION_CONTEXT('2D SPACE',''
  ) );
#6729 = PCURVE('',#6730,#6735);
#6730 = PLANE('',#6731);
#6731 = AXIS2_PLACEMENT_3D('',#6732,#6733,#6734);
#6732 = CARTESIAN_POINT('',(0.,-73.15,3.825E+03));
#6733 = DIRECTION('',(0.975714125117,-5.644044107693E-02,0.211651654039)
  );
#6734 = DIRECTION('',(-0.211989572235,1.734723475977E-18,0.977271928003)
  );
#6735 = DEFINITIONAL_REPRESENTATION('',(#6736),#6740);
#6736 = CIRCLE('',#6737,3.5);
#6737 = AXIS2_PLACEMENT_2D('',#6738,#6739);
#6738 = CARTESIAN_POINT('',(0.,0.));
#6739 = DIRECTION('',(1.,0.));
#6740 = ( GEOMETRIC_REPRESENTATION_CONTEXT(2) 
PARAMETRIC_REPRESENTATION_CONTEXT() REPRESENTATION_CONTEXT('2D SPACE',''
  ) );
#6741 = ORIENTED_EDGE('',*,*,#6742,.F.);
#6742 = EDGE_CURVE('',#6743,#6712,#6745,.T.);
#6743 = VERTEX_POINT('',#6744);
#6744 = CARTESIAN_POINT('',(-69.89196350282,-69.15,3.813420451748E+03));
#6745 = SEAM_CURVE('',#6746,(#6750,#6757),.PCURVE_S1.);
#6746 = LINE('',#6747,#6748);
#6747 = CARTESIAN_POINT('',(-69.89196350282,-69.15,3.813420451748E+03));
#6748 = VECTOR('',#6749,1.);
#6749 = DIRECTION('',(0.975714125117,-5.644044107693E-02,0.211651654039)
  );
#6750 = PCURVE('',#6574,#6751);
#6751 = DEFINITIONAL_REPRESENTATION('',(#6752),#6756);
#6752 = LINE('',#6753,#6754);
#6753 = CARTESIAN_POINT('',(6.28318530718,-0.));
#6754 = VECTOR('',#6755,1.);
#6755 = DIRECTION('',(0.,1.));
#6756 = ( GEOMETRIC_REPRESENTATION_CONTEXT(2) 
PARAMETRIC_REPRESENTATION_CONTEXT() REPRESENTATION_CONTEXT('2D SPACE',''
  ) );
#6757 = PCURVE('',#6574,#6758);
#6758 = DEFINITIONAL_REPRESENTATION('',(#6759),#6763);
#6759 = LINE('',#6760,#6761);
#6760 = CARTESIAN_POINT('',(0.,-0.));
#6761 = VECTOR('',#6762,1.);
#6762 = DIRECTION('',(0.,1.));
#6763 = ( GEOMETRIC_REPRESENTATION_CONTEXT(2) 
PARAMETRIC_REPRESENTATION_CONTEXT() REPRESENTATION_CONTEXT('2D SPACE',''
  ) );
#6764 = ORIENTED_EDGE('',*,*,#6765,.T.);
#6765 = EDGE_CURVE('',#6743,#6552,#6766,.T.);
#6766 = SURFACE_CURVE('',#6767,(#6772,#6779),.PCURVE_S1.);
#6767 = CIRCLE('',#6768,3.5);
#6768 = AXIS2_PLACEMENT_3D('',#6769,#6770,#6771);
#6769 = CARTESIAN_POINT('',(-69.15,-69.15,3.81E+03));
#6770 = DIRECTION('',(0.975714125117,-5.644044107693E-02,0.211651654039)
  );
#6771 = DIRECTION('',(-0.211989572235,1.734723475977E-18,0.977271928003)
  );
#6772 = PCURVE('',#6574,#6773);
#6773 = DEFINITIONAL_REPRESENTATION('',(#6774),#6778);
#6774 = LINE('',#6775,#6776);
#6775 = CARTESIAN_POINT('',(0.,0.));
#6776 = VECTOR('',#6777,1.);
#6777 = DIRECTION('',(1.,0.));
#6778 = ( GEOMETRIC_REPRESENTATION_CONTEXT(2) 
PARAMETRIC_REPRESENTATION_CONTEXT() REPRESENTATION_CONTEXT('2D SPACE',''
  ) );
#6779 = PCURVE('',#6780,#6785);
#6780 = PLANE('',#6781);
#6781 = AXIS2_PLACEMENT_3D('',#6782,#6783,#6784);
#6782 = CARTESIAN_POINT('',(-69.15,-69.15,3.81E+03));
#6783 = DIRECTION('',(0.975714125117,-5.644044107693E-02,0.211651654039)
  );
#6784 = DIRECTION('',(-0.211989572235,1.734723475977E-18,0.977271928003)
  );
#6785 = DEFINITIONAL_REPRESENTATION('',(#6786),#6790);
#6786 = CIRCLE('',#6787,3.5);
#6787 = AXIS2_PLACEMENT_2D('',#6788,#6789);
#6788 = CARTESIAN_POINT('',(0.,0.));
#6789 = DIRECTION('',(1.,0.));
#6790 = ( GEOMETRIC_REPRESENTATION_CONTEXT(2) 
PARAMETRIC_REPRESENTATION_CONTEXT() REPRESENTATION_CONTEXT('2D SPACE',''
  ) );
#6791 = ORIENTED_EDGE('',*,*,#6551,.T.);
#6792 = ORIENTED_EDGE('',*,*,#6621,.T.);
#6793 = ORIENTED_EDGE('',*,*,#6794,.T.);
#6794 = EDGE_CURVE('',#6593,#6743,#6795,.T.);
#6795 = SURFACE_CURVE('',#6796,(#6801,#6808),.PCURVE_S1.);
#6796 = CIRCLE('',#6797,3.5);
#6797 = AXIS2_PLACEMENT_3D('',#6798,#6799,#6800);
#6798 = CARTESIAN_POINT('',(-69.15,-69.15,3.81E+03));
#6799 = DIRECTION('',(0.975714125117,-5.644044107693E-02,0.211651654039)
  );
#6800 = DIRECTION('',(-0.211989572235,1.734723475977E-18,0.977271928003)
  );
#6801 = PCURVE('',#6574,#6802);
#6802 = DEFINITIONAL_REPRESENTATION('',(#6803),#6807);
#6803 = LINE('',#6804,#6805);
#6804 = CARTESIAN_POINT('',(0.,0.));
#6805 = VECTOR('',#6806,1.);
#6806 = DIRECTION('',(1.,0.));
#6807 = ( GEOMETRIC_REPRESENTATION_CONTEXT(2) 
PARAMETRIC_REPRESENTATION_CONTEXT() REPRESENTATION_CONTEXT('2D SPACE',''
  ) );
#6808 = PCURVE('',#6780,#6809);
#6809 = DEFINITIONAL_REPRESENTATION('',(#6810),#6814);
#6810 = CIRCLE('',#6811,3.5);
#6811 = AXIS2_PLACEMENT_2D('',#6812,#6813);
#6812 = CARTESIAN_POINT('',(0.,0.));
#6813 = DIRECTION('',(1.,0.));
#6814 = ( GEOMETRIC_REPRESENTATION_CONTEXT(2) 
PARAMETRIC_REPRESENTATION_CONTEXT() REPRESENTATION_CONTEXT('2D SPACE',''
  ) );
#6815 = ORIENTED_EDGE('',*,*,#6742,.T.);
#6816 = ORIENTED_EDGE('',*,*,#6817,.F.);
#6817 = EDGE_CURVE('',#6818,#6712,#6820,.T.);
#6818 = VERTEX_POINT('',#6819);
#6819 = CARTESIAN_POINT('',(-0.730055817463,-72.95531844867,
    3.828417472399E+03));
#6820 = SURFACE_CURVE('',#6821,(#6826,#6833),.PCURVE_S1.);
#6821 = CIRCLE('',#6822,3.5);
#6822 = AXIS2_PLACEMENT_3D('',#6823,#6824,#6825);
#6823 = CARTESIAN_POINT('',(0.,-73.15,3.825E+03));
#6824 = DIRECTION('',(0.975714125117,-5.644044107693E-02,0.211651654039)
  );
#6825 = DIRECTION('',(-0.211989572235,1.734723475977E-18,0.977271928003)
  );
#6826 = PCURVE('',#6574,#6827);
#6827 = DEFINITIONAL_REPRESENTATION('',(#6828),#6832);
#6828 = LINE('',#6829,#6830);
#6829 = CARTESIAN_POINT('',(0.,70.87116832676));
#6830 = VECTOR('',#6831,1.);
#6831 = DIRECTION('',(1.,0.));
#6832 = ( GEOMETRIC_REPRESENTATION_CONTEXT(2) 
PARAMETRIC_REPRESENTATION_CONTEXT() REPRESENTATION_CONTEXT('2D SPACE',''
  ) );
#6833 = PCURVE('',#6730,#6834);
#6834 = DEFINITIONAL_REPRESENTATION('',(#6835),#6839);
#6835 = CIRCLE('',#6836,3.5);
#6836 = AXIS2_PLACEMENT_2D('',#6837,#6838);
#6837 = CARTESIAN_POINT('',(0.,0.));
#6838 = DIRECTION('',(1.,0.));
#6839 = ( GEOMETRIC_REPRESENTATION_CONTEXT(2) 
PARAMETRIC_REPRESENTATION_CONTEXT() REPRESENTATION_CONTEXT('2D SPACE',''
  ) );
#6840 = ORIENTED_EDGE('',*,*,#6841,.F.);
#6841 = EDGE_CURVE('',#6842,#6818,#6844,.T.);
#6842 = VERTEX_POINT('',#6843);
#6843 = CARTESIAN_POINT('',(-0.50071446312,-69.62533491562,
    3.82511996875E+03));
#6844 = SURFACE_CURVE('',#6845,(#6850,#6862),.PCURVE_S1.);
#6845 = ELLIPSE('',#6846,3.562962711121,3.5);
#6846 = AXIS2_PLACEMENT_3D('',#6847,#6848,#6849);
#6847 = CARTESIAN_POINT('',(0.,-73.15,3.825E+03));
#6848 = DIRECTION('',(0.970989862092,0.131133047069,0.199957024587));
#6849 = DIRECTION('',(0.116918750055,-0.989803097803,8.136235901316E-02)
  );
#6850 = PCURVE('',#6574,#6851);
#6851 = DEFINITIONAL_REPRESENTATION('',(#6852),#6861);
#6852 = B_SPLINE_CURVE_WITH_KNOTS('',7,(#6853,#6854,#6855,#6856,#6857,
    #6858,#6859,#6860),.UNSPECIFIED.,.F.,.F.,(8,8),(3.261202273744,
    4.712389150692),.PIECEWISE_BEZIER_KNOTS.);
#6853 = CARTESIAN_POINT('',(4.776257632707,70.209072085545));
#6854 = CARTESIAN_POINT('',(4.983570043699,70.225568537628));
#6855 = CARTESIAN_POINT('',(5.190882454694,70.275263837102));
#6856 = CARTESIAN_POINT('',(5.398194865682,70.356997114439));
#6857 = CARTESIAN_POINT('',(5.605507276679,70.466126168583));
#6858 = CARTESIAN_POINT('',(5.812819687669,70.594671711238));
#6859 = CARTESIAN_POINT('',(6.020132098662,70.732919927197));
#6860 = CARTESIAN_POINT('',(6.227444509655,70.871168440332));
#6861 = ( GEOMETRIC_REPRESENTATION_CONTEXT(2) 
PARAMETRIC_REPRESENTATION_CONTEXT() REPRESENTATION_CONTEXT('2D SPACE',''
  ) );
#6862 = PCURVE('',#6863,#6868);
#6863 = CYLINDRICAL_SURFACE('',#6864,3.5);
#6864 = AXIS2_PLACEMENT_3D('',#6865,#6866,#6867);
#6865 = CARTESIAN_POINT('',(0.,-73.15,3.825E+03));
#6866 = DIRECTION('',(0.931948004892,0.314071913509,0.181195334717));
#6867 = DIRECTION('',(-0.319358209543,0.947634071779,0.));
#6868 = DEFINITIONAL_REPRESENTATION('',(#6869),#6878);
#6869 = B_SPLINE_CURVE_WITH_KNOTS('',7,(#6870,#6871,#6872,#6873,#6874,
    #6875,#6876,#6877),.UNSPECIFIED.,.F.,.F.,(8,8),(3.261202273744,
    4.712389150692),.PIECEWISE_BEZIER_KNOTS.);
#6870 = CARTESIAN_POINT('',(5.327040396099E-12,0.662096241215));
#6871 = CARTESIAN_POINT('',(0.207312410998,0.645599789133));
#6872 = CARTESIAN_POINT('',(0.41462482199,0.595904489658));
#6873 = CARTESIAN_POINT('',(0.621937232984,0.514171212345));
#6874 = CARTESIAN_POINT('',(0.829249643975,0.405042158196));
#6875 = CARTESIAN_POINT('',(1.036562054968,0.276496615531));
#6876 = CARTESIAN_POINT('',(1.243874465961,0.138248399564));
#6877 = CARTESIAN_POINT('',(1.451186876953,-1.135711045208E-07));
#6878 = ( GEOMETRIC_REPRESENTATION_CONTEXT(2) 
PARAMETRIC_REPRESENTATION_CONTEXT() REPRESENTATION_CONTEXT('2D SPACE',''
  ) );
#6879 = ORIENTED_EDGE('',*,*,#6880,.F.);
#6880 = EDGE_CURVE('',#6714,#6842,#6881,.T.);
#6881 = SURFACE_CURVE('',#6882,(#6887,#6899),.PCURVE_S1.);
#6882 = ELLIPSE('',#6883,3.562962711121,3.5);
#6883 = AXIS2_PLACEMENT_3D('',#6884,#6885,#6886);
#6884 = CARTESIAN_POINT('',(0.,-73.15,3.825E+03));
#6885 = DIRECTION('',(0.970989862092,0.131133047069,0.199957024587));
#6886 = DIRECTION('',(0.116918750055,-0.989803097803,8.136235901316E-02)
  );
#6887 = PCURVE('',#6574,#6888);
#6888 = DEFINITIONAL_REPRESENTATION('',(#6889),#6898);
#6889 = B_SPLINE_CURVE_WITH_KNOTS('',7,(#6890,#6891,#6892,#6893,#6894,
    #6895,#6896,#6897),.UNSPECIFIED.,.F.,.F.,(8,8),(1.570795305558,
    3.261202273744),.PIECEWISE_BEZIER_KNOTS.);
#6890 = CARTESIAN_POINT('',(3.085850664521,70.871169007783));
#6891 = CARTESIAN_POINT('',(3.327337374262,70.710130995618));
#6892 = CARTESIAN_POINT('',(3.568824084003,70.549094092463));
#6893 = CARTESIAN_POINT('',(3.810310793743,70.403387838742));
#6894 = CARTESIAN_POINT('',(4.051797503484,70.288385548782));
#6895 = CARTESIAN_POINT('',(4.293284213225,70.215687588046));
#6896 = CARTESIAN_POINT('',(4.534770922966,70.189856285021));
#6897 = CARTESIAN_POINT('',(4.776257632707,70.209072085545));
#6898 = ( GEOMETRIC_REPRESENTATION_CONTEXT(2) 
PARAMETRIC_REPRESENTATION_CONTEXT() REPRESENTATION_CONTEXT('2D SPACE',''
  ) );
#6899 = PCURVE('',#6863,#6900);
#6900 = DEFINITIONAL_REPRESENTATION('',(#6901),#6910);
#6901 = B_SPLINE_CURVE_WITH_KNOTS('',7,(#6902,#6903,#6904,#6905,#6906,
    #6907,#6908,#6909),.UNSPECIFIED.,.F.,.F.,(8,8),(1.570795305558,
    3.261202273744),.PIECEWISE_BEZIER_KNOTS.);
#6902 = CARTESIAN_POINT('',(4.592778338999,-6.810229251641E-07));
#6903 = CARTESIAN_POINT('',(4.83426504874,0.161037331142));
#6904 = CARTESIAN_POINT('',(5.075751758481,0.322074234285));
#6905 = CARTESIAN_POINT('',(5.31723846822,0.467780488039));
#6906 = CARTESIAN_POINT('',(5.558725177964,0.582782777963));
#6907 = CARTESIAN_POINT('',(5.800211887702,0.655480738721));
#6908 = CARTESIAN_POINT('',(6.041698597444,0.681312041739));
#6909 = CARTESIAN_POINT('',(6.283185307185,0.662096241215));
#6910 = ( GEOMETRIC_REPRESENTATION_CONTEXT(2) 
PARAMETRIC_REPRESENTATION_CONTEXT() REPRESENTATION_CONTEXT('2D SPACE',''
  ) );
#6911 = ADVANCED_FACE('',(#6912),#6609,.T.);
#6912 = FACE_BOUND('',#6913,.T.);
#6913 = EDGE_LOOP('',(#6914,#6933));
#6914 = ORIENTED_EDGE('',*,*,#6915,.T.);
#6915 = EDGE_CURVE('',#6552,#6593,#6916,.T.);
#6916 = SURFACE_CURVE('',#6917,(#6921,#6927),.PCURVE_S1.);
#6917 = LINE('',#6918,#6919);
#6918 = CARTESIAN_POINT('',(-69.15,-69.15,3.81E+03));
#6919 = VECTOR('',#6920,1.);
#6920 = DIRECTION('',(5.774872882884E-02,0.998331149629,-0.));
#6921 = PCURVE('',#6609,#6922);
#6922 = DEFINITIONAL_REPRESENTATION('',(#6923),#6926);
#6923 = B_SPLINE_CURVE_WITH_KNOTS('',1,(#6924,#6925),.UNSPECIFIED.,.F.,
  .F.,(2,2),(-3.500262301469,3.500262301469),.PIECEWISE_BEZIER_KNOTS.);
#6924 = CARTESIAN_POINT('',(-0.202135698477,-3.494420887427));
#6925 = CARTESIAN_POINT('',(0.202135698477,3.494420887427));
#6926 = ( GEOMETRIC_REPRESENTATION_CONTEXT(2) 
PARAMETRIC_REPRESENTATION_CONTEXT() REPRESENTATION_CONTEXT('2D SPACE',''
  ) );
#6927 = PCURVE('',#6780,#6928);
#6928 = DEFINITIONAL_REPRESENTATION('',(#6929),#6932);
#6929 = B_SPLINE_CURVE_WITH_KNOTS('',1,(#6930,#6931),.UNSPECIFIED.,.F.,
  .F.,(2,2),(-3.500262301469,3.500262301469),.PIECEWISE_BEZIER_KNOTS.);
#6930 = CARTESIAN_POINT('',(4.285066025364E-02,3.5));
#6931 = CARTESIAN_POINT('',(-4.285066025364E-02,-3.5));
#6932 = ( GEOMETRIC_REPRESENTATION_CONTEXT(2) 
PARAMETRIC_REPRESENTATION_CONTEXT() REPRESENTATION_CONTEXT('2D SPACE',''
  ) );
#6933 = ORIENTED_EDGE('',*,*,#6592,.T.);
#6934 = ADVANCED_FACE('',(#6935),#6730,.T.);
#6935 = FACE_BOUND('',#6936,.T.);
#6936 = EDGE_LOOP('',(#6937,#6938,#6939));
#6937 = ORIENTED_EDGE('',*,*,#6817,.T.);
#6938 = ORIENTED_EDGE('',*,*,#6711,.T.);
#6939 = ORIENTED_EDGE('',*,*,#6940,.T.);
#6940 = EDGE_CURVE('',#6714,#6818,#6941,.T.);
#6941 = SURFACE_CURVE('',#6942,(#6946,#6952),.PCURVE_S1.);
#6942 = LINE('',#6943,#6944);
#6943 = CARTESIAN_POINT('',(0.,-73.15,3.825E+03));
#6944 = VECTOR('',#6945,1.);
#6945 = DIRECTION('',(-0.208587376418,5.562330037816E-02,0.976420685388)
  );
#6946 = PCURVE('',#6730,#6947);
#6947 = DEFINITIONAL_REPRESENTATION('',(#6948),#6951);
#6948 = B_SPLINE_CURVE_WITH_KNOTS('',1,(#6949,#6950),.UNSPECIFIED.,.F.,
  .F.,(2,2),(-3.505444395246,3.505444395246),.PIECEWISE_BEZIER_KNOTS.);
#6949 = CARTESIAN_POINT('',(-3.5,0.195295694174));
#6950 = CARTESIAN_POINT('',(3.5,-0.195295694174));
#6951 = ( GEOMETRIC_REPRESENTATION_CONTEXT(2) 
PARAMETRIC_REPRESENTATION_CONTEXT() REPRESENTATION_CONTEXT('2D SPACE',''
  ) );
#6952 = PCURVE('',#6953,#6958);
#6953 = PLANE('',#6954);
#6954 = AXIS2_PLACEMENT_3D('',#6955,#6956,#6957);
#6955 = CARTESIAN_POINT('',(0.,-73.15,3.825E+03));
#6956 = DIRECTION('',(0.931948004892,0.314071913509,0.181195334717));
#6957 = DIRECTION('',(-0.319358209543,0.947634071779,0.));
#6958 = DEFINITIONAL_REPRESENTATION('',(#6959),#6962);
#6959 = B_SPLINE_CURVE_WITH_KNOTS('',1,(#6960,#6961),.UNSPECIFIED.,.F.,
  .F.,(2,2),(-3.505444395246,3.505444395246),.PIECEWISE_BEZIER_KNOTS.);
#6960 = CARTESIAN_POINT('',(-0.418285840338,-3.480399023666));
#6961 = CARTESIAN_POINT('',(0.418285840338,3.480399023666));
#6962 = ( GEOMETRIC_REPRESENTATION_CONTEXT(2) 
PARAMETRIC_REPRESENTATION_CONTEXT() REPRESENTATION_CONTEXT('2D SPACE',''
  ) );
#6963 = ADVANCED_FACE('',(#6964),#6863,.T.);
#6964 = FACE_BOUND('',#6965,.T.);
#6965 = EDGE_LOOP('',(#6966,#6967,#6990,#7019,#7060,#7082,#7083,#7084));
#6966 = ORIENTED_EDGE('',*,*,#6880,.T.);
#6967 = ORIENTED_EDGE('',*,*,#6968,.T.);
#6968 = EDGE_CURVE('',#6842,#6969,#6971,.T.);
#6969 = VERTEX_POINT('',#6970);
#6970 = CARTESIAN_POINT('',(76.032246266598,-43.83328074877,3.84E+03));
#6971 = SEAM_CURVE('',#6972,(#6976,#6983),.PCURVE_S1.);
#6972 = LINE('',#6973,#6974);
#6973 = CARTESIAN_POINT('',(-1.117753733402,-69.83328074877,3.825E+03));
#6974 = VECTOR('',#6975,1.);
#6975 = DIRECTION('',(0.931948004892,0.314071913509,0.181195334717));
#6976 = PCURVE('',#6863,#6977);
#6977 = DEFINITIONAL_REPRESENTATION('',(#6978),#6982);
#6978 = LINE('',#6979,#6980);
#6979 = CARTESIAN_POINT('',(0.,-0.));
#6980 = VECTOR('',#6981,1.);
#6981 = DIRECTION('',(0.,1.));
#6982 = ( GEOMETRIC_REPRESENTATION_CONTEXT(2) 
PARAMETRIC_REPRESENTATION_CONTEXT() REPRESENTATION_CONTEXT('2D SPACE',''
  ) );
#6983 = PCURVE('',#6863,#6984);
#6984 = DEFINITIONAL_REPRESENTATION('',(#6985),#6989);
#6985 = LINE('',#6986,#6987);
#6986 = CARTESIAN_POINT('',(6.28318530718,-0.));
#6987 = VECTOR('',#6988,1.);
#6988 = DIRECTION('',(0.,1.));
#6989 = ( GEOMETRIC_REPRESENTATION_CONTEXT(2) 
PARAMETRIC_REPRESENTATION_CONTEXT() REPRESENTATION_CONTEXT('2D SPACE',''
  ) );
#6990 = ORIENTED_EDGE('',*,*,#6991,.F.);
#6991 = EDGE_CURVE('',#6992,#6969,#6994,.T.);
#6992 = VERTEX_POINT('',#6993);
#6993 = CARTESIAN_POINT('',(77.097137801174,-45.28480208843,
    3.837038878196E+03));
#6994 = SURFACE_CURVE('',#6995,(#7000,#7007),.PCURVE_S1.);
#6995 = CIRCLE('',#6996,3.5);
#6996 = AXIS2_PLACEMENT_3D('',#6997,#6998,#6999);
#6997 = CARTESIAN_POINT('',(77.15,-47.15,3.84E+03));
#6998 = DIRECTION('',(0.931948004892,0.314071913509,0.181195334717));
#6999 = DIRECTION('',(-0.319358209543,0.947634071779,0.));
#7000 = PCURVE('',#6863,#7001);
#7001 = DEFINITIONAL_REPRESENTATION('',(#7002),#7006);
#7002 = LINE('',#7003,#7004);
#7003 = CARTESIAN_POINT('',(0.,82.783588349382));
#7004 = VECTOR('',#7005,1.);
#7005 = DIRECTION('',(1.,0.));
#7006 = ( GEOMETRIC_REPRESENTATION_CONTEXT(2) 
PARAMETRIC_REPRESENTATION_CONTEXT() REPRESENTATION_CONTEXT('2D SPACE',''
  ) );
#7007 = PCURVE('',#7008,#7013);
#7008 = PLANE('',#7009);
#7009 = AXIS2_PLACEMENT_3D('',#7010,#7011,#7012);
#7010 = CARTESIAN_POINT('',(77.15,-47.15,3.84E+03));
#7011 = DIRECTION('',(0.931948004892,0.314071913509,0.181195334717));
#7012 = DIRECTION('',(-0.319358209543,0.947634071779,0.));
#7013 = DEFINITIONAL_REPRESENTATION('',(#7014),#7018);
#7014 = CIRCLE('',#7015,3.5);
#7015 = AXIS2_PLACEMENT_2D('',#7016,#7017);
#7016 = CARTESIAN_POINT('',(0.,0.));
#7017 = DIRECTION('',(1.,0.));
#7018 = ( GEOMETRIC_REPRESENTATION_CONTEXT(2) 
PARAMETRIC_REPRESENTATION_CONTEXT() REPRESENTATION_CONTEXT('2D SPACE',''
  ) );
#7019 = ORIENTED_EDGE('',*,*,#7020,.F.);
#7020 = EDGE_CURVE('',#7021,#6992,#7023,.T.);
#7021 = VERTEX_POINT('',#7022);
#7022 = CARTESIAN_POINT('',(77.202862198826,-49.01519791156,
    3.842961121804E+03));
#7023 = SURFACE_CURVE('',#7024,(#7029,#7042),.PCURVE_S1.);
#7024 = ELLIPSE('',#7025,3.533766244375,3.5);
#7025 = AXIS2_PLACEMENT_3D('',#7026,#7027,#7028);
#7026 = CARTESIAN_POINT('',(77.15,-47.15,3.84E+03));
#7027 = DIRECTION('',(0.97300480761,0.202711252291,0.110316782773));
#7028 = DIRECTION('',(-0.230290097695,0.821529761026,0.521589227891));
#7029 = PCURVE('',#6863,#7030);
#7030 = DEFINITIONAL_REPRESENTATION('',(#7031),#7041);
#7031 = B_SPLINE_CURVE_WITH_KNOTS('',8,(#7032,#7033,#7034,#7035,#7036,
    #7037,#7038,#7039,#7040),.UNSPECIFIED.,.F.,.F.,(9,9),(1.570795711207
    ,4.712388980385),.PIECEWISE_BEZIER_KNOTS.);
#7032 = CARTESIAN_POINT('',(2.105783565801,82.783588649385));
#7033 = CARTESIAN_POINT('',(2.498482724449,82.592209193278));
#7034 = CARTESIAN_POINT('',(2.89118188309,82.400828158301));
#7035 = CARTESIAN_POINT('',(3.283881041742,82.254435829993));
#7036 = CARTESIAN_POINT('',(3.676580200368,82.197899369581));
#7037 = CARTESIAN_POINT('',(4.069279359048,82.254435688548));
#7038 = CARTESIAN_POINT('',(4.461978517678,82.400827911246));
#7039 = CARTESIAN_POINT('',(4.854677676332,82.592208893275));
#7040 = CARTESIAN_POINT('',(5.247376834979,82.783588349383));
#7041 = ( GEOMETRIC_REPRESENTATION_CONTEXT(2) 
PARAMETRIC_REPRESENTATION_CONTEXT() REPRESENTATION_CONTEXT('2D SPACE',''
  ) );
#7042 = PCURVE('',#7043,#7048);
#7043 = CYLINDRICAL_SURFACE('',#7044,3.5);
#7044 = AXIS2_PLACEMENT_3D('',#7045,#7046,#7047);
#7045 = CARTESIAN_POINT('',(77.15,-47.15,3.84E+03));
#7046 = DIRECTION('',(0.995466878341,8.747665193421E-02,
    3.733000793778E-02));
#7047 = DIRECTION('',(-8.753766635786E-02,0.996161210331,0.));
#7048 = DEFINITIONAL_REPRESENTATION('',(#7049),#7059);
#7049 = B_SPLINE_CURVE_WITH_KNOTS('',8,(#7050,#7051,#7052,#7053,#7054,
    #7055,#7056,#7057,#7058),.UNSPECIFIED.,.F.,.F.,(9,9),(1.570795711207
    ,4.712388980385),.PIECEWISE_BEZIER_KNOTS.);
#7050 = CARTESIAN_POINT('',(2.131981003282,-3.000029948907E-07));
#7051 = CARTESIAN_POINT('',(2.52468016193,0.191379156105));
#7052 = CARTESIAN_POINT('',(2.91737932057,0.38276019106));
#7053 = CARTESIAN_POINT('',(3.310078479246,0.529152519196));
#7054 = CARTESIAN_POINT('',(3.702777637838,0.585688979649));
#7055 = CARTESIAN_POINT('',(4.095476796536,0.529152660632));
#7056 = CARTESIAN_POINT('',(4.488175955157,0.382760438181));
#7057 = CARTESIAN_POINT('',(4.880875113813,0.191379456108));
#7058 = CARTESIAN_POINT('',(5.27357427246,0.));
#7059 = ( GEOMETRIC_REPRESENTATION_CONTEXT(2) 
PARAMETRIC_REPRESENTATION_CONTEXT() REPRESENTATION_CONTEXT('2D SPACE',''
  ) );
#7060 = ORIENTED_EDGE('',*,*,#7061,.F.);
#7061 = EDGE_CURVE('',#6969,#7021,#7062,.T.);
#7062 = SURFACE_CURVE('',#7063,(#7068,#7075),.PCURVE_S1.);
#7063 = CIRCLE('',#7064,3.5);
#7064 = AXIS2_PLACEMENT_3D('',#7065,#7066,#7067);
#7065 = CARTESIAN_POINT('',(77.15,-47.15,3.84E+03));
#7066 = DIRECTION('',(0.931948004892,0.314071913509,0.181195334717));
#7067 = DIRECTION('',(-0.319358209543,0.947634071779,0.));
#7068 = PCURVE('',#6863,#7069);
#7069 = DEFINITIONAL_REPRESENTATION('',(#7070),#7074);
#7070 = LINE('',#7071,#7072);
#7071 = CARTESIAN_POINT('',(0.,82.783588349382));
#7072 = VECTOR('',#7073,1.);
#7073 = DIRECTION('',(1.,0.));
#7074 = ( GEOMETRIC_REPRESENTATION_CONTEXT(2) 
PARAMETRIC_REPRESENTATION_CONTEXT() REPRESENTATION_CONTEXT('2D SPACE',''
  ) );
#7075 = PCURVE('',#7008,#7076);
#7076 = DEFINITIONAL_REPRESENTATION('',(#7077),#7081);
#7077 = CIRCLE('',#7078,3.5);
#7078 = AXIS2_PLACEMENT_2D('',#7079,#7080);
#7079 = CARTESIAN_POINT('',(0.,0.));
#7080 = DIRECTION('',(1.,0.));
#7081 = ( GEOMETRIC_REPRESENTATION_CONTEXT(2) 
PARAMETRIC_REPRESENTATION_CONTEXT() REPRESENTATION_CONTEXT('2D SPACE',''
  ) );
#7082 = ORIENTED_EDGE('',*,*,#6968,.F.);
#7083 = ORIENTED_EDGE('',*,*,#6841,.T.);
#7084 = ORIENTED_EDGE('',*,*,#7085,.T.);
#7085 = EDGE_CURVE('',#6818,#6714,#7086,.T.);
#7086 = SURFACE_CURVE('',#7087,(#7092,#7099),.PCURVE_S1.);
#7087 = CIRCLE('',#7088,3.5);
#7088 = AXIS2_PLACEMENT_3D('',#7089,#7090,#7091);
#7089 = CARTESIAN_POINT('',(0.,-73.15,3.825E+03));
#7090 = DIRECTION('',(0.931948004892,0.314071913509,0.181195334717));
#7091 = DIRECTION('',(-0.319358209543,0.947634071779,0.));
#7092 = PCURVE('',#6863,#7093);
#7093 = DEFINITIONAL_REPRESENTATION('',(#7094),#7098);
#7094 = LINE('',#7095,#7096);
#7095 = CARTESIAN_POINT('',(0.,0.));
#7096 = VECTOR('',#7097,1.);
#7097 = DIRECTION('',(1.,0.));
#7098 = ( GEOMETRIC_REPRESENTATION_CONTEXT(2) 
PARAMETRIC_REPRESENTATION_CONTEXT() REPRESENTATION_CONTEXT('2D SPACE',''
  ) );
#7099 = PCURVE('',#6953,#7100);
#7100 = DEFINITIONAL_REPRESENTATION('',(#7101),#7105);
#7101 = CIRCLE('',#7102,3.5);
#7102 = AXIS2_PLACEMENT_2D('',#7103,#7104);
#7103 = CARTESIAN_POINT('',(0.,0.));
#7104 = DIRECTION('',(1.,0.));
#7105 = ( GEOMETRIC_REPRESENTATION_CONTEXT(2) 
PARAMETRIC_REPRESENTATION_CONTEXT() REPRESENTATION_CONTEXT('2D SPACE',''
  ) );
#7106 = ADVANCED_FACE('',(#7107),#6780,.F.);
#7107 = FACE_BOUND('',#7108,.F.);
#7108 = EDGE_LOOP('',(#7109,#7110,#7111));
#7109 = ORIENTED_EDGE('',*,*,#6794,.T.);
#7110 = ORIENTED_EDGE('',*,*,#6765,.T.);
#7111 = ORIENTED_EDGE('',*,*,#6915,.T.);
#7112 = ADVANCED_FACE('',(#7113),#6953,.F.);
#7113 = FACE_BOUND('',#7114,.F.);
#7114 = EDGE_LOOP('',(#7115,#7116));
#7115 = ORIENTED_EDGE('',*,*,#6940,.T.);
#7116 = ORIENTED_EDGE('',*,*,#7085,.T.);
#7117 = ADVANCED_FACE('',(#7118),#7008,.T.);
#7118 = FACE_BOUND('',#7119,.T.);
#7119 = EDGE_LOOP('',(#7120,#7121,#7122));
#7120 = ORIENTED_EDGE('',*,*,#6991,.T.);
#7121 = ORIENTED_EDGE('',*,*,#7061,.T.);
#7122 = ORIENTED_EDGE('',*,*,#7123,.T.);
#7123 = EDGE_CURVE('',#7021,#6992,#7124,.T.);
#7124 = SURFACE_CURVE('',#7125,(#7129,#7135),.PCURVE_S1.);
#7125 = LINE('',#7126,#7127);
#7126 = CARTESIAN_POINT('',(77.15,-47.15,3.84E+03));
#7127 = VECTOR('',#7128,1.);
#7128 = DIRECTION('',(-1.510348537872E-02,0.532913689018,-0.846034801167
    ));
#7129 = PCURVE('',#7008,#7130);
#7130 = DEFINITIONAL_REPRESENTATION('',(#7131),#7134);
#7131 = B_SPLINE_CURVE_WITH_KNOTS('',1,(#7132,#7133),.UNSPECIFIED.,.F.,
  .F.,(2,2),(-4.068467323212,4.068467323212),.PIECEWISE_BEZIER_KNOTS.);
#7132 = CARTESIAN_POINT('',(-2.074229100182,3.5));
#7133 = CARTESIAN_POINT('',(2.074229100182,-3.5));
#7134 = ( GEOMETRIC_REPRESENTATION_CONTEXT(2) 
PARAMETRIC_REPRESENTATION_CONTEXT() REPRESENTATION_CONTEXT('2D SPACE',''
  ) );
#7135 = PCURVE('',#7136,#7141);
#7136 = PLANE('',#7137);
#7137 = AXIS2_PLACEMENT_3D('',#7138,#7139,#7140);
#7138 = CARTESIAN_POINT('',(77.15,-47.15,3.84E+03));
#7139 = DIRECTION('',(0.995466878341,8.747665193421E-02,
    3.733000793778E-02));
#7140 = DIRECTION('',(-8.753766635786E-02,0.996161210331,0.));
#7141 = DEFINITIONAL_REPRESENTATION('',(#7142),#7145);
#7142 = B_SPLINE_CURVE_WITH_KNOTS('',1,(#7143,#7144),.UNSPECIFIED.,.F.,
  .F.,(2,2),(-4.068467323212,4.068467323212),.PIECEWISE_BEZIER_KNOTS.);
#7143 = CARTESIAN_POINT('',(-2.16519790676,3.444465761857));
#7144 = CARTESIAN_POINT('',(2.16519790676,-3.444465761857));
#7145 = ( GEOMETRIC_REPRESENTATION_CONTEXT(2) 
PARAMETRIC_REPRESENTATION_CONTEXT() REPRESENTATION_CONTEXT('2D SPACE',''
  ) );
#7146 = ADVANCED_FACE('',(#7147),#7043,.T.);
#7147 = FACE_BOUND('',#7148,.T.);
#7148 = EDGE_LOOP('',(#7149,#7180,#7203,#7225,#7226,#7248,#7249,#7273));
#7149 = ORIENTED_EDGE('',*,*,#7150,.F.);
#7150 = EDGE_CURVE('',#7151,#7153,#7155,.T.);
#7151 = VERTEX_POINT('',#7152);
#7152 = CARTESIAN_POINT('',(476.84361816774,-8.513435763841,3.855E+03));
#7153 = VERTEX_POINT('',#7154);
#7154 = CARTESIAN_POINT('',(477.43452382413,-15.45209225162,
    3.855502100866E+03));
#7155 = SURFACE_CURVE('',#7156,(#7161,#7168),.PCURVE_S1.);
#7156 = CIRCLE('',#7157,3.5);
#7157 = AXIS2_PLACEMENT_3D('',#7158,#7159,#7160);
#7158 = CARTESIAN_POINT('',(477.15,-12.,3.855E+03));
#7159 = DIRECTION('',(0.995466878341,8.747665193421E-02,
    3.733000793778E-02));
#7160 = DIRECTION('',(-8.753766635786E-02,0.996161210331,0.));
#7161 = PCURVE('',#7043,#7162);
#7162 = DEFINITIONAL_REPRESENTATION('',(#7163),#7167);
#7163 = LINE('',#7164,#7165);
#7164 = CARTESIAN_POINT('',(0.,401.8215057709));
#7165 = VECTOR('',#7166,1.);
#7166 = DIRECTION('',(1.,0.));
#7167 = ( GEOMETRIC_REPRESENTATION_CONTEXT(2) 
PARAMETRIC_REPRESENTATION_CONTEXT() REPRESENTATION_CONTEXT('2D SPACE',''
  ) );
#7168 = PCURVE('',#7169,#7174);
#7169 = PLANE('',#7170);
#7170 = AXIS2_PLACEMENT_3D('',#7171,#7172,#7173);
#7171 = CARTESIAN_POINT('',(477.15,-12.,3.855E+03));
#7172 = DIRECTION('',(0.995466878341,8.747665193421E-02,
    3.733000793778E-02));
#7173 = DIRECTION('',(-8.753766635786E-02,0.996161210331,0.));
#7174 = DEFINITIONAL_REPRESENTATION('',(#7175),#7179);
#7175 = CIRCLE('',#7176,3.5);
#7176 = AXIS2_PLACEMENT_2D('',#7177,#7178);
#7177 = CARTESIAN_POINT('',(0.,0.));
#7178 = DIRECTION('',(1.,0.));
#7179 = ( GEOMETRIC_REPRESENTATION_CONTEXT(2) 
PARAMETRIC_REPRESENTATION_CONTEXT() REPRESENTATION_CONTEXT('2D SPACE',''
  ) );
#7180 = ORIENTED_EDGE('',*,*,#7181,.F.);
#7181 = EDGE_CURVE('',#7182,#7151,#7184,.T.);
#7182 = VERTEX_POINT('',#7183);
#7183 = CARTESIAN_POINT('',(76.843618167748,-43.66343576384,3.84E+03));
#7184 = SEAM_CURVE('',#7185,(#7189,#7196),.PCURVE_S1.);
#7185 = LINE('',#7186,#7187);
#7186 = CARTESIAN_POINT('',(76.843618167748,-43.66343576384,3.84E+03));
#7187 = VECTOR('',#7188,1.);
#7188 = DIRECTION('',(0.995466878341,8.747665193421E-02,
    3.733000793778E-02));
#7189 = PCURVE('',#7043,#7190);
#7190 = DEFINITIONAL_REPRESENTATION('',(#7191),#7195);
#7191 = LINE('',#7192,#7193);
#7192 = CARTESIAN_POINT('',(6.28318530718,-0.));
#7193 = VECTOR('',#7194,1.);
#7194 = DIRECTION('',(0.,1.));
#7195 = ( GEOMETRIC_REPRESENTATION_CONTEXT(2) 
PARAMETRIC_REPRESENTATION_CONTEXT() REPRESENTATION_CONTEXT('2D SPACE',''
  ) );
#7196 = PCURVE('',#7043,#7197);
#7197 = DEFINITIONAL_REPRESENTATION('',(#7198),#7202);
#7198 = LINE('',#7199,#7200);
#7199 = CARTESIAN_POINT('',(0.,-0.));
#7200 = VECTOR('',#7201,1.);
#7201 = DIRECTION('',(0.,1.));
#7202 = ( GEOMETRIC_REPRESENTATION_CONTEXT(2) 
PARAMETRIC_REPRESENTATION_CONTEXT() REPRESENTATION_CONTEXT('2D SPACE',''
  ) );
#7203 = ORIENTED_EDGE('',*,*,#7204,.T.);
#7204 = EDGE_CURVE('',#7182,#7021,#7205,.T.);
#7205 = SURFACE_CURVE('',#7206,(#7211,#7218),.PCURVE_S1.);
#7206 = CIRCLE('',#7207,3.5);
#7207 = AXIS2_PLACEMENT_3D('',#7208,#7209,#7210);
#7208 = CARTESIAN_POINT('',(77.15,-47.15,3.84E+03));
#7209 = DIRECTION('',(0.995466878341,8.747665193421E-02,
    3.733000793778E-02));
#7210 = DIRECTION('',(-8.753766635786E-02,0.996161210331,0.));
#7211 = PCURVE('',#7043,#7212);
#7212 = DEFINITIONAL_REPRESENTATION('',(#7213),#7217);
#7213 = LINE('',#7214,#7215);
#7214 = CARTESIAN_POINT('',(0.,0.));
#7215 = VECTOR('',#7216,1.);
#7216 = DIRECTION('',(1.,0.));
#7217 = ( GEOMETRIC_REPRESENTATION_CONTEXT(2) 
PARAMETRIC_REPRESENTATION_CONTEXT() REPRESENTATION_CONTEXT('2D SPACE',''
  ) );
#7218 = PCURVE('',#7136,#7219);
#7219 = DEFINITIONAL_REPRESENTATION('',(#7220),#7224);
#7220 = CIRCLE('',#7221,3.5);
#7221 = AXIS2_PLACEMENT_2D('',#7222,#7223);
#7222 = CARTESIAN_POINT('',(0.,0.));
#7223 = DIRECTION('',(1.,0.));
#7224 = ( GEOMETRIC_REPRESENTATION_CONTEXT(2) 
PARAMETRIC_REPRESENTATION_CONTEXT() REPRESENTATION_CONTEXT('2D SPACE',''
  ) );
#7225 = ORIENTED_EDGE('',*,*,#7020,.T.);
#7226 = ORIENTED_EDGE('',*,*,#7227,.T.);
#7227 = EDGE_CURVE('',#6992,#7182,#7228,.T.);
#7228 = SURFACE_CURVE('',#7229,(#7234,#7241),.PCURVE_S1.);
#7229 = CIRCLE('',#7230,3.5);
#7230 = AXIS2_PLACEMENT_3D('',#7231,#7232,#7233);
#7231 = CARTESIAN_POINT('',(77.15,-47.15,3.84E+03));
#7232 = DIRECTION('',(0.995466878341,8.747665193421E-02,
    3.733000793778E-02));
#7233 = DIRECTION('',(-8.753766635786E-02,0.996161210331,0.));
#7234 = PCURVE('',#7043,#7235);
#7235 = DEFINITIONAL_REPRESENTATION('',(#7236),#7240);
#7236 = LINE('',#7237,#7238);
#7237 = CARTESIAN_POINT('',(0.,0.));
#7238 = VECTOR('',#7239,1.);
#7239 = DIRECTION('',(1.,0.));
#7240 = ( GEOMETRIC_REPRESENTATION_CONTEXT(2) 
PARAMETRIC_REPRESENTATION_CONTEXT() REPRESENTATION_CONTEXT('2D SPACE',''
  ) );
#7241 = PCURVE('',#7136,#7242);
#7242 = DEFINITIONAL_REPRESENTATION('',(#7243),#7247);
#7243 = CIRCLE('',#7244,3.5);
#7244 = AXIS2_PLACEMENT_2D('',#7245,#7246);
#7245 = CARTESIAN_POINT('',(0.,0.));
#7246 = DIRECTION('',(1.,0.));
#7247 = ( GEOMETRIC_REPRESENTATION_CONTEXT(2) 
PARAMETRIC_REPRESENTATION_CONTEXT() REPRESENTATION_CONTEXT('2D SPACE',''
  ) );
#7248 = ORIENTED_EDGE('',*,*,#7181,.T.);
#7249 = ORIENTED_EDGE('',*,*,#7250,.F.);
#7250 = EDGE_CURVE('',#7251,#7151,#7253,.T.);
#7251 = VERTEX_POINT('',#7252);
#7252 = CARTESIAN_POINT('',(476.86547617586,-8.547907748373,
    3.854497899134E+03));
#7253 = SURFACE_CURVE('',#7254,(#7259,#7266),.PCURVE_S1.);
#7254 = CIRCLE('',#7255,3.5);
#7255 = AXIS2_PLACEMENT_3D('',#7256,#7257,#7258);
#7256 = CARTESIAN_POINT('',(477.15,-12.,3.855E+03));
#7257 = DIRECTION('',(0.995466878341,8.747665193421E-02,
    3.733000793778E-02));
#7258 = DIRECTION('',(-8.753766635786E-02,0.996161210331,0.));
#7259 = PCURVE('',#7043,#7260);
#7260 = DEFINITIONAL_REPRESENTATION('',(#7261),#7265);
#7261 = LINE('',#7262,#7263);
#7262 = CARTESIAN_POINT('',(0.,401.8215057709));
#7263 = VECTOR('',#7264,1.);
#7264 = DIRECTION('',(1.,0.));
#7265 = ( GEOMETRIC_REPRESENTATION_CONTEXT(2) 
PARAMETRIC_REPRESENTATION_CONTEXT() REPRESENTATION_CONTEXT('2D SPACE',''
  ) );
#7266 = PCURVE('',#7169,#7267);
#7267 = DEFINITIONAL_REPRESENTATION('',(#7268),#7272);
#7268 = CIRCLE('',#7269,3.5);
#7269 = AXIS2_PLACEMENT_2D('',#7270,#7271);
#7270 = CARTESIAN_POINT('',(0.,0.));
#7271 = DIRECTION('',(1.,0.));
#7272 = ( GEOMETRIC_REPRESENTATION_CONTEXT(2) 
PARAMETRIC_REPRESENTATION_CONTEXT() REPRESENTATION_CONTEXT('2D SPACE',''
  ) );
#7273 = ORIENTED_EDGE('',*,*,#7274,.F.);
#7274 = EDGE_CURVE('',#7153,#7251,#7275,.T.);
#7275 = SURFACE_CURVE('',#7276,(#7281,#7299),.PCURVE_S1.);
#7276 = ELLIPSE('',#7277,3.641416501335,3.5);
#7277 = AXIS2_PLACEMENT_3D('',#7278,#7279,#7280);
#7278 = CARTESIAN_POINT('',(477.15,-12.,3.855E+03));
#7279 = DIRECTION('',(0.970431808771,4.550556054783E-02,-0.237047144011)
  );
#7280 = DIRECTION('',(0.227274350785,0.158485774744,0.960847869685));
#7281 = PCURVE('',#7043,#7282);
#7282 = DEFINITIONAL_REPRESENTATION('',(#7283),#7298);
#7283 = B_SPLINE_CURVE_WITH_KNOTS('',7,(#7284,#7285,#7286,#7287,#7288,
    #7289,#7290,#7291,#7292,#7293,#7294,#7295,#7296,#7297),
  .UNSPECIFIED.,.F.,.F.,(8,6,8),(1.570796028252,3.141592541507,
    4.712389054762),.UNSPECIFIED.);
#7284 = CARTESIAN_POINT('',(2.997537184571,401.82150607092));
#7285 = CARTESIAN_POINT('',(3.221936686464,401.59599694887));
#7286 = CARTESIAN_POINT('',(3.446336188358,401.37048872487));
#7287 = CARTESIAN_POINT('',(3.67073569025,401.16352149879));
#7288 = CARTESIAN_POINT('',(3.895135192146,400.99367000639));
#7289 = CARTESIAN_POINT('',(4.119534694038,400.87560016867));
#7290 = CARTESIAN_POINT('',(4.343934195932,400.81656095381));
#7291 = CARTESIAN_POINT('',(4.792733199719,400.81656090326));
#7292 = CARTESIAN_POINT('',(5.017132701612,400.87560006757));
#7293 = CARTESIAN_POINT('',(5.241532203508,400.9936698589));
#7294 = CARTESIAN_POINT('',(5.4659317054,401.1635213131));
#7295 = CARTESIAN_POINT('',(5.690331207294,401.37048851285));
#7296 = CARTESIAN_POINT('',(5.914730709187,401.59599672359));
#7297 = CARTESIAN_POINT('',(6.13913021108,401.82150584565));
#7298 = ( GEOMETRIC_REPRESENTATION_CONTEXT(2) 
PARAMETRIC_REPRESENTATION_CONTEXT() REPRESENTATION_CONTEXT('2D SPACE',''
  ) );
#7299 = PCURVE('',#7300,#7305);
#7300 = CYLINDRICAL_SURFACE('',#7301,3.5);
#7301 = AXIS2_PLACEMENT_3D('',#7302,#7303,#7304);
#7302 = CARTESIAN_POINT('',(477.15,-12.,3.855E+03));
#7303 = DIRECTION('',(0.870022185849,0.,-0.493012571981));
#7304 = DIRECTION('',(0.493012571981,0.,0.870022185849));
#7305 = DEFINITIONAL_REPRESENTATION('',(#7306),#7321);
#7306 = B_SPLINE_CURVE_WITH_KNOTS('',7,(#7307,#7308,#7309,#7310,#7311,
    #7312,#7313,#7314,#7315,#7316,#7317,#7318,#7319,#7320),
  .UNSPECIFIED.,.F.,.F.,(8,6,8),(1.570796028252,3.141592541507,
    4.712389054762),.UNSPECIFIED.);
#7307 = CARTESIAN_POINT('',(1.40515020637,-3.000193373737E-07));
#7308 = CARTESIAN_POINT('',(1.629549708263,0.225508822038));
#7309 = CARTESIAN_POINT('',(1.853949210156,0.451017046021));
#7310 = CARTESIAN_POINT('',(2.078348712053,0.657984272177));
#7311 = CARTESIAN_POINT('',(2.302748213942,0.827835764566));
#7312 = CARTESIAN_POINT('',(2.527147715838,0.945905602262));
#7313 = CARTESIAN_POINT('',(2.751547217731,1.00494481709));
#7314 = CARTESIAN_POINT('',(3.200346221518,1.004944867641));
#7315 = CARTESIAN_POINT('',(3.424745723412,0.945905703366));
#7316 = CARTESIAN_POINT('',(3.649145225305,0.827835912058));
#7317 = CARTESIAN_POINT('',(3.873544727199,0.657984457755));
#7318 = CARTESIAN_POINT('',(4.097944229092,0.451017258059));
#7319 = CARTESIAN_POINT('',(4.322343730986,0.225509047313));
#7320 = CARTESIAN_POINT('',(4.54674323288,-7.474477570213E-08));
#7321 = ( GEOMETRIC_REPRESENTATION_CONTEXT(2) 
PARAMETRIC_REPRESENTATION_CONTEXT() REPRESENTATION_CONTEXT('2D SPACE',''
  ) );
#7322 = ADVANCED_FACE('',(#7323),#7136,.F.);
#7323 = FACE_BOUND('',#7324,.F.);
#7324 = EDGE_LOOP('',(#7325,#7326,#7327));
#7325 = ORIENTED_EDGE('',*,*,#7227,.T.);
#7326 = ORIENTED_EDGE('',*,*,#7204,.T.);
#7327 = ORIENTED_EDGE('',*,*,#7123,.T.);
#7328 = ADVANCED_FACE('',(#7329),#7169,.T.);
#7329 = FACE_BOUND('',#7330,.T.);
#7330 = EDGE_LOOP('',(#7331,#7332,#7333));
#7331 = ORIENTED_EDGE('',*,*,#7250,.T.);
#7332 = ORIENTED_EDGE('',*,*,#7150,.T.);
#7333 = ORIENTED_EDGE('',*,*,#7334,.T.);
#7334 = EDGE_CURVE('',#7153,#7251,#7335,.T.);
#7335 = SURFACE_CURVE('',#7336,(#7340,#7346),.PCURVE_S1.);
#7336 = LINE('',#7337,#7338);
#7337 = CARTESIAN_POINT('',(477.15,-12.,3.855E+03));
#7338 = VECTOR('',#7339,1.);
#7339 = DIRECTION('',(-8.129252118069E-02,0.986312071894,-0.143457390319
    ));
#7340 = PCURVE('',#7169,#7341);
#7341 = DEFINITIONAL_REPRESENTATION('',(#7342),#7345);
#7342 = B_SPLINE_CURVE_WITH_KNOTS('',1,(#7343,#7344),.UNSPECIFIED.,.F.,
  .F.,(2,2),(-3.536632492769,3.536632492769),.PIECEWISE_BEZIER_KNOTS.);
#7343 = CARTESIAN_POINT('',(-3.5,0.507709945649));
#7344 = CARTESIAN_POINT('',(3.5,-0.507709945649));
#7345 = ( GEOMETRIC_REPRESENTATION_CONTEXT(2) 
PARAMETRIC_REPRESENTATION_CONTEXT() REPRESENTATION_CONTEXT('2D SPACE',''
  ) );
#7346 = PCURVE('',#7347,#7352);
#7347 = PLANE('',#7348);
#7348 = AXIS2_PLACEMENT_3D('',#7349,#7350,#7351);
#7349 = CARTESIAN_POINT('',(477.15,-12.,3.855E+03));
#7350 = DIRECTION('',(0.870022185849,0.,-0.493012571981));
#7351 = DIRECTION('',(0.493012571981,0.,0.870022185849));
#7352 = DEFINITIONAL_REPRESENTATION('',(#7353),#7356);
#7353 = B_SPLINE_CURVE_WITH_KNOTS('',1,(#7354,#7355),.UNSPECIFIED.,.F.,
  .F.,(2,2),(-3.536632492769,3.536632492769),.PIECEWISE_BEZIER_KNOTS.);
#7354 = CARTESIAN_POINT('',(0.583153023201,3.488223321469));
#7355 = CARTESIAN_POINT('',(-0.583153023201,-3.488223321469));
#7356 = ( GEOMETRIC_REPRESENTATION_CONTEXT(2) 
PARAMETRIC_REPRESENTATION_CONTEXT() REPRESENTATION_CONTEXT('2D SPACE',''
  ) );
#7357 = ADVANCED_FACE('',(#7358),#7300,.T.);
#7358 = FACE_BOUND('',#7359,.T.);
#7359 = EDGE_LOOP('',(#7360,#7384,#7407,#7442,#7488,#7517,#7545,#7546,
    #7568));
#7360 = ORIENTED_EDGE('',*,*,#7361,.T.);
#7361 = EDGE_CURVE('',#7251,#7362,#7364,.T.);
#7362 = VERTEX_POINT('',#7363);
#7363 = CARTESIAN_POINT('',(478.87554400193,-12.,3.85804507765E+03));
#7364 = SURFACE_CURVE('',#7365,(#7370,#7377),.PCURVE_S1.);
#7365 = CIRCLE('',#7366,3.5);
#7366 = AXIS2_PLACEMENT_3D('',#7367,#7368,#7369);
#7367 = CARTESIAN_POINT('',(477.15,-12.,3.855E+03));
#7368 = DIRECTION('',(0.870022185849,0.,-0.493012571981));
#7369 = DIRECTION('',(0.493012571981,0.,0.870022185849));
#7370 = PCURVE('',#7300,#7371);
#7371 = DEFINITIONAL_REPRESENTATION('',(#7372),#7376);
#7372 = LINE('',#7373,#7374);
#7373 = CARTESIAN_POINT('',(0.,0.));
#7374 = VECTOR('',#7375,1.);
#7375 = DIRECTION('',(1.,0.));
#7376 = ( GEOMETRIC_REPRESENTATION_CONTEXT(2) 
PARAMETRIC_REPRESENTATION_CONTEXT() REPRESENTATION_CONTEXT('2D SPACE',''
  ) );
#7377 = PCURVE('',#7347,#7378);
#7378 = DEFINITIONAL_REPRESENTATION('',(#7379),#7383);
#7379 = CIRCLE('',#7380,3.5);
#7380 = AXIS2_PLACEMENT_2D('',#7381,#7382);
#7381 = CARTESIAN_POINT('',(0.,0.));
#7382 = DIRECTION('',(1.,0.));
#7383 = ( GEOMETRIC_REPRESENTATION_CONTEXT(2) 
PARAMETRIC_REPRESENTATION_CONTEXT() REPRESENTATION_CONTEXT('2D SPACE',''
  ) );
#7384 = ORIENTED_EDGE('',*,*,#7385,.T.);
#7385 = EDGE_CURVE('',#7362,#7386,#7388,.T.);
#7386 = VERTEX_POINT('',#7387);
#7387 = CARTESIAN_POINT('',(507.35563528025,-12.,3.841906359259E+03));
#7388 = SEAM_CURVE('',#7389,(#7393,#7400),.PCURVE_S1.);
#7389 = LINE('',#7390,#7391);
#7390 = CARTESIAN_POINT('',(478.87554400193,-12.,3.85804507765E+03));
#7391 = VECTOR('',#7392,1.);
#7392 = DIRECTION('',(0.870022185849,0.,-0.493012571981));
#7393 = PCURVE('',#7300,#7394);
#7394 = DEFINITIONAL_REPRESENTATION('',(#7395),#7399);
#7395 = LINE('',#7396,#7397);
#7396 = CARTESIAN_POINT('',(0.,-0.));
#7397 = VECTOR('',#7398,1.);
#7398 = DIRECTION('',(0.,1.));
#7399 = ( GEOMETRIC_REPRESENTATION_CONTEXT(2) 
PARAMETRIC_REPRESENTATION_CONTEXT() REPRESENTATION_CONTEXT('2D SPACE',''
  ) );
#7400 = PCURVE('',#7300,#7401);
#7401 = DEFINITIONAL_REPRESENTATION('',(#7402),#7406);
#7402 = LINE('',#7403,#7404);
#7403 = CARTESIAN_POINT('',(6.28318530718,-0.));
#7404 = VECTOR('',#7405,1.);
#7405 = DIRECTION('',(0.,1.));
#7406 = ( GEOMETRIC_REPRESENTATION_CONTEXT(2) 
PARAMETRIC_REPRESENTATION_CONTEXT() REPRESENTATION_CONTEXT('2D SPACE',''
  ) );
#7407 = ORIENTED_EDGE('',*,*,#7408,.F.);
#7408 = EDGE_CURVE('',#7409,#7386,#7411,.T.);
#7409 = VERTEX_POINT('',#7410);
#7410 = CARTESIAN_POINT('',(507.15,-11.79436472071,3.8420159366E+03));
#7411 = SURFACE_CURVE('',#7412,(#7417,#7427),.PCURVE_S1.);
#7412 = ELLIPSE('',#7413,5.606217558516,3.5);
#7413 = AXIS2_PLACEMENT_3D('',#7414,#7415,#7416);
#7414 = CARTESIAN_POINT('',(507.15,-12.,3.838E+03));
#7415 = DIRECTION('',(0.696790522086,0.716336203285,-3.667986087277E-02)
  );
#7416 = DIRECTION('',(0.55686465514,-0.572485273784,-0.601799274805));
#7417 = PCURVE('',#7300,#7418);
#7418 = DEFINITIONAL_REPRESENTATION('',(#7419),#7426);
#7419 = B_SPLINE_CURVE_WITH_KNOTS('',5,(#7420,#7421,#7422,#7423,#7424,
    #7425),.UNSPECIFIED.,.F.,.F.,(6,6),(4.24328270538,4.302069496694),
  .PIECEWISE_BEZIER_KNOTS.);
#7420 = CARTESIAN_POINT('',(6.224398515893,32.501972067154));
#7421 = CARTESIAN_POINT('',(6.236155874156,32.547900532474));
#7422 = CARTESIAN_POINT('',(6.247913232418,32.594171114559));
#7423 = CARTESIAN_POINT('',(6.259670590681,32.640770586457));
#7424 = CARTESIAN_POINT('',(6.271427948944,32.687685524099));
#7425 = CARTESIAN_POINT('',(6.283185307207,32.734902329475));
#7426 = ( GEOMETRIC_REPRESENTATION_CONTEXT(2) 
PARAMETRIC_REPRESENTATION_CONTEXT() REPRESENTATION_CONTEXT('2D SPACE',''
  ) );
#7427 = PCURVE('',#7428,#7433);
#7428 = CYLINDRICAL_SURFACE('',#7429,3.5);
#7429 = AXIS2_PLACEMENT_3D('',#7430,#7431,#7432);
#7430 = CARTESIAN_POINT('',(507.15,-12.,3.838E+03));
#7431 = DIRECTION('',(0.,0.894427191,0.4472135955));
#7432 = DIRECTION('',(0.,-0.4472135955,0.894427191));
#7433 = DEFINITIONAL_REPRESENTATION('',(#7434),#7441);
#7434 = B_SPLINE_CURVE_WITH_KNOTS('',5,(#7435,#7436,#7437,#7438,#7439,
    #7440),.UNSPECIFIED.,.F.,.F.,(6,6),(4.24328270538,4.302069496694),
  .PIECEWISE_BEZIER_KNOTS.);
#7435 = CARTESIAN_POINT('',(1.085384480705E-10,1.979907231979));
#7436 = CARTESIAN_POINT('',(1.175735837132E-02,1.933978766659));
#7437 = CARTESIAN_POINT('',(2.351471663408E-02,1.887708184574));
#7438 = CARTESIAN_POINT('',(3.527207489689E-02,1.841108712676));
#7439 = CARTESIAN_POINT('',(4.702943315966E-02,1.794193775034));
#7440 = CARTESIAN_POINT('',(5.878679142244E-02,1.746976969659));
#7441 = ( GEOMETRIC_REPRESENTATION_CONTEXT(2) 
PARAMETRIC_REPRESENTATION_CONTEXT() REPRESENTATION_CONTEXT('2D SPACE',''
  ) );
#7442 = ORIENTED_EDGE('',*,*,#7443,.F.);
#7443 = EDGE_CURVE('',#7444,#7409,#7446,.T.);
#7444 = VERTEX_POINT('',#7445);
#7445 = CARTESIAN_POINT('',(505.56768749253,-10.60384190517,
    3.83520768381E+03));
#7446 = SURFACE_CURVE('',#7447,(#7452,#7470),.PCURVE_S1.);
#7447 = ELLIPSE('',#7448,5.606217558516,3.5);
#7448 = AXIS2_PLACEMENT_3D('',#7449,#7450,#7451);
#7449 = CARTESIAN_POINT('',(507.15,-12.,3.838E+03));
#7450 = DIRECTION('',(0.696790522086,0.716336203285,-3.667986087277E-02)
  );
#7451 = DIRECTION('',(0.55686465514,-0.572485273784,-0.601799274805));
#7452 = PCURVE('',#7300,#7453);
#7453 = DEFINITIONAL_REPRESENTATION('',(#7454),#7469);
#7454 = B_SPLINE_CURVE_WITH_KNOTS('',7,(#7455,#7456,#7457,#7458,#7459,
    #7460,#7461,#7462,#7463,#7464,#7465,#7466,#7467,#7468),
  .UNSPECIFIED.,.F.,.F.,(8,6,8),(1.570796326795,2.907039516087,
    4.24328270538),.UNSPECIFIED.);
#7455 = CARTESIAN_POINT('',(3.551912137308,34.481879299133));
#7456 = CARTESIAN_POINT('',(3.742804021493,33.645875809859));
#7457 = CARTESIAN_POINT('',(3.933695905677,32.809873280913));
#7458 = CARTESIAN_POINT('',(4.124587789864,32.023621498793));
#7459 = CARTESIAN_POINT('',(4.315479674048,31.336906473716));
#7460 = CARTESIAN_POINT('',(4.506371558231,30.792011276266));
#7461 = CARTESIAN_POINT('',(4.697263442416,30.416630005857));
#7462 = CARTESIAN_POINT('',(5.079047210785,30.028041569127));
#7463 = CARTESIAN_POINT('',(5.26993909497,30.014834849177));
#7464 = CARTESIAN_POINT('',(5.460830979151,30.194267037448));
#7465 = CARTESIAN_POINT('',(5.651722863342,30.561785406619));
#7466 = CARTESIAN_POINT('',(5.842614747522,31.094760766264));
#7467 = CARTESIAN_POINT('',(6.033506631708,31.75627978776));
#7468 = CARTESIAN_POINT('',(6.224398515893,32.501972067154));
#7469 = ( GEOMETRIC_REPRESENTATION_CONTEXT(2) 
PARAMETRIC_REPRESENTATION_CONTEXT() REPRESENTATION_CONTEXT('2D SPACE',''
  ) );
#7470 = PCURVE('',#7428,#7471);
#7471 = DEFINITIONAL_REPRESENTATION('',(#7472),#7487);
#7472 = B_SPLINE_CURVE_WITH_KNOTS('',7,(#7473,#7474,#7475,#7476,#7477,
    #7478,#7479,#7480,#7481,#7482,#7483,#7484,#7485,#7486),
  .UNSPECIFIED.,.F.,.F.,(8,6,8),(1.570796326795,2.907039516087,
    4.24328270538),.UNSPECIFIED.);
#7473 = CARTESIAN_POINT('',(3.610698928703,2.273736754432E-13));
#7474 = CARTESIAN_POINT('',(3.801590812888,0.836003489274));
#7475 = CARTESIAN_POINT('',(3.992482697072,1.672006018218));
#7476 = CARTESIAN_POINT('',(4.183374581257,2.458257800343));
#7477 = CARTESIAN_POINT('',(4.374266465441,3.144972825417));
#7478 = CARTESIAN_POINT('',(4.565158349626,3.689868022868));
#7479 = CARTESIAN_POINT('',(4.756050233811,4.065249293276));
#7480 = CARTESIAN_POINT('',(5.13783400218,4.453837730007));
#7481 = CARTESIAN_POINT('',(5.328725886365,4.467044449951));
#7482 = CARTESIAN_POINT('',(5.51961777055,4.287612261701));
#7483 = CARTESIAN_POINT('',(5.710509654734,3.920093892496));
#7484 = CARTESIAN_POINT('',(5.901401538919,3.387118532871));
#7485 = CARTESIAN_POINT('',(6.092293423103,2.725599511373));
#7486 = CARTESIAN_POINT('',(6.283185307288,1.979907231979));
#7487 = ( GEOMETRIC_REPRESENTATION_CONTEXT(2) 
PARAMETRIC_REPRESENTATION_CONTEXT() REPRESENTATION_CONTEXT('2D SPACE',''
  ) );
#7488 = ORIENTED_EDGE('',*,*,#7489,.F.);
#7489 = EDGE_CURVE('',#7490,#7444,#7492,.T.);
#7490 = VERTEX_POINT('',#7491);
#7491 = CARTESIAN_POINT('',(508.73231250746,-13.39615809482,
    3.84079231619E+03));
#7492 = SURFACE_CURVE('',#7493,(#7498,#7505),.PCURVE_S1.);
#7493 = CIRCLE('',#7494,3.5);
#7494 = AXIS2_PLACEMENT_3D('',#7495,#7496,#7497);
#7495 = CARTESIAN_POINT('',(507.15,-12.,3.838E+03));
#7496 = DIRECTION('',(0.870022185849,0.,-0.493012571981));
#7497 = DIRECTION('',(0.493012571981,0.,0.870022185849));
#7498 = PCURVE('',#7300,#7499);
#7499 = DEFINITIONAL_REPRESENTATION('',(#7500),#7504);
#7500 = LINE('',#7501,#7502);
#7501 = CARTESIAN_POINT('',(0.,34.481879299133));
#7502 = VECTOR('',#7503,1.);
#7503 = DIRECTION('',(1.,0.));
#7504 = ( GEOMETRIC_REPRESENTATION_CONTEXT(2) 
PARAMETRIC_REPRESENTATION_CONTEXT() REPRESENTATION_CONTEXT('2D SPACE',''
  ) );
#7505 = PCURVE('',#7506,#7511);
#7506 = PLANE('',#7507);
#7507 = AXIS2_PLACEMENT_3D('',#7508,#7509,#7510);
#7508 = CARTESIAN_POINT('',(507.15,-12.,3.838E+03));
#7509 = DIRECTION('',(0.870022185849,0.,-0.493012571981));
#7510 = DIRECTION('',(0.493012571981,0.,0.870022185849));
#7511 = DEFINITIONAL_REPRESENTATION('',(#7512),#7516);
#7512 = CIRCLE('',#7513,3.5);
#7513 = AXIS2_PLACEMENT_2D('',#7514,#7515);
#7514 = CARTESIAN_POINT('',(0.,0.));
#7515 = DIRECTION('',(1.,0.));
#7516 = ( GEOMETRIC_REPRESENTATION_CONTEXT(2) 
PARAMETRIC_REPRESENTATION_CONTEXT() REPRESENTATION_CONTEXT('2D SPACE',''
  ) );
#7517 = ORIENTED_EDGE('',*,*,#7518,.F.);
#7518 = EDGE_CURVE('',#7386,#7490,#7519,.T.);
#7519 = SURFACE_CURVE('',#7520,(#7525,#7535),.PCURVE_S1.);
#7520 = ELLIPSE('',#7521,5.606217558516,3.5);
#7521 = AXIS2_PLACEMENT_3D('',#7522,#7523,#7524);
#7522 = CARTESIAN_POINT('',(507.15,-12.,3.838E+03));
#7523 = DIRECTION('',(0.696790522086,0.716336203285,-3.667986087277E-02)
  );
#7524 = DIRECTION('',(0.55686465514,-0.572485273784,-0.601799274805));
#7525 = PCURVE('',#7300,#7526);
#7526 = DEFINITIONAL_REPRESENTATION('',(#7527),#7534);
#7527 = B_SPLINE_CURVE_WITH_KNOTS('',5,(#7528,#7529,#7530,#7531,#7532,
    #7533),.UNSPECIFIED.,.F.,.F.,(6,6),(4.302069496694,4.712389048886),
  .PIECEWISE_BEZIER_KNOTS.);
#7528 = CARTESIAN_POINT('',(2.710771289977E-11,32.734902329475));
#7529 = CARTESIAN_POINT('',(8.206391046561E-02,33.064465791002));
#7530 = CARTESIAN_POINT('',(0.164127820904,33.408735347663));
#7531 = CARTESIAN_POINT('',(0.246191731343,33.76308815376));
#7532 = CARTESIAN_POINT('',(0.328255641781,34.122483935126));
#7533 = CARTESIAN_POINT('',(0.41031955222,34.481879599133));
#7534 = ( GEOMETRIC_REPRESENTATION_CONTEXT(2) 
PARAMETRIC_REPRESENTATION_CONTEXT() REPRESENTATION_CONTEXT('2D SPACE',''
  ) );
#7535 = PCURVE('',#7428,#7536);
#7536 = DEFINITIONAL_REPRESENTATION('',(#7537),#7544);
#7537 = B_SPLINE_CURVE_WITH_KNOTS('',5,(#7538,#7539,#7540,#7541,#7542,
    #7543),.UNSPECIFIED.,.F.,.F.,(6,6),(4.302069496694,4.712389048886),
  .PIECEWISE_BEZIER_KNOTS.);
#7538 = CARTESIAN_POINT('',(5.878679142244E-02,1.746976969659));
#7539 = CARTESIAN_POINT('',(0.140850701861,1.417413508131));
#7540 = CARTESIAN_POINT('',(0.2229146123,1.073143951471));
#7541 = CARTESIAN_POINT('',(0.304978522738,0.718791145373));
#7542 = CARTESIAN_POINT('',(0.387042433176,0.359395364007));
#7543 = CARTESIAN_POINT('',(0.469106343615,-2.999997832376E-07));
#7544 = ( GEOMETRIC_REPRESENTATION_CONTEXT(2) 
PARAMETRIC_REPRESENTATION_CONTEXT() REPRESENTATION_CONTEXT('2D SPACE',''
  ) );
#7545 = ORIENTED_EDGE('',*,*,#7385,.F.);
#7546 = ORIENTED_EDGE('',*,*,#7547,.T.);
#7547 = EDGE_CURVE('',#7362,#7153,#7548,.T.);
#7548 = SURFACE_CURVE('',#7549,(#7554,#7561),.PCURVE_S1.);
#7549 = CIRCLE('',#7550,3.5);
#7550 = AXIS2_PLACEMENT_3D('',#7551,#7552,#7553);
#7551 = CARTESIAN_POINT('',(477.15,-12.,3.855E+03));
#7552 = DIRECTION('',(0.870022185849,0.,-0.493012571981));
#7553 = DIRECTION('',(0.493012571981,0.,0.870022185849));
#7554 = PCURVE('',#7300,#7555);
#7555 = DEFINITIONAL_REPRESENTATION('',(#7556),#7560);
#7556 = LINE('',#7557,#7558);
#7557 = CARTESIAN_POINT('',(0.,0.));
#7558 = VECTOR('',#7559,1.);
#7559 = DIRECTION('',(1.,0.));
#7560 = ( GEOMETRIC_REPRESENTATION_CONTEXT(2) 
PARAMETRIC_REPRESENTATION_CONTEXT() REPRESENTATION_CONTEXT('2D SPACE',''
  ) );
#7561 = PCURVE('',#7347,#7562);
#7562 = DEFINITIONAL_REPRESENTATION('',(#7563),#7567);
#7563 = CIRCLE('',#7564,3.5);
#7564 = AXIS2_PLACEMENT_2D('',#7565,#7566);
#7565 = CARTESIAN_POINT('',(0.,0.));
#7566 = DIRECTION('',(1.,0.));
#7567 = ( GEOMETRIC_REPRESENTATION_CONTEXT(2) 
PARAMETRIC_REPRESENTATION_CONTEXT() REPRESENTATION_CONTEXT('2D SPACE',''
  ) );
#7568 = ORIENTED_EDGE('',*,*,#7274,.T.);
#7569 = ADVANCED_FACE('',(#7570),#7347,.F.);
#7570 = FACE_BOUND('',#7571,.F.);
#7571 = EDGE_LOOP('',(#7572,#7573,#7574));
#7572 = ORIENTED_EDGE('',*,*,#7361,.T.);
#7573 = ORIENTED_EDGE('',*,*,#7547,.T.);
#7574 = ORIENTED_EDGE('',*,*,#7334,.T.);
#7575 = ADVANCED_FACE('',(#7576),#7428,.T.);
#7576 = FACE_BOUND('',#7577,.T.);
#7577 = EDGE_LOOP('',(#7578,#7601,#7628,#7629,#7630,#7631,#7658));
#7578 = ORIENTED_EDGE('',*,*,#7579,.T.);
#7579 = EDGE_CURVE('',#7409,#7580,#7582,.T.);
#7580 = VERTEX_POINT('',#7581);
#7581 = CARTESIAN_POINT('',(507.15,-1.56524758425,3.847130495168E+03));
#7582 = SEAM_CURVE('',#7583,(#7587,#7594),.PCURVE_S1.);
#7583 = LINE('',#7584,#7585);
#7584 = CARTESIAN_POINT('',(507.15,-13.56524758425,3.841130495168E+03));
#7585 = VECTOR('',#7586,1.);
#7586 = DIRECTION('',(0.,0.894427191,0.4472135955));
#7587 = PCURVE('',#7428,#7588);
#7588 = DEFINITIONAL_REPRESENTATION('',(#7589),#7593);
#7589 = LINE('',#7590,#7591);
#7590 = CARTESIAN_POINT('',(6.28318530718,-0.));
#7591 = VECTOR('',#7592,1.);
#7592 = DIRECTION('',(0.,1.));
#7593 = ( GEOMETRIC_REPRESENTATION_CONTEXT(2) 
PARAMETRIC_REPRESENTATION_CONTEXT() REPRESENTATION_CONTEXT('2D SPACE',''
  ) );
#7594 = PCURVE('',#7428,#7595);
#7595 = DEFINITIONAL_REPRESENTATION('',(#7596),#7600);
#7596 = LINE('',#7597,#7598);
#7597 = CARTESIAN_POINT('',(0.,-0.));
#7598 = VECTOR('',#7599,1.);
#7599 = DIRECTION('',(0.,1.));
#7600 = ( GEOMETRIC_REPRESENTATION_CONTEXT(2) 
PARAMETRIC_REPRESENTATION_CONTEXT() REPRESENTATION_CONTEXT('2D SPACE',''
  ) );
#7601 = ORIENTED_EDGE('',*,*,#7602,.F.);
#7602 = EDGE_CURVE('',#7580,#7580,#7603,.T.);
#7603 = SURFACE_CURVE('',#7604,(#7609,#7616),.PCURVE_S1.);
#7604 = CIRCLE('',#7605,3.5);
#7605 = AXIS2_PLACEMENT_3D('',#7606,#7607,#7608);
#7606 = CARTESIAN_POINT('',(507.15,1.7763568394E-15,3.844E+03));
#7607 = DIRECTION('',(0.,0.894427191,0.4472135955));
#7608 = DIRECTION('',(0.,-0.4472135955,0.894427191));
#7609 = PCURVE('',#7428,#7610);
#7610 = DEFINITIONAL_REPRESENTATION('',(#7611),#7615);
#7611 = LINE('',#7612,#7613);
#7612 = CARTESIAN_POINT('',(0.,13.416407864999));
#7613 = VECTOR('',#7614,1.);
#7614 = DIRECTION('',(1.,0.));
#7615 = ( GEOMETRIC_REPRESENTATION_CONTEXT(2) 
PARAMETRIC_REPRESENTATION_CONTEXT() REPRESENTATION_CONTEXT('2D SPACE',''
  ) );
#7616 = PCURVE('',#7617,#7622);
#7617 = PLANE('',#7618);
#7618 = AXIS2_PLACEMENT_3D('',#7619,#7620,#7621);
#7619 = CARTESIAN_POINT('',(507.15,1.7763568394E-15,3.844E+03));
#7620 = DIRECTION('',(0.,0.894427191,0.4472135955));
#7621 = DIRECTION('',(0.,-0.4472135955,0.894427191));
#7622 = DEFINITIONAL_REPRESENTATION('',(#7623),#7627);
#7623 = CIRCLE('',#7624,3.5);
#7624 = AXIS2_PLACEMENT_2D('',#7625,#7626);
#7625 = CARTESIAN_POINT('',(0.,0.));
#7626 = DIRECTION('',(1.,0.));
#7627 = ( GEOMETRIC_REPRESENTATION_CONTEXT(2) 
PARAMETRIC_REPRESENTATION_CONTEXT() REPRESENTATION_CONTEXT('2D SPACE',''
  ) );
#7628 = ORIENTED_EDGE('',*,*,#7579,.F.);
#7629 = ORIENTED_EDGE('',*,*,#7408,.T.);
#7630 = ORIENTED_EDGE('',*,*,#7518,.T.);
#7631 = ORIENTED_EDGE('',*,*,#7632,.T.);
#7632 = EDGE_CURVE('',#7490,#7444,#7633,.T.);
#7633 = SURFACE_CURVE('',#7634,(#7639,#7646),.PCURVE_S1.);
#7634 = CIRCLE('',#7635,3.5);
#7635 = AXIS2_PLACEMENT_3D('',#7636,#7637,#7638);
#7636 = CARTESIAN_POINT('',(507.15,-12.,3.838E+03));
#7637 = DIRECTION('',(0.,0.894427191,0.4472135955));
#7638 = DIRECTION('',(0.,-0.4472135955,0.894427191));
#7639 = PCURVE('',#7428,#7640);
#7640 = DEFINITIONAL_REPRESENTATION('',(#7641),#7645);
#7641 = LINE('',#7642,#7643);
#7642 = CARTESIAN_POINT('',(0.,0.));
#7643 = VECTOR('',#7644,1.);
#7644 = DIRECTION('',(1.,0.));
#7645 = ( GEOMETRIC_REPRESENTATION_CONTEXT(2) 
PARAMETRIC_REPRESENTATION_CONTEXT() REPRESENTATION_CONTEXT('2D SPACE',''
  ) );
#7646 = PCURVE('',#7647,#7652);
#7647 = PLANE('',#7648);
#7648 = AXIS2_PLACEMENT_3D('',#7649,#7650,#7651);
#7649 = CARTESIAN_POINT('',(507.15,-12.,3.838E+03));
#7650 = DIRECTION('',(0.,0.894427191,0.4472135955));
#7651 = DIRECTION('',(0.,-0.4472135955,0.894427191));
#7652 = DEFINITIONAL_REPRESENTATION('',(#7653),#7657);
#7653 = CIRCLE('',#7654,3.5);
#7654 = AXIS2_PLACEMENT_2D('',#7655,#7656);
#7655 = CARTESIAN_POINT('',(0.,0.));
#7656 = DIRECTION('',(1.,0.));
#7657 = ( GEOMETRIC_REPRESENTATION_CONTEXT(2) 
PARAMETRIC_REPRESENTATION_CONTEXT() REPRESENTATION_CONTEXT('2D SPACE',''
  ) );
#7658 = ORIENTED_EDGE('',*,*,#7443,.T.);
#7659 = ADVANCED_FACE('',(#7660),#7506,.T.);
#7660 = FACE_BOUND('',#7661,.T.);
#7661 = EDGE_LOOP('',(#7662,#7681));
#7662 = ORIENTED_EDGE('',*,*,#7663,.T.);
#7663 = EDGE_CURVE('',#7444,#7490,#7664,.T.);
#7664 = SURFACE_CURVE('',#7665,(#7669,#7675),.PCURVE_S1.);
#7665 = LINE('',#7666,#7667);
#7666 = CARTESIAN_POINT('',(507.15,-12.,3.838E+03));
#7667 = VECTOR('',#7668,1.);
#7668 = DIRECTION('',(0.452089287848,-0.398902312807,0.797804625614));
#7669 = PCURVE('',#7506,#7670);
#7670 = DEFINITIONAL_REPRESENTATION('',(#7671),#7674);
#7671 = B_SPLINE_CURVE_WITH_KNOTS('',1,(#7672,#7673),.UNSPECIFIED.,.F.,
  .F.,(2,2),(-3.816821252606,3.816821252606),.PIECEWISE_BEZIER_KNOTS.);
#7672 = CARTESIAN_POINT('',(-3.5,-1.522538825235));
#7673 = CARTESIAN_POINT('',(3.5,1.522538825235));
#7674 = ( GEOMETRIC_REPRESENTATION_CONTEXT(2) 
PARAMETRIC_REPRESENTATION_CONTEXT() REPRESENTATION_CONTEXT('2D SPACE',''
  ) );
#7675 = PCURVE('',#7647,#7676);
#7676 = DEFINITIONAL_REPRESENTATION('',(#7677),#7680);
#7677 = B_SPLINE_CURVE_WITH_KNOTS('',1,(#7678,#7679),.UNSPECIFIED.,.F.,
  .F.,(2,2),(-3.816821252606,3.816821252606),.PIECEWISE_BEZIER_KNOTS.);
#7678 = CARTESIAN_POINT('',(-3.404500311608,-1.725544001933));
#7679 = CARTESIAN_POINT('',(3.404500311608,1.725544001933));
#7680 = ( GEOMETRIC_REPRESENTATION_CONTEXT(2) 
PARAMETRIC_REPRESENTATION_CONTEXT() REPRESENTATION_CONTEXT('2D SPACE',''
  ) );
#7681 = ORIENTED_EDGE('',*,*,#7489,.T.);
#7682 = ADVANCED_FACE('',(#7683),#7647,.F.);
#7683 = FACE_BOUND('',#7684,.F.);
#7684 = EDGE_LOOP('',(#7685,#7686));
#7685 = ORIENTED_EDGE('',*,*,#7663,.T.);
#7686 = ORIENTED_EDGE('',*,*,#7632,.T.);
#7687 = ADVANCED_FACE('',(#7688),#7617,.T.);
#7688 = FACE_BOUND('',#7689,.T.);
#7689 = EDGE_LOOP('',(#7690));
#7690 = ORIENTED_EDGE('',*,*,#7602,.T.);
#7691 = MANIFOLD_SOLID_BREP('',#7692);
#7692 = CLOSED_SHELL('',(#7693,#7813,#8101,#8177,#8267,#8292,#8319,#8344
    ,#8351,#8420,#8625,#8700,#8777,#8896,#8944,#8992,#9017,#9043,#9096,
    #9145,#9172,#9334,#9410,#9500,#9525,#9552,#9577,#9584));
#7693 = ADVANCED_FACE('',(#7694),#7708,.F.);
#7694 = FACE_BOUND('',#7695,.F.);
#7695 = EDGE_LOOP('',(#7696,#7731,#7759,#7787));
#7696 = ORIENTED_EDGE('',*,*,#7697,.F.);
#7697 = EDGE_CURVE('',#7698,#7700,#7702,.T.);
#7698 = VERTEX_POINT('',#7699);
#7699 = CARTESIAN_POINT('',(-90.82230508962,-55.,3.266E+03));
#7700 = VERTEX_POINT('',#7701);
#7701 = CARTESIAN_POINT('',(-90.82230508962,-55.,3.306E+03));
#7702 = SURFACE_CURVE('',#7703,(#7707,#7719),.PCURVE_S1.);
#7703 = LINE('',#7704,#7705);
#7704 = CARTESIAN_POINT('',(-90.82230508962,-55.,3.266E+03));
#7705 = VECTOR('',#7706,1.);
#7706 = DIRECTION('',(0.,0.,1.));
#7707 = PCURVE('',#7708,#7713);
#7708 = PLANE('',#7709);
#7709 = AXIS2_PLACEMENT_3D('',#7710,#7711,#7712);
#7710 = CARTESIAN_POINT('',(-90.82230508962,-55.,3.266E+03));
#7711 = DIRECTION('',(1.,0.,-0.));
#7712 = DIRECTION('',(0.,0.,1.));
#7713 = DEFINITIONAL_REPRESENTATION('',(#7714),#7718);
#7714 = LINE('',#7715,#7716);
#7715 = CARTESIAN_POINT('',(0.,0.));
#7716 = VECTOR('',#7717,1.);
#7717 = DIRECTION('',(1.,0.));
#7718 = ( GEOMETRIC_REPRESENTATION_CONTEXT(2) 
PARAMETRIC_REPRESENTATION_CONTEXT() REPRESENTATION_CONTEXT('2D SPACE',''
  ) );
#7719 = PCURVE('',#7720,#7725);
#7720 = PLANE('',#7721);
#7721 = AXIS2_PLACEMENT_3D('',#7722,#7723,#7724);
#7722 = CARTESIAN_POINT('',(-90.82230508962,-55.,3.266E+03));
#7723 = DIRECTION('',(-0.,1.,0.));
#7724 = DIRECTION('',(0.,0.,1.));
#7725 = DEFINITIONAL_REPRESENTATION('',(#7726),#7730);
#7726 = LINE('',#7727,#7728);
#7727 = CARTESIAN_POINT('',(0.,0.));
#7728 = VECTOR('',#7729,1.);
#7729 = DIRECTION('',(1.,0.));
#7730 = ( GEOMETRIC_REPRESENTATION_CONTEXT(2) 
PARAMETRIC_REPRESENTATION_CONTEXT() REPRESENTATION_CONTEXT('2D SPACE',''
  ) );
#7731 = ORIENTED_EDGE('',*,*,#7732,.T.);
#7732 = EDGE_CURVE('',#7698,#7733,#7735,.T.);
#7733 = VERTEX_POINT('',#7734);
#7734 = CARTESIAN_POINT('',(-90.82230508962,55.,3.266E+03));
#7735 = SURFACE_CURVE('',#7736,(#7740,#7747),.PCURVE_S1.);
#7736 = LINE('',#7737,#7738);
#7737 = CARTESIAN_POINT('',(-90.82230508962,-55.,3.266E+03));
#7738 = VECTOR('',#7739,1.);
#7739 = DIRECTION('',(-0.,1.,0.));
#7740 = PCURVE('',#7708,#7741);
#7741 = DEFINITIONAL_REPRESENTATION('',(#7742),#7746);
#7742 = LINE('',#7743,#7744);
#7743 = CARTESIAN_POINT('',(0.,0.));
#7744 = VECTOR('',#7745,1.);
#7745 = DIRECTION('',(0.,-1.));
#7746 = ( GEOMETRIC_REPRESENTATION_CONTEXT(2) 
PARAMETRIC_REPRESENTATION_CONTEXT() REPRESENTATION_CONTEXT('2D SPACE',''
  ) );
#7747 = PCURVE('',#7748,#7753);
#7748 = PLANE('',#7749);
#7749 = AXIS2_PLACEMENT_3D('',#7750,#7751,#7752);
#7750 = CARTESIAN_POINT('',(-90.82230508962,-55.,3.266E+03));
#7751 = DIRECTION('',(0.,0.,1.));
#7752 = DIRECTION('',(1.,0.,-0.));
#7753 = DEFINITIONAL_REPRESENTATION('',(#7754),#7758);
#7754 = LINE('',#7755,#7756);
#7755 = CARTESIAN_POINT('',(0.,0.));
#7756 = VECTOR('',#7757,1.);
#7757 = DIRECTION('',(0.,1.));
#7758 = ( GEOMETRIC_REPRESENTATION_CONTEXT(2) 
PARAMETRIC_REPRESENTATION_CONTEXT() REPRESENTATION_CONTEXT('2D SPACE',''
  ) );
#7759 = ORIENTED_EDGE('',*,*,#7760,.T.);
#7760 = EDGE_CURVE('',#7733,#7761,#7763,.T.);
#7761 = VERTEX_POINT('',#7762);
#7762 = CARTESIAN_POINT('',(-90.82230508962,55.,3.306E+03));
#7763 = SURFACE_CURVE('',#7764,(#7768,#7775),.PCURVE_S1.);
#7764 = LINE('',#7765,#7766);
#7765 = CARTESIAN_POINT('',(-90.82230508962,55.,3.266E+03));
#7766 = VECTOR('',#7767,1.);
#7767 = DIRECTION('',(0.,0.,1.));
#7768 = PCURVE('',#7708,#7769);
#7769 = DEFINITIONAL_REPRESENTATION('',(#7770),#7774);
#7770 = LINE('',#7771,#7772);
#7771 = CARTESIAN_POINT('',(0.,-110.));
#7772 = VECTOR('',#7773,1.);
#7773 = DIRECTION('',(1.,0.));
#7774 = ( GEOMETRIC_REPRESENTATION_CONTEXT(2) 
PARAMETRIC_REPRESENTATION_CONTEXT() REPRESENTATION_CONTEXT('2D SPACE',''
  ) );
#7775 = PCURVE('',#7776,#7781);
#7776 = PLANE('',#7777);
#7777 = AXIS2_PLACEMENT_3D('',#7778,#7779,#7780);
#7778 = CARTESIAN_POINT('',(-90.82230508962,55.,3.266E+03));
#7779 = DIRECTION('',(-0.,1.,0.));
#7780 = DIRECTION('',(0.,0.,1.));
#7781 = DEFINITIONAL_REPRESENTATION('',(#7782),#7786);
#7782 = LINE('',#7783,#7784);
#7783 = CARTESIAN_POINT('',(0.,0.));
#7784 = VECTOR('',#7785,1.);
#7785 = DIRECTION('',(1.,0.));
#7786 = ( GEOMETRIC_REPRESENTATION_CONTEXT(2) 
PARAMETRIC_REPRESENTATION_CONTEXT() REPRESENTATION_CONTEXT('2D SPACE',''
  ) );
#7787 = ORIENTED_EDGE('',*,*,#7788,.F.);
#7788 = EDGE_CURVE('',#7700,#7761,#7789,.T.);
#7789 = SURFACE_CURVE('',#7790,(#7794,#7801),.PCURVE_S1.);
#7790 = LINE('',#7791,#7792);
#7791 = CARTESIAN_POINT('',(-90.82230508962,-55.,3.306E+03));
#7792 = VECTOR('',#7793,1.);
#7793 = DIRECTION('',(-0.,1.,0.));
#7794 = PCURVE('',#7708,#7795);
#7795 = DEFINITIONAL_REPRESENTATION('',(#7796),#7800);
#7796 = LINE('',#7797,#7798);
#7797 = CARTESIAN_POINT('',(40.,0.));
#7798 = VECTOR('',#7799,1.);
#7799 = DIRECTION('',(0.,-1.));
#7800 = ( GEOMETRIC_REPRESENTATION_CONTEXT(2) 
PARAMETRIC_REPRESENTATION_CONTEXT() REPRESENTATION_CONTEXT('2D SPACE',''
  ) );
#7801 = PCURVE('',#7802,#7807);
#7802 = PLANE('',#7803);
#7803 = AXIS2_PLACEMENT_3D('',#7804,#7805,#7806);
#7804 = CARTESIAN_POINT('',(-90.82230508962,-55.,3.306E+03));
#7805 = DIRECTION('',(0.,0.,1.));
#7806 = DIRECTION('',(1.,0.,-0.));
#7807 = DEFINITIONAL_REPRESENTATION('',(#7808),#7812);
#7808 = LINE('',#7809,#7810);
#7809 = CARTESIAN_POINT('',(0.,0.));
#7810 = VECTOR('',#7811,1.);
#7811 = DIRECTION('',(0.,1.));
#7812 = ( GEOMETRIC_REPRESENTATION_CONTEXT(2) 
PARAMETRIC_REPRESENTATION_CONTEXT() REPRESENTATION_CONTEXT('2D SPACE',''
  ) );
#7813 = ADVANCED_FACE('',(#7814,#7969),#7748,.F.);
#7814 = FACE_BOUND('',#7815,.F.);
#7815 = EDGE_LOOP('',(#7816,#7839,#7840,#7863,#7891,#7917,#7943));
#7816 = ORIENTED_EDGE('',*,*,#7817,.F.);
#7817 = EDGE_CURVE('',#7733,#7818,#7820,.T.);
#7818 = VERTEX_POINT('',#7819);
#7819 = CARTESIAN_POINT('',(-30.82230508962,55.,3.266E+03));
#7820 = SURFACE_CURVE('',#7821,(#7825,#7832),.PCURVE_S1.);
#7821 = LINE('',#7822,#7823);
#7822 = CARTESIAN_POINT('',(-90.82230508962,55.,3.266E+03));
#7823 = VECTOR('',#7824,1.);
#7824 = DIRECTION('',(1.,0.,-0.));
#7825 = PCURVE('',#7748,#7826);
#7826 = DEFINITIONAL_REPRESENTATION('',(#7827),#7831);
#7827 = LINE('',#7828,#7829);
#7828 = CARTESIAN_POINT('',(0.,110.));
#7829 = VECTOR('',#7830,1.);
#7830 = DIRECTION('',(1.,0.));
#7831 = ( GEOMETRIC_REPRESENTATION_CONTEXT(2) 
PARAMETRIC_REPRESENTATION_CONTEXT() REPRESENTATION_CONTEXT('2D SPACE',''
  ) );
#7832 = PCURVE('',#7776,#7833);
#7833 = DEFINITIONAL_REPRESENTATION('',(#7834),#7838);
#7834 = LINE('',#7835,#7836);
#7835 = CARTESIAN_POINT('',(0.,0.));
#7836 = VECTOR('',#7837,1.);
#7837 = DIRECTION('',(0.,1.));
#7838 = ( GEOMETRIC_REPRESENTATION_CONTEXT(2) 
PARAMETRIC_REPRESENTATION_CONTEXT() REPRESENTATION_CONTEXT('2D SPACE',''
  ) );
#7839 = ORIENTED_EDGE('',*,*,#7732,.F.);
#7840 = ORIENTED_EDGE('',*,*,#7841,.T.);
#7841 = EDGE_CURVE('',#7698,#7842,#7844,.T.);
#7842 = VERTEX_POINT('',#7843);
#7843 = CARTESIAN_POINT('',(-30.82230508962,-55.,3.266E+03));
#7844 = SURFACE_CURVE('',#7845,(#7849,#7856),.PCURVE_S1.);
#7845 = LINE('',#7846,#7847);
#7846 = CARTESIAN_POINT('',(-90.82230508962,-55.,3.266E+03));
#7847 = VECTOR('',#7848,1.);
#7848 = DIRECTION('',(1.,0.,-0.));
#7849 = PCURVE('',#7748,#7850);
#7850 = DEFINITIONAL_REPRESENTATION('',(#7851),#7855);
#7851 = LINE('',#7852,#7853);
#7852 = CARTESIAN_POINT('',(0.,0.));
#7853 = VECTOR('',#7854,1.);
#7854 = DIRECTION('',(1.,0.));
#7855 = ( GEOMETRIC_REPRESENTATION_CONTEXT(2) 
PARAMETRIC_REPRESENTATION_CONTEXT() REPRESENTATION_CONTEXT('2D SPACE',''
  ) );
#7856 = PCURVE('',#7720,#7857);
#7857 = DEFINITIONAL_REPRESENTATION('',(#7858),#7862);
#7858 = LINE('',#7859,#7860);
#7859 = CARTESIAN_POINT('',(0.,0.));
#7860 = VECTOR('',#7861,1.);
#7861 = DIRECTION('',(0.,1.));
#7862 = ( GEOMETRIC_REPRESENTATION_CONTEXT(2) 
PARAMETRIC_REPRESENTATION_CONTEXT() REPRESENTATION_CONTEXT('2D SPACE',''
  ) );
#7863 = ORIENTED_EDGE('',*,*,#7864,.T.);
#7864 = EDGE_CURVE('',#7842,#7865,#7867,.T.);
#7865 = VERTEX_POINT('',#7866);
#7866 = CARTESIAN_POINT('',(-30.82230508962,-50.,3.266E+03));
#7867 = SURFACE_CURVE('',#7868,(#7872,#7879),.PCURVE_S1.);
#7868 = LINE('',#7869,#7870);
#7869 = CARTESIAN_POINT('',(-30.82230508962,-55.,3.266E+03));
#7870 = VECTOR('',#7871,1.);
#7871 = DIRECTION('',(-0.,1.,0.));
#7872 = PCURVE('',#7748,#7873);
#7873 = DEFINITIONAL_REPRESENTATION('',(#7874),#7878);
#7874 = LINE('',#7875,#7876);
#7875 = CARTESIAN_POINT('',(60.,0.));
#7876 = VECTOR('',#7877,1.);
#7877 = DIRECTION('',(0.,1.));
#7878 = ( GEOMETRIC_REPRESENTATION_CONTEXT(2) 
PARAMETRIC_REPRESENTATION_CONTEXT() REPRESENTATION_CONTEXT('2D SPACE',''
  ) );
#7879 = PCURVE('',#7880,#7885);
#7880 = PLANE('',#7881);
#7881 = AXIS2_PLACEMENT_3D('',#7882,#7883,#7884);
#7882 = CARTESIAN_POINT('',(-30.82230508962,-55.,3.266E+03));
#7883 = DIRECTION('',(1.,0.,-0.));
#7884 = DIRECTION('',(0.,0.,1.));
#7885 = DEFINITIONAL_REPRESENTATION('',(#7886),#7890);
#7886 = LINE('',#7887,#7888);
#7887 = CARTESIAN_POINT('',(0.,0.));
#7888 = VECTOR('',#7889,1.);
#7889 = DIRECTION('',(0.,-1.));
#7890 = ( GEOMETRIC_REPRESENTATION_CONTEXT(2) 
PARAMETRIC_REPRESENTATION_CONTEXT() REPRESENTATION_CONTEXT('2D SPACE',''
  ) );
#7891 = ORIENTED_EDGE('',*,*,#7892,.T.);
#7892 = EDGE_CURVE('',#7865,#7893,#7895,.T.);
#7893 = VERTEX_POINT('',#7894);
#7894 = CARTESIAN_POINT('',(-80.82230508962,-2.84217094304E-14,3.266E+03
    ));
#7895 = SURFACE_CURVE('',#7896,(#7900,#7906),.PCURVE_S1.);
#7896 = LINE('',#7897,#7898);
#7897 = CARTESIAN_POINT('',(1.138373029032,-81.96067811865,3.266E+03));
#7898 = VECTOR('',#7899,1.);
#7899 = DIRECTION('',(-0.707106781187,0.707106781187,0.));
#7900 = PCURVE('',#7748,#7901);
#7901 = DEFINITIONAL_REPRESENTATION('',(#7902),#7905);
#7902 = B_SPLINE_CURVE_WITH_KNOTS('',1,(#7903,#7904),.UNSPECIFIED.,.F.,
  .F.,(2,2),(45.199224458043,115.90990257669),.PIECEWISE_BEZIER_KNOTS.);
#7903 = CARTESIAN_POINT('',(60.,5.));
#7904 = CARTESIAN_POINT('',(10.,55.));
#7905 = ( GEOMETRIC_REPRESENTATION_CONTEXT(2) 
PARAMETRIC_REPRESENTATION_CONTEXT() REPRESENTATION_CONTEXT('2D SPACE',''
  ) );
#7906 = PCURVE('',#7907,#7912);
#7907 = PLANE('',#7908);
#7908 = AXIS2_PLACEMENT_3D('',#7909,#7910,#7911);
#7909 = CARTESIAN_POINT('',(60.599051147687,-141.4213562373,3.265E+03));
#7910 = DIRECTION('',(0.707106781187,0.707106781187,0.));
#7911 = DIRECTION('',(0.,0.,1.));
#7912 = DEFINITIONAL_REPRESENTATION('',(#7913),#7916);
#7913 = B_SPLINE_CURVE_WITH_KNOTS('',1,(#7914,#7915),.UNSPECIFIED.,.F.,
  .F.,(2,2),(45.199224458043,115.90990257669),.PIECEWISE_BEZIER_KNOTS.);
#7914 = CARTESIAN_POINT('',(1.,-129.2893218813));
#7915 = CARTESIAN_POINT('',(1.,-200.));
#7916 = ( GEOMETRIC_REPRESENTATION_CONTEXT(2) 
PARAMETRIC_REPRESENTATION_CONTEXT() REPRESENTATION_CONTEXT('2D SPACE',''
  ) );
#7917 = ORIENTED_EDGE('',*,*,#7918,.F.);
#7918 = EDGE_CURVE('',#7919,#7893,#7921,.T.);
#7919 = VERTEX_POINT('',#7920);
#7920 = CARTESIAN_POINT('',(-30.82230508962,50.,3.266E+03));
#7921 = SURFACE_CURVE('',#7922,(#7926,#7932),.PCURVE_S1.);
#7922 = LINE('',#7923,#7924);
#7923 = CARTESIAN_POINT('',(-97.07230508962,-16.25,3.266E+03));
#7924 = VECTOR('',#7925,1.);
#7925 = DIRECTION('',(-0.707106781187,-0.707106781187,0.));
#7926 = PCURVE('',#7748,#7927);
#7927 = DEFINITIONAL_REPRESENTATION('',(#7928),#7931);
#7928 = B_SPLINE_CURVE_WITH_KNOTS('',1,(#7929,#7930),.UNSPECIFIED.,.F.,
  .F.,(2,2),(-93.69164850721,-22.98097038856),.PIECEWISE_BEZIER_KNOTS.);
#7929 = CARTESIAN_POINT('',(60.,105.));
#7930 = CARTESIAN_POINT('',(10.,55.));
#7931 = ( GEOMETRIC_REPRESENTATION_CONTEXT(2) 
PARAMETRIC_REPRESENTATION_CONTEXT() REPRESENTATION_CONTEXT('2D SPACE',''
  ) );
#7932 = PCURVE('',#7933,#7938);
#7933 = PLANE('',#7934);
#7934 = AXIS2_PLACEMENT_3D('',#7935,#7936,#7937);
#7935 = CARTESIAN_POINT('',(-80.82230508962,-2.84217094304E-14,3.265E+03
    ));
#7936 = DIRECTION('',(-0.707106781187,0.707106781187,0.));
#7937 = DIRECTION('',(0.,0.,1.));
#7938 = DEFINITIONAL_REPRESENTATION('',(#7939),#7942);
#7939 = B_SPLINE_CURVE_WITH_KNOTS('',1,(#7940,#7941),.UNSPECIFIED.,.F.,
  .F.,(2,2),(-93.69164850721,-22.98097038856),.PIECEWISE_BEZIER_KNOTS.);
#7940 = CARTESIAN_POINT('',(1.,70.710678118655));
#7941 = CARTESIAN_POINT('',(1.,0.));
#7942 = ( GEOMETRIC_REPRESENTATION_CONTEXT(2) 
PARAMETRIC_REPRESENTATION_CONTEXT() REPRESENTATION_CONTEXT('2D SPACE',''
  ) );
#7943 = ORIENTED_EDGE('',*,*,#7944,.T.);
#7944 = EDGE_CURVE('',#7919,#7818,#7945,.T.);
#7945 = SURFACE_CURVE('',#7946,(#7950,#7957),.PCURVE_S1.);
#7946 = LINE('',#7947,#7948);
#7947 = CARTESIAN_POINT('',(-30.82230508962,-55.,3.266E+03));
#7948 = VECTOR('',#7949,1.);
#7949 = DIRECTION('',(-0.,1.,0.));
#7950 = PCURVE('',#7748,#7951);
#7951 = DEFINITIONAL_REPRESENTATION('',(#7952),#7956);
#7952 = LINE('',#7953,#7954);
#7953 = CARTESIAN_POINT('',(60.,0.));
#7954 = VECTOR('',#7955,1.);
#7955 = DIRECTION('',(0.,1.));
#7956 = ( GEOMETRIC_REPRESENTATION_CONTEXT(2) 
PARAMETRIC_REPRESENTATION_CONTEXT() REPRESENTATION_CONTEXT('2D SPACE',''
  ) );
#7957 = PCURVE('',#7958,#7963);
#7958 = PLANE('',#7959);
#7959 = AXIS2_PLACEMENT_3D('',#7960,#7961,#7962);
#7960 = CARTESIAN_POINT('',(-30.82230508962,-55.,3.266E+03));
#7961 = DIRECTION('',(1.,0.,-0.));
#7962 = DIRECTION('',(0.,0.,1.));
#7963 = DEFINITIONAL_REPRESENTATION('',(#7964),#7968);
#7964 = LINE('',#7965,#7966);
#7965 = CARTESIAN_POINT('',(0.,0.));
#7966 = VECTOR('',#7967,1.);
#7967 = DIRECTION('',(0.,-1.));
#7968 = ( GEOMETRIC_REPRESENTATION_CONTEXT(2) 
PARAMETRIC_REPRESENTATION_CONTEXT() REPRESENTATION_CONTEXT('2D SPACE',''
  ) );
#7969 = FACE_BOUND('',#7970,.F.);
#7970 = EDGE_LOOP('',(#7971,#7999,#8025,#8051,#8077));
#7971 = ORIENTED_EDGE('',*,*,#7972,.T.);
#7972 = EDGE_CURVE('',#7973,#7975,#7977,.T.);
#7973 = VERTEX_POINT('',#7974);
#7974 = CARTESIAN_POINT('',(-35.47915933911,-51.,3.266E+03));
#7975 = VERTEX_POINT('',#7976);
#7976 = CARTESIAN_POINT('',(-86.82230508962,-51.,3.266E+03));
#7977 = SURFACE_CURVE('',#7978,(#7982,#7988),.PCURVE_S1.);
#7978 = LINE('',#7979,#7980);
#7979 = CARTESIAN_POINT('',(-88.82230508962,-51.,3.266E+03));
#7980 = VECTOR('',#7981,1.);
#7981 = DIRECTION('',(-1.,-0.,0.));
#7982 = PCURVE('',#7748,#7983);
#7983 = DEFINITIONAL_REPRESENTATION('',(#7984),#7987);
#7984 = B_SPLINE_CURVE_WITH_KNOTS('',1,(#7985,#7986),.UNSPECIFIED.,.F.,
  .F.,(2,2),(-53.3431457505,-2.),.PIECEWISE_BEZIER_KNOTS.);
#7985 = CARTESIAN_POINT('',(55.343145750508,4.));
#7986 = CARTESIAN_POINT('',(4.,4.));
#7987 = ( GEOMETRIC_REPRESENTATION_CONTEXT(2) 
PARAMETRIC_REPRESENTATION_CONTEXT() REPRESENTATION_CONTEXT('2D SPACE',''
  ) );
#7988 = PCURVE('',#7989,#7994);
#7989 = PLANE('',#7990);
#7990 = AXIS2_PLACEMENT_3D('',#7991,#7992,#7993);
#7991 = CARTESIAN_POINT('',(-86.82230508962,-51.,3.265E+03));
#7992 = DIRECTION('',(-0.,1.,0.));
#7993 = DIRECTION('',(0.,0.,1.));
#7994 = DEFINITIONAL_REPRESENTATION('',(#7995),#7998);
#7995 = B_SPLINE_CURVE_WITH_KNOTS('',1,(#7996,#7997),.UNSPECIFIED.,.F.,
  .F.,(2,2),(-53.3431457505,-2.),.PIECEWISE_BEZIER_KNOTS.);
#7996 = CARTESIAN_POINT('',(1.,51.343145750508));
#7997 = CARTESIAN_POINT('',(1.,0.));
#7998 = ( GEOMETRIC_REPRESENTATION_CONTEXT(2) 
PARAMETRIC_REPRESENTATION_CONTEXT() REPRESENTATION_CONTEXT('2D SPACE',''
  ) );
#7999 = ORIENTED_EDGE('',*,*,#8000,.T.);
#8000 = EDGE_CURVE('',#7975,#8001,#8003,.T.);
#8001 = VERTEX_POINT('',#8002);
#8002 = CARTESIAN_POINT('',(-86.82230508962,51.,3.266E+03));
#8003 = SURFACE_CURVE('',#8004,(#8008,#8014),.PCURVE_S1.);
#8004 = LINE('',#8005,#8006);
#8005 = CARTESIAN_POINT('',(-86.82230508962,-53.,3.266E+03));
#8006 = VECTOR('',#8007,1.);
#8007 = DIRECTION('',(-0.,1.,0.));
#8008 = PCURVE('',#7748,#8009);
#8009 = DEFINITIONAL_REPRESENTATION('',(#8010),#8013);
#8010 = B_SPLINE_CURVE_WITH_KNOTS('',1,(#8011,#8012),.UNSPECIFIED.,.F.,
  .F.,(2,2),(2.,104.),.PIECEWISE_BEZIER_KNOTS.);
#8011 = CARTESIAN_POINT('',(4.,4.));
#8012 = CARTESIAN_POINT('',(4.,106.));
#8013 = ( GEOMETRIC_REPRESENTATION_CONTEXT(2) 
PARAMETRIC_REPRESENTATION_CONTEXT() REPRESENTATION_CONTEXT('2D SPACE',''
  ) );
#8014 = PCURVE('',#8015,#8020);
#8015 = PLANE('',#8016);
#8016 = AXIS2_PLACEMENT_3D('',#8017,#8018,#8019);
#8017 = CARTESIAN_POINT('',(-86.82230508962,-51.,3.265E+03));
#8018 = DIRECTION('',(1.,0.,-0.));
#8019 = DIRECTION('',(0.,0.,1.));
#8020 = DEFINITIONAL_REPRESENTATION('',(#8021),#8024);
#8021 = B_SPLINE_CURVE_WITH_KNOTS('',1,(#8022,#8023),.UNSPECIFIED.,.F.,
  .F.,(2,2),(2.,104.),.PIECEWISE_BEZIER_KNOTS.);
#8022 = CARTESIAN_POINT('',(1.,0.));
#8023 = CARTESIAN_POINT('',(1.,-102.));
#8024 = ( GEOMETRIC_REPRESENTATION_CONTEXT(2) 
PARAMETRIC_REPRESENTATION_CONTEXT() REPRESENTATION_CONTEXT('2D SPACE',''
  ) );
#8025 = ORIENTED_EDGE('',*,*,#8026,.F.);
#8026 = EDGE_CURVE('',#8027,#8001,#8029,.T.);
#8027 = VERTEX_POINT('',#8028);
#8028 = CARTESIAN_POINT('',(-35.47915933911,51.,3.266E+03));
#8029 = SURFACE_CURVE('',#8030,(#8034,#8040),.PCURVE_S1.);
#8030 = LINE('',#8031,#8032);
#8031 = CARTESIAN_POINT('',(-88.82230508962,51.,3.266E+03));
#8032 = VECTOR('',#8033,1.);
#8033 = DIRECTION('',(-1.,-0.,0.));
#8034 = PCURVE('',#7748,#8035);
#8035 = DEFINITIONAL_REPRESENTATION('',(#8036),#8039);
#8036 = B_SPLINE_CURVE_WITH_KNOTS('',1,(#8037,#8038),.UNSPECIFIED.,.F.,
  .F.,(2,2),(-53.3431457505,-2.),.PIECEWISE_BEZIER_KNOTS.);
#8037 = CARTESIAN_POINT('',(55.343145750508,106.));
#8038 = CARTESIAN_POINT('',(4.,106.));
#8039 = ( GEOMETRIC_REPRESENTATION_CONTEXT(2) 
PARAMETRIC_REPRESENTATION_CONTEXT() REPRESENTATION_CONTEXT('2D SPACE',''
  ) );
#8040 = PCURVE('',#8041,#8046);
#8041 = PLANE('',#8042);
#8042 = AXIS2_PLACEMENT_3D('',#8043,#8044,#8045);
#8043 = CARTESIAN_POINT('',(-86.82230508962,51.,3.265E+03));
#8044 = DIRECTION('',(-0.,1.,0.));
#8045 = DIRECTION('',(0.,0.,1.));
#8046 = DEFINITIONAL_REPRESENTATION('',(#8047),#8050);
#8047 = B_SPLINE_CURVE_WITH_KNOTS('',1,(#8048,#8049),.UNSPECIFIED.,.F.,
  .F.,(2,2),(-53.3431457505,-2.),.PIECEWISE_BEZIER_KNOTS.);
#8048 = CARTESIAN_POINT('',(1.,51.343145750508));
#8049 = CARTESIAN_POINT('',(1.,0.));
#8050 = ( GEOMETRIC_REPRESENTATION_CONTEXT(2) 
PARAMETRIC_REPRESENTATION_CONTEXT() REPRESENTATION_CONTEXT('2D SPACE',''
  ) );
#8051 = ORIENTED_EDGE('',*,*,#8052,.T.);
#8052 = EDGE_CURVE('',#8027,#8053,#8055,.T.);
#8053 = VERTEX_POINT('',#8054);
#8054 = CARTESIAN_POINT('',(-86.47915933911,-2.84217094304E-14,3.266E+03
    ));
#8055 = SURFACE_CURVE('',#8056,(#8060,#8066),.PCURVE_S1.);
#8056 = LINE('',#8057,#8058);
#8057 = CARTESIAN_POINT('',(-101.3149457767,-14.83578643762,3.266E+03));
#8058 = VECTOR('',#8059,1.);
#8059 = DIRECTION('',(-0.707106781187,-0.707106781187,0.));
#8060 = PCURVE('',#7748,#8061);
#8061 = DEFINITIONAL_REPRESENTATION('',(#8062),#8065);
#8062 = B_SPLINE_CURVE_WITH_KNOTS('',1,(#8063,#8064),.UNSPECIFIED.,.F.,
  .F.,(2,2),(-93.10586206959,-20.98097038856),.PIECEWISE_BEZIER_KNOTS.);
#8063 = CARTESIAN_POINT('',(55.343145750508,106.));
#8064 = CARTESIAN_POINT('',(4.343145750508,55.));
#8065 = ( GEOMETRIC_REPRESENTATION_CONTEXT(2) 
PARAMETRIC_REPRESENTATION_CONTEXT() REPRESENTATION_CONTEXT('2D SPACE',''
  ) );
#8066 = PCURVE('',#8067,#8072);
#8067 = PLANE('',#8068);
#8068 = AXIS2_PLACEMENT_3D('',#8069,#8070,#8071);
#8069 = CARTESIAN_POINT('',(-86.47915933911,-2.84217094304E-14,3.264E+03
    ));
#8070 = DIRECTION('',(-0.707106781187,0.707106781187,0.));
#8071 = DIRECTION('',(0.,0.,1.));
#8072 = DEFINITIONAL_REPRESENTATION('',(#8073),#8076);
#8073 = B_SPLINE_CURVE_WITH_KNOTS('',1,(#8074,#8075),.UNSPECIFIED.,.F.,
  .F.,(2,2),(-93.10586206959,-20.98097038856),.PIECEWISE_BEZIER_KNOTS.);
#8074 = CARTESIAN_POINT('',(2.,72.124891681028));
#8075 = CARTESIAN_POINT('',(2.,0.));
#8076 = ( GEOMETRIC_REPRESENTATION_CONTEXT(2) 
PARAMETRIC_REPRESENTATION_CONTEXT() REPRESENTATION_CONTEXT('2D SPACE',''
  ) );
#8077 = ORIENTED_EDGE('',*,*,#8078,.F.);
#8078 = EDGE_CURVE('',#7973,#8053,#8079,.T.);
#8079 = SURFACE_CURVE('',#8080,(#8084,#8090),.PCURVE_S1.);
#8080 = LINE('',#8081,#8082);
#8081 = CARTESIAN_POINT('',(-3.104267658087,-83.37489168102,3.266E+03));
#8082 = VECTOR('',#8083,1.);
#8083 = DIRECTION('',(-0.707106781187,0.707106781187,0.));
#8084 = PCURVE('',#7748,#8085);
#8085 = DEFINITIONAL_REPRESENTATION('',(#8086),#8089);
#8086 = B_SPLINE_CURVE_WITH_KNOTS('',1,(#8087,#8088),.UNSPECIFIED.,.F.,
  .F.,(2,2),(45.785010895669,117.90990257669),.PIECEWISE_BEZIER_KNOTS.);
#8087 = CARTESIAN_POINT('',(55.343145750508,4.));
#8088 = CARTESIAN_POINT('',(4.343145750508,55.));
#8089 = ( GEOMETRIC_REPRESENTATION_CONTEXT(2) 
PARAMETRIC_REPRESENTATION_CONTEXT() REPRESENTATION_CONTEXT('2D SPACE',''
  ) );
#8090 = PCURVE('',#8091,#8096);
#8091 = PLANE('',#8092);
#8092 = AXIS2_PLACEMENT_3D('',#8093,#8094,#8095);
#8093 = CARTESIAN_POINT('',(54.942196898195,-141.4213562373,3.264E+03));
#8094 = DIRECTION('',(0.707106781187,0.707106781187,0.));
#8095 = DIRECTION('',(0.,0.,1.));
#8096 = DEFINITIONAL_REPRESENTATION('',(#8097),#8100);
#8097 = B_SPLINE_CURVE_WITH_KNOTS('',1,(#8098,#8099),.UNSPECIFIED.,.F.,
  .F.,(2,2),(45.785010895669,117.90990257669),.PIECEWISE_BEZIER_KNOTS.);
#8098 = CARTESIAN_POINT('',(2.,-127.8751083189));
#8099 = CARTESIAN_POINT('',(2.,-200.));
#8100 = ( GEOMETRIC_REPRESENTATION_CONTEXT(2) 
PARAMETRIC_REPRESENTATION_CONTEXT() REPRESENTATION_CONTEXT('2D SPACE',''
  ) );
#8101 = ADVANCED_FACE('',(#8102),#8015,.T.);
#8102 = FACE_BOUND('',#8103,.T.);
#8103 = EDGE_LOOP('',(#8104,#8127,#8128,#8151));
#8104 = ORIENTED_EDGE('',*,*,#8105,.F.);
#8105 = EDGE_CURVE('',#7975,#8106,#8108,.T.);
#8106 = VERTEX_POINT('',#8107);
#8107 = CARTESIAN_POINT('',(-86.82230508962,-51.,3.282E+03));
#8108 = SURFACE_CURVE('',#8109,(#8113,#8120),.PCURVE_S1.);
#8109 = LINE('',#8110,#8111);
#8110 = CARTESIAN_POINT('',(-86.82230508962,-51.,3.265E+03));
#8111 = VECTOR('',#8112,1.);
#8112 = DIRECTION('',(0.,0.,1.));
#8113 = PCURVE('',#8015,#8114);
#8114 = DEFINITIONAL_REPRESENTATION('',(#8115),#8119);
#8115 = LINE('',#8116,#8117);
#8116 = CARTESIAN_POINT('',(0.,0.));
#8117 = VECTOR('',#8118,1.);
#8118 = DIRECTION('',(1.,0.));
#8119 = ( GEOMETRIC_REPRESENTATION_CONTEXT(2) 
PARAMETRIC_REPRESENTATION_CONTEXT() REPRESENTATION_CONTEXT('2D SPACE',''
  ) );
#8120 = PCURVE('',#7989,#8121);
#8121 = DEFINITIONAL_REPRESENTATION('',(#8122),#8126);
#8122 = LINE('',#8123,#8124);
#8123 = CARTESIAN_POINT('',(0.,0.));
#8124 = VECTOR('',#8125,1.);
#8125 = DIRECTION('',(1.,0.));
#8126 = ( GEOMETRIC_REPRESENTATION_CONTEXT(2) 
PARAMETRIC_REPRESENTATION_CONTEXT() REPRESENTATION_CONTEXT('2D SPACE',''
  ) );
#8127 = ORIENTED_EDGE('',*,*,#8000,.T.);
#8128 = ORIENTED_EDGE('',*,*,#8129,.T.);
#8129 = EDGE_CURVE('',#8001,#8130,#8132,.T.);
#8130 = VERTEX_POINT('',#8131);
#8131 = CARTESIAN_POINT('',(-86.82230508962,51.,3.282E+03));
#8132 = SURFACE_CURVE('',#8133,(#8137,#8144),.PCURVE_S1.);
#8133 = LINE('',#8134,#8135);
#8134 = CARTESIAN_POINT('',(-86.82230508962,51.,3.265E+03));
#8135 = VECTOR('',#8136,1.);
#8136 = DIRECTION('',(0.,0.,1.));
#8137 = PCURVE('',#8015,#8138);
#8138 = DEFINITIONAL_REPRESENTATION('',(#8139),#8143);
#8139 = LINE('',#8140,#8141);
#8140 = CARTESIAN_POINT('',(0.,-102.));
#8141 = VECTOR('',#8142,1.);
#8142 = DIRECTION('',(1.,0.));
#8143 = ( GEOMETRIC_REPRESENTATION_CONTEXT(2) 
PARAMETRIC_REPRESENTATION_CONTEXT() REPRESENTATION_CONTEXT('2D SPACE',''
  ) );
#8144 = PCURVE('',#8041,#8145);
#8145 = DEFINITIONAL_REPRESENTATION('',(#8146),#8150);
#8146 = LINE('',#8147,#8148);
#8147 = CARTESIAN_POINT('',(0.,0.));
#8148 = VECTOR('',#8149,1.);
#8149 = DIRECTION('',(1.,0.));
#8150 = ( GEOMETRIC_REPRESENTATION_CONTEXT(2) 
PARAMETRIC_REPRESENTATION_CONTEXT() REPRESENTATION_CONTEXT('2D SPACE',''
  ) );
#8151 = ORIENTED_EDGE('',*,*,#8152,.F.);
#8152 = EDGE_CURVE('',#8106,#8130,#8153,.T.);
#8153 = SURFACE_CURVE('',#8154,(#8158,#8165),.PCURVE_S1.);
#8154 = LINE('',#8155,#8156);
#8155 = CARTESIAN_POINT('',(-86.82230508962,-51.,3.282E+03));
#8156 = VECTOR('',#8157,1.);
#8157 = DIRECTION('',(-0.,1.,0.));
#8158 = PCURVE('',#8015,#8159);
#8159 = DEFINITIONAL_REPRESENTATION('',(#8160),#8164);
#8160 = LINE('',#8161,#8162);
#8161 = CARTESIAN_POINT('',(17.,0.));
#8162 = VECTOR('',#8163,1.);
#8163 = DIRECTION('',(0.,-1.));
#8164 = ( GEOMETRIC_REPRESENTATION_CONTEXT(2) 
PARAMETRIC_REPRESENTATION_CONTEXT() REPRESENTATION_CONTEXT('2D SPACE',''
  ) );
#8165 = PCURVE('',#8166,#8171);
#8166 = PLANE('',#8167);
#8167 = AXIS2_PLACEMENT_3D('',#8168,#8169,#8170);
#8168 = CARTESIAN_POINT('',(-86.82230508962,-51.,3.282E+03));
#8169 = DIRECTION('',(0.,0.,1.));
#8170 = DIRECTION('',(1.,0.,-0.));
#8171 = DEFINITIONAL_REPRESENTATION('',(#8172),#8176);
#8172 = LINE('',#8173,#8174);
#8173 = CARTESIAN_POINT('',(0.,0.));
#8174 = VECTOR('',#8175,1.);
#8175 = DIRECTION('',(0.,1.));
#8176 = ( GEOMETRIC_REPRESENTATION_CONTEXT(2) 
PARAMETRIC_REPRESENTATION_CONTEXT() REPRESENTATION_CONTEXT('2D SPACE',''
  ) );
#8177 = ADVANCED_FACE('',(#8178),#8166,.F.);
#8178 = FACE_BOUND('',#8179,.F.);
#8179 = EDGE_LOOP('',(#8180,#8203,#8204,#8227,#8248));
#8180 = ORIENTED_EDGE('',*,*,#8181,.F.);
#8181 = EDGE_CURVE('',#8130,#8182,#8184,.T.);
#8182 = VERTEX_POINT('',#8183);
#8183 = CARTESIAN_POINT('',(-35.47915933911,51.,3.282E+03));
#8184 = SURFACE_CURVE('',#8185,(#8189,#8196),.PCURVE_S1.);
#8185 = LINE('',#8186,#8187);
#8186 = CARTESIAN_POINT('',(-86.82230508962,51.,3.282E+03));
#8187 = VECTOR('',#8188,1.);
#8188 = DIRECTION('',(1.,0.,-0.));
#8189 = PCURVE('',#8166,#8190);
#8190 = DEFINITIONAL_REPRESENTATION('',(#8191),#8195);
#8191 = LINE('',#8192,#8193);
#8192 = CARTESIAN_POINT('',(0.,102.));
#8193 = VECTOR('',#8194,1.);
#8194 = DIRECTION('',(1.,0.));
#8195 = ( GEOMETRIC_REPRESENTATION_CONTEXT(2) 
PARAMETRIC_REPRESENTATION_CONTEXT() REPRESENTATION_CONTEXT('2D SPACE',''
  ) );
#8196 = PCURVE('',#8041,#8197);
#8197 = DEFINITIONAL_REPRESENTATION('',(#8198),#8202);
#8198 = LINE('',#8199,#8200);
#8199 = CARTESIAN_POINT('',(17.,0.));
#8200 = VECTOR('',#8201,1.);
#8201 = DIRECTION('',(0.,1.));
#8202 = ( GEOMETRIC_REPRESENTATION_CONTEXT(2) 
PARAMETRIC_REPRESENTATION_CONTEXT() REPRESENTATION_CONTEXT('2D SPACE',''
  ) );
#8203 = ORIENTED_EDGE('',*,*,#8152,.F.);
#8204 = ORIENTED_EDGE('',*,*,#8205,.T.);
#8205 = EDGE_CURVE('',#8106,#8206,#8208,.T.);
#8206 = VERTEX_POINT('',#8207);
#8207 = CARTESIAN_POINT('',(-35.47915933911,-51.,3.282E+03));
#8208 = SURFACE_CURVE('',#8209,(#8213,#8220),.PCURVE_S1.);
#8209 = LINE('',#8210,#8211);
#8210 = CARTESIAN_POINT('',(-86.82230508962,-51.,3.282E+03));
#8211 = VECTOR('',#8212,1.);
#8212 = DIRECTION('',(1.,0.,-0.));
#8213 = PCURVE('',#8166,#8214);
#8214 = DEFINITIONAL_REPRESENTATION('',(#8215),#8219);
#8215 = LINE('',#8216,#8217);
#8216 = CARTESIAN_POINT('',(0.,0.));
#8217 = VECTOR('',#8218,1.);
#8218 = DIRECTION('',(1.,0.));
#8219 = ( GEOMETRIC_REPRESENTATION_CONTEXT(2) 
PARAMETRIC_REPRESENTATION_CONTEXT() REPRESENTATION_CONTEXT('2D SPACE',''
  ) );
#8220 = PCURVE('',#7989,#8221);
#8221 = DEFINITIONAL_REPRESENTATION('',(#8222),#8226);
#8222 = LINE('',#8223,#8224);
#8223 = CARTESIAN_POINT('',(17.,0.));
#8224 = VECTOR('',#8225,1.);
#8225 = DIRECTION('',(0.,1.));
#8226 = ( GEOMETRIC_REPRESENTATION_CONTEXT(2) 
PARAMETRIC_REPRESENTATION_CONTEXT() REPRESENTATION_CONTEXT('2D SPACE',''
  ) );
#8227 = ORIENTED_EDGE('',*,*,#8228,.T.);
#8228 = EDGE_CURVE('',#8206,#8229,#8231,.T.);
#8229 = VERTEX_POINT('',#8230);
#8230 = CARTESIAN_POINT('',(-86.47915933911,-2.84217094304E-14,3.282E+03
    ));
#8231 = SURFACE_CURVE('',#8232,(#8236,#8242),.PCURVE_S1.);
#8232 = LINE('',#8233,#8234);
#8233 = CARTESIAN_POINT('',(-3.104267658087,-83.37489168102,3.282E+03));
#8234 = VECTOR('',#8235,1.);
#8235 = DIRECTION('',(-0.707106781187,0.707106781187,0.));
#8236 = PCURVE('',#8166,#8237);
#8237 = DEFINITIONAL_REPRESENTATION('',(#8238),#8241);
#8238 = B_SPLINE_CURVE_WITH_KNOTS('',1,(#8239,#8240),.UNSPECIFIED.,.F.,
  .F.,(2,2),(45.785010895669,117.90990257669),.PIECEWISE_BEZIER_KNOTS.);
#8239 = CARTESIAN_POINT('',(51.343145750508,-7.105427357601E-15));
#8240 = CARTESIAN_POINT('',(0.343145750508,51.));
#8241 = ( GEOMETRIC_REPRESENTATION_CONTEXT(2) 
PARAMETRIC_REPRESENTATION_CONTEXT() REPRESENTATION_CONTEXT('2D SPACE',''
  ) );
#8242 = PCURVE('',#8091,#8243);
#8243 = DEFINITIONAL_REPRESENTATION('',(#8244),#8247);
#8244 = B_SPLINE_CURVE_WITH_KNOTS('',1,(#8245,#8246),.UNSPECIFIED.,.F.,
  .F.,(2,2),(45.785010895669,117.90990257669),.PIECEWISE_BEZIER_KNOTS.);
#8245 = CARTESIAN_POINT('',(18.,-127.8751083189));
#8246 = CARTESIAN_POINT('',(18.,-200.));
#8247 = ( GEOMETRIC_REPRESENTATION_CONTEXT(2) 
PARAMETRIC_REPRESENTATION_CONTEXT() REPRESENTATION_CONTEXT('2D SPACE',''
  ) );
#8248 = ORIENTED_EDGE('',*,*,#8249,.F.);
#8249 = EDGE_CURVE('',#8182,#8229,#8250,.T.);
#8250 = SURFACE_CURVE('',#8251,(#8255,#8261),.PCURVE_S1.);
#8251 = LINE('',#8252,#8253);
#8252 = CARTESIAN_POINT('',(-99.31494577674,-12.83578643762,3.282E+03));
#8253 = VECTOR('',#8254,1.);
#8254 = DIRECTION('',(-0.707106781187,-0.707106781187,0.));
#8255 = PCURVE('',#8166,#8256);
#8256 = DEFINITIONAL_REPRESENTATION('',(#8257),#8260);
#8257 = B_SPLINE_CURVE_WITH_KNOTS('',1,(#8258,#8259),.UNSPECIFIED.,.F.,
  .F.,(2,2),(-90.27743494484,-18.15254326381),.PIECEWISE_BEZIER_KNOTS.);
#8258 = CARTESIAN_POINT('',(51.343145750508,102.));
#8259 = CARTESIAN_POINT('',(0.343145750508,51.));
#8260 = ( GEOMETRIC_REPRESENTATION_CONTEXT(2) 
PARAMETRIC_REPRESENTATION_CONTEXT() REPRESENTATION_CONTEXT('2D SPACE',''
  ) );
#8261 = PCURVE('',#8067,#8262);
#8262 = DEFINITIONAL_REPRESENTATION('',(#8263),#8266);
#8263 = B_SPLINE_CURVE_WITH_KNOTS('',1,(#8264,#8265),.UNSPECIFIED.,.F.,
  .F.,(2,2),(-90.27743494484,-18.15254326381),.PIECEWISE_BEZIER_KNOTS.);
#8264 = CARTESIAN_POINT('',(18.,72.124891681028));
#8265 = CARTESIAN_POINT('',(18.,0.));
#8266 = ( GEOMETRIC_REPRESENTATION_CONTEXT(2) 
PARAMETRIC_REPRESENTATION_CONTEXT() REPRESENTATION_CONTEXT('2D SPACE',''
  ) );
#8267 = ADVANCED_FACE('',(#8268),#8041,.F.);
#8268 = FACE_BOUND('',#8269,.F.);
#8269 = EDGE_LOOP('',(#8270,#8271,#8272,#8273));
#8270 = ORIENTED_EDGE('',*,*,#8026,.T.);
#8271 = ORIENTED_EDGE('',*,*,#8129,.T.);
#8272 = ORIENTED_EDGE('',*,*,#8181,.T.);
#8273 = ORIENTED_EDGE('',*,*,#8274,.F.);
#8274 = EDGE_CURVE('',#8027,#8182,#8275,.T.);
#8275 = SURFACE_CURVE('',#8276,(#8280,#8286),.PCURVE_S1.);
#8276 = LINE('',#8277,#8278);
#8277 = CARTESIAN_POINT('',(-35.47915933911,51.,3.2645E+03));
#8278 = VECTOR('',#8279,1.);
#8279 = DIRECTION('',(0.,0.,1.));
#8280 = PCURVE('',#8041,#8281);
#8281 = DEFINITIONAL_REPRESENTATION('',(#8282),#8285);
#8282 = B_SPLINE_CURVE_WITH_KNOTS('',1,(#8283,#8284),.UNSPECIFIED.,.F.,
  .F.,(2,2),(0.5,17.5),.PIECEWISE_BEZIER_KNOTS.);
#8283 = CARTESIAN_POINT('',(0.,51.343145750508));
#8284 = CARTESIAN_POINT('',(17.,51.343145750508));
#8285 = ( GEOMETRIC_REPRESENTATION_CONTEXT(2) 
PARAMETRIC_REPRESENTATION_CONTEXT() REPRESENTATION_CONTEXT('2D SPACE',''
  ) );
#8286 = PCURVE('',#8067,#8287);
#8287 = DEFINITIONAL_REPRESENTATION('',(#8288),#8291);
#8288 = B_SPLINE_CURVE_WITH_KNOTS('',1,(#8289,#8290),.UNSPECIFIED.,.F.,
  .F.,(2,2),(0.5,17.5),.PIECEWISE_BEZIER_KNOTS.);
#8289 = CARTESIAN_POINT('',(1.,72.124891681028));
#8290 = CARTESIAN_POINT('',(18.,72.124891681028));
#8291 = ( GEOMETRIC_REPRESENTATION_CONTEXT(2) 
PARAMETRIC_REPRESENTATION_CONTEXT() REPRESENTATION_CONTEXT('2D SPACE',''
  ) );
#8292 = ADVANCED_FACE('',(#8293),#8067,.T.);
#8293 = FACE_BOUND('',#8294,.T.);
#8294 = EDGE_LOOP('',(#8295,#8296,#8297,#8318));
#8295 = ORIENTED_EDGE('',*,*,#8274,.F.);
#8296 = ORIENTED_EDGE('',*,*,#8052,.T.);
#8297 = ORIENTED_EDGE('',*,*,#8298,.T.);
#8298 = EDGE_CURVE('',#8053,#8229,#8299,.T.);
#8299 = SURFACE_CURVE('',#8300,(#8304,#8311),.PCURVE_S1.);
#8300 = LINE('',#8301,#8302);
#8301 = CARTESIAN_POINT('',(-86.47915933911,-2.84217094304E-14,3.264E+03
    ));
#8302 = VECTOR('',#8303,1.);
#8303 = DIRECTION('',(0.,0.,1.));
#8304 = PCURVE('',#8067,#8305);
#8305 = DEFINITIONAL_REPRESENTATION('',(#8306),#8310);
#8306 = LINE('',#8307,#8308);
#8307 = CARTESIAN_POINT('',(0.,0.));
#8308 = VECTOR('',#8309,1.);
#8309 = DIRECTION('',(1.,0.));
#8310 = ( GEOMETRIC_REPRESENTATION_CONTEXT(2) 
PARAMETRIC_REPRESENTATION_CONTEXT() REPRESENTATION_CONTEXT('2D SPACE',''
  ) );
#8311 = PCURVE('',#8091,#8312);
#8312 = DEFINITIONAL_REPRESENTATION('',(#8313),#8317);
#8313 = LINE('',#8314,#8315);
#8314 = CARTESIAN_POINT('',(0.,-200.));
#8315 = VECTOR('',#8316,1.);
#8316 = DIRECTION('',(1.,0.));
#8317 = ( GEOMETRIC_REPRESENTATION_CONTEXT(2) 
PARAMETRIC_REPRESENTATION_CONTEXT() REPRESENTATION_CONTEXT('2D SPACE',''
  ) );
#8318 = ORIENTED_EDGE('',*,*,#8249,.F.);
#8319 = ADVANCED_FACE('',(#8320),#8091,.F.);
#8320 = FACE_BOUND('',#8321,.F.);
#8321 = EDGE_LOOP('',(#8322,#8323,#8324,#8325));
#8322 = ORIENTED_EDGE('',*,*,#8078,.T.);
#8323 = ORIENTED_EDGE('',*,*,#8298,.T.);
#8324 = ORIENTED_EDGE('',*,*,#8228,.F.);
#8325 = ORIENTED_EDGE('',*,*,#8326,.T.);
#8326 = EDGE_CURVE('',#8206,#7973,#8327,.T.);
#8327 = SURFACE_CURVE('',#8328,(#8332,#8338),.PCURVE_S1.);
#8328 = LINE('',#8329,#8330);
#8329 = CARTESIAN_POINT('',(-35.47915933911,-51.,3.2645E+03));
#8330 = VECTOR('',#8331,1.);
#8331 = DIRECTION('',(0.,0.,-1.));
#8332 = PCURVE('',#8091,#8333);
#8333 = DEFINITIONAL_REPRESENTATION('',(#8334),#8337);
#8334 = B_SPLINE_CURVE_WITH_KNOTS('',1,(#8335,#8336),.UNSPECIFIED.,.F.,
  .F.,(2,2),(-17.5,-0.5),.PIECEWISE_BEZIER_KNOTS.);
#8335 = CARTESIAN_POINT('',(18.,-127.8751083189));
#8336 = CARTESIAN_POINT('',(1.,-127.8751083189));
#8337 = ( GEOMETRIC_REPRESENTATION_CONTEXT(2) 
PARAMETRIC_REPRESENTATION_CONTEXT() REPRESENTATION_CONTEXT('2D SPACE',''
  ) );
#8338 = PCURVE('',#7989,#8339);
#8339 = DEFINITIONAL_REPRESENTATION('',(#8340),#8343);
#8340 = B_SPLINE_CURVE_WITH_KNOTS('',1,(#8341,#8342),.UNSPECIFIED.,.F.,
  .F.,(2,2),(-17.5,-0.5),.PIECEWISE_BEZIER_KNOTS.);
#8341 = CARTESIAN_POINT('',(17.,51.343145750508));
#8342 = CARTESIAN_POINT('',(0.,51.343145750508));
#8343 = ( GEOMETRIC_REPRESENTATION_CONTEXT(2) 
PARAMETRIC_REPRESENTATION_CONTEXT() REPRESENTATION_CONTEXT('2D SPACE',''
  ) );
#8344 = ADVANCED_FACE('',(#8345),#7989,.T.);
#8345 = FACE_BOUND('',#8346,.T.);
#8346 = EDGE_LOOP('',(#8347,#8348,#8349,#8350));
#8347 = ORIENTED_EDGE('',*,*,#7972,.T.);
#8348 = ORIENTED_EDGE('',*,*,#8105,.T.);
#8349 = ORIENTED_EDGE('',*,*,#8205,.T.);
#8350 = ORIENTED_EDGE('',*,*,#8326,.T.);
#8351 = ADVANCED_FACE('',(#8352),#7880,.T.);
#8352 = FACE_BOUND('',#8353,.T.);
#8353 = EDGE_LOOP('',(#8354,#8379,#8400,#8401));
#8354 = ORIENTED_EDGE('',*,*,#8355,.F.);
#8355 = EDGE_CURVE('',#8356,#8358,#8360,.T.);
#8356 = VERTEX_POINT('',#8357);
#8357 = CARTESIAN_POINT('',(-30.82230508962,-55.,3.306E+03));
#8358 = VERTEX_POINT('',#8359);
#8359 = CARTESIAN_POINT('',(-30.82230508962,-50.,3.306E+03));
#8360 = SURFACE_CURVE('',#8361,(#8365,#8372),.PCURVE_S1.);
#8361 = LINE('',#8362,#8363);
#8362 = CARTESIAN_POINT('',(-30.82230508962,-55.,3.306E+03));
#8363 = VECTOR('',#8364,1.);
#8364 = DIRECTION('',(-0.,1.,0.));
#8365 = PCURVE('',#7880,#8366);
#8366 = DEFINITIONAL_REPRESENTATION('',(#8367),#8371);
#8367 = LINE('',#8368,#8369);
#8368 = CARTESIAN_POINT('',(40.,0.));
#8369 = VECTOR('',#8370,1.);
#8370 = DIRECTION('',(0.,-1.));
#8371 = ( GEOMETRIC_REPRESENTATION_CONTEXT(2) 
PARAMETRIC_REPRESENTATION_CONTEXT() REPRESENTATION_CONTEXT('2D SPACE',''
  ) );
#8372 = PCURVE('',#7802,#8373);
#8373 = DEFINITIONAL_REPRESENTATION('',(#8374),#8378);
#8374 = LINE('',#8375,#8376);
#8375 = CARTESIAN_POINT('',(60.,0.));
#8376 = VECTOR('',#8377,1.);
#8377 = DIRECTION('',(0.,1.));
#8378 = ( GEOMETRIC_REPRESENTATION_CONTEXT(2) 
PARAMETRIC_REPRESENTATION_CONTEXT() REPRESENTATION_CONTEXT('2D SPACE',''
  ) );
#8379 = ORIENTED_EDGE('',*,*,#8380,.F.);
#8380 = EDGE_CURVE('',#7842,#8356,#8381,.T.);
#8381 = SURFACE_CURVE('',#8382,(#8386,#8393),.PCURVE_S1.);
#8382 = LINE('',#8383,#8384);
#8383 = CARTESIAN_POINT('',(-30.82230508962,-55.,3.266E+03));
#8384 = VECTOR('',#8385,1.);
#8385 = DIRECTION('',(0.,0.,1.));
#8386 = PCURVE('',#7880,#8387);
#8387 = DEFINITIONAL_REPRESENTATION('',(#8388),#8392);
#8388 = LINE('',#8389,#8390);
#8389 = CARTESIAN_POINT('',(0.,0.));
#8390 = VECTOR('',#8391,1.);
#8391 = DIRECTION('',(1.,0.));
#8392 = ( GEOMETRIC_REPRESENTATION_CONTEXT(2) 
PARAMETRIC_REPRESENTATION_CONTEXT() REPRESENTATION_CONTEXT('2D SPACE',''
  ) );
#8393 = PCURVE('',#7720,#8394);
#8394 = DEFINITIONAL_REPRESENTATION('',(#8395),#8399);
#8395 = LINE('',#8396,#8397);
#8396 = CARTESIAN_POINT('',(0.,60.));
#8397 = VECTOR('',#8398,1.);
#8398 = DIRECTION('',(1.,0.));
#8399 = ( GEOMETRIC_REPRESENTATION_CONTEXT(2) 
PARAMETRIC_REPRESENTATION_CONTEXT() REPRESENTATION_CONTEXT('2D SPACE',''
  ) );
#8400 = ORIENTED_EDGE('',*,*,#7864,.T.);
#8401 = ORIENTED_EDGE('',*,*,#8402,.T.);
#8402 = EDGE_CURVE('',#7865,#8358,#8403,.T.);
#8403 = SURFACE_CURVE('',#8404,(#8408,#8414),.PCURVE_S1.);
#8404 = LINE('',#8405,#8406);
#8405 = CARTESIAN_POINT('',(-30.82230508962,-50.,3.2655E+03));
#8406 = VECTOR('',#8407,1.);
#8407 = DIRECTION('',(0.,-0.,1.));
#8408 = PCURVE('',#7880,#8409);
#8409 = DEFINITIONAL_REPRESENTATION('',(#8410),#8413);
#8410 = B_SPLINE_CURVE_WITH_KNOTS('',1,(#8411,#8412),.UNSPECIFIED.,.F.,
  .F.,(2,2),(0.5,40.5),.PIECEWISE_BEZIER_KNOTS.);
#8411 = CARTESIAN_POINT('',(0.,-5.));
#8412 = CARTESIAN_POINT('',(40.,-5.));
#8413 = ( GEOMETRIC_REPRESENTATION_CONTEXT(2) 
PARAMETRIC_REPRESENTATION_CONTEXT() REPRESENTATION_CONTEXT('2D SPACE',''
  ) );
#8414 = PCURVE('',#7907,#8415);
#8415 = DEFINITIONAL_REPRESENTATION('',(#8416),#8419);
#8416 = B_SPLINE_CURVE_WITH_KNOTS('',1,(#8417,#8418),.UNSPECIFIED.,.F.,
  .F.,(2,2),(0.5,40.5),.PIECEWISE_BEZIER_KNOTS.);
#8417 = CARTESIAN_POINT('',(1.,-129.2893218813));
#8418 = CARTESIAN_POINT('',(41.,-129.2893218813));
#8419 = ( GEOMETRIC_REPRESENTATION_CONTEXT(2) 
PARAMETRIC_REPRESENTATION_CONTEXT() REPRESENTATION_CONTEXT('2D SPACE',''
  ) );
#8420 = ADVANCED_FACE('',(#8421,#8467),#7907,.T.);
#8421 = FACE_BOUND('',#8422,.T.);
#8422 = EDGE_LOOP('',(#8423,#8446,#8465,#8466));
#8423 = ORIENTED_EDGE('',*,*,#8424,.T.);
#8424 = EDGE_CURVE('',#7893,#8425,#8427,.T.);
#8425 = VERTEX_POINT('',#8426);
#8426 = CARTESIAN_POINT('',(-80.82230508962,-2.84217094304E-14,3.306E+03
    ));
#8427 = SURFACE_CURVE('',#8428,(#8432,#8439),.PCURVE_S1.);
#8428 = LINE('',#8429,#8430);
#8429 = CARTESIAN_POINT('',(-80.82230508962,-2.84217094304E-14,3.265E+03
    ));
#8430 = VECTOR('',#8431,1.);
#8431 = DIRECTION('',(0.,0.,1.));
#8432 = PCURVE('',#7907,#8433);
#8433 = DEFINITIONAL_REPRESENTATION('',(#8434),#8438);
#8434 = LINE('',#8435,#8436);
#8435 = CARTESIAN_POINT('',(0.,-200.));
#8436 = VECTOR('',#8437,1.);
#8437 = DIRECTION('',(1.,0.));
#8438 = ( GEOMETRIC_REPRESENTATION_CONTEXT(2) 
PARAMETRIC_REPRESENTATION_CONTEXT() REPRESENTATION_CONTEXT('2D SPACE',''
  ) );
#8439 = PCURVE('',#7933,#8440);
#8440 = DEFINITIONAL_REPRESENTATION('',(#8441),#8445);
#8441 = LINE('',#8442,#8443);
#8442 = CARTESIAN_POINT('',(0.,0.));
#8443 = VECTOR('',#8444,1.);
#8444 = DIRECTION('',(1.,0.));
#8445 = ( GEOMETRIC_REPRESENTATION_CONTEXT(2) 
PARAMETRIC_REPRESENTATION_CONTEXT() REPRESENTATION_CONTEXT('2D SPACE',''
  ) );
#8446 = ORIENTED_EDGE('',*,*,#8447,.F.);
#8447 = EDGE_CURVE('',#8358,#8425,#8448,.T.);
#8448 = SURFACE_CURVE('',#8449,(#8453,#8459),.PCURVE_S1.);
#8449 = LINE('',#8450,#8451);
#8450 = CARTESIAN_POINT('',(1.138373029032,-81.96067811865,3.306E+03));
#8451 = VECTOR('',#8452,1.);
#8452 = DIRECTION('',(-0.707106781187,0.707106781187,0.));
#8453 = PCURVE('',#7907,#8454);
#8454 = DEFINITIONAL_REPRESENTATION('',(#8455),#8458);
#8455 = B_SPLINE_CURVE_WITH_KNOTS('',1,(#8456,#8457),.UNSPECIFIED.,.F.,
  .F.,(2,2),(45.199224458043,115.90990257669),.PIECEWISE_BEZIER_KNOTS.);
#8456 = CARTESIAN_POINT('',(41.,-129.2893218813));
#8457 = CARTESIAN_POINT('',(41.,-200.));
#8458 = ( GEOMETRIC_REPRESENTATION_CONTEXT(2) 
PARAMETRIC_REPRESENTATION_CONTEXT() REPRESENTATION_CONTEXT('2D SPACE',''
  ) );
#8459 = PCURVE('',#7802,#8460);
#8460 = DEFINITIONAL_REPRESENTATION('',(#8461),#8464);
#8461 = B_SPLINE_CURVE_WITH_KNOTS('',1,(#8462,#8463),.UNSPECIFIED.,.F.,
  .F.,(2,2),(45.199224458043,115.90990257669),.PIECEWISE_BEZIER_KNOTS.);
#8462 = CARTESIAN_POINT('',(60.,5.));
#8463 = CARTESIAN_POINT('',(10.,55.));
#8464 = ( GEOMETRIC_REPRESENTATION_CONTEXT(2) 
PARAMETRIC_REPRESENTATION_CONTEXT() REPRESENTATION_CONTEXT('2D SPACE',''
  ) );
#8465 = ORIENTED_EDGE('',*,*,#8402,.F.);
#8466 = ORIENTED_EDGE('',*,*,#7892,.T.);
#8467 = FACE_BOUND('',#8468,.T.);
#8468 = EDGE_LOOP('',(#8469,#8497,#8523,#8549,#8575,#8601));
#8469 = ORIENTED_EDGE('',*,*,#8470,.T.);
#8470 = EDGE_CURVE('',#8471,#8473,#8475,.T.);
#8471 = VERTEX_POINT('',#8472);
#8472 = CARTESIAN_POINT('',(-40.41115254481,-40.41115254481,3.274E+03));
#8473 = VERTEX_POINT('',#8474);
#8474 = CARTESIAN_POINT('',(-33.62587436333,-47.19643072628,3.274E+03));
#8475 = SURFACE_CURVE('',#8476,(#8480,#8486),.PCURVE_S1.);
#8476 = LINE('',#8477,#8478);
#8477 = CARTESIAN_POINT('',(10.093949301438,-90.91625439106,3.274E+03));
#8478 = VECTOR('',#8479,1.);
#8479 = DIRECTION('',(0.707106781187,-0.707106781187,0.));
#8480 = PCURVE('',#7907,#8481);
#8481 = DEFINITIONAL_REPRESENTATION('',(#8482),#8485);
#8482 = B_SPLINE_CURVE_WITH_KNOTS('',1,(#8483,#8484),.UNSPECIFIED.,.F.,
  .F.,(2,2),(-96.22867593952,-57.86432188134),.PIECEWISE_BEZIER_KNOTS.);
#8483 = CARTESIAN_POINT('',(9.,-167.6536759395));
#8484 = CARTESIAN_POINT('',(9.,-129.2893218813));
#8485 = ( GEOMETRIC_REPRESENTATION_CONTEXT(2) 
PARAMETRIC_REPRESENTATION_CONTEXT() REPRESENTATION_CONTEXT('2D SPACE',''
  ) );
#8486 = PCURVE('',#8487,#8492);
#8487 = PLANE('',#8488);
#8488 = AXIS2_PLACEMENT_3D('',#8489,#8490,#8491);
#8489 = CARTESIAN_POINT('',(0.,0.,3.274E+03));
#8490 = DIRECTION('',(0.,0.,1.));
#8491 = DIRECTION('',(1.,0.,-0.));
#8492 = DEFINITIONAL_REPRESENTATION('',(#8493),#8496);
#8493 = B_SPLINE_CURVE_WITH_KNOTS('',1,(#8494,#8495),.UNSPECIFIED.,.F.,
  .F.,(2,2),(-96.22867593952,-57.86432188134),.PIECEWISE_BEZIER_KNOTS.);
#8494 = CARTESIAN_POINT('',(-57.95,-22.87230508962));
#8495 = CARTESIAN_POINT('',(-30.82230508962,-50.));
#8496 = ( GEOMETRIC_REPRESENTATION_CONTEXT(2) 
PARAMETRIC_REPRESENTATION_CONTEXT() REPRESENTATION_CONTEXT('2D SPACE',''
  ) );
#8497 = ORIENTED_EDGE('',*,*,#8498,.T.);
#8498 = EDGE_CURVE('',#8473,#8499,#8501,.T.);
#8499 = VERTEX_POINT('',#8500);
#8500 = CARTESIAN_POINT('',(-33.62587436333,-47.19643072628,3.286E+03));
#8501 = SURFACE_CURVE('',#8502,(#8506,#8512),.PCURVE_S1.);
#8502 = LINE('',#8503,#8504);
#8503 = CARTESIAN_POINT('',(-33.62587436333,-47.19643072628,3.274E+03));
#8504 = VECTOR('',#8505,1.);
#8505 = DIRECTION('',(0.,0.,1.));
#8506 = PCURVE('',#7907,#8507);
#8507 = DEFINITIONAL_REPRESENTATION('',(#8508),#8511);
#8508 = B_SPLINE_CURVE_WITH_KNOTS('',1,(#8509,#8510),.UNSPECIFIED.,.F.,
  .F.,(2,2),(-2.40000008489E-06,12.0000024),.PIECEWISE_BEZIER_KNOTS.);
#8509 = CARTESIAN_POINT('',(8.9999976,-133.2541675712));
#8510 = CARTESIAN_POINT('',(21.0000024,-133.2541675712));
#8511 = ( GEOMETRIC_REPRESENTATION_CONTEXT(2) 
PARAMETRIC_REPRESENTATION_CONTEXT() REPRESENTATION_CONTEXT('2D SPACE',''
  ) );
#8512 = PCURVE('',#8513,#8518);
#8513 = CYLINDRICAL_SURFACE('',#8514,57.95);
#8514 = AXIS2_PLACEMENT_3D('',#8515,#8516,#8517);
#8515 = CARTESIAN_POINT('',(0.,0.,3.274E+03));
#8516 = DIRECTION('',(0.,0.,1.));
#8517 = DIRECTION('',(1.,0.,-0.));
#8518 = DEFINITIONAL_REPRESENTATION('',(#8519),#8522);
#8519 = B_SPLINE_CURVE_WITH_KNOTS('',1,(#8520,#8521),.UNSPECIFIED.,.F.,
  .F.,(2,2),(0.,12.),.PIECEWISE_BEZIER_KNOTS.);
#8520 = CARTESIAN_POINT('',(4.093345166433,0.));
#8521 = CARTESIAN_POINT('',(4.093345166433,12.));
#8522 = ( GEOMETRIC_REPRESENTATION_CONTEXT(2) 
PARAMETRIC_REPRESENTATION_CONTEXT() REPRESENTATION_CONTEXT('2D SPACE',''
  ) );
#8523 = ORIENTED_EDGE('',*,*,#8524,.F.);
#8524 = EDGE_CURVE('',#8525,#8499,#8527,.T.);
#8525 = VERTEX_POINT('',#8526);
#8526 = CARTESIAN_POINT('',(-40.41115254481,-40.41115254481,3.286E+03));
#8527 = SURFACE_CURVE('',#8528,(#8532,#8538),.PCURVE_S1.);
#8528 = LINE('',#8529,#8530);
#8529 = CARTESIAN_POINT('',(10.093949301438,-90.91625439106,3.286E+03));
#8530 = VECTOR('',#8531,1.);
#8531 = DIRECTION('',(0.707106781187,-0.707106781187,0.));
#8532 = PCURVE('',#7907,#8533);
#8533 = DEFINITIONAL_REPRESENTATION('',(#8534),#8537);
#8534 = B_SPLINE_CURVE_WITH_KNOTS('',1,(#8535,#8536),.UNSPECIFIED.,.F.,
  .F.,(2,2),(-96.22867593952,-57.86432188134),.PIECEWISE_BEZIER_KNOTS.);
#8535 = CARTESIAN_POINT('',(21.,-167.6536759395));
#8536 = CARTESIAN_POINT('',(21.,-129.2893218813));
#8537 = ( GEOMETRIC_REPRESENTATION_CONTEXT(2) 
PARAMETRIC_REPRESENTATION_CONTEXT() REPRESENTATION_CONTEXT('2D SPACE',''
  ) );
#8538 = PCURVE('',#8539,#8544);
#8539 = PLANE('',#8540);
#8540 = AXIS2_PLACEMENT_3D('',#8541,#8542,#8543);
#8541 = CARTESIAN_POINT('',(0.,0.,3.286E+03));
#8542 = DIRECTION('',(0.,0.,1.));
#8543 = DIRECTION('',(1.,0.,-0.));
#8544 = DEFINITIONAL_REPRESENTATION('',(#8545),#8548);
#8545 = B_SPLINE_CURVE_WITH_KNOTS('',1,(#8546,#8547),.UNSPECIFIED.,.F.,
  .F.,(2,2),(-96.22867593952,-57.86432188134),.PIECEWISE_BEZIER_KNOTS.);
#8546 = CARTESIAN_POINT('',(-57.95,-22.87230508962));
#8547 = CARTESIAN_POINT('',(-30.82230508962,-50.));
#8548 = ( GEOMETRIC_REPRESENTATION_CONTEXT(2) 
PARAMETRIC_REPRESENTATION_CONTEXT() REPRESENTATION_CONTEXT('2D SPACE',''
  ) );
#8549 = ORIENTED_EDGE('',*,*,#8550,.F.);
#8550 = EDGE_CURVE('',#8551,#8525,#8553,.T.);
#8551 = VERTEX_POINT('',#8552);
#8552 = CARTESIAN_POINT('',(-47.19643072628,-33.62587436333,3.286E+03));
#8553 = SURFACE_CURVE('',#8554,(#8558,#8564),.PCURVE_S1.);
#8554 = LINE('',#8555,#8556);
#8555 = CARTESIAN_POINT('',(10.093949301438,-90.91625439106,3.286E+03));
#8556 = VECTOR('',#8557,1.);
#8557 = DIRECTION('',(0.707106781187,-0.707106781187,0.));
#8558 = PCURVE('',#7907,#8559);
#8559 = DEFINITIONAL_REPRESENTATION('',(#8560),#8563);
#8560 = B_SPLINE_CURVE_WITH_KNOTS('',1,(#8561,#8562),.UNSPECIFIED.,.F.,
  .F.,(2,2),(-96.22867593952,-57.86432188134),.PIECEWISE_BEZIER_KNOTS.);
#8561 = CARTESIAN_POINT('',(21.,-167.6536759395));
#8562 = CARTESIAN_POINT('',(21.,-129.2893218813));
#8563 = ( GEOMETRIC_REPRESENTATION_CONTEXT(2) 
PARAMETRIC_REPRESENTATION_CONTEXT() REPRESENTATION_CONTEXT('2D SPACE',''
  ) );
#8564 = PCURVE('',#8565,#8570);
#8565 = PLANE('',#8566);
#8566 = AXIS2_PLACEMENT_3D('',#8567,#8568,#8569);
#8567 = CARTESIAN_POINT('',(0.,0.,3.286E+03));
#8568 = DIRECTION('',(0.,0.,1.));
#8569 = DIRECTION('',(1.,0.,-0.));
#8570 = DEFINITIONAL_REPRESENTATION('',(#8571),#8574);
#8571 = B_SPLINE_CURVE_WITH_KNOTS('',1,(#8572,#8573),.UNSPECIFIED.,.F.,
  .F.,(2,2),(-96.22867593952,-57.86432188134),.PIECEWISE_BEZIER_KNOTS.);
#8572 = CARTESIAN_POINT('',(-57.95,-22.87230508962));
#8573 = CARTESIAN_POINT('',(-30.82230508962,-50.));
#8574 = ( GEOMETRIC_REPRESENTATION_CONTEXT(2) 
PARAMETRIC_REPRESENTATION_CONTEXT() REPRESENTATION_CONTEXT('2D SPACE',''
  ) );
#8575 = ORIENTED_EDGE('',*,*,#8576,.F.);
#8576 = EDGE_CURVE('',#8577,#8551,#8579,.T.);
#8577 = VERTEX_POINT('',#8578);
#8578 = CARTESIAN_POINT('',(-47.19643072628,-33.62587436333,3.274E+03));
#8579 = SURFACE_CURVE('',#8580,(#8584,#8590),.PCURVE_S1.);
#8580 = LINE('',#8581,#8582);
#8581 = CARTESIAN_POINT('',(-47.19643072628,-33.62587436333,3.274E+03));
#8582 = VECTOR('',#8583,1.);
#8583 = DIRECTION('',(0.,0.,1.));
#8584 = PCURVE('',#7907,#8585);
#8585 = DEFINITIONAL_REPRESENTATION('',(#8586),#8589);
#8586 = B_SPLINE_CURVE_WITH_KNOTS('',1,(#8587,#8588),.UNSPECIFIED.,.F.,
  .F.,(2,2),(-2.40000008489E-06,12.0000024),.PIECEWISE_BEZIER_KNOTS.);
#8587 = CARTESIAN_POINT('',(8.9999976,-152.4458324287));
#8588 = CARTESIAN_POINT('',(21.0000024,-152.4458324287));
#8589 = ( GEOMETRIC_REPRESENTATION_CONTEXT(2) 
PARAMETRIC_REPRESENTATION_CONTEXT() REPRESENTATION_CONTEXT('2D SPACE',''
  ) );
#8590 = PCURVE('',#8591,#8596);
#8591 = CYLINDRICAL_SURFACE('',#8592,57.95);
#8592 = AXIS2_PLACEMENT_3D('',#8593,#8594,#8595);
#8593 = CARTESIAN_POINT('',(0.,0.,3.274E+03));
#8594 = DIRECTION('',(0.,0.,1.));
#8595 = DIRECTION('',(1.,0.,-0.));
#8596 = DEFINITIONAL_REPRESENTATION('',(#8597),#8600);
#8597 = B_SPLINE_CURVE_WITH_KNOTS('',1,(#8598,#8599),.UNSPECIFIED.,.F.,
  .F.,(2,2),(-2.40000008489E-06,12.0000024),.PIECEWISE_BEZIER_KNOTS.);
#8598 = CARTESIAN_POINT('',(3.760636467541,-2.40000008489E-06));
#8599 = CARTESIAN_POINT('',(3.760636467541,12.0000024));
#8600 = ( GEOMETRIC_REPRESENTATION_CONTEXT(2) 
PARAMETRIC_REPRESENTATION_CONTEXT() REPRESENTATION_CONTEXT('2D SPACE',''
  ) );
#8601 = ORIENTED_EDGE('',*,*,#8602,.T.);
#8602 = EDGE_CURVE('',#8577,#8471,#8603,.T.);
#8603 = SURFACE_CURVE('',#8604,(#8608,#8614),.PCURVE_S1.);
#8604 = LINE('',#8605,#8606);
#8605 = CARTESIAN_POINT('',(10.093949301438,-90.91625439106,3.274E+03));
#8606 = VECTOR('',#8607,1.);
#8607 = DIRECTION('',(0.707106781187,-0.707106781187,0.));
#8608 = PCURVE('',#7907,#8609);
#8609 = DEFINITIONAL_REPRESENTATION('',(#8610),#8613);
#8610 = B_SPLINE_CURVE_WITH_KNOTS('',1,(#8611,#8612),.UNSPECIFIED.,.F.,
  .F.,(2,2),(-96.22867593952,-57.86432188134),.PIECEWISE_BEZIER_KNOTS.);
#8611 = CARTESIAN_POINT('',(9.,-167.6536759395));
#8612 = CARTESIAN_POINT('',(9.,-129.2893218813));
#8613 = ( GEOMETRIC_REPRESENTATION_CONTEXT(2) 
PARAMETRIC_REPRESENTATION_CONTEXT() REPRESENTATION_CONTEXT('2D SPACE',''
  ) );
#8614 = PCURVE('',#8615,#8620);
#8615 = PLANE('',#8616);
#8616 = AXIS2_PLACEMENT_3D('',#8617,#8618,#8619);
#8617 = CARTESIAN_POINT('',(0.,0.,3.274E+03));
#8618 = DIRECTION('',(0.,0.,1.));
#8619 = DIRECTION('',(1.,0.,-0.));
#8620 = DEFINITIONAL_REPRESENTATION('',(#8621),#8624);
#8621 = B_SPLINE_CURVE_WITH_KNOTS('',1,(#8622,#8623),.UNSPECIFIED.,.F.,
  .F.,(2,2),(-96.22867593952,-57.86432188134),.PIECEWISE_BEZIER_KNOTS.);
#8622 = CARTESIAN_POINT('',(-57.95,-22.87230508962));
#8623 = CARTESIAN_POINT('',(-30.82230508962,-50.));
#8624 = ( GEOMETRIC_REPRESENTATION_CONTEXT(2) 
PARAMETRIC_REPRESENTATION_CONTEXT() REPRESENTATION_CONTEXT('2D SPACE',''
  ) );
#8625 = ADVANCED_FACE('',(#8626),#8513,.T.);
#8626 = FACE_BOUND('',#8627,.T.);
#8627 = EDGE_LOOP('',(#8628,#8652,#8653,#8681));
#8628 = ORIENTED_EDGE('',*,*,#8629,.F.);
#8629 = EDGE_CURVE('',#8499,#8630,#8632,.T.);
#8630 = VERTEX_POINT('',#8631);
#8631 = CARTESIAN_POINT('',(-33.62587436333,47.196430726286,3.286E+03));
#8632 = SURFACE_CURVE('',#8633,(#8638,#8645),.PCURVE_S1.);
#8633 = CIRCLE('',#8634,57.95);
#8634 = AXIS2_PLACEMENT_3D('',#8635,#8636,#8637);
#8635 = CARTESIAN_POINT('',(0.,0.,3.286E+03));
#8636 = DIRECTION('',(0.,0.,1.));
#8637 = DIRECTION('',(-0.580256675813,-0.814433662231,0.));
#8638 = PCURVE('',#8513,#8639);
#8639 = DEFINITIONAL_REPRESENTATION('',(#8640),#8644);
#8640 = LINE('',#8641,#8642);
#8641 = CARTESIAN_POINT('',(4.093345166433,12.));
#8642 = VECTOR('',#8643,1.);
#8643 = DIRECTION('',(1.,0.));
#8644 = ( GEOMETRIC_REPRESENTATION_CONTEXT(2) 
PARAMETRIC_REPRESENTATION_CONTEXT() REPRESENTATION_CONTEXT('2D SPACE',''
  ) );
#8645 = PCURVE('',#8539,#8646);
#8646 = DEFINITIONAL_REPRESENTATION('',(#8647),#8651);
#8647 = CIRCLE('',#8648,57.95);
#8648 = AXIS2_PLACEMENT_2D('',#8649,#8650);
#8649 = CARTESIAN_POINT('',(0.,0.));
#8650 = DIRECTION('',(-0.580256675813,-0.814433662231));
#8651 = ( GEOMETRIC_REPRESENTATION_CONTEXT(2) 
PARAMETRIC_REPRESENTATION_CONTEXT() REPRESENTATION_CONTEXT('2D SPACE',''
  ) );
#8652 = ORIENTED_EDGE('',*,*,#8498,.F.);
#8653 = ORIENTED_EDGE('',*,*,#8654,.F.);
#8654 = EDGE_CURVE('',#8655,#8473,#8657,.T.);
#8655 = VERTEX_POINT('',#8656);
#8656 = CARTESIAN_POINT('',(-33.62587436333,47.196430726286,3.274E+03));
#8657 = SURFACE_CURVE('',#8658,(#8663,#8670),.PCURVE_S1.);
#8658 = CIRCLE('',#8659,57.95);
#8659 = AXIS2_PLACEMENT_3D('',#8660,#8661,#8662);
#8660 = CARTESIAN_POINT('',(0.,0.,3.274E+03));
#8661 = DIRECTION('',(0.,0.,-1.));
#8662 = DIRECTION('',(-0.580256675813,0.814433662231,0.));
#8663 = PCURVE('',#8513,#8664);
#8664 = DEFINITIONAL_REPRESENTATION('',(#8665),#8669);
#8665 = LINE('',#8666,#8667);
#8666 = CARTESIAN_POINT('',(8.473025447926,0.));
#8667 = VECTOR('',#8668,1.);
#8668 = DIRECTION('',(-1.,-0.));
#8669 = ( GEOMETRIC_REPRESENTATION_CONTEXT(2) 
PARAMETRIC_REPRESENTATION_CONTEXT() REPRESENTATION_CONTEXT('2D SPACE',''
  ) );
#8670 = PCURVE('',#8487,#8671);
#8671 = DEFINITIONAL_REPRESENTATION('',(#8672),#8680);
#8672 = ( BOUNDED_CURVE() B_SPLINE_CURVE(2,(#8673,#8674,#8675,#8676,
#8677,#8678,#8679),.UNSPECIFIED.,.T.,.F.) B_SPLINE_CURVE_WITH_KNOTS((1,2
    ,2,2,2,1),(-2.094395102393,0.,2.094395102393,4.188790204786,
6.28318530718,8.377580409573),.UNSPECIFIED.) CURVE() 
GEOMETRIC_REPRESENTATION_ITEM() RATIONAL_B_SPLINE_CURVE((1.,0.5,1.,0.5,
1.,0.5,1.)) REPRESENTATION_ITEM('') );
#8673 = CARTESIAN_POINT('',(-33.62587436333,47.196430726286));
#8674 = CARTESIAN_POINT('',(48.120741590496,105.43815357251));
#8675 = CARTESIAN_POINT('',(57.686245158584,5.52264605997));
#8676 = CARTESIAN_POINT('',(67.251748726672,-94.39286145257));
#8677 = CARTESIAN_POINT('',(-24.06037079524,-52.71907678625));
#8678 = CARTESIAN_POINT('',(-115.3724903171,-11.04529211994));
#8679 = CARTESIAN_POINT('',(-33.62587436333,47.196430726286));
#8680 = ( GEOMETRIC_REPRESENTATION_CONTEXT(2) 
PARAMETRIC_REPRESENTATION_CONTEXT() REPRESENTATION_CONTEXT('2D SPACE',''
  ) );
#8681 = ORIENTED_EDGE('',*,*,#8682,.T.);
#8682 = EDGE_CURVE('',#8655,#8630,#8683,.T.);
#8683 = SURFACE_CURVE('',#8684,(#8688,#8694),.PCURVE_S1.);
#8684 = LINE('',#8685,#8686);
#8685 = CARTESIAN_POINT('',(-33.62587436333,47.196430726286,3.274E+03));
#8686 = VECTOR('',#8687,1.);
#8687 = DIRECTION('',(0.,0.,1.));
#8688 = PCURVE('',#8513,#8689);
#8689 = DEFINITIONAL_REPRESENTATION('',(#8690),#8693);
#8690 = B_SPLINE_CURVE_WITH_KNOTS('',1,(#8691,#8692),.UNSPECIFIED.,.F.,
  .F.,(2,2),(0.,12.),.PIECEWISE_BEZIER_KNOTS.);
#8691 = CARTESIAN_POINT('',(8.473025447926,0.));
#8692 = CARTESIAN_POINT('',(8.473025447926,12.));
#8693 = ( GEOMETRIC_REPRESENTATION_CONTEXT(2) 
PARAMETRIC_REPRESENTATION_CONTEXT() REPRESENTATION_CONTEXT('2D SPACE',''
  ) );
#8694 = PCURVE('',#7933,#8695);
#8695 = DEFINITIONAL_REPRESENTATION('',(#8696),#8699);
#8696 = B_SPLINE_CURVE_WITH_KNOTS('',1,(#8697,#8698),.UNSPECIFIED.,.F.,
  .F.,(2,2),(-2.40000008489E-06,12.0000024),.PIECEWISE_BEZIER_KNOTS.);
#8697 = CARTESIAN_POINT('',(8.9999976,66.745832428716));
#8698 = CARTESIAN_POINT('',(21.0000024,66.745832428716));
#8699 = ( GEOMETRIC_REPRESENTATION_CONTEXT(2) 
PARAMETRIC_REPRESENTATION_CONTEXT() REPRESENTATION_CONTEXT('2D SPACE',''
  ) );
#8700 = ADVANCED_FACE('',(#8701),#8539,.T.);
#8701 = FACE_BOUND('',#8702,.T.);
#8702 = EDGE_LOOP('',(#8703,#8704,#8725,#8754,#8776));
#8703 = ORIENTED_EDGE('',*,*,#8629,.T.);
#8704 = ORIENTED_EDGE('',*,*,#8705,.F.);
#8705 = EDGE_CURVE('',#8706,#8630,#8708,.T.);
#8706 = VERTEX_POINT('',#8707);
#8707 = CARTESIAN_POINT('',(-40.41115371281,40.411151376803,3.286E+03));
#8708 = SURFACE_CURVE('',#8709,(#8713,#8719),.PCURVE_S1.);
#8709 = LINE('',#8710,#8711);
#8710 = CARTESIAN_POINT('',(-60.61672881721,20.205576272406,3.286E+03));
#8711 = VECTOR('',#8712,1.);
#8712 = DIRECTION('',(0.707106781187,0.707106781187,-0.));
#8713 = PCURVE('',#8539,#8714);
#8714 = DEFINITIONAL_REPRESENTATION('',(#8715),#8718);
#8715 = B_SPLINE_CURVE_WITH_KNOTS('',1,(#8716,#8717),.UNSPECIFIED.,.F.,
  .F.,(2,2),(3.771324060479,42.135678118655),.PIECEWISE_BEZIER_KNOTS.);
#8716 = CARTESIAN_POINT('',(-57.95,22.872305089622));
#8717 = CARTESIAN_POINT('',(-30.82230508962,50.));
#8718 = ( GEOMETRIC_REPRESENTATION_CONTEXT(2) 
PARAMETRIC_REPRESENTATION_CONTEXT() REPRESENTATION_CONTEXT('2D SPACE',''
  ) );
#8719 = PCURVE('',#7933,#8720);
#8720 = DEFINITIONAL_REPRESENTATION('',(#8721),#8724);
#8721 = B_SPLINE_CURVE_WITH_KNOTS('',1,(#8722,#8723),.UNSPECIFIED.,.F.,
  .F.,(2,2),(3.771324060479,42.135678118655),.PIECEWISE_BEZIER_KNOTS.);
#8722 = CARTESIAN_POINT('',(21.,32.346324060479));
#8723 = CARTESIAN_POINT('',(21.,70.710678118655));
#8724 = ( GEOMETRIC_REPRESENTATION_CONTEXT(2) 
PARAMETRIC_REPRESENTATION_CONTEXT() REPRESENTATION_CONTEXT('2D SPACE',''
  ) );
#8725 = ORIENTED_EDGE('',*,*,#8726,.F.);
#8726 = EDGE_CURVE('',#8727,#8706,#8729,.T.);
#8727 = VERTEX_POINT('',#8728);
#8728 = CARTESIAN_POINT('',(57.15,-1.399771291425E-14,3.286E+03));
#8729 = SURFACE_CURVE('',#8730,(#8735,#8742),.PCURVE_S1.);
#8730 = CIRCLE('',#8731,57.15);
#8731 = AXIS2_PLACEMENT_3D('',#8732,#8733,#8734);
#8732 = CARTESIAN_POINT('',(0.,0.,3.286E+03));
#8733 = DIRECTION('',(0.,0.,1.));
#8734 = DIRECTION('',(1.,0.,-0.));
#8735 = PCURVE('',#8539,#8736);
#8736 = DEFINITIONAL_REPRESENTATION('',(#8737),#8741);
#8737 = CIRCLE('',#8738,57.15);
#8738 = AXIS2_PLACEMENT_2D('',#8739,#8740);
#8739 = CARTESIAN_POINT('',(0.,0.));
#8740 = DIRECTION('',(1.,0.));
#8741 = ( GEOMETRIC_REPRESENTATION_CONTEXT(2) 
PARAMETRIC_REPRESENTATION_CONTEXT() REPRESENTATION_CONTEXT('2D SPACE',''
  ) );
#8742 = PCURVE('',#8743,#8748);
#8743 = CYLINDRICAL_SURFACE('',#8744,57.15);
#8744 = AXIS2_PLACEMENT_3D('',#8745,#8746,#8747);
#8745 = CARTESIAN_POINT('',(0.,0.,3.273E+03));
#8746 = DIRECTION('',(0.,0.,1.));
#8747 = DIRECTION('',(1.,0.,-0.));
#8748 = DEFINITIONAL_REPRESENTATION('',(#8749),#8753);
#8749 = LINE('',#8750,#8751);
#8750 = CARTESIAN_POINT('',(0.,13.));
#8751 = VECTOR('',#8752,1.);
#8752 = DIRECTION('',(1.,0.));
#8753 = ( GEOMETRIC_REPRESENTATION_CONTEXT(2) 
PARAMETRIC_REPRESENTATION_CONTEXT() REPRESENTATION_CONTEXT('2D SPACE',''
  ) );
#8754 = ORIENTED_EDGE('',*,*,#8755,.F.);
#8755 = EDGE_CURVE('',#8525,#8727,#8756,.T.);
#8756 = SURFACE_CURVE('',#8757,(#8762,#8769),.PCURVE_S1.);
#8757 = CIRCLE('',#8758,57.15);
#8758 = AXIS2_PLACEMENT_3D('',#8759,#8760,#8761);
#8759 = CARTESIAN_POINT('',(0.,0.,3.286E+03));
#8760 = DIRECTION('',(0.,0.,1.));
#8761 = DIRECTION('',(1.,0.,-0.));
#8762 = PCURVE('',#8539,#8763);
#8763 = DEFINITIONAL_REPRESENTATION('',(#8764),#8768);
#8764 = CIRCLE('',#8765,57.15);
#8765 = AXIS2_PLACEMENT_2D('',#8766,#8767);
#8766 = CARTESIAN_POINT('',(0.,0.));
#8767 = DIRECTION('',(1.,0.));
#8768 = ( GEOMETRIC_REPRESENTATION_CONTEXT(2) 
PARAMETRIC_REPRESENTATION_CONTEXT() REPRESENTATION_CONTEXT('2D SPACE',''
  ) );
#8769 = PCURVE('',#8743,#8770);
#8770 = DEFINITIONAL_REPRESENTATION('',(#8771),#8775);
#8771 = LINE('',#8772,#8773);
#8772 = CARTESIAN_POINT('',(0.,13.));
#8773 = VECTOR('',#8774,1.);
#8774 = DIRECTION('',(1.,0.));
#8775 = ( GEOMETRIC_REPRESENTATION_CONTEXT(2) 
PARAMETRIC_REPRESENTATION_CONTEXT() REPRESENTATION_CONTEXT('2D SPACE',''
  ) );
#8776 = ORIENTED_EDGE('',*,*,#8524,.T.);
#8777 = ADVANCED_FACE('',(#8778),#8743,.F.);
#8778 = FACE_BOUND('',#8779,.F.);
#8779 = EDGE_LOOP('',(#8780,#8804,#8825,#8826,#8848,#8849,#8850,#8874));
#8780 = ORIENTED_EDGE('',*,*,#8781,.T.);
#8781 = EDGE_CURVE('',#8471,#8782,#8784,.T.);
#8782 = VERTEX_POINT('',#8783);
#8783 = CARTESIAN_POINT('',(57.15,-1.399771291425E-14,3.274E+03));
#8784 = SURFACE_CURVE('',#8785,(#8790,#8797),.PCURVE_S1.);
#8785 = CIRCLE('',#8786,57.15);
#8786 = AXIS2_PLACEMENT_3D('',#8787,#8788,#8789);
#8787 = CARTESIAN_POINT('',(0.,0.,3.274E+03));
#8788 = DIRECTION('',(0.,0.,1.));
#8789 = DIRECTION('',(1.,0.,-0.));
#8790 = PCURVE('',#8743,#8791);
#8791 = DEFINITIONAL_REPRESENTATION('',(#8792),#8796);
#8792 = LINE('',#8793,#8794);
#8793 = CARTESIAN_POINT('',(0.,1.));
#8794 = VECTOR('',#8795,1.);
#8795 = DIRECTION('',(1.,0.));
#8796 = ( GEOMETRIC_REPRESENTATION_CONTEXT(2) 
PARAMETRIC_REPRESENTATION_CONTEXT() REPRESENTATION_CONTEXT('2D SPACE',''
  ) );
#8797 = PCURVE('',#8487,#8798);
#8798 = DEFINITIONAL_REPRESENTATION('',(#8799),#8803);
#8799 = CIRCLE('',#8800,57.15);
#8800 = AXIS2_PLACEMENT_2D('',#8801,#8802);
#8801 = CARTESIAN_POINT('',(0.,0.));
#8802 = DIRECTION('',(1.,0.));
#8803 = ( GEOMETRIC_REPRESENTATION_CONTEXT(2) 
PARAMETRIC_REPRESENTATION_CONTEXT() REPRESENTATION_CONTEXT('2D SPACE',''
  ) );
#8804 = ORIENTED_EDGE('',*,*,#8805,.T.);
#8805 = EDGE_CURVE('',#8782,#8727,#8806,.T.);
#8806 = SEAM_CURVE('',#8807,(#8811,#8818),.PCURVE_S1.);
#8807 = LINE('',#8808,#8809);
#8808 = CARTESIAN_POINT('',(57.15,-1.399771291425E-14,3.273E+03));
#8809 = VECTOR('',#8810,1.);
#8810 = DIRECTION('',(0.,0.,1.));
#8811 = PCURVE('',#8743,#8812);
#8812 = DEFINITIONAL_REPRESENTATION('',(#8813),#8817);
#8813 = LINE('',#8814,#8815);
#8814 = CARTESIAN_POINT('',(6.28318530718,-0.));
#8815 = VECTOR('',#8816,1.);
#8816 = DIRECTION('',(0.,1.));
#8817 = ( GEOMETRIC_REPRESENTATION_CONTEXT(2) 
PARAMETRIC_REPRESENTATION_CONTEXT() REPRESENTATION_CONTEXT('2D SPACE',''
  ) );
#8818 = PCURVE('',#8743,#8819);
#8819 = DEFINITIONAL_REPRESENTATION('',(#8820),#8824);
#8820 = LINE('',#8821,#8822);
#8821 = CARTESIAN_POINT('',(0.,-0.));
#8822 = VECTOR('',#8823,1.);
#8823 = DIRECTION('',(0.,1.));
#8824 = ( GEOMETRIC_REPRESENTATION_CONTEXT(2) 
PARAMETRIC_REPRESENTATION_CONTEXT() REPRESENTATION_CONTEXT('2D SPACE',''
  ) );
#8825 = ORIENTED_EDGE('',*,*,#8755,.F.);
#8826 = ORIENTED_EDGE('',*,*,#8827,.F.);
#8827 = EDGE_CURVE('',#8706,#8525,#8828,.T.);
#8828 = SURFACE_CURVE('',#8829,(#8834,#8841),.PCURVE_S1.);
#8829 = CIRCLE('',#8830,57.15);
#8830 = AXIS2_PLACEMENT_3D('',#8831,#8832,#8833);
#8831 = CARTESIAN_POINT('',(0.,0.,3.286E+03));
#8832 = DIRECTION('',(0.,0.,1.));
#8833 = DIRECTION('',(1.,0.,-0.));
#8834 = PCURVE('',#8743,#8835);
#8835 = DEFINITIONAL_REPRESENTATION('',(#8836),#8840);
#8836 = LINE('',#8837,#8838);
#8837 = CARTESIAN_POINT('',(0.,13.));
#8838 = VECTOR('',#8839,1.);
#8839 = DIRECTION('',(1.,0.));
#8840 = ( GEOMETRIC_REPRESENTATION_CONTEXT(2) 
PARAMETRIC_REPRESENTATION_CONTEXT() REPRESENTATION_CONTEXT('2D SPACE',''
  ) );
#8841 = PCURVE('',#8565,#8842);
#8842 = DEFINITIONAL_REPRESENTATION('',(#8843),#8847);
#8843 = CIRCLE('',#8844,57.15);
#8844 = AXIS2_PLACEMENT_2D('',#8845,#8846);
#8845 = CARTESIAN_POINT('',(0.,0.));
#8846 = DIRECTION('',(1.,0.));
#8847 = ( GEOMETRIC_REPRESENTATION_CONTEXT(2) 
PARAMETRIC_REPRESENTATION_CONTEXT() REPRESENTATION_CONTEXT('2D SPACE',''
  ) );
#8848 = ORIENTED_EDGE('',*,*,#8726,.F.);
#8849 = ORIENTED_EDGE('',*,*,#8805,.F.);
#8850 = ORIENTED_EDGE('',*,*,#8851,.T.);
#8851 = EDGE_CURVE('',#8782,#8852,#8854,.T.);
#8852 = VERTEX_POINT('',#8853);
#8853 = CARTESIAN_POINT('',(-40.41115371281,40.411151376803,3.274E+03));
#8854 = SURFACE_CURVE('',#8855,(#8860,#8867),.PCURVE_S1.);
#8855 = CIRCLE('',#8856,57.15);
#8856 = AXIS2_PLACEMENT_3D('',#8857,#8858,#8859);
#8857 = CARTESIAN_POINT('',(0.,0.,3.274E+03));
#8858 = DIRECTION('',(0.,0.,1.));
#8859 = DIRECTION('',(1.,0.,-0.));
#8860 = PCURVE('',#8743,#8861);
#8861 = DEFINITIONAL_REPRESENTATION('',(#8862),#8866);
#8862 = LINE('',#8863,#8864);
#8863 = CARTESIAN_POINT('',(0.,1.));
#8864 = VECTOR('',#8865,1.);
#8865 = DIRECTION('',(1.,0.));
#8866 = ( GEOMETRIC_REPRESENTATION_CONTEXT(2) 
PARAMETRIC_REPRESENTATION_CONTEXT() REPRESENTATION_CONTEXT('2D SPACE',''
  ) );
#8867 = PCURVE('',#8487,#8868);
#8868 = DEFINITIONAL_REPRESENTATION('',(#8869),#8873);
#8869 = CIRCLE('',#8870,57.15);
#8870 = AXIS2_PLACEMENT_2D('',#8871,#8872);
#8871 = CARTESIAN_POINT('',(0.,0.));
#8872 = DIRECTION('',(1.,0.));
#8873 = ( GEOMETRIC_REPRESENTATION_CONTEXT(2) 
PARAMETRIC_REPRESENTATION_CONTEXT() REPRESENTATION_CONTEXT('2D SPACE',''
  ) );
#8874 = ORIENTED_EDGE('',*,*,#8875,.T.);
#8875 = EDGE_CURVE('',#8852,#8471,#8876,.T.);
#8876 = SURFACE_CURVE('',#8877,(#8882,#8889),.PCURVE_S1.);
#8877 = CIRCLE('',#8878,57.15);
#8878 = AXIS2_PLACEMENT_3D('',#8879,#8880,#8881);
#8879 = CARTESIAN_POINT('',(0.,0.,3.274E+03));
#8880 = DIRECTION('',(0.,0.,1.));
#8881 = DIRECTION('',(1.,0.,-0.));
#8882 = PCURVE('',#8743,#8883);
#8883 = DEFINITIONAL_REPRESENTATION('',(#8884),#8888);
#8884 = LINE('',#8885,#8886);
#8885 = CARTESIAN_POINT('',(0.,1.));
#8886 = VECTOR('',#8887,1.);
#8887 = DIRECTION('',(1.,0.));
#8888 = ( GEOMETRIC_REPRESENTATION_CONTEXT(2) 
PARAMETRIC_REPRESENTATION_CONTEXT() REPRESENTATION_CONTEXT('2D SPACE',''
  ) );
#8889 = PCURVE('',#8615,#8890);
#8890 = DEFINITIONAL_REPRESENTATION('',(#8891),#8895);
#8891 = CIRCLE('',#8892,57.15);
#8892 = AXIS2_PLACEMENT_2D('',#8893,#8894);
#8893 = CARTESIAN_POINT('',(0.,0.));
#8894 = DIRECTION('',(1.,0.));
#8895 = ( GEOMETRIC_REPRESENTATION_CONTEXT(2) 
PARAMETRIC_REPRESENTATION_CONTEXT() REPRESENTATION_CONTEXT('2D SPACE',''
  ) );
#8896 = ADVANCED_FACE('',(#8897),#8565,.T.);
#8897 = FACE_BOUND('',#8898,.T.);
#8898 = EDGE_LOOP('',(#8899,#8920,#8942,#8943));
#8899 = ORIENTED_EDGE('',*,*,#8900,.F.);
#8900 = EDGE_CURVE('',#8901,#8706,#8903,.T.);
#8901 = VERTEX_POINT('',#8902);
#8902 = CARTESIAN_POINT('',(-47.19643072628,33.625874363336,3.286E+03));
#8903 = SURFACE_CURVE('',#8904,(#8908,#8914),.PCURVE_S1.);
#8904 = LINE('',#8905,#8906);
#8905 = CARTESIAN_POINT('',(-60.61672881721,20.205576272406,3.286E+03));
#8906 = VECTOR('',#8907,1.);
#8907 = DIRECTION('',(0.707106781187,0.707106781187,-0.));
#8908 = PCURVE('',#8565,#8909);
#8909 = DEFINITIONAL_REPRESENTATION('',(#8910),#8913);
#8910 = B_SPLINE_CURVE_WITH_KNOTS('',1,(#8911,#8912),.UNSPECIFIED.,.F.,
  .F.,(2,2),(3.771324060479,42.135678118655),.PIECEWISE_BEZIER_KNOTS.);
#8911 = CARTESIAN_POINT('',(-57.95,22.872305089622));
#8912 = CARTESIAN_POINT('',(-30.82230508962,50.));
#8913 = ( GEOMETRIC_REPRESENTATION_CONTEXT(2) 
PARAMETRIC_REPRESENTATION_CONTEXT() REPRESENTATION_CONTEXT('2D SPACE',''
  ) );
#8914 = PCURVE('',#7933,#8915);
#8915 = DEFINITIONAL_REPRESENTATION('',(#8916),#8919);
#8916 = B_SPLINE_CURVE_WITH_KNOTS('',1,(#8917,#8918),.UNSPECIFIED.,.F.,
  .F.,(2,2),(3.771324060479,42.135678118655),.PIECEWISE_BEZIER_KNOTS.);
#8917 = CARTESIAN_POINT('',(21.,32.346324060479));
#8918 = CARTESIAN_POINT('',(21.,70.710678118655));
#8919 = ( GEOMETRIC_REPRESENTATION_CONTEXT(2) 
PARAMETRIC_REPRESENTATION_CONTEXT() REPRESENTATION_CONTEXT('2D SPACE',''
  ) );
#8920 = ORIENTED_EDGE('',*,*,#8921,.T.);
#8921 = EDGE_CURVE('',#8901,#8551,#8922,.T.);
#8922 = SURFACE_CURVE('',#8923,(#8928,#8935),.PCURVE_S1.);
#8923 = CIRCLE('',#8924,57.95);
#8924 = AXIS2_PLACEMENT_3D('',#8925,#8926,#8927);
#8925 = CARTESIAN_POINT('',(0.,0.,3.286E+03));
#8926 = DIRECTION('',(0.,0.,1.));
#8927 = DIRECTION('',(1.,0.,-0.));
#8928 = PCURVE('',#8565,#8929);
#8929 = DEFINITIONAL_REPRESENTATION('',(#8930),#8934);
#8930 = CIRCLE('',#8931,57.95);
#8931 = AXIS2_PLACEMENT_2D('',#8932,#8933);
#8932 = CARTESIAN_POINT('',(0.,0.));
#8933 = DIRECTION('',(1.,0.));
#8934 = ( GEOMETRIC_REPRESENTATION_CONTEXT(2) 
PARAMETRIC_REPRESENTATION_CONTEXT() REPRESENTATION_CONTEXT('2D SPACE',''
  ) );
#8935 = PCURVE('',#8591,#8936);
#8936 = DEFINITIONAL_REPRESENTATION('',(#8937),#8941);
#8937 = LINE('',#8938,#8939);
#8938 = CARTESIAN_POINT('',(0.,12.));
#8939 = VECTOR('',#8940,1.);
#8940 = DIRECTION('',(1.,0.));
#8941 = ( GEOMETRIC_REPRESENTATION_CONTEXT(2) 
PARAMETRIC_REPRESENTATION_CONTEXT() REPRESENTATION_CONTEXT('2D SPACE',''
  ) );
#8942 = ORIENTED_EDGE('',*,*,#8550,.T.);
#8943 = ORIENTED_EDGE('',*,*,#8827,.F.);
#8944 = ADVANCED_FACE('',(#8945),#8591,.T.);
#8945 = FACE_BOUND('',#8946,.T.);
#8946 = EDGE_LOOP('',(#8947,#8948,#8969,#8991));
#8947 = ORIENTED_EDGE('',*,*,#8921,.F.);
#8948 = ORIENTED_EDGE('',*,*,#8949,.F.);
#8949 = EDGE_CURVE('',#8950,#8901,#8952,.T.);
#8950 = VERTEX_POINT('',#8951);
#8951 = CARTESIAN_POINT('',(-47.19643072628,33.625874363336,3.274E+03));
#8952 = SURFACE_CURVE('',#8953,(#8957,#8963),.PCURVE_S1.);
#8953 = LINE('',#8954,#8955);
#8954 = CARTESIAN_POINT('',(-47.19643072628,33.625874363336,3.274E+03));
#8955 = VECTOR('',#8956,1.);
#8956 = DIRECTION('',(0.,0.,1.));
#8957 = PCURVE('',#8591,#8958);
#8958 = DEFINITIONAL_REPRESENTATION('',(#8959),#8962);
#8959 = B_SPLINE_CURVE_WITH_KNOTS('',1,(#8960,#8961),.UNSPECIFIED.,.F.,
  .F.,(2,2),(-2.40000008489E-06,12.0000024),.PIECEWISE_BEZIER_KNOTS.);
#8960 = CARTESIAN_POINT('',(2.522548839638,-2.40000008489E-06));
#8961 = CARTESIAN_POINT('',(2.522548839638,12.0000024));
#8962 = ( GEOMETRIC_REPRESENTATION_CONTEXT(2) 
PARAMETRIC_REPRESENTATION_CONTEXT() REPRESENTATION_CONTEXT('2D SPACE',''
  ) );
#8963 = PCURVE('',#7933,#8964);
#8964 = DEFINITIONAL_REPRESENTATION('',(#8965),#8968);
#8965 = B_SPLINE_CURVE_WITH_KNOTS('',1,(#8966,#8967),.UNSPECIFIED.,.F.,
  .F.,(2,2),(-2.40000008489E-06,12.0000024),.PIECEWISE_BEZIER_KNOTS.);
#8966 = CARTESIAN_POINT('',(8.9999976,47.554167571284));
#8967 = CARTESIAN_POINT('',(21.0000024,47.554167571284));
#8968 = ( GEOMETRIC_REPRESENTATION_CONTEXT(2) 
PARAMETRIC_REPRESENTATION_CONTEXT() REPRESENTATION_CONTEXT('2D SPACE',''
  ) );
#8969 = ORIENTED_EDGE('',*,*,#8970,.T.);
#8970 = EDGE_CURVE('',#8950,#8577,#8971,.T.);
#8971 = SURFACE_CURVE('',#8972,(#8977,#8984),.PCURVE_S1.);
#8972 = CIRCLE('',#8973,57.95);
#8973 = AXIS2_PLACEMENT_3D('',#8974,#8975,#8976);
#8974 = CARTESIAN_POINT('',(0.,0.,3.274E+03));
#8975 = DIRECTION('',(0.,0.,1.));
#8976 = DIRECTION('',(1.,0.,-0.));
#8977 = PCURVE('',#8591,#8978);
#8978 = DEFINITIONAL_REPRESENTATION('',(#8979),#8983);
#8979 = LINE('',#8980,#8981);
#8980 = CARTESIAN_POINT('',(0.,0.));
#8981 = VECTOR('',#8982,1.);
#8982 = DIRECTION('',(1.,0.));
#8983 = ( GEOMETRIC_REPRESENTATION_CONTEXT(2) 
PARAMETRIC_REPRESENTATION_CONTEXT() REPRESENTATION_CONTEXT('2D SPACE',''
  ) );
#8984 = PCURVE('',#8615,#8985);
#8985 = DEFINITIONAL_REPRESENTATION('',(#8986),#8990);
#8986 = CIRCLE('',#8987,57.95);
#8987 = AXIS2_PLACEMENT_2D('',#8988,#8989);
#8988 = CARTESIAN_POINT('',(0.,0.));
#8989 = DIRECTION('',(1.,0.));
#8990 = ( GEOMETRIC_REPRESENTATION_CONTEXT(2) 
PARAMETRIC_REPRESENTATION_CONTEXT() REPRESENTATION_CONTEXT('2D SPACE',''
  ) );
#8991 = ORIENTED_EDGE('',*,*,#8576,.T.);
#8992 = ADVANCED_FACE('',(#8993),#8615,.F.);
#8993 = FACE_BOUND('',#8994,.F.);
#8994 = EDGE_LOOP('',(#8995,#9014,#9015,#9016));
#8995 = ORIENTED_EDGE('',*,*,#8996,.F.);
#8996 = EDGE_CURVE('',#8950,#8852,#8997,.T.);
#8997 = SURFACE_CURVE('',#8998,(#9002,#9008),.PCURVE_S1.);
#8998 = LINE('',#8999,#9000);
#8999 = CARTESIAN_POINT('',(-60.61672881721,20.205576272406,3.274E+03));
#9000 = VECTOR('',#9001,1.);
#9001 = DIRECTION('',(0.707106781187,0.707106781187,-0.));
#9002 = PCURVE('',#8615,#9003);
#9003 = DEFINITIONAL_REPRESENTATION('',(#9004),#9007);
#9004 = B_SPLINE_CURVE_WITH_KNOTS('',1,(#9005,#9006),.UNSPECIFIED.,.F.,
  .F.,(2,2),(3.771324060479,42.135678118655),.PIECEWISE_BEZIER_KNOTS.);
#9005 = CARTESIAN_POINT('',(-57.95,22.872305089622));
#9006 = CARTESIAN_POINT('',(-30.82230508962,50.));
#9007 = ( GEOMETRIC_REPRESENTATION_CONTEXT(2) 
PARAMETRIC_REPRESENTATION_CONTEXT() REPRESENTATION_CONTEXT('2D SPACE',''
  ) );
#9008 = PCURVE('',#7933,#9009);
#9009 = DEFINITIONAL_REPRESENTATION('',(#9010),#9013);
#9010 = B_SPLINE_CURVE_WITH_KNOTS('',1,(#9011,#9012),.UNSPECIFIED.,.F.,
  .F.,(2,2),(3.771324060479,42.135678118655),.PIECEWISE_BEZIER_KNOTS.);
#9011 = CARTESIAN_POINT('',(9.,32.346324060479));
#9012 = CARTESIAN_POINT('',(9.,70.710678118655));
#9013 = ( GEOMETRIC_REPRESENTATION_CONTEXT(2) 
PARAMETRIC_REPRESENTATION_CONTEXT() REPRESENTATION_CONTEXT('2D SPACE',''
  ) );
#9014 = ORIENTED_EDGE('',*,*,#8970,.T.);
#9015 = ORIENTED_EDGE('',*,*,#8602,.T.);
#9016 = ORIENTED_EDGE('',*,*,#8875,.F.);
#9017 = ADVANCED_FACE('',(#9018),#8487,.F.);
#9018 = FACE_BOUND('',#9019,.F.);
#9019 = EDGE_LOOP('',(#9020,#9021,#9022,#9041,#9042));
#9020 = ORIENTED_EDGE('',*,*,#8470,.T.);
#9021 = ORIENTED_EDGE('',*,*,#8654,.F.);
#9022 = ORIENTED_EDGE('',*,*,#9023,.F.);
#9023 = EDGE_CURVE('',#8852,#8655,#9024,.T.);
#9024 = SURFACE_CURVE('',#9025,(#9029,#9035),.PCURVE_S1.);
#9025 = LINE('',#9026,#9027);
#9026 = CARTESIAN_POINT('',(-60.61672881721,20.205576272406,3.274E+03));
#9027 = VECTOR('',#9028,1.);
#9028 = DIRECTION('',(0.707106781187,0.707106781187,-0.));
#9029 = PCURVE('',#8487,#9030);
#9030 = DEFINITIONAL_REPRESENTATION('',(#9031),#9034);
#9031 = B_SPLINE_CURVE_WITH_KNOTS('',1,(#9032,#9033),.UNSPECIFIED.,.F.,
  .F.,(2,2),(3.771324060479,42.135678118655),.PIECEWISE_BEZIER_KNOTS.);
#9032 = CARTESIAN_POINT('',(-57.95,22.872305089622));
#9033 = CARTESIAN_POINT('',(-30.82230508962,50.));
#9034 = ( GEOMETRIC_REPRESENTATION_CONTEXT(2) 
PARAMETRIC_REPRESENTATION_CONTEXT() REPRESENTATION_CONTEXT('2D SPACE',''
  ) );
#9035 = PCURVE('',#7933,#9036);
#9036 = DEFINITIONAL_REPRESENTATION('',(#9037),#9040);
#9037 = B_SPLINE_CURVE_WITH_KNOTS('',1,(#9038,#9039),.UNSPECIFIED.,.F.,
  .F.,(2,2),(3.771324060479,42.135678118655),.PIECEWISE_BEZIER_KNOTS.);
#9038 = CARTESIAN_POINT('',(9.,32.346324060479));
#9039 = CARTESIAN_POINT('',(9.,70.710678118655));
#9040 = ( GEOMETRIC_REPRESENTATION_CONTEXT(2) 
PARAMETRIC_REPRESENTATION_CONTEXT() REPRESENTATION_CONTEXT('2D SPACE',''
  ) );
#9041 = ORIENTED_EDGE('',*,*,#8851,.F.);
#9042 = ORIENTED_EDGE('',*,*,#8781,.F.);
#9043 = ADVANCED_FACE('',(#9044,#9088),#7933,.F.);
#9044 = FACE_BOUND('',#9045,.F.);
#9045 = EDGE_LOOP('',(#9046,#9047,#9048,#9069));
#9046 = ORIENTED_EDGE('',*,*,#7918,.T.);
#9047 = ORIENTED_EDGE('',*,*,#8424,.T.);
#9048 = ORIENTED_EDGE('',*,*,#9049,.F.);
#9049 = EDGE_CURVE('',#9050,#8425,#9052,.T.);
#9050 = VERTEX_POINT('',#9051);
#9051 = CARTESIAN_POINT('',(-30.82230508962,50.,3.306E+03));
#9052 = SURFACE_CURVE('',#9053,(#9057,#9063),.PCURVE_S1.);
#9053 = LINE('',#9054,#9055);
#9054 = CARTESIAN_POINT('',(-97.07230508962,-16.25,3.306E+03));
#9055 = VECTOR('',#9056,1.);
#9056 = DIRECTION('',(-0.707106781187,-0.707106781187,0.));
#9057 = PCURVE('',#7933,#9058);
#9058 = DEFINITIONAL_REPRESENTATION('',(#9059),#9062);
#9059 = B_SPLINE_CURVE_WITH_KNOTS('',1,(#9060,#9061),.UNSPECIFIED.,.F.,
  .F.,(2,2),(-93.69164850721,-22.98097038856),.PIECEWISE_BEZIER_KNOTS.);
#9060 = CARTESIAN_POINT('',(41.,70.710678118655));
#9061 = CARTESIAN_POINT('',(41.,0.));
#9062 = ( GEOMETRIC_REPRESENTATION_CONTEXT(2) 
PARAMETRIC_REPRESENTATION_CONTEXT() REPRESENTATION_CONTEXT('2D SPACE',''
  ) );
#9063 = PCURVE('',#7802,#9064);
#9064 = DEFINITIONAL_REPRESENTATION('',(#9065),#9068);
#9065 = B_SPLINE_CURVE_WITH_KNOTS('',1,(#9066,#9067),.UNSPECIFIED.,.F.,
  .F.,(2,2),(-93.69164850721,-22.98097038856),.PIECEWISE_BEZIER_KNOTS.);
#9066 = CARTESIAN_POINT('',(60.,105.));
#9067 = CARTESIAN_POINT('',(10.,55.));
#9068 = ( GEOMETRIC_REPRESENTATION_CONTEXT(2) 
PARAMETRIC_REPRESENTATION_CONTEXT() REPRESENTATION_CONTEXT('2D SPACE',''
  ) );
#9069 = ORIENTED_EDGE('',*,*,#9070,.F.);
#9070 = EDGE_CURVE('',#7919,#9050,#9071,.T.);
#9071 = SURFACE_CURVE('',#9072,(#9076,#9082),.PCURVE_S1.);
#9072 = LINE('',#9073,#9074);
#9073 = CARTESIAN_POINT('',(-30.82230508962,50.,3.2655E+03));
#9074 = VECTOR('',#9075,1.);
#9075 = DIRECTION('',(0.,0.,1.));
#9076 = PCURVE('',#7933,#9077);
#9077 = DEFINITIONAL_REPRESENTATION('',(#9078),#9081);
#9078 = B_SPLINE_CURVE_WITH_KNOTS('',1,(#9079,#9080),.UNSPECIFIED.,.F.,
  .F.,(2,2),(0.5,40.5),.PIECEWISE_BEZIER_KNOTS.);
#9079 = CARTESIAN_POINT('',(1.,70.710678118655));
#9080 = CARTESIAN_POINT('',(41.,70.710678118655));
#9081 = ( GEOMETRIC_REPRESENTATION_CONTEXT(2) 
PARAMETRIC_REPRESENTATION_CONTEXT() REPRESENTATION_CONTEXT('2D SPACE',''
  ) );
#9082 = PCURVE('',#7958,#9083);
#9083 = DEFINITIONAL_REPRESENTATION('',(#9084),#9087);
#9084 = B_SPLINE_CURVE_WITH_KNOTS('',1,(#9085,#9086),.UNSPECIFIED.,.F.,
  .F.,(2,2),(0.5,40.5),.PIECEWISE_BEZIER_KNOTS.);
#9085 = CARTESIAN_POINT('',(0.,-105.));
#9086 = CARTESIAN_POINT('',(40.,-105.));
#9087 = ( GEOMETRIC_REPRESENTATION_CONTEXT(2) 
PARAMETRIC_REPRESENTATION_CONTEXT() REPRESENTATION_CONTEXT('2D SPACE',''
  ) );
#9088 = FACE_BOUND('',#9089,.F.);
#9089 = EDGE_LOOP('',(#9090,#9091,#9092,#9093,#9094,#9095));
#9090 = ORIENTED_EDGE('',*,*,#9023,.T.);
#9091 = ORIENTED_EDGE('',*,*,#8682,.T.);
#9092 = ORIENTED_EDGE('',*,*,#8705,.F.);
#9093 = ORIENTED_EDGE('',*,*,#8900,.F.);
#9094 = ORIENTED_EDGE('',*,*,#8949,.F.);
#9095 = ORIENTED_EDGE('',*,*,#8996,.T.);
#9096 = ADVANCED_FACE('',(#9097),#7958,.T.);
#9097 = FACE_BOUND('',#9098,.T.);
#9098 = EDGE_LOOP('',(#9099,#9122,#9123,#9124));
#9099 = ORIENTED_EDGE('',*,*,#9100,.F.);
#9100 = EDGE_CURVE('',#9050,#9101,#9103,.T.);
#9101 = VERTEX_POINT('',#9102);
#9102 = CARTESIAN_POINT('',(-30.82230508962,55.,3.306E+03));
#9103 = SURFACE_CURVE('',#9104,(#9108,#9115),.PCURVE_S1.);
#9104 = LINE('',#9105,#9106);
#9105 = CARTESIAN_POINT('',(-30.82230508962,-55.,3.306E+03));
#9106 = VECTOR('',#9107,1.);
#9107 = DIRECTION('',(-0.,1.,0.));
#9108 = PCURVE('',#7958,#9109);
#9109 = DEFINITIONAL_REPRESENTATION('',(#9110),#9114);
#9110 = LINE('',#9111,#9112);
#9111 = CARTESIAN_POINT('',(40.,0.));
#9112 = VECTOR('',#9113,1.);
#9113 = DIRECTION('',(0.,-1.));
#9114 = ( GEOMETRIC_REPRESENTATION_CONTEXT(2) 
PARAMETRIC_REPRESENTATION_CONTEXT() REPRESENTATION_CONTEXT('2D SPACE',''
  ) );
#9115 = PCURVE('',#7802,#9116);
#9116 = DEFINITIONAL_REPRESENTATION('',(#9117),#9121);
#9117 = LINE('',#9118,#9119);
#9118 = CARTESIAN_POINT('',(60.,0.));
#9119 = VECTOR('',#9120,1.);
#9120 = DIRECTION('',(0.,1.));
#9121 = ( GEOMETRIC_REPRESENTATION_CONTEXT(2) 
PARAMETRIC_REPRESENTATION_CONTEXT() REPRESENTATION_CONTEXT('2D SPACE',''
  ) );
#9122 = ORIENTED_EDGE('',*,*,#9070,.F.);
#9123 = ORIENTED_EDGE('',*,*,#7944,.T.);
#9124 = ORIENTED_EDGE('',*,*,#9125,.T.);
#9125 = EDGE_CURVE('',#7818,#9101,#9126,.T.);
#9126 = SURFACE_CURVE('',#9127,(#9131,#9138),.PCURVE_S1.);
#9127 = LINE('',#9128,#9129);
#9128 = CARTESIAN_POINT('',(-30.82230508962,55.,3.266E+03));
#9129 = VECTOR('',#9130,1.);
#9130 = DIRECTION('',(0.,0.,1.));
#9131 = PCURVE('',#7958,#9132);
#9132 = DEFINITIONAL_REPRESENTATION('',(#9133),#9137);
#9133 = LINE('',#9134,#9135);
#9134 = CARTESIAN_POINT('',(0.,-110.));
#9135 = VECTOR('',#9136,1.);
#9136 = DIRECTION('',(1.,0.));
#9137 = ( GEOMETRIC_REPRESENTATION_CONTEXT(2) 
PARAMETRIC_REPRESENTATION_CONTEXT() REPRESENTATION_CONTEXT('2D SPACE',''
  ) );
#9138 = PCURVE('',#7776,#9139);
#9139 = DEFINITIONAL_REPRESENTATION('',(#9140),#9144);
#9140 = LINE('',#9141,#9142);
#9141 = CARTESIAN_POINT('',(0.,60.));
#9142 = VECTOR('',#9143,1.);
#9143 = DIRECTION('',(1.,0.));
#9144 = ( GEOMETRIC_REPRESENTATION_CONTEXT(2) 
PARAMETRIC_REPRESENTATION_CONTEXT() REPRESENTATION_CONTEXT('2D SPACE',''
  ) );
#9145 = ADVANCED_FACE('',(#9146),#7776,.T.);
#9146 = FACE_BOUND('',#9147,.T.);
#9147 = EDGE_LOOP('',(#9148,#9149,#9150,#9171));
#9148 = ORIENTED_EDGE('',*,*,#7817,.F.);
#9149 = ORIENTED_EDGE('',*,*,#7760,.T.);
#9150 = ORIENTED_EDGE('',*,*,#9151,.T.);
#9151 = EDGE_CURVE('',#7761,#9101,#9152,.T.);
#9152 = SURFACE_CURVE('',#9153,(#9157,#9164),.PCURVE_S1.);
#9153 = LINE('',#9154,#9155);
#9154 = CARTESIAN_POINT('',(-90.82230508962,55.,3.306E+03));
#9155 = VECTOR('',#9156,1.);
#9156 = DIRECTION('',(1.,0.,-0.));
#9157 = PCURVE('',#7776,#9158);
#9158 = DEFINITIONAL_REPRESENTATION('',(#9159),#9163);
#9159 = LINE('',#9160,#9161);
#9160 = CARTESIAN_POINT('',(40.,0.));
#9161 = VECTOR('',#9162,1.);
#9162 = DIRECTION('',(0.,1.));
#9163 = ( GEOMETRIC_REPRESENTATION_CONTEXT(2) 
PARAMETRIC_REPRESENTATION_CONTEXT() REPRESENTATION_CONTEXT('2D SPACE',''
  ) );
#9164 = PCURVE('',#7802,#9165);
#9165 = DEFINITIONAL_REPRESENTATION('',(#9166),#9170);
#9166 = LINE('',#9167,#9168);
#9167 = CARTESIAN_POINT('',(0.,110.));
#9168 = VECTOR('',#9169,1.);
#9169 = DIRECTION('',(1.,0.));
#9170 = ( GEOMETRIC_REPRESENTATION_CONTEXT(2) 
PARAMETRIC_REPRESENTATION_CONTEXT() REPRESENTATION_CONTEXT('2D SPACE',''
  ) );
#9171 = ORIENTED_EDGE('',*,*,#9125,.F.);
#9172 = ADVANCED_FACE('',(#9173,#9202),#7802,.T.);
#9173 = FACE_BOUND('',#9174,.T.);
#9174 = EDGE_LOOP('',(#9175,#9176,#9177,#9198,#9199,#9200,#9201));
#9175 = ORIENTED_EDGE('',*,*,#9151,.F.);
#9176 = ORIENTED_EDGE('',*,*,#7788,.F.);
#9177 = ORIENTED_EDGE('',*,*,#9178,.T.);
#9178 = EDGE_CURVE('',#7700,#8356,#9179,.T.);
#9179 = SURFACE_CURVE('',#9180,(#9184,#9191),.PCURVE_S1.);
#9180 = LINE('',#9181,#9182);
#9181 = CARTESIAN_POINT('',(-90.82230508962,-55.,3.306E+03));
#9182 = VECTOR('',#9183,1.);
#9183 = DIRECTION('',(1.,0.,-0.));
#9184 = PCURVE('',#7802,#9185);
#9185 = DEFINITIONAL_REPRESENTATION('',(#9186),#9190);
#9186 = LINE('',#9187,#9188);
#9187 = CARTESIAN_POINT('',(0.,0.));
#9188 = VECTOR('',#9189,1.);
#9189 = DIRECTION('',(1.,0.));
#9190 = ( GEOMETRIC_REPRESENTATION_CONTEXT(2) 
PARAMETRIC_REPRESENTATION_CONTEXT() REPRESENTATION_CONTEXT('2D SPACE',''
  ) );
#9191 = PCURVE('',#7720,#9192);
#9192 = DEFINITIONAL_REPRESENTATION('',(#9193),#9197);
#9193 = LINE('',#9194,#9195);
#9194 = CARTESIAN_POINT('',(40.,0.));
#9195 = VECTOR('',#9196,1.);
#9196 = DIRECTION('',(0.,1.));
#9197 = ( GEOMETRIC_REPRESENTATION_CONTEXT(2) 
PARAMETRIC_REPRESENTATION_CONTEXT() REPRESENTATION_CONTEXT('2D SPACE',''
  ) );
#9198 = ORIENTED_EDGE('',*,*,#8355,.T.);
#9199 = ORIENTED_EDGE('',*,*,#8447,.T.);
#9200 = ORIENTED_EDGE('',*,*,#9049,.F.);
#9201 = ORIENTED_EDGE('',*,*,#9100,.T.);
#9202 = FACE_BOUND('',#9203,.T.);
#9203 = EDGE_LOOP('',(#9204,#9232,#9258,#9284,#9310));
#9204 = ORIENTED_EDGE('',*,*,#9205,.T.);
#9205 = EDGE_CURVE('',#9206,#9208,#9210,.T.);
#9206 = VERTEX_POINT('',#9207);
#9207 = CARTESIAN_POINT('',(-35.47915933911,-51.,3.306E+03));
#9208 = VERTEX_POINT('',#9209);
#9209 = CARTESIAN_POINT('',(-86.82230508962,-51.,3.306E+03));
#9210 = SURFACE_CURVE('',#9211,(#9215,#9221),.PCURVE_S1.);
#9211 = LINE('',#9212,#9213);
#9212 = CARTESIAN_POINT('',(-88.82230508962,-51.,3.306E+03));
#9213 = VECTOR('',#9214,1.);
#9214 = DIRECTION('',(-1.,-0.,0.));
#9215 = PCURVE('',#7802,#9216);
#9216 = DEFINITIONAL_REPRESENTATION('',(#9217),#9220);
#9217 = B_SPLINE_CURVE_WITH_KNOTS('',1,(#9218,#9219),.UNSPECIFIED.,.F.,
  .F.,(2,2),(-53.3431457505,-2.),.PIECEWISE_BEZIER_KNOTS.);
#9218 = CARTESIAN_POINT('',(55.343145750508,4.));
#9219 = CARTESIAN_POINT('',(4.,4.));
#9220 = ( GEOMETRIC_REPRESENTATION_CONTEXT(2) 
PARAMETRIC_REPRESENTATION_CONTEXT() REPRESENTATION_CONTEXT('2D SPACE',''
  ) );
#9221 = PCURVE('',#9222,#9227);
#9222 = PLANE('',#9223);
#9223 = AXIS2_PLACEMENT_3D('',#9224,#9225,#9226);
#9224 = CARTESIAN_POINT('',(-86.82230508962,-51.,3.29E+03));
#9225 = DIRECTION('',(-0.,1.,0.));
#9226 = DIRECTION('',(0.,0.,1.));
#9227 = DEFINITIONAL_REPRESENTATION('',(#9228),#9231);
#9228 = B_SPLINE_CURVE_WITH_KNOTS('',1,(#9229,#9230),.UNSPECIFIED.,.F.,
  .F.,(2,2),(-53.3431457505,-2.),.PIECEWISE_BEZIER_KNOTS.);
#9229 = CARTESIAN_POINT('',(16.,51.343145750508));
#9230 = CARTESIAN_POINT('',(16.,0.));
#9231 = ( GEOMETRIC_REPRESENTATION_CONTEXT(2) 
PARAMETRIC_REPRESENTATION_CONTEXT() REPRESENTATION_CONTEXT('2D SPACE',''
  ) );
#9232 = ORIENTED_EDGE('',*,*,#9233,.T.);
#9233 = EDGE_CURVE('',#9208,#9234,#9236,.T.);
#9234 = VERTEX_POINT('',#9235);
#9235 = CARTESIAN_POINT('',(-86.82230508962,51.,3.306E+03));
#9236 = SURFACE_CURVE('',#9237,(#9241,#9247),.PCURVE_S1.);
#9237 = LINE('',#9238,#9239);
#9238 = CARTESIAN_POINT('',(-86.82230508962,-53.,3.306E+03));
#9239 = VECTOR('',#9240,1.);
#9240 = DIRECTION('',(-0.,1.,0.));
#9241 = PCURVE('',#7802,#9242);
#9242 = DEFINITIONAL_REPRESENTATION('',(#9243),#9246);
#9243 = B_SPLINE_CURVE_WITH_KNOTS('',1,(#9244,#9245),.UNSPECIFIED.,.F.,
  .F.,(2,2),(2.,104.),.PIECEWISE_BEZIER_KNOTS.);
#9244 = CARTESIAN_POINT('',(4.,4.));
#9245 = CARTESIAN_POINT('',(4.,106.));
#9246 = ( GEOMETRIC_REPRESENTATION_CONTEXT(2) 
PARAMETRIC_REPRESENTATION_CONTEXT() REPRESENTATION_CONTEXT('2D SPACE',''
  ) );
#9247 = PCURVE('',#9248,#9253);
#9248 = PLANE('',#9249);
#9249 = AXIS2_PLACEMENT_3D('',#9250,#9251,#9252);
#9250 = CARTESIAN_POINT('',(-86.82230508962,-51.,3.29E+03));
#9251 = DIRECTION('',(1.,0.,-0.));
#9252 = DIRECTION('',(0.,0.,1.));
#9253 = DEFINITIONAL_REPRESENTATION('',(#9254),#9257);
#9254 = B_SPLINE_CURVE_WITH_KNOTS('',1,(#9255,#9256),.UNSPECIFIED.,.F.,
  .F.,(2,2),(2.,104.),.PIECEWISE_BEZIER_KNOTS.);
#9255 = CARTESIAN_POINT('',(16.,0.));
#9256 = CARTESIAN_POINT('',(16.,-102.));
#9257 = ( GEOMETRIC_REPRESENTATION_CONTEXT(2) 
PARAMETRIC_REPRESENTATION_CONTEXT() REPRESENTATION_CONTEXT('2D SPACE',''
  ) );
#9258 = ORIENTED_EDGE('',*,*,#9259,.F.);
#9259 = EDGE_CURVE('',#9260,#9234,#9262,.T.);
#9260 = VERTEX_POINT('',#9261);
#9261 = CARTESIAN_POINT('',(-35.47915933911,51.,3.306E+03));
#9262 = SURFACE_CURVE('',#9263,(#9267,#9273),.PCURVE_S1.);
#9263 = LINE('',#9264,#9265);
#9264 = CARTESIAN_POINT('',(-88.82230508962,51.,3.306E+03));
#9265 = VECTOR('',#9266,1.);
#9266 = DIRECTION('',(-1.,-0.,0.));
#9267 = PCURVE('',#7802,#9268);
#9268 = DEFINITIONAL_REPRESENTATION('',(#9269),#9272);
#9269 = B_SPLINE_CURVE_WITH_KNOTS('',1,(#9270,#9271),.UNSPECIFIED.,.F.,
  .F.,(2,2),(-53.3431457505,-2.),.PIECEWISE_BEZIER_KNOTS.);
#9270 = CARTESIAN_POINT('',(55.343145750508,106.));
#9271 = CARTESIAN_POINT('',(4.,106.));
#9272 = ( GEOMETRIC_REPRESENTATION_CONTEXT(2) 
PARAMETRIC_REPRESENTATION_CONTEXT() REPRESENTATION_CONTEXT('2D SPACE',''
  ) );
#9273 = PCURVE('',#9274,#9279);
#9274 = PLANE('',#9275);
#9275 = AXIS2_PLACEMENT_3D('',#9276,#9277,#9278);
#9276 = CARTESIAN_POINT('',(-86.82230508962,51.,3.29E+03));
#9277 = DIRECTION('',(-0.,1.,0.));
#9278 = DIRECTION('',(0.,0.,1.));
#9279 = DEFINITIONAL_REPRESENTATION('',(#9280),#9283);
#9280 = B_SPLINE_CURVE_WITH_KNOTS('',1,(#9281,#9282),.UNSPECIFIED.,.F.,
  .F.,(2,2),(-53.3431457505,-2.),.PIECEWISE_BEZIER_KNOTS.);
#9281 = CARTESIAN_POINT('',(16.,51.343145750508));
#9282 = CARTESIAN_POINT('',(16.,0.));
#9283 = ( GEOMETRIC_REPRESENTATION_CONTEXT(2) 
PARAMETRIC_REPRESENTATION_CONTEXT() REPRESENTATION_CONTEXT('2D SPACE',''
  ) );
#9284 = ORIENTED_EDGE('',*,*,#9285,.T.);
#9285 = EDGE_CURVE('',#9260,#9286,#9288,.T.);
#9286 = VERTEX_POINT('',#9287);
#9287 = CARTESIAN_POINT('',(-86.47915933911,-2.84217094304E-14,3.306E+03
    ));
#9288 = SURFACE_CURVE('',#9289,(#9293,#9299),.PCURVE_S1.);
#9289 = LINE('',#9290,#9291);
#9290 = CARTESIAN_POINT('',(-101.3149457767,-14.83578643762,3.306E+03));
#9291 = VECTOR('',#9292,1.);
#9292 = DIRECTION('',(-0.707106781187,-0.707106781187,0.));
#9293 = PCURVE('',#7802,#9294);
#9294 = DEFINITIONAL_REPRESENTATION('',(#9295),#9298);
#9295 = B_SPLINE_CURVE_WITH_KNOTS('',1,(#9296,#9297),.UNSPECIFIED.,.F.,
  .F.,(2,2),(-93.10586206959,-20.98097038856),.PIECEWISE_BEZIER_KNOTS.);
#9296 = CARTESIAN_POINT('',(55.343145750508,106.));
#9297 = CARTESIAN_POINT('',(4.343145750508,55.));
#9298 = ( GEOMETRIC_REPRESENTATION_CONTEXT(2) 
PARAMETRIC_REPRESENTATION_CONTEXT() REPRESENTATION_CONTEXT('2D SPACE',''
  ) );
#9299 = PCURVE('',#9300,#9305);
#9300 = PLANE('',#9301);
#9301 = AXIS2_PLACEMENT_3D('',#9302,#9303,#9304);
#9302 = CARTESIAN_POINT('',(-86.47915933911,-2.84217094304E-14,3.264E+03
    ));
#9303 = DIRECTION('',(-0.707106781187,0.707106781187,0.));
#9304 = DIRECTION('',(0.,0.,1.));
#9305 = DEFINITIONAL_REPRESENTATION('',(#9306),#9309);
#9306 = B_SPLINE_CURVE_WITH_KNOTS('',1,(#9307,#9308),.UNSPECIFIED.,.F.,
  .F.,(2,2),(-93.10586206959,-20.98097038856),.PIECEWISE_BEZIER_KNOTS.);
#9307 = CARTESIAN_POINT('',(42.,72.124891681028));
#9308 = CARTESIAN_POINT('',(42.,0.));
#9309 = ( GEOMETRIC_REPRESENTATION_CONTEXT(2) 
PARAMETRIC_REPRESENTATION_CONTEXT() REPRESENTATION_CONTEXT('2D SPACE',''
  ) );
#9310 = ORIENTED_EDGE('',*,*,#9311,.F.);
#9311 = EDGE_CURVE('',#9206,#9286,#9312,.T.);
#9312 = SURFACE_CURVE('',#9313,(#9317,#9323),.PCURVE_S1.);
#9313 = LINE('',#9314,#9315);
#9314 = CARTESIAN_POINT('',(-3.104267658087,-83.37489168102,3.306E+03));
#9315 = VECTOR('',#9316,1.);
#9316 = DIRECTION('',(-0.707106781187,0.707106781187,0.));
#9317 = PCURVE('',#7802,#9318);
#9318 = DEFINITIONAL_REPRESENTATION('',(#9319),#9322);
#9319 = B_SPLINE_CURVE_WITH_KNOTS('',1,(#9320,#9321),.UNSPECIFIED.,.F.,
  .F.,(2,2),(45.785010895669,117.90990257669),.PIECEWISE_BEZIER_KNOTS.);
#9320 = CARTESIAN_POINT('',(55.343145750508,4.));
#9321 = CARTESIAN_POINT('',(4.343145750508,55.));
#9322 = ( GEOMETRIC_REPRESENTATION_CONTEXT(2) 
PARAMETRIC_REPRESENTATION_CONTEXT() REPRESENTATION_CONTEXT('2D SPACE',''
  ) );
#9323 = PCURVE('',#9324,#9329);
#9324 = PLANE('',#9325);
#9325 = AXIS2_PLACEMENT_3D('',#9326,#9327,#9328);
#9326 = CARTESIAN_POINT('',(54.942196898195,-141.4213562373,3.264E+03));
#9327 = DIRECTION('',(0.707106781187,0.707106781187,0.));
#9328 = DIRECTION('',(0.,0.,1.));
#9329 = DEFINITIONAL_REPRESENTATION('',(#9330),#9333);
#9330 = B_SPLINE_CURVE_WITH_KNOTS('',1,(#9331,#9332),.UNSPECIFIED.,.F.,
  .F.,(2,2),(45.785010895669,117.90990257669),.PIECEWISE_BEZIER_KNOTS.);
#9331 = CARTESIAN_POINT('',(42.,-127.8751083189));
#9332 = CARTESIAN_POINT('',(42.,-200.));
#9333 = ( GEOMETRIC_REPRESENTATION_CONTEXT(2) 
PARAMETRIC_REPRESENTATION_CONTEXT() REPRESENTATION_CONTEXT('2D SPACE',''
  ) );
#9334 = ADVANCED_FACE('',(#9335),#9248,.T.);
#9335 = FACE_BOUND('',#9336,.T.);
#9336 = EDGE_LOOP('',(#9337,#9360,#9388,#9409));
#9337 = ORIENTED_EDGE('',*,*,#9338,.F.);
#9338 = EDGE_CURVE('',#9339,#9208,#9341,.T.);
#9339 = VERTEX_POINT('',#9340);
#9340 = CARTESIAN_POINT('',(-86.82230508962,-51.,3.29E+03));
#9341 = SURFACE_CURVE('',#9342,(#9346,#9353),.PCURVE_S1.);
#9342 = LINE('',#9343,#9344);
#9343 = CARTESIAN_POINT('',(-86.82230508962,-51.,3.29E+03));
#9344 = VECTOR('',#9345,1.);
#9345 = DIRECTION('',(0.,0.,1.));
#9346 = PCURVE('',#9248,#9347);
#9347 = DEFINITIONAL_REPRESENTATION('',(#9348),#9352);
#9348 = LINE('',#9349,#9350);
#9349 = CARTESIAN_POINT('',(0.,0.));
#9350 = VECTOR('',#9351,1.);
#9351 = DIRECTION('',(1.,0.));
#9352 = ( GEOMETRIC_REPRESENTATION_CONTEXT(2) 
PARAMETRIC_REPRESENTATION_CONTEXT() REPRESENTATION_CONTEXT('2D SPACE',''
  ) );
#9353 = PCURVE('',#9222,#9354);
#9354 = DEFINITIONAL_REPRESENTATION('',(#9355),#9359);
#9355 = LINE('',#9356,#9357);
#9356 = CARTESIAN_POINT('',(0.,0.));
#9357 = VECTOR('',#9358,1.);
#9358 = DIRECTION('',(1.,0.));
#9359 = ( GEOMETRIC_REPRESENTATION_CONTEXT(2) 
PARAMETRIC_REPRESENTATION_CONTEXT() REPRESENTATION_CONTEXT('2D SPACE',''
  ) );
#9360 = ORIENTED_EDGE('',*,*,#9361,.T.);
#9361 = EDGE_CURVE('',#9339,#9362,#9364,.T.);
#9362 = VERTEX_POINT('',#9363);
#9363 = CARTESIAN_POINT('',(-86.82230508962,51.,3.29E+03));
#9364 = SURFACE_CURVE('',#9365,(#9369,#9376),.PCURVE_S1.);
#9365 = LINE('',#9366,#9367);
#9366 = CARTESIAN_POINT('',(-86.82230508962,-51.,3.29E+03));
#9367 = VECTOR('',#9368,1.);
#9368 = DIRECTION('',(-0.,1.,0.));
#9369 = PCURVE('',#9248,#9370);
#9370 = DEFINITIONAL_REPRESENTATION('',(#9371),#9375);
#9371 = LINE('',#9372,#9373);
#9372 = CARTESIAN_POINT('',(0.,0.));
#9373 = VECTOR('',#9374,1.);
#9374 = DIRECTION('',(0.,-1.));
#9375 = ( GEOMETRIC_REPRESENTATION_CONTEXT(2) 
PARAMETRIC_REPRESENTATION_CONTEXT() REPRESENTATION_CONTEXT('2D SPACE',''
  ) );
#9376 = PCURVE('',#9377,#9382);
#9377 = PLANE('',#9378);
#9378 = AXIS2_PLACEMENT_3D('',#9379,#9380,#9381);
#9379 = CARTESIAN_POINT('',(-86.82230508962,-51.,3.29E+03));
#9380 = DIRECTION('',(0.,0.,1.));
#9381 = DIRECTION('',(1.,0.,-0.));
#9382 = DEFINITIONAL_REPRESENTATION('',(#9383),#9387);
#9383 = LINE('',#9384,#9385);
#9384 = CARTESIAN_POINT('',(0.,0.));
#9385 = VECTOR('',#9386,1.);
#9386 = DIRECTION('',(0.,1.));
#9387 = ( GEOMETRIC_REPRESENTATION_CONTEXT(2) 
PARAMETRIC_REPRESENTATION_CONTEXT() REPRESENTATION_CONTEXT('2D SPACE',''
  ) );
#9388 = ORIENTED_EDGE('',*,*,#9389,.T.);
#9389 = EDGE_CURVE('',#9362,#9234,#9390,.T.);
#9390 = SURFACE_CURVE('',#9391,(#9395,#9402),.PCURVE_S1.);
#9391 = LINE('',#9392,#9393);
#9392 = CARTESIAN_POINT('',(-86.82230508962,51.,3.29E+03));
#9393 = VECTOR('',#9394,1.);
#9394 = DIRECTION('',(0.,0.,1.));
#9395 = PCURVE('',#9248,#9396);
#9396 = DEFINITIONAL_REPRESENTATION('',(#9397),#9401);
#9397 = LINE('',#9398,#9399);
#9398 = CARTESIAN_POINT('',(0.,-102.));
#9399 = VECTOR('',#9400,1.);
#9400 = DIRECTION('',(1.,0.));
#9401 = ( GEOMETRIC_REPRESENTATION_CONTEXT(2) 
PARAMETRIC_REPRESENTATION_CONTEXT() REPRESENTATION_CONTEXT('2D SPACE',''
  ) );
#9402 = PCURVE('',#9274,#9403);
#9403 = DEFINITIONAL_REPRESENTATION('',(#9404),#9408);
#9404 = LINE('',#9405,#9406);
#9405 = CARTESIAN_POINT('',(0.,0.));
#9406 = VECTOR('',#9407,1.);
#9407 = DIRECTION('',(1.,0.));
#9408 = ( GEOMETRIC_REPRESENTATION_CONTEXT(2) 
PARAMETRIC_REPRESENTATION_CONTEXT() REPRESENTATION_CONTEXT('2D SPACE',''
  ) );
#9409 = ORIENTED_EDGE('',*,*,#9233,.F.);
#9410 = ADVANCED_FACE('',(#9411),#9377,.T.);
#9411 = FACE_BOUND('',#9412,.T.);
#9412 = EDGE_LOOP('',(#9413,#9436,#9437,#9460,#9481));
#9413 = ORIENTED_EDGE('',*,*,#9414,.F.);
#9414 = EDGE_CURVE('',#9362,#9415,#9417,.T.);
#9415 = VERTEX_POINT('',#9416);
#9416 = CARTESIAN_POINT('',(-35.47915933911,51.,3.29E+03));
#9417 = SURFACE_CURVE('',#9418,(#9422,#9429),.PCURVE_S1.);
#9418 = LINE('',#9419,#9420);
#9419 = CARTESIAN_POINT('',(-86.82230508962,51.,3.29E+03));
#9420 = VECTOR('',#9421,1.);
#9421 = DIRECTION('',(1.,0.,-0.));
#9422 = PCURVE('',#9377,#9423);
#9423 = DEFINITIONAL_REPRESENTATION('',(#9424),#9428);
#9424 = LINE('',#9425,#9426);
#9425 = CARTESIAN_POINT('',(0.,102.));
#9426 = VECTOR('',#9427,1.);
#9427 = DIRECTION('',(1.,0.));
#9428 = ( GEOMETRIC_REPRESENTATION_CONTEXT(2) 
PARAMETRIC_REPRESENTATION_CONTEXT() REPRESENTATION_CONTEXT('2D SPACE',''
  ) );
#9429 = PCURVE('',#9274,#9430);
#9430 = DEFINITIONAL_REPRESENTATION('',(#9431),#9435);
#9431 = LINE('',#9432,#9433);
#9432 = CARTESIAN_POINT('',(0.,0.));
#9433 = VECTOR('',#9434,1.);
#9434 = DIRECTION('',(0.,1.));
#9435 = ( GEOMETRIC_REPRESENTATION_CONTEXT(2) 
PARAMETRIC_REPRESENTATION_CONTEXT() REPRESENTATION_CONTEXT('2D SPACE',''
  ) );
#9436 = ORIENTED_EDGE('',*,*,#9361,.F.);
#9437 = ORIENTED_EDGE('',*,*,#9438,.T.);
#9438 = EDGE_CURVE('',#9339,#9439,#9441,.T.);
#9439 = VERTEX_POINT('',#9440);
#9440 = CARTESIAN_POINT('',(-35.47915933911,-51.,3.29E+03));
#9441 = SURFACE_CURVE('',#9442,(#9446,#9453),.PCURVE_S1.);
#9442 = LINE('',#9443,#9444);
#9443 = CARTESIAN_POINT('',(-86.82230508962,-51.,3.29E+03));
#9444 = VECTOR('',#9445,1.);
#9445 = DIRECTION('',(1.,0.,-0.));
#9446 = PCURVE('',#9377,#9447);
#9447 = DEFINITIONAL_REPRESENTATION('',(#9448),#9452);
#9448 = LINE('',#9449,#9450);
#9449 = CARTESIAN_POINT('',(0.,0.));
#9450 = VECTOR('',#9451,1.);
#9451 = DIRECTION('',(1.,0.));
#9452 = ( GEOMETRIC_REPRESENTATION_CONTEXT(2) 
PARAMETRIC_REPRESENTATION_CONTEXT() REPRESENTATION_CONTEXT('2D SPACE',''
  ) );
#9453 = PCURVE('',#9222,#9454);
#9454 = DEFINITIONAL_REPRESENTATION('',(#9455),#9459);
#9455 = LINE('',#9456,#9457);
#9456 = CARTESIAN_POINT('',(0.,0.));
#9457 = VECTOR('',#9458,1.);
#9458 = DIRECTION('',(0.,1.));
#9459 = ( GEOMETRIC_REPRESENTATION_CONTEXT(2) 
PARAMETRIC_REPRESENTATION_CONTEXT() REPRESENTATION_CONTEXT('2D SPACE',''
  ) );
#9460 = ORIENTED_EDGE('',*,*,#9461,.T.);
#9461 = EDGE_CURVE('',#9439,#9462,#9464,.T.);
#9462 = VERTEX_POINT('',#9463);
#9463 = CARTESIAN_POINT('',(-86.47915933911,-2.84217094304E-14,3.29E+03)
  );
#9464 = SURFACE_CURVE('',#9465,(#9469,#9475),.PCURVE_S1.);
#9465 = LINE('',#9466,#9467);
#9466 = CARTESIAN_POINT('',(-3.104267658087,-83.37489168102,3.29E+03));
#9467 = VECTOR('',#9468,1.);
#9468 = DIRECTION('',(-0.707106781187,0.707106781187,0.));
#9469 = PCURVE('',#9377,#9470);
#9470 = DEFINITIONAL_REPRESENTATION('',(#9471),#9474);
#9471 = B_SPLINE_CURVE_WITH_KNOTS('',1,(#9472,#9473),.UNSPECIFIED.,.F.,
  .F.,(2,2),(45.785010895669,117.90990257669),.PIECEWISE_BEZIER_KNOTS.);
#9472 = CARTESIAN_POINT('',(51.343145750508,-7.105427357601E-15));
#9473 = CARTESIAN_POINT('',(0.343145750508,51.));
#9474 = ( GEOMETRIC_REPRESENTATION_CONTEXT(2) 
PARAMETRIC_REPRESENTATION_CONTEXT() REPRESENTATION_CONTEXT('2D SPACE',''
  ) );
#9475 = PCURVE('',#9324,#9476);
#9476 = DEFINITIONAL_REPRESENTATION('',(#9477),#9480);
#9477 = B_SPLINE_CURVE_WITH_KNOTS('',1,(#9478,#9479),.UNSPECIFIED.,.F.,
  .F.,(2,2),(45.785010895669,117.90990257669),.PIECEWISE_BEZIER_KNOTS.);
#9478 = CARTESIAN_POINT('',(26.,-127.8751083189));
#9479 = CARTESIAN_POINT('',(26.,-200.));
#9480 = ( GEOMETRIC_REPRESENTATION_CONTEXT(2) 
PARAMETRIC_REPRESENTATION_CONTEXT() REPRESENTATION_CONTEXT('2D SPACE',''
  ) );
#9481 = ORIENTED_EDGE('',*,*,#9482,.F.);
#9482 = EDGE_CURVE('',#9415,#9462,#9483,.T.);
#9483 = SURFACE_CURVE('',#9484,(#9488,#9494),.PCURVE_S1.);
#9484 = LINE('',#9485,#9486);
#9485 = CARTESIAN_POINT('',(-99.31494577674,-12.83578643762,3.29E+03));
#9486 = VECTOR('',#9487,1.);
#9487 = DIRECTION('',(-0.707106781187,-0.707106781187,0.));
#9488 = PCURVE('',#9377,#9489);
#9489 = DEFINITIONAL_REPRESENTATION('',(#9490),#9493);
#9490 = B_SPLINE_CURVE_WITH_KNOTS('',1,(#9491,#9492),.UNSPECIFIED.,.F.,
  .F.,(2,2),(-90.27743494484,-18.15254326381),.PIECEWISE_BEZIER_KNOTS.);
#9491 = CARTESIAN_POINT('',(51.343145750508,102.));
#9492 = CARTESIAN_POINT('',(0.343145750508,51.));
#9493 = ( GEOMETRIC_REPRESENTATION_CONTEXT(2) 
PARAMETRIC_REPRESENTATION_CONTEXT() REPRESENTATION_CONTEXT('2D SPACE',''
  ) );
#9494 = PCURVE('',#9300,#9495);
#9495 = DEFINITIONAL_REPRESENTATION('',(#9496),#9499);
#9496 = B_SPLINE_CURVE_WITH_KNOTS('',1,(#9497,#9498),.UNSPECIFIED.,.F.,
  .F.,(2,2),(-90.27743494484,-18.15254326381),.PIECEWISE_BEZIER_KNOTS.);
#9497 = CARTESIAN_POINT('',(26.,72.124891681028));
#9498 = CARTESIAN_POINT('',(26.,0.));
#9499 = ( GEOMETRIC_REPRESENTATION_CONTEXT(2) 
PARAMETRIC_REPRESENTATION_CONTEXT() REPRESENTATION_CONTEXT('2D SPACE',''
  ) );
#9500 = ADVANCED_FACE('',(#9501),#9274,.F.);
#9501 = FACE_BOUND('',#9502,.F.);
#9502 = EDGE_LOOP('',(#9503,#9504,#9505,#9506));
#9503 = ORIENTED_EDGE('',*,*,#9414,.F.);
#9504 = ORIENTED_EDGE('',*,*,#9389,.T.);
#9505 = ORIENTED_EDGE('',*,*,#9259,.F.);
#9506 = ORIENTED_EDGE('',*,*,#9507,.F.);
#9507 = EDGE_CURVE('',#9415,#9260,#9508,.T.);
#9508 = SURFACE_CURVE('',#9509,(#9513,#9519),.PCURVE_S1.);
#9509 = LINE('',#9510,#9511);
#9510 = CARTESIAN_POINT('',(-35.47915933911,51.,3.277E+03));
#9511 = VECTOR('',#9512,1.);
#9512 = DIRECTION('',(0.,0.,1.));
#9513 = PCURVE('',#9274,#9514);
#9514 = DEFINITIONAL_REPRESENTATION('',(#9515),#9518);
#9515 = B_SPLINE_CURVE_WITH_KNOTS('',1,(#9516,#9517),.UNSPECIFIED.,.F.,
  .F.,(2,2),(13.,30.),.PIECEWISE_BEZIER_KNOTS.);
#9516 = CARTESIAN_POINT('',(0.,51.343145750508));
#9517 = CARTESIAN_POINT('',(17.,51.343145750508));
#9518 = ( GEOMETRIC_REPRESENTATION_CONTEXT(2) 
PARAMETRIC_REPRESENTATION_CONTEXT() REPRESENTATION_CONTEXT('2D SPACE',''
  ) );
#9519 = PCURVE('',#9300,#9520);
#9520 = DEFINITIONAL_REPRESENTATION('',(#9521),#9524);
#9521 = B_SPLINE_CURVE_WITH_KNOTS('',1,(#9522,#9523),.UNSPECIFIED.,.F.,
  .F.,(2,2),(13.,30.),.PIECEWISE_BEZIER_KNOTS.);
#9522 = CARTESIAN_POINT('',(26.,72.124891681028));
#9523 = CARTESIAN_POINT('',(43.,72.124891681028));
#9524 = ( GEOMETRIC_REPRESENTATION_CONTEXT(2) 
PARAMETRIC_REPRESENTATION_CONTEXT() REPRESENTATION_CONTEXT('2D SPACE',''
  ) );
#9525 = ADVANCED_FACE('',(#9526),#9300,.T.);
#9526 = FACE_BOUND('',#9527,.T.);
#9527 = EDGE_LOOP('',(#9528,#9529,#9530,#9551));
#9528 = ORIENTED_EDGE('',*,*,#9507,.F.);
#9529 = ORIENTED_EDGE('',*,*,#9482,.T.);
#9530 = ORIENTED_EDGE('',*,*,#9531,.T.);
#9531 = EDGE_CURVE('',#9462,#9286,#9532,.T.);
#9532 = SURFACE_CURVE('',#9533,(#9537,#9544),.PCURVE_S1.);
#9533 = LINE('',#9534,#9535);
#9534 = CARTESIAN_POINT('',(-86.47915933911,-2.84217094304E-14,3.264E+03
    ));
#9535 = VECTOR('',#9536,1.);
#9536 = DIRECTION('',(0.,0.,1.));
#9537 = PCURVE('',#9300,#9538);
#9538 = DEFINITIONAL_REPRESENTATION('',(#9539),#9543);
#9539 = LINE('',#9540,#9541);
#9540 = CARTESIAN_POINT('',(0.,0.));
#9541 = VECTOR('',#9542,1.);
#9542 = DIRECTION('',(1.,0.));
#9543 = ( GEOMETRIC_REPRESENTATION_CONTEXT(2) 
PARAMETRIC_REPRESENTATION_CONTEXT() REPRESENTATION_CONTEXT('2D SPACE',''
  ) );
#9544 = PCURVE('',#9324,#9545);
#9545 = DEFINITIONAL_REPRESENTATION('',(#9546),#9550);
#9546 = LINE('',#9547,#9548);
#9547 = CARTESIAN_POINT('',(0.,-200.));
#9548 = VECTOR('',#9549,1.);
#9549 = DIRECTION('',(1.,0.));
#9550 = ( GEOMETRIC_REPRESENTATION_CONTEXT(2) 
PARAMETRIC_REPRESENTATION_CONTEXT() REPRESENTATION_CONTEXT('2D SPACE',''
  ) );
#9551 = ORIENTED_EDGE('',*,*,#9285,.F.);
#9552 = ADVANCED_FACE('',(#9553),#9324,.F.);
#9553 = FACE_BOUND('',#9554,.F.);
#9554 = EDGE_LOOP('',(#9555,#9556,#9557,#9558));
#9555 = ORIENTED_EDGE('',*,*,#9461,.T.);
#9556 = ORIENTED_EDGE('',*,*,#9531,.T.);
#9557 = ORIENTED_EDGE('',*,*,#9311,.F.);
#9558 = ORIENTED_EDGE('',*,*,#9559,.T.);
#9559 = EDGE_CURVE('',#9206,#9439,#9560,.T.);
#9560 = SURFACE_CURVE('',#9561,(#9565,#9571),.PCURVE_S1.);
#9561 = LINE('',#9562,#9563);
#9562 = CARTESIAN_POINT('',(-35.47915933911,-51.,3.277E+03));
#9563 = VECTOR('',#9564,1.);
#9564 = DIRECTION('',(0.,0.,-1.));
#9565 = PCURVE('',#9324,#9566);
#9566 = DEFINITIONAL_REPRESENTATION('',(#9567),#9570);
#9567 = B_SPLINE_CURVE_WITH_KNOTS('',1,(#9568,#9569),.UNSPECIFIED.,.F.,
  .F.,(2,2),(-30.,-13.),.PIECEWISE_BEZIER_KNOTS.);
#9568 = CARTESIAN_POINT('',(43.,-127.8751083189));
#9569 = CARTESIAN_POINT('',(26.,-127.8751083189));
#9570 = ( GEOMETRIC_REPRESENTATION_CONTEXT(2) 
PARAMETRIC_REPRESENTATION_CONTEXT() REPRESENTATION_CONTEXT('2D SPACE',''
  ) );
#9571 = PCURVE('',#9222,#9572);
#9572 = DEFINITIONAL_REPRESENTATION('',(#9573),#9576);
#9573 = B_SPLINE_CURVE_WITH_KNOTS('',1,(#9574,#9575),.UNSPECIFIED.,.F.,
  .F.,(2,2),(-30.,-13.),.PIECEWISE_BEZIER_KNOTS.);
#9574 = CARTESIAN_POINT('',(17.,51.343145750508));
#9575 = CARTESIAN_POINT('',(0.,51.343145750508));
#9576 = ( GEOMETRIC_REPRESENTATION_CONTEXT(2) 
PARAMETRIC_REPRESENTATION_CONTEXT() REPRESENTATION_CONTEXT('2D SPACE',''
  ) );
#9577 = ADVANCED_FACE('',(#9578),#9222,.T.);
#9578 = FACE_BOUND('',#9579,.T.);
#9579 = EDGE_LOOP('',(#9580,#9581,#9582,#9583));
#9580 = ORIENTED_EDGE('',*,*,#9438,.F.);
#9581 = ORIENTED_EDGE('',*,*,#9338,.T.);
#9582 = ORIENTED_EDGE('',*,*,#9205,.F.);
#9583 = ORIENTED_EDGE('',*,*,#9559,.T.);
#9584 = ADVANCED_FACE('',(#9585),#7720,.F.);
#9585 = FACE_BOUND('',#9586,.F.);
#9586 = EDGE_LOOP('',(#9587,#9588,#9589,#9590));
#9587 = ORIENTED_EDGE('',*,*,#7841,.F.);
#9588 = ORIENTED_EDGE('',*,*,#7697,.T.);
#9589 = ORIENTED_EDGE('',*,*,#9178,.T.);
#9590 = ORIENTED_EDGE('',*,*,#8380,.F.);
#9591 = MANIFOLD_SOLID_BREP('',#9592);
#9592 = CLOSED_SHELL('',(#9593,#9713,#9813,#9860,#9907,#9914));
#9593 = ADVANCED_FACE('',(#9594),#9608,.F.);
#9594 = FACE_BOUND('',#9595,.F.);
#9595 = EDGE_LOOP('',(#9596,#9631,#9659,#9687));
#9596 = ORIENTED_EDGE('',*,*,#9597,.F.);
#9597 = EDGE_CURVE('',#9598,#9600,#9602,.T.);
#9598 = VERTEX_POINT('',#9599);
#9599 = CARTESIAN_POINT('',(-88.82230508962,-61.,3.28E+03));
#9600 = VERTEX_POINT('',#9601);
#9601 = CARTESIAN_POINT('',(-88.82230508962,-61.,3.292E+03));
#9602 = SURFACE_CURVE('',#9603,(#9607,#9619),.PCURVE_S1.);
#9603 = LINE('',#9604,#9605);
#9604 = CARTESIAN_POINT('',(-88.82230508962,-61.,3.28E+03));
#9605 = VECTOR('',#9606,1.);
#9606 = DIRECTION('',(0.,0.,1.));
#9607 = PCURVE('',#9608,#9613);
#9608 = PLANE('',#9609);
#9609 = AXIS2_PLACEMENT_3D('',#9610,#9611,#9612);
#9610 = CARTESIAN_POINT('',(-88.82230508962,-61.,3.28E+03));
#9611 = DIRECTION('',(1.,0.,-0.));
#9612 = DIRECTION('',(0.,0.,1.));
#9613 = DEFINITIONAL_REPRESENTATION('',(#9614),#9618);
#9614 = LINE('',#9615,#9616);
#9615 = CARTESIAN_POINT('',(0.,0.));
#9616 = VECTOR('',#9617,1.);
#9617 = DIRECTION('',(1.,0.));
#9618 = ( GEOMETRIC_REPRESENTATION_CONTEXT(2) 
PARAMETRIC_REPRESENTATION_CONTEXT() REPRESENTATION_CONTEXT('2D SPACE',''
  ) );
#9619 = PCURVE('',#9620,#9625);
#9620 = PLANE('',#9621);
#9621 = AXIS2_PLACEMENT_3D('',#9622,#9623,#9624);
#9622 = CARTESIAN_POINT('',(-88.82230508962,-61.,3.28E+03));
#9623 = DIRECTION('',(-0.,1.,0.));
#9624 = DIRECTION('',(0.,0.,1.));
#9625 = DEFINITIONAL_REPRESENTATION('',(#9626),#9630);
#9626 = LINE('',#9627,#9628);
#9627 = CARTESIAN_POINT('',(0.,0.));
#9628 = VECTOR('',#9629,1.);
#9629 = DIRECTION('',(1.,0.));
#9630 = ( GEOMETRIC_REPRESENTATION_CONTEXT(2) 
PARAMETRIC_REPRESENTATION_CONTEXT() REPRESENTATION_CONTEXT('2D SPACE',''
  ) );
#9631 = ORIENTED_EDGE('',*,*,#9632,.T.);
#9632 = EDGE_CURVE('',#9598,#9633,#9635,.T.);
#9633 = VERTEX_POINT('',#9634);
#9634 = CARTESIAN_POINT('',(-88.82230508962,-56.,3.28E+03));
#9635 = SURFACE_CURVE('',#9636,(#9640,#9647),.PCURVE_S1.);
#9636 = LINE('',#9637,#9638);
#9637 = CARTESIAN_POINT('',(-88.82230508962,-61.,3.28E+03));
#9638 = VECTOR('',#9639,1.);
#9639 = DIRECTION('',(-0.,1.,0.));
#9640 = PCURVE('',#9608,#9641);
#9641 = DEFINITIONAL_REPRESENTATION('',(#9642),#9646);
#9642 = LINE('',#9643,#9644);
#9643 = CARTESIAN_POINT('',(0.,0.));
#9644 = VECTOR('',#9645,1.);
#9645 = DIRECTION('',(0.,-1.));
#9646 = ( GEOMETRIC_REPRESENTATION_CONTEXT(2) 
PARAMETRIC_REPRESENTATION_CONTEXT() REPRESENTATION_CONTEXT('2D SPACE',''
  ) );
#9647 = PCURVE('',#9648,#9653);
#9648 = PLANE('',#9649);
#9649 = AXIS2_PLACEMENT_3D('',#9650,#9651,#9652);
#9650 = CARTESIAN_POINT('',(-88.82230508962,-61.,3.28E+03));
#9651 = DIRECTION('',(0.,0.,1.));
#9652 = DIRECTION('',(1.,0.,-0.));
#9653 = DEFINITIONAL_REPRESENTATION('',(#9654),#9658);
#9654 = LINE('',#9655,#9656);
#9655 = CARTESIAN_POINT('',(0.,0.));
#9656 = VECTOR('',#9657,1.);
#9657 = DIRECTION('',(0.,1.));
#9658 = ( GEOMETRIC_REPRESENTATION_CONTEXT(2) 
PARAMETRIC_REPRESENTATION_CONTEXT() REPRESENTATION_CONTEXT('2D SPACE',''
  ) );
#9659 = ORIENTED_EDGE('',*,*,#9660,.T.);
#9660 = EDGE_CURVE('',#9633,#9661,#9663,.T.);
#9661 = VERTEX_POINT('',#9662);
#9662 = CARTESIAN_POINT('',(-88.82230508962,-56.,3.292E+03));
#9663 = SURFACE_CURVE('',#9664,(#9668,#9675),.PCURVE_S1.);
#9664 = LINE('',#9665,#9666);
#9665 = CARTESIAN_POINT('',(-88.82230508962,-56.,3.28E+03));
#9666 = VECTOR('',#9667,1.);
#9667 = DIRECTION('',(0.,0.,1.));
#9668 = PCURVE('',#9608,#9669);
#9669 = DEFINITIONAL_REPRESENTATION('',(#9670),#9674);
#9670 = LINE('',#9671,#9672);
#9671 = CARTESIAN_POINT('',(0.,-5.));
#9672 = VECTOR('',#9673,1.);
#9673 = DIRECTION('',(1.,0.));
#9674 = ( GEOMETRIC_REPRESENTATION_CONTEXT(2) 
PARAMETRIC_REPRESENTATION_CONTEXT() REPRESENTATION_CONTEXT('2D SPACE',''
  ) );
#9675 = PCURVE('',#9676,#9681);
#9676 = PLANE('',#9677);
#9677 = AXIS2_PLACEMENT_3D('',#9678,#9679,#9680);
#9678 = CARTESIAN_POINT('',(-88.82230508962,-56.,3.28E+03));
#9679 = DIRECTION('',(-0.,1.,0.));
#9680 = DIRECTION('',(0.,0.,1.));
#9681 = DEFINITIONAL_REPRESENTATION('',(#9682),#9686);
#9682 = LINE('',#9683,#9684);
#9683 = CARTESIAN_POINT('',(0.,0.));
#9684 = VECTOR('',#9685,1.);
#9685 = DIRECTION('',(1.,0.));
#9686 = ( GEOMETRIC_REPRESENTATION_CONTEXT(2) 
PARAMETRIC_REPRESENTATION_CONTEXT() REPRESENTATION_CONTEXT('2D SPACE',''
  ) );
#9687 = ORIENTED_EDGE('',*,*,#9688,.F.);
#9688 = EDGE_CURVE('',#9600,#9661,#9689,.T.);
#9689 = SURFACE_CURVE('',#9690,(#9694,#9701),.PCURVE_S1.);
#9690 = LINE('',#9691,#9692);
#9691 = CARTESIAN_POINT('',(-88.82230508962,-61.,3.292E+03));
#9692 = VECTOR('',#9693,1.);
#9693 = DIRECTION('',(-0.,1.,0.));
#9694 = PCURVE('',#9608,#9695);
#9695 = DEFINITIONAL_REPRESENTATION('',(#9696),#9700);
#9696 = LINE('',#9697,#9698);
#9697 = CARTESIAN_POINT('',(12.,0.));
#9698 = VECTOR('',#9699,1.);
#9699 = DIRECTION('',(0.,-1.));
#9700 = ( GEOMETRIC_REPRESENTATION_CONTEXT(2) 
PARAMETRIC_REPRESENTATION_CONTEXT() REPRESENTATION_CONTEXT('2D SPACE',''
  ) );
#9701 = PCURVE('',#9702,#9707);
#9702 = PLANE('',#9703);
#9703 = AXIS2_PLACEMENT_3D('',#9704,#9705,#9706);
#9704 = CARTESIAN_POINT('',(-88.82230508962,-61.,3.292E+03));
#9705 = DIRECTION('',(0.,0.,1.));
#9706 = DIRECTION('',(1.,0.,-0.));
#9707 = DEFINITIONAL_REPRESENTATION('',(#9708),#9712);
#9708 = LINE('',#9709,#9710);
#9709 = CARTESIAN_POINT('',(0.,0.));
#9710 = VECTOR('',#9711,1.);
#9711 = DIRECTION('',(0.,1.));
#9712 = ( GEOMETRIC_REPRESENTATION_CONTEXT(2) 
PARAMETRIC_REPRESENTATION_CONTEXT() REPRESENTATION_CONTEXT('2D SPACE',''
  ) );
#9713 = ADVANCED_FACE('',(#9714),#9728,.T.);
#9714 = FACE_BOUND('',#9715,.T.);
#9715 = EDGE_LOOP('',(#9716,#9746,#9769,#9792));
#9716 = ORIENTED_EDGE('',*,*,#9717,.F.);
#9717 = EDGE_CURVE('',#9718,#9720,#9722,.T.);
#9718 = VERTEX_POINT('',#9719);
#9719 = CARTESIAN_POINT('',(-30.82230508962,-61.,3.28E+03));
#9720 = VERTEX_POINT('',#9721);
#9721 = CARTESIAN_POINT('',(-30.82230508962,-61.,3.292E+03));
#9722 = SURFACE_CURVE('',#9723,(#9727,#9739),.PCURVE_S1.);
#9723 = LINE('',#9724,#9725);
#9724 = CARTESIAN_POINT('',(-30.82230508962,-61.,3.28E+03));
#9725 = VECTOR('',#9726,1.);
#9726 = DIRECTION('',(0.,0.,1.));
#9727 = PCURVE('',#9728,#9733);
#9728 = PLANE('',#9729);
#9729 = AXIS2_PLACEMENT_3D('',#9730,#9731,#9732);
#9730 = CARTESIAN_POINT('',(-30.82230508962,-61.,3.28E+03));
#9731 = DIRECTION('',(1.,0.,-0.));
#9732 = DIRECTION('',(0.,0.,1.));
#9733 = DEFINITIONAL_REPRESENTATION('',(#9734),#9738);
#9734 = LINE('',#9735,#9736);
#9735 = CARTESIAN_POINT('',(0.,0.));
#9736 = VECTOR('',#9737,1.);
#9737 = DIRECTION('',(1.,0.));
#9738 = ( GEOMETRIC_REPRESENTATION_CONTEXT(2) 
PARAMETRIC_REPRESENTATION_CONTEXT() REPRESENTATION_CONTEXT('2D SPACE',''
  ) );
#9739 = PCURVE('',#9620,#9740);
#9740 = DEFINITIONAL_REPRESENTATION('',(#9741),#9745);
#9741 = LINE('',#9742,#9743);
#9742 = CARTESIAN_POINT('',(0.,58.));
#9743 = VECTOR('',#9744,1.);
#9744 = DIRECTION('',(1.,0.));
#9745 = ( GEOMETRIC_REPRESENTATION_CONTEXT(2) 
PARAMETRIC_REPRESENTATION_CONTEXT() REPRESENTATION_CONTEXT('2D SPACE',''
  ) );
#9746 = ORIENTED_EDGE('',*,*,#9747,.T.);
#9747 = EDGE_CURVE('',#9718,#9748,#9750,.T.);
#9748 = VERTEX_POINT('',#9749);
#9749 = CARTESIAN_POINT('',(-30.82230508962,-56.,3.28E+03));
#9750 = SURFACE_CURVE('',#9751,(#9755,#9762),.PCURVE_S1.);
#9751 = LINE('',#9752,#9753);
#9752 = CARTESIAN_POINT('',(-30.82230508962,-61.,3.28E+03));
#9753 = VECTOR('',#9754,1.);
#9754 = DIRECTION('',(-0.,1.,0.));
#9755 = PCURVE('',#9728,#9756);
#9756 = DEFINITIONAL_REPRESENTATION('',(#9757),#9761);
#9757 = LINE('',#9758,#9759);
#9758 = CARTESIAN_POINT('',(0.,0.));
#9759 = VECTOR('',#9760,1.);
#9760 = DIRECTION('',(0.,-1.));
#9761 = ( GEOMETRIC_REPRESENTATION_CONTEXT(2) 
PARAMETRIC_REPRESENTATION_CONTEXT() REPRESENTATION_CONTEXT('2D SPACE',''
  ) );
#9762 = PCURVE('',#9648,#9763);
#9763 = DEFINITIONAL_REPRESENTATION('',(#9764),#9768);
#9764 = LINE('',#9765,#9766);
#9765 = CARTESIAN_POINT('',(58.,0.));
#9766 = VECTOR('',#9767,1.);
#9767 = DIRECTION('',(0.,1.));
#9768 = ( GEOMETRIC_REPRESENTATION_CONTEXT(2) 
PARAMETRIC_REPRESENTATION_CONTEXT() REPRESENTATION_CONTEXT('2D SPACE',''
  ) );
#9769 = ORIENTED_EDGE('',*,*,#9770,.T.);
#9770 = EDGE_CURVE('',#9748,#9771,#9773,.T.);
#9771 = VERTEX_POINT('',#9772);
#9772 = CARTESIAN_POINT('',(-30.82230508962,-56.,3.292E+03));
#9773 = SURFACE_CURVE('',#9774,(#9778,#9785),.PCURVE_S1.);
#9774 = LINE('',#9775,#9776);
#9775 = CARTESIAN_POINT('',(-30.82230508962,-56.,3.28E+03));
#9776 = VECTOR('',#9777,1.);
#9777 = DIRECTION('',(0.,0.,1.));
#9778 = PCURVE('',#9728,#9779);
#9779 = DEFINITIONAL_REPRESENTATION('',(#9780),#9784);
#9780 = LINE('',#9781,#9782);
#9781 = CARTESIAN_POINT('',(0.,-5.));
#9782 = VECTOR('',#9783,1.);
#9783 = DIRECTION('',(1.,0.));
#9784 = ( GEOMETRIC_REPRESENTATION_CONTEXT(2) 
PARAMETRIC_REPRESENTATION_CONTEXT() REPRESENTATION_CONTEXT('2D SPACE',''
  ) );
#9785 = PCURVE('',#9676,#9786);
#9786 = DEFINITIONAL_REPRESENTATION('',(#9787),#9791);
#9787 = LINE('',#9788,#9789);
#9788 = CARTESIAN_POINT('',(0.,58.));
#9789 = VECTOR('',#9790,1.);
#9790 = DIRECTION('',(1.,0.));
#9791 = ( GEOMETRIC_REPRESENTATION_CONTEXT(2) 
PARAMETRIC_REPRESENTATION_CONTEXT() REPRESENTATION_CONTEXT('2D SPACE',''
  ) );
#9792 = ORIENTED_EDGE('',*,*,#9793,.F.);
#9793 = EDGE_CURVE('',#9720,#9771,#9794,.T.);
#9794 = SURFACE_CURVE('',#9795,(#9799,#9806),.PCURVE_S1.);
#9795 = LINE('',#9796,#9797);
#9796 = CARTESIAN_POINT('',(-30.82230508962,-61.,3.292E+03));
#9797 = VECTOR('',#9798,1.);
#9798 = DIRECTION('',(-0.,1.,0.));
#9799 = PCURVE('',#9728,#9800);
#9800 = DEFINITIONAL_REPRESENTATION('',(#9801),#9805);
#9801 = LINE('',#9802,#9803);
#9802 = CARTESIAN_POINT('',(12.,0.));
#9803 = VECTOR('',#9804,1.);
#9804 = DIRECTION('',(0.,-1.));
#9805 = ( GEOMETRIC_REPRESENTATION_CONTEXT(2) 
PARAMETRIC_REPRESENTATION_CONTEXT() REPRESENTATION_CONTEXT('2D SPACE',''
  ) );
#9806 = PCURVE('',#9702,#9807);
#9807 = DEFINITIONAL_REPRESENTATION('',(#9808),#9812);
#9808 = LINE('',#9809,#9810);
#9809 = CARTESIAN_POINT('',(58.,0.));
#9810 = VECTOR('',#9811,1.);
#9811 = DIRECTION('',(0.,1.));
#9812 = ( GEOMETRIC_REPRESENTATION_CONTEXT(2) 
PARAMETRIC_REPRESENTATION_CONTEXT() REPRESENTATION_CONTEXT('2D SPACE',''
  ) );
#9813 = ADVANCED_FACE('',(#9814),#9620,.F.);
#9814 = FACE_BOUND('',#9815,.F.);
#9815 = EDGE_LOOP('',(#9816,#9837,#9838,#9859));
#9816 = ORIENTED_EDGE('',*,*,#9817,.F.);
#9817 = EDGE_CURVE('',#9598,#9718,#9818,.T.);
#9818 = SURFACE_CURVE('',#9819,(#9823,#9830),.PCURVE_S1.);
#9819 = LINE('',#9820,#9821);
#9820 = CARTESIAN_POINT('',(-88.82230508962,-61.,3.28E+03));
#9821 = VECTOR('',#9822,1.);
#9822 = DIRECTION('',(1.,0.,-0.));
#9823 = PCURVE('',#9620,#9824);
#9824 = DEFINITIONAL_REPRESENTATION('',(#9825),#9829);
#9825 = LINE('',#9826,#9827);
#9826 = CARTESIAN_POINT('',(0.,0.));
#9827 = VECTOR('',#9828,1.);
#9828 = DIRECTION('',(0.,1.));
#9829 = ( GEOMETRIC_REPRESENTATION_CONTEXT(2) 
PARAMETRIC_REPRESENTATION_CONTEXT() REPRESENTATION_CONTEXT('2D SPACE',''
  ) );
#9830 = PCURVE('',#9648,#9831);
#9831 = DEFINITIONAL_REPRESENTATION('',(#9832),#9836);
#9832 = LINE('',#9833,#9834);
#9833 = CARTESIAN_POINT('',(0.,0.));
#9834 = VECTOR('',#9835,1.);
#9835 = DIRECTION('',(1.,0.));
#9836 = ( GEOMETRIC_REPRESENTATION_CONTEXT(2) 
PARAMETRIC_REPRESENTATION_CONTEXT() REPRESENTATION_CONTEXT('2D SPACE',''
  ) );
#9837 = ORIENTED_EDGE('',*,*,#9597,.T.);
#9838 = ORIENTED_EDGE('',*,*,#9839,.T.);
#9839 = EDGE_CURVE('',#9600,#9720,#9840,.T.);
#9840 = SURFACE_CURVE('',#9841,(#9845,#9852),.PCURVE_S1.);
#9841 = LINE('',#9842,#9843);
#9842 = CARTESIAN_POINT('',(-88.82230508962,-61.,3.292E+03));
#9843 = VECTOR('',#9844,1.);
#9844 = DIRECTION('',(1.,0.,-0.));
#9845 = PCURVE('',#9620,#9846);
#9846 = DEFINITIONAL_REPRESENTATION('',(#9847),#9851);
#9847 = LINE('',#9848,#9849);
#9848 = CARTESIAN_POINT('',(12.,0.));
#9849 = VECTOR('',#9850,1.);
#9850 = DIRECTION('',(0.,1.));
#9851 = ( GEOMETRIC_REPRESENTATION_CONTEXT(2) 
PARAMETRIC_REPRESENTATION_CONTEXT() REPRESENTATION_CONTEXT('2D SPACE',''
  ) );
#9852 = PCURVE('',#9702,#9853);
#9853 = DEFINITIONAL_REPRESENTATION('',(#9854),#9858);
#9854 = LINE('',#9855,#9856);
#9855 = CARTESIAN_POINT('',(0.,0.));
#9856 = VECTOR('',#9857,1.);
#9857 = DIRECTION('',(1.,0.));
#9858 = ( GEOMETRIC_REPRESENTATION_CONTEXT(2) 
PARAMETRIC_REPRESENTATION_CONTEXT() REPRESENTATION_CONTEXT('2D SPACE',''
  ) );
#9859 = ORIENTED_EDGE('',*,*,#9717,.F.);
#9860 = ADVANCED_FACE('',(#9861),#9676,.T.);
#9861 = FACE_BOUND('',#9862,.T.);
#9862 = EDGE_LOOP('',(#9863,#9884,#9885,#9906));
#9863 = ORIENTED_EDGE('',*,*,#9864,.F.);
#9864 = EDGE_CURVE('',#9633,#9748,#9865,.T.);
#9865 = SURFACE_CURVE('',#9866,(#9870,#9877),.PCURVE_S1.);
#9866 = LINE('',#9867,#9868);
#9867 = CARTESIAN_POINT('',(-88.82230508962,-56.,3.28E+03));
#9868 = VECTOR('',#9869,1.);
#9869 = DIRECTION('',(1.,0.,-0.));
#9870 = PCURVE('',#9676,#9871);
#9871 = DEFINITIONAL_REPRESENTATION('',(#9872),#9876);
#9872 = LINE('',#9873,#9874);
#9873 = CARTESIAN_POINT('',(0.,0.));
#9874 = VECTOR('',#9875,1.);
#9875 = DIRECTION('',(0.,1.));
#9876 = ( GEOMETRIC_REPRESENTATION_CONTEXT(2) 
PARAMETRIC_REPRESENTATION_CONTEXT() REPRESENTATION_CONTEXT('2D SPACE',''
  ) );
#9877 = PCURVE('',#9648,#9878);
#9878 = DEFINITIONAL_REPRESENTATION('',(#9879),#9883);
#9879 = LINE('',#9880,#9881);
#9880 = CARTESIAN_POINT('',(0.,5.));
#9881 = VECTOR('',#9882,1.);
#9882 = DIRECTION('',(1.,0.));
#9883 = ( GEOMETRIC_REPRESENTATION_CONTEXT(2) 
PARAMETRIC_REPRESENTATION_CONTEXT() REPRESENTATION_CONTEXT('2D SPACE',''
  ) );
#9884 = ORIENTED_EDGE('',*,*,#9660,.T.);
#9885 = ORIENTED_EDGE('',*,*,#9886,.T.);
#9886 = EDGE_CURVE('',#9661,#9771,#9887,.T.);
#9887 = SURFACE_CURVE('',#9888,(#9892,#9899),.PCURVE_S1.);
#9888 = LINE('',#9889,#9890);
#9889 = CARTESIAN_POINT('',(-88.82230508962,-56.,3.292E+03));
#9890 = VECTOR('',#9891,1.);
#9891 = DIRECTION('',(1.,0.,-0.));
#9892 = PCURVE('',#9676,#9893);
#9893 = DEFINITIONAL_REPRESENTATION('',(#9894),#9898);
#9894 = LINE('',#9895,#9896);
#9895 = CARTESIAN_POINT('',(12.,0.));
#9896 = VECTOR('',#9897,1.);
#9897 = DIRECTION('',(0.,1.));
#9898 = ( GEOMETRIC_REPRESENTATION_CONTEXT(2) 
PARAMETRIC_REPRESENTATION_CONTEXT() REPRESENTATION_CONTEXT('2D SPACE',''
  ) );
#9899 = PCURVE('',#9702,#9900);
#9900 = DEFINITIONAL_REPRESENTATION('',(#9901),#9905);
#9901 = LINE('',#9902,#9903);
#9902 = CARTESIAN_POINT('',(0.,5.));
#9903 = VECTOR('',#9904,1.);
#9904 = DIRECTION('',(1.,0.));
#9905 = ( GEOMETRIC_REPRESENTATION_CONTEXT(2) 
PARAMETRIC_REPRESENTATION_CONTEXT() REPRESENTATION_CONTEXT('2D SPACE',''
  ) );
#9906 = ORIENTED_EDGE('',*,*,#9770,.F.);
#9907 = ADVANCED_FACE('',(#9908),#9648,.F.);
#9908 = FACE_BOUND('',#9909,.F.);
#9909 = EDGE_LOOP('',(#9910,#9911,#9912,#9913));
#9910 = ORIENTED_EDGE('',*,*,#9632,.F.);
#9911 = ORIENTED_EDGE('',*,*,#9817,.T.);
#9912 = ORIENTED_EDGE('',*,*,#9747,.T.);
#9913 = ORIENTED_EDGE('',*,*,#9864,.F.);
#9914 = ADVANCED_FACE('',(#9915),#9702,.T.);
#9915 = FACE_BOUND('',#9916,.T.);
#9916 = EDGE_LOOP('',(#9917,#9918,#9919,#9920));
#9917 = ORIENTED_EDGE('',*,*,#9688,.F.);
#9918 = ORIENTED_EDGE('',*,*,#9839,.T.);
#9919 = ORIENTED_EDGE('',*,*,#9793,.T.);
#9920 = ORIENTED_EDGE('',*,*,#9886,.F.);
#9921 = MANIFOLD_SOLID_BREP('',#9922);
#9922 = CLOSED_SHELL('',(#9923,#10043,#10143,#10190,#10237,#10244));
#9923 = ADVANCED_FACE('',(#9924),#9938,.F.);
#9924 = FACE_BOUND('',#9925,.F.);
#9925 = EDGE_LOOP('',(#9926,#9961,#9989,#10017));
#9926 = ORIENTED_EDGE('',*,*,#9927,.F.);
#9927 = EDGE_CURVE('',#9928,#9930,#9932,.T.);
#9928 = VERTEX_POINT('',#9929);
#9929 = CARTESIAN_POINT('',(-88.82230508962,56.,3.28E+03));
#9930 = VERTEX_POINT('',#9931);
#9931 = CARTESIAN_POINT('',(-88.82230508962,56.,3.292E+03));
#9932 = SURFACE_CURVE('',#9933,(#9937,#9949),.PCURVE_S1.);
#9933 = LINE('',#9934,#9935);
#9934 = CARTESIAN_POINT('',(-88.82230508962,56.,3.28E+03));
#9935 = VECTOR('',#9936,1.);
#9936 = DIRECTION('',(0.,0.,1.));
#9937 = PCURVE('',#9938,#9943);
#9938 = PLANE('',#9939);
#9939 = AXIS2_PLACEMENT_3D('',#9940,#9941,#9942);
#9940 = CARTESIAN_POINT('',(-88.82230508962,56.,3.28E+03));
#9941 = DIRECTION('',(1.,0.,-0.));
#9942 = DIRECTION('',(0.,0.,1.));
#9943 = DEFINITIONAL_REPRESENTATION('',(#9944),#9948);
#9944 = LINE('',#9945,#9946);
#9945 = CARTESIAN_POINT('',(0.,0.));
#9946 = VECTOR('',#9947,1.);
#9947 = DIRECTION('',(1.,0.));
#9948 = ( GEOMETRIC_REPRESENTATION_CONTEXT(2) 
PARAMETRIC_REPRESENTATION_CONTEXT() REPRESENTATION_CONTEXT('2D SPACE',''
  ) );
#9949 = PCURVE('',#9950,#9955);
#9950 = PLANE('',#9951);
#9951 = AXIS2_PLACEMENT_3D('',#9952,#9953,#9954);
#9952 = CARTESIAN_POINT('',(-88.82230508962,56.,3.28E+03));
#9953 = DIRECTION('',(-0.,1.,0.));
#9954 = DIRECTION('',(0.,0.,1.));
#9955 = DEFINITIONAL_REPRESENTATION('',(#9956),#9960);
#9956 = LINE('',#9957,#9958);
#9957 = CARTESIAN_POINT('',(0.,0.));
#9958 = VECTOR('',#9959,1.);
#9959 = DIRECTION('',(1.,0.));
#9960 = ( GEOMETRIC_REPRESENTATION_CONTEXT(2) 
PARAMETRIC_REPRESENTATION_CONTEXT() REPRESENTATION_CONTEXT('2D SPACE',''
  ) );
#9961 = ORIENTED_EDGE('',*,*,#9962,.T.);
#9962 = EDGE_CURVE('',#9928,#9963,#9965,.T.);
#9963 = VERTEX_POINT('',#9964);
#9964 = CARTESIAN_POINT('',(-88.82230508962,61.,3.28E+03));
#9965 = SURFACE_CURVE('',#9966,(#9970,#9977),.PCURVE_S1.);
#9966 = LINE('',#9967,#9968);
#9967 = CARTESIAN_POINT('',(-88.82230508962,56.,3.28E+03));
#9968 = VECTOR('',#9969,1.);
#9969 = DIRECTION('',(-0.,1.,0.));
#9970 = PCURVE('',#9938,#9971);
#9971 = DEFINITIONAL_REPRESENTATION('',(#9972),#9976);
#9972 = LINE('',#9973,#9974);
#9973 = CARTESIAN_POINT('',(0.,0.));
#9974 = VECTOR('',#9975,1.);
#9975 = DIRECTION('',(0.,-1.));
#9976 = ( GEOMETRIC_REPRESENTATION_CONTEXT(2) 
PARAMETRIC_REPRESENTATION_CONTEXT() REPRESENTATION_CONTEXT('2D SPACE',''
  ) );
#9977 = PCURVE('',#9978,#9983);
#9978 = PLANE('',#9979);
#9979 = AXIS2_PLACEMENT_3D('',#9980,#9981,#9982);
#9980 = CARTESIAN_POINT('',(-88.82230508962,56.,3.28E+03));
#9981 = DIRECTION('',(0.,0.,1.));
#9982 = DIRECTION('',(1.,0.,-0.));
#9983 = DEFINITIONAL_REPRESENTATION('',(#9984),#9988);
#9984 = LINE('',#9985,#9986);
#9985 = CARTESIAN_POINT('',(0.,0.));
#9986 = VECTOR('',#9987,1.);
#9987 = DIRECTION('',(0.,1.));
#9988 = ( GEOMETRIC_REPRESENTATION_CONTEXT(2) 
PARAMETRIC_REPRESENTATION_CONTEXT() REPRESENTATION_CONTEXT('2D SPACE',''
  ) );
#9989 = ORIENTED_EDGE('',*,*,#9990,.T.);
#9990 = EDGE_CURVE('',#9963,#9991,#9993,.T.);
#9991 = VERTEX_POINT('',#9992);
#9992 = CARTESIAN_POINT('',(-88.82230508962,61.,3.292E+03));
#9993 = SURFACE_CURVE('',#9994,(#9998,#10005),.PCURVE_S1.);
#9994 = LINE('',#9995,#9996);
#9995 = CARTESIAN_POINT('',(-88.82230508962,61.,3.28E+03));
#9996 = VECTOR('',#9997,1.);
#9997 = DIRECTION('',(0.,0.,1.));
#9998 = PCURVE('',#9938,#9999);
#9999 = DEFINITIONAL_REPRESENTATION('',(#10000),#10004);
#10000 = LINE('',#10001,#10002);
#10001 = CARTESIAN_POINT('',(0.,-5.));
#10002 = VECTOR('',#10003,1.);
#10003 = DIRECTION('',(1.,0.));
#10004 = ( GEOMETRIC_REPRESENTATION_CONTEXT(2) 
PARAMETRIC_REPRESENTATION_CONTEXT() REPRESENTATION_CONTEXT('2D SPACE',''
  ) );
#10005 = PCURVE('',#10006,#10011);
#10006 = PLANE('',#10007);
#10007 = AXIS2_PLACEMENT_3D('',#10008,#10009,#10010);
#10008 = CARTESIAN_POINT('',(-88.82230508962,61.,3.28E+03));
#10009 = DIRECTION('',(-0.,1.,0.));
#10010 = DIRECTION('',(0.,0.,1.));
#10011 = DEFINITIONAL_REPRESENTATION('',(#10012),#10016);
#10012 = LINE('',#10013,#10014);
#10013 = CARTESIAN_POINT('',(0.,0.));
#10014 = VECTOR('',#10015,1.);
#10015 = DIRECTION('',(1.,0.));
#10016 = ( GEOMETRIC_REPRESENTATION_CONTEXT(2) 
PARAMETRIC_REPRESENTATION_CONTEXT() REPRESENTATION_CONTEXT('2D SPACE',''
  ) );
#10017 = ORIENTED_EDGE('',*,*,#10018,.F.);
#10018 = EDGE_CURVE('',#9930,#9991,#10019,.T.);
#10019 = SURFACE_CURVE('',#10020,(#10024,#10031),.PCURVE_S1.);
#10020 = LINE('',#10021,#10022);
#10021 = CARTESIAN_POINT('',(-88.82230508962,56.,3.292E+03));
#10022 = VECTOR('',#10023,1.);
#10023 = DIRECTION('',(-0.,1.,0.));
#10024 = PCURVE('',#9938,#10025);
#10025 = DEFINITIONAL_REPRESENTATION('',(#10026),#10030);
#10026 = LINE('',#10027,#10028);
#10027 = CARTESIAN_POINT('',(12.,0.));
#10028 = VECTOR('',#10029,1.);
#10029 = DIRECTION('',(0.,-1.));
#10030 = ( GEOMETRIC_REPRESENTATION_CONTEXT(2) 
PARAMETRIC_REPRESENTATION_CONTEXT() REPRESENTATION_CONTEXT('2D SPACE',''
  ) );
#10031 = PCURVE('',#10032,#10037);
#10032 = PLANE('',#10033);
#10033 = AXIS2_PLACEMENT_3D('',#10034,#10035,#10036);
#10034 = CARTESIAN_POINT('',(-88.82230508962,56.,3.292E+03));
#10035 = DIRECTION('',(0.,0.,1.));
#10036 = DIRECTION('',(1.,0.,-0.));
#10037 = DEFINITIONAL_REPRESENTATION('',(#10038),#10042);
#10038 = LINE('',#10039,#10040);
#10039 = CARTESIAN_POINT('',(0.,0.));
#10040 = VECTOR('',#10041,1.);
#10041 = DIRECTION('',(0.,1.));
#10042 = ( GEOMETRIC_REPRESENTATION_CONTEXT(2) 
PARAMETRIC_REPRESENTATION_CONTEXT() REPRESENTATION_CONTEXT('2D SPACE',''
  ) );
#10043 = ADVANCED_FACE('',(#10044),#10058,.T.);
#10044 = FACE_BOUND('',#10045,.T.);
#10045 = EDGE_LOOP('',(#10046,#10076,#10099,#10122));
#10046 = ORIENTED_EDGE('',*,*,#10047,.F.);
#10047 = EDGE_CURVE('',#10048,#10050,#10052,.T.);
#10048 = VERTEX_POINT('',#10049);
#10049 = CARTESIAN_POINT('',(-30.82230508962,56.,3.28E+03));
#10050 = VERTEX_POINT('',#10051);
#10051 = CARTESIAN_POINT('',(-30.82230508962,56.,3.292E+03));
#10052 = SURFACE_CURVE('',#10053,(#10057,#10069),.PCURVE_S1.);
#10053 = LINE('',#10054,#10055);
#10054 = CARTESIAN_POINT('',(-30.82230508962,56.,3.28E+03));
#10055 = VECTOR('',#10056,1.);
#10056 = DIRECTION('',(0.,0.,1.));
#10057 = PCURVE('',#10058,#10063);
#10058 = PLANE('',#10059);
#10059 = AXIS2_PLACEMENT_3D('',#10060,#10061,#10062);
#10060 = CARTESIAN_POINT('',(-30.82230508962,56.,3.28E+03));
#10061 = DIRECTION('',(1.,0.,-0.));
#10062 = DIRECTION('',(0.,0.,1.));
#10063 = DEFINITIONAL_REPRESENTATION('',(#10064),#10068);
#10064 = LINE('',#10065,#10066);
#10065 = CARTESIAN_POINT('',(0.,0.));
#10066 = VECTOR('',#10067,1.);
#10067 = DIRECTION('',(1.,0.));
#10068 = ( GEOMETRIC_REPRESENTATION_CONTEXT(2) 
PARAMETRIC_REPRESENTATION_CONTEXT() REPRESENTATION_CONTEXT('2D SPACE',''
  ) );
#10069 = PCURVE('',#9950,#10070);
#10070 = DEFINITIONAL_REPRESENTATION('',(#10071),#10075);
#10071 = LINE('',#10072,#10073);
#10072 = CARTESIAN_POINT('',(0.,58.));
#10073 = VECTOR('',#10074,1.);
#10074 = DIRECTION('',(1.,0.));
#10075 = ( GEOMETRIC_REPRESENTATION_CONTEXT(2) 
PARAMETRIC_REPRESENTATION_CONTEXT() REPRESENTATION_CONTEXT('2D SPACE',''
  ) );
#10076 = ORIENTED_EDGE('',*,*,#10077,.T.);
#10077 = EDGE_CURVE('',#10048,#10078,#10080,.T.);
#10078 = VERTEX_POINT('',#10079);
#10079 = CARTESIAN_POINT('',(-30.82230508962,61.,3.28E+03));
#10080 = SURFACE_CURVE('',#10081,(#10085,#10092),.PCURVE_S1.);
#10081 = LINE('',#10082,#10083);
#10082 = CARTESIAN_POINT('',(-30.82230508962,56.,3.28E+03));
#10083 = VECTOR('',#10084,1.);
#10084 = DIRECTION('',(-0.,1.,0.));
#10085 = PCURVE('',#10058,#10086);
#10086 = DEFINITIONAL_REPRESENTATION('',(#10087),#10091);
#10087 = LINE('',#10088,#10089);
#10088 = CARTESIAN_POINT('',(0.,0.));
#10089 = VECTOR('',#10090,1.);
#10090 = DIRECTION('',(0.,-1.));
#10091 = ( GEOMETRIC_REPRESENTATION_CONTEXT(2) 
PARAMETRIC_REPRESENTATION_CONTEXT() REPRESENTATION_CONTEXT('2D SPACE',''
  ) );
#10092 = PCURVE('',#9978,#10093);
#10093 = DEFINITIONAL_REPRESENTATION('',(#10094),#10098);
#10094 = LINE('',#10095,#10096);
#10095 = CARTESIAN_POINT('',(58.,0.));
#10096 = VECTOR('',#10097,1.);
#10097 = DIRECTION('',(0.,1.));
#10098 = ( GEOMETRIC_REPRESENTATION_CONTEXT(2) 
PARAMETRIC_REPRESENTATION_CONTEXT() REPRESENTATION_CONTEXT('2D SPACE',''
  ) );
#10099 = ORIENTED_EDGE('',*,*,#10100,.T.);
#10100 = EDGE_CURVE('',#10078,#10101,#10103,.T.);
#10101 = VERTEX_POINT('',#10102);
#10102 = CARTESIAN_POINT('',(-30.82230508962,61.,3.292E+03));
#10103 = SURFACE_CURVE('',#10104,(#10108,#10115),.PCURVE_S1.);
#10104 = LINE('',#10105,#10106);
#10105 = CARTESIAN_POINT('',(-30.82230508962,61.,3.28E+03));
#10106 = VECTOR('',#10107,1.);
#10107 = DIRECTION('',(0.,0.,1.));
#10108 = PCURVE('',#10058,#10109);
#10109 = DEFINITIONAL_REPRESENTATION('',(#10110),#10114);
#10110 = LINE('',#10111,#10112);
#10111 = CARTESIAN_POINT('',(0.,-5.));
#10112 = VECTOR('',#10113,1.);
#10113 = DIRECTION('',(1.,0.));
#10114 = ( GEOMETRIC_REPRESENTATION_CONTEXT(2) 
PARAMETRIC_REPRESENTATION_CONTEXT() REPRESENTATION_CONTEXT('2D SPACE',''
  ) );
#10115 = PCURVE('',#10006,#10116);
#10116 = DEFINITIONAL_REPRESENTATION('',(#10117),#10121);
#10117 = LINE('',#10118,#10119);
#10118 = CARTESIAN_POINT('',(0.,58.));
#10119 = VECTOR('',#10120,1.);
#10120 = DIRECTION('',(1.,0.));
#10121 = ( GEOMETRIC_REPRESENTATION_CONTEXT(2) 
PARAMETRIC_REPRESENTATION_CONTEXT() REPRESENTATION_CONTEXT('2D SPACE',''
  ) );
#10122 = ORIENTED_EDGE('',*,*,#10123,.F.);
#10123 = EDGE_CURVE('',#10050,#10101,#10124,.T.);
#10124 = SURFACE_CURVE('',#10125,(#10129,#10136),.PCURVE_S1.);
#10125 = LINE('',#10126,#10127);
#10126 = CARTESIAN_POINT('',(-30.82230508962,56.,3.292E+03));
#10127 = VECTOR('',#10128,1.);
#10128 = DIRECTION('',(-0.,1.,0.));
#10129 = PCURVE('',#10058,#10130);
#10130 = DEFINITIONAL_REPRESENTATION('',(#10131),#10135);
#10131 = LINE('',#10132,#10133);
#10132 = CARTESIAN_POINT('',(12.,0.));
#10133 = VECTOR('',#10134,1.);
#10134 = DIRECTION('',(0.,-1.));
#10135 = ( GEOMETRIC_REPRESENTATION_CONTEXT(2) 
PARAMETRIC_REPRESENTATION_CONTEXT() REPRESENTATION_CONTEXT('2D SPACE',''
  ) );
#10136 = PCURVE('',#10032,#10137);
#10137 = DEFINITIONAL_REPRESENTATION('',(#10138),#10142);
#10138 = LINE('',#10139,#10140);
#10139 = CARTESIAN_POINT('',(58.,0.));
#10140 = VECTOR('',#10141,1.);
#10141 = DIRECTION('',(0.,1.));
#10142 = ( GEOMETRIC_REPRESENTATION_CONTEXT(2) 
PARAMETRIC_REPRESENTATION_CONTEXT() REPRESENTATION_CONTEXT('2D SPACE',''
  ) );
#10143 = ADVANCED_FACE('',(#10144),#9950,.F.);
#10144 = FACE_BOUND('',#10145,.F.);
#10145 = EDGE_LOOP('',(#10146,#10167,#10168,#10189));
#10146 = ORIENTED_EDGE('',*,*,#10147,.F.);
#10147 = EDGE_CURVE('',#9928,#10048,#10148,.T.);
#10148 = SURFACE_CURVE('',#10149,(#10153,#10160),.PCURVE_S1.);
#10149 = LINE('',#10150,#10151);
#10150 = CARTESIAN_POINT('',(-88.82230508962,56.,3.28E+03));
#10151 = VECTOR('',#10152,1.);
#10152 = DIRECTION('',(1.,0.,-0.));
#10153 = PCURVE('',#9950,#10154);
#10154 = DEFINITIONAL_REPRESENTATION('',(#10155),#10159);
#10155 = LINE('',#10156,#10157);
#10156 = CARTESIAN_POINT('',(0.,0.));
#10157 = VECTOR('',#10158,1.);
#10158 = DIRECTION('',(0.,1.));
#10159 = ( GEOMETRIC_REPRESENTATION_CONTEXT(2) 
PARAMETRIC_REPRESENTATION_CONTEXT() REPRESENTATION_CONTEXT('2D SPACE',''
  ) );
#10160 = PCURVE('',#9978,#10161);
#10161 = DEFINITIONAL_REPRESENTATION('',(#10162),#10166);
#10162 = LINE('',#10163,#10164);
#10163 = CARTESIAN_POINT('',(0.,0.));
#10164 = VECTOR('',#10165,1.);
#10165 = DIRECTION('',(1.,0.));
#10166 = ( GEOMETRIC_REPRESENTATION_CONTEXT(2) 
PARAMETRIC_REPRESENTATION_CONTEXT() REPRESENTATION_CONTEXT('2D SPACE',''
  ) );
#10167 = ORIENTED_EDGE('',*,*,#9927,.T.);
#10168 = ORIENTED_EDGE('',*,*,#10169,.T.);
#10169 = EDGE_CURVE('',#9930,#10050,#10170,.T.);
#10170 = SURFACE_CURVE('',#10171,(#10175,#10182),.PCURVE_S1.);
#10171 = LINE('',#10172,#10173);
#10172 = CARTESIAN_POINT('',(-88.82230508962,56.,3.292E+03));
#10173 = VECTOR('',#10174,1.);
#10174 = DIRECTION('',(1.,0.,-0.));
#10175 = PCURVE('',#9950,#10176);
#10176 = DEFINITIONAL_REPRESENTATION('',(#10177),#10181);
#10177 = LINE('',#10178,#10179);
#10178 = CARTESIAN_POINT('',(12.,0.));
#10179 = VECTOR('',#10180,1.);
#10180 = DIRECTION('',(0.,1.));
#10181 = ( GEOMETRIC_REPRESENTATION_CONTEXT(2) 
PARAMETRIC_REPRESENTATION_CONTEXT() REPRESENTATION_CONTEXT('2D SPACE',''
  ) );
#10182 = PCURVE('',#10032,#10183);
#10183 = DEFINITIONAL_REPRESENTATION('',(#10184),#10188);
#10184 = LINE('',#10185,#10186);
#10185 = CARTESIAN_POINT('',(0.,0.));
#10186 = VECTOR('',#10187,1.);
#10187 = DIRECTION('',(1.,0.));
#10188 = ( GEOMETRIC_REPRESENTATION_CONTEXT(2) 
PARAMETRIC_REPRESENTATION_CONTEXT() REPRESENTATION_CONTEXT('2D SPACE',''
  ) );
#10189 = ORIENTED_EDGE('',*,*,#10047,.F.);
#10190 = ADVANCED_FACE('',(#10191),#10006,.T.);
#10191 = FACE_BOUND('',#10192,.T.);
#10192 = EDGE_LOOP('',(#10193,#10214,#10215,#10236));
#10193 = ORIENTED_EDGE('',*,*,#10194,.F.);
#10194 = EDGE_CURVE('',#9963,#10078,#10195,.T.);
#10195 = SURFACE_CURVE('',#10196,(#10200,#10207),.PCURVE_S1.);
#10196 = LINE('',#10197,#10198);
#10197 = CARTESIAN_POINT('',(-88.82230508962,61.,3.28E+03));
#10198 = VECTOR('',#10199,1.);
#10199 = DIRECTION('',(1.,0.,-0.));
#10200 = PCURVE('',#10006,#10201);
#10201 = DEFINITIONAL_REPRESENTATION('',(#10202),#10206);
#10202 = LINE('',#10203,#10204);
#10203 = CARTESIAN_POINT('',(0.,0.));
#10204 = VECTOR('',#10205,1.);
#10205 = DIRECTION('',(0.,1.));
#10206 = ( GEOMETRIC_REPRESENTATION_CONTEXT(2) 
PARAMETRIC_REPRESENTATION_CONTEXT() REPRESENTATION_CONTEXT('2D SPACE',''
  ) );
#10207 = PCURVE('',#9978,#10208);
#10208 = DEFINITIONAL_REPRESENTATION('',(#10209),#10213);
#10209 = LINE('',#10210,#10211);
#10210 = CARTESIAN_POINT('',(0.,5.));
#10211 = VECTOR('',#10212,1.);
#10212 = DIRECTION('',(1.,0.));
#10213 = ( GEOMETRIC_REPRESENTATION_CONTEXT(2) 
PARAMETRIC_REPRESENTATION_CONTEXT() REPRESENTATION_CONTEXT('2D SPACE',''
  ) );
#10214 = ORIENTED_EDGE('',*,*,#9990,.T.);
#10215 = ORIENTED_EDGE('',*,*,#10216,.T.);
#10216 = EDGE_CURVE('',#9991,#10101,#10217,.T.);
#10217 = SURFACE_CURVE('',#10218,(#10222,#10229),.PCURVE_S1.);
#10218 = LINE('',#10219,#10220);
#10219 = CARTESIAN_POINT('',(-88.82230508962,61.,3.292E+03));
#10220 = VECTOR('',#10221,1.);
#10221 = DIRECTION('',(1.,0.,-0.));
#10222 = PCURVE('',#10006,#10223);
#10223 = DEFINITIONAL_REPRESENTATION('',(#10224),#10228);
#10224 = LINE('',#10225,#10226);
#10225 = CARTESIAN_POINT('',(12.,0.));
#10226 = VECTOR('',#10227,1.);
#10227 = DIRECTION('',(0.,1.));
#10228 = ( GEOMETRIC_REPRESENTATION_CONTEXT(2) 
PARAMETRIC_REPRESENTATION_CONTEXT() REPRESENTATION_CONTEXT('2D SPACE',''
  ) );
#10229 = PCURVE('',#10032,#10230);
#10230 = DEFINITIONAL_REPRESENTATION('',(#10231),#10235);
#10231 = LINE('',#10232,#10233);
#10232 = CARTESIAN_POINT('',(0.,5.));
#10233 = VECTOR('',#10234,1.);
#10234 = DIRECTION('',(1.,0.));
#10235 = ( GEOMETRIC_REPRESENTATION_CONTEXT(2) 
PARAMETRIC_REPRESENTATION_CONTEXT() REPRESENTATION_CONTEXT('2D SPACE',''
  ) );
#10236 = ORIENTED_EDGE('',*,*,#10100,.F.);
#10237 = ADVANCED_FACE('',(#10238),#9978,.F.);
#10238 = FACE_BOUND('',#10239,.F.);
#10239 = EDGE_LOOP('',(#10240,#10241,#10242,#10243));
#10240 = ORIENTED_EDGE('',*,*,#9962,.F.);
#10241 = ORIENTED_EDGE('',*,*,#10147,.T.);
#10242 = ORIENTED_EDGE('',*,*,#10077,.T.);
#10243 = ORIENTED_EDGE('',*,*,#10194,.F.);
#10244 = ADVANCED_FACE('',(#10245),#10032,.T.);
#10245 = FACE_BOUND('',#10246,.T.);
#10246 = EDGE_LOOP('',(#10247,#10248,#10249,#10250));
#10247 = ORIENTED_EDGE('',*,*,#10018,.F.);
#10248 = ORIENTED_EDGE('',*,*,#10169,.T.);
#10249 = ORIENTED_EDGE('',*,*,#10123,.T.);
#10250 = ORIENTED_EDGE('',*,*,#10216,.F.);
#10251 = MANIFOLD_SOLID_BREP('',#10252);
#10252 = CLOSED_SHELL('',(#10253,#10373,#10661,#10737,#10827,#10852,
    #10879,#10904,#10911,#10980,#11185,#11260,#11337,#11456,#11504,
    #11552,#11577,#11603,#11656,#11705,#11732,#11894,#11970,#12060,
    #12085,#12112,#12137,#12144));
#10253 = ADVANCED_FACE('',(#10254),#10268,.F.);
#10254 = FACE_BOUND('',#10255,.F.);
#10255 = EDGE_LOOP('',(#10256,#10291,#10319,#10347));
#10256 = ORIENTED_EDGE('',*,*,#10257,.F.);
#10257 = EDGE_CURVE('',#10258,#10260,#10262,.T.);
#10258 = VERTEX_POINT('',#10259);
#10259 = CARTESIAN_POINT('',(-90.82230508962,-55.,3.516E+03));
#10260 = VERTEX_POINT('',#10261);
#10261 = CARTESIAN_POINT('',(-90.82230508962,-55.,3.556E+03));
#10262 = SURFACE_CURVE('',#10263,(#10267,#10279),.PCURVE_S1.);
#10263 = LINE('',#10264,#10265);
#10264 = CARTESIAN_POINT('',(-90.82230508962,-55.,3.516E+03));
#10265 = VECTOR('',#10266,1.);
#10266 = DIRECTION('',(0.,0.,1.));
#10267 = PCURVE('',#10268,#10273);
#10268 = PLANE('',#10269);
#10269 = AXIS2_PLACEMENT_3D('',#10270,#10271,#10272);
#10270 = CARTESIAN_POINT('',(-90.82230508962,-55.,3.516E+03));
#10271 = DIRECTION('',(1.,0.,-0.));
#10272 = DIRECTION('',(0.,0.,1.));
#10273 = DEFINITIONAL_REPRESENTATION('',(#10274),#10278);
#10274 = LINE('',#10275,#10276);
#10275 = CARTESIAN_POINT('',(0.,0.));
#10276 = VECTOR('',#10277,1.);
#10277 = DIRECTION('',(1.,0.));
#10278 = ( GEOMETRIC_REPRESENTATION_CONTEXT(2) 
PARAMETRIC_REPRESENTATION_CONTEXT() REPRESENTATION_CONTEXT('2D SPACE',''
  ) );
#10279 = PCURVE('',#10280,#10285);
#10280 = PLANE('',#10281);
#10281 = AXIS2_PLACEMENT_3D('',#10282,#10283,#10284);
#10282 = CARTESIAN_POINT('',(-90.82230508962,-55.,3.516E+03));
#10283 = DIRECTION('',(-0.,1.,0.));
#10284 = DIRECTION('',(0.,0.,1.));
#10285 = DEFINITIONAL_REPRESENTATION('',(#10286),#10290);
#10286 = LINE('',#10287,#10288);
#10287 = CARTESIAN_POINT('',(0.,0.));
#10288 = VECTOR('',#10289,1.);
#10289 = DIRECTION('',(1.,0.));
#10290 = ( GEOMETRIC_REPRESENTATION_CONTEXT(2) 
PARAMETRIC_REPRESENTATION_CONTEXT() REPRESENTATION_CONTEXT('2D SPACE',''
  ) );
#10291 = ORIENTED_EDGE('',*,*,#10292,.T.);
#10292 = EDGE_CURVE('',#10258,#10293,#10295,.T.);
#10293 = VERTEX_POINT('',#10294);
#10294 = CARTESIAN_POINT('',(-90.82230508962,55.,3.516E+03));
#10295 = SURFACE_CURVE('',#10296,(#10300,#10307),.PCURVE_S1.);
#10296 = LINE('',#10297,#10298);
#10297 = CARTESIAN_POINT('',(-90.82230508962,-55.,3.516E+03));
#10298 = VECTOR('',#10299,1.);
#10299 = DIRECTION('',(-0.,1.,0.));
#10300 = PCURVE('',#10268,#10301);
#10301 = DEFINITIONAL_REPRESENTATION('',(#10302),#10306);
#10302 = LINE('',#10303,#10304);
#10303 = CARTESIAN_POINT('',(0.,0.));
#10304 = VECTOR('',#10305,1.);
#10305 = DIRECTION('',(0.,-1.));
#10306 = ( GEOMETRIC_REPRESENTATION_CONTEXT(2) 
PARAMETRIC_REPRESENTATION_CONTEXT() REPRESENTATION_CONTEXT('2D SPACE',''
  ) );
#10307 = PCURVE('',#10308,#10313);
#10308 = PLANE('',#10309);
#10309 = AXIS2_PLACEMENT_3D('',#10310,#10311,#10312);
#10310 = CARTESIAN_POINT('',(-90.82230508962,-55.,3.516E+03));
#10311 = DIRECTION('',(0.,0.,1.));
#10312 = DIRECTION('',(1.,0.,-0.));
#10313 = DEFINITIONAL_REPRESENTATION('',(#10314),#10318);
#10314 = LINE('',#10315,#10316);
#10315 = CARTESIAN_POINT('',(0.,0.));
#10316 = VECTOR('',#10317,1.);
#10317 = DIRECTION('',(0.,1.));
#10318 = ( GEOMETRIC_REPRESENTATION_CONTEXT(2) 
PARAMETRIC_REPRESENTATION_CONTEXT() REPRESENTATION_CONTEXT('2D SPACE',''
  ) );
#10319 = ORIENTED_EDGE('',*,*,#10320,.T.);
#10320 = EDGE_CURVE('',#10293,#10321,#10323,.T.);
#10321 = VERTEX_POINT('',#10322);
#10322 = CARTESIAN_POINT('',(-90.82230508962,55.,3.556E+03));
#10323 = SURFACE_CURVE('',#10324,(#10328,#10335),.PCURVE_S1.);
#10324 = LINE('',#10325,#10326);
#10325 = CARTESIAN_POINT('',(-90.82230508962,55.,3.516E+03));
#10326 = VECTOR('',#10327,1.);
#10327 = DIRECTION('',(0.,0.,1.));
#10328 = PCURVE('',#10268,#10329);
#10329 = DEFINITIONAL_REPRESENTATION('',(#10330),#10334);
#10330 = LINE('',#10331,#10332);
#10331 = CARTESIAN_POINT('',(0.,-110.));
#10332 = VECTOR('',#10333,1.);
#10333 = DIRECTION('',(1.,0.));
#10334 = ( GEOMETRIC_REPRESENTATION_CONTEXT(2) 
PARAMETRIC_REPRESENTATION_CONTEXT() REPRESENTATION_CONTEXT('2D SPACE',''
  ) );
#10335 = PCURVE('',#10336,#10341);
#10336 = PLANE('',#10337);
#10337 = AXIS2_PLACEMENT_3D('',#10338,#10339,#10340);
#10338 = CARTESIAN_POINT('',(-90.82230508962,55.,3.516E+03));
#10339 = DIRECTION('',(-0.,1.,0.));
#10340 = DIRECTION('',(0.,0.,1.));
#10341 = DEFINITIONAL_REPRESENTATION('',(#10342),#10346);
#10342 = LINE('',#10343,#10344);
#10343 = CARTESIAN_POINT('',(0.,0.));
#10344 = VECTOR('',#10345,1.);
#10345 = DIRECTION('',(1.,0.));
#10346 = ( GEOMETRIC_REPRESENTATION_CONTEXT(2) 
PARAMETRIC_REPRESENTATION_CONTEXT() REPRESENTATION_CONTEXT('2D SPACE',''
  ) );
#10347 = ORIENTED_EDGE('',*,*,#10348,.F.);
#10348 = EDGE_CURVE('',#10260,#10321,#10349,.T.);
#10349 = SURFACE_CURVE('',#10350,(#10354,#10361),.PCURVE_S1.);
#10350 = LINE('',#10351,#10352);
#10351 = CARTESIAN_POINT('',(-90.82230508962,-55.,3.556E+03));
#10352 = VECTOR('',#10353,1.);
#10353 = DIRECTION('',(-0.,1.,0.));
#10354 = PCURVE('',#10268,#10355);
#10355 = DEFINITIONAL_REPRESENTATION('',(#10356),#10360);
#10356 = LINE('',#10357,#10358);
#10357 = CARTESIAN_POINT('',(40.,0.));
#10358 = VECTOR('',#10359,1.);
#10359 = DIRECTION('',(0.,-1.));
#10360 = ( GEOMETRIC_REPRESENTATION_CONTEXT(2) 
PARAMETRIC_REPRESENTATION_CONTEXT() REPRESENTATION_CONTEXT('2D SPACE',''
  ) );
#10361 = PCURVE('',#10362,#10367);
#10362 = PLANE('',#10363);
#10363 = AXIS2_PLACEMENT_3D('',#10364,#10365,#10366);
#10364 = CARTESIAN_POINT('',(-90.82230508962,-55.,3.556E+03));
#10365 = DIRECTION('',(0.,0.,1.));
#10366 = DIRECTION('',(1.,0.,-0.));
#10367 = DEFINITIONAL_REPRESENTATION('',(#10368),#10372);
#10368 = LINE('',#10369,#10370);
#10369 = CARTESIAN_POINT('',(0.,0.));
#10370 = VECTOR('',#10371,1.);
#10371 = DIRECTION('',(0.,1.));
#10372 = ( GEOMETRIC_REPRESENTATION_CONTEXT(2) 
PARAMETRIC_REPRESENTATION_CONTEXT() REPRESENTATION_CONTEXT('2D SPACE',''
  ) );
#10373 = ADVANCED_FACE('',(#10374,#10529),#10308,.F.);
#10374 = FACE_BOUND('',#10375,.F.);
#10375 = EDGE_LOOP('',(#10376,#10399,#10400,#10423,#10451,#10477,#10503)
  );
#10376 = ORIENTED_EDGE('',*,*,#10377,.F.);
#10377 = EDGE_CURVE('',#10293,#10378,#10380,.T.);
#10378 = VERTEX_POINT('',#10379);
#10379 = CARTESIAN_POINT('',(-30.82230508962,55.,3.516E+03));
#10380 = SURFACE_CURVE('',#10381,(#10385,#10392),.PCURVE_S1.);
#10381 = LINE('',#10382,#10383);
#10382 = CARTESIAN_POINT('',(-90.82230508962,55.,3.516E+03));
#10383 = VECTOR('',#10384,1.);
#10384 = DIRECTION('',(1.,0.,-0.));
#10385 = PCURVE('',#10308,#10386);
#10386 = DEFINITIONAL_REPRESENTATION('',(#10387),#10391);
#10387 = LINE('',#10388,#10389);
#10388 = CARTESIAN_POINT('',(0.,110.));
#10389 = VECTOR('',#10390,1.);
#10390 = DIRECTION('',(1.,0.));
#10391 = ( GEOMETRIC_REPRESENTATION_CONTEXT(2) 
PARAMETRIC_REPRESENTATION_CONTEXT() REPRESENTATION_CONTEXT('2D SPACE',''
  ) );
#10392 = PCURVE('',#10336,#10393);
#10393 = DEFINITIONAL_REPRESENTATION('',(#10394),#10398);
#10394 = LINE('',#10395,#10396);
#10395 = CARTESIAN_POINT('',(0.,0.));
#10396 = VECTOR('',#10397,1.);
#10397 = DIRECTION('',(0.,1.));
#10398 = ( GEOMETRIC_REPRESENTATION_CONTEXT(2) 
PARAMETRIC_REPRESENTATION_CONTEXT() REPRESENTATION_CONTEXT('2D SPACE',''
  ) );
#10399 = ORIENTED_EDGE('',*,*,#10292,.F.);
#10400 = ORIENTED_EDGE('',*,*,#10401,.T.);
#10401 = EDGE_CURVE('',#10258,#10402,#10404,.T.);
#10402 = VERTEX_POINT('',#10403);
#10403 = CARTESIAN_POINT('',(-30.82230508962,-55.,3.516E+03));
#10404 = SURFACE_CURVE('',#10405,(#10409,#10416),.PCURVE_S1.);
#10405 = LINE('',#10406,#10407);
#10406 = CARTESIAN_POINT('',(-90.82230508962,-55.,3.516E+03));
#10407 = VECTOR('',#10408,1.);
#10408 = DIRECTION('',(1.,0.,-0.));
#10409 = PCURVE('',#10308,#10410);
#10410 = DEFINITIONAL_REPRESENTATION('',(#10411),#10415);
#10411 = LINE('',#10412,#10413);
#10412 = CARTESIAN_POINT('',(0.,0.));
#10413 = VECTOR('',#10414,1.);
#10414 = DIRECTION('',(1.,0.));
#10415 = ( GEOMETRIC_REPRESENTATION_CONTEXT(2) 
PARAMETRIC_REPRESENTATION_CONTEXT() REPRESENTATION_CONTEXT('2D SPACE',''
  ) );
#10416 = PCURVE('',#10280,#10417);
#10417 = DEFINITIONAL_REPRESENTATION('',(#10418),#10422);
#10418 = LINE('',#10419,#10420);
#10419 = CARTESIAN_POINT('',(0.,0.));
#10420 = VECTOR('',#10421,1.);
#10421 = DIRECTION('',(0.,1.));
#10422 = ( GEOMETRIC_REPRESENTATION_CONTEXT(2) 
PARAMETRIC_REPRESENTATION_CONTEXT() REPRESENTATION_CONTEXT('2D SPACE',''
  ) );
#10423 = ORIENTED_EDGE('',*,*,#10424,.T.);
#10424 = EDGE_CURVE('',#10402,#10425,#10427,.T.);
#10425 = VERTEX_POINT('',#10426);
#10426 = CARTESIAN_POINT('',(-30.82230508962,-50.,3.516E+03));
#10427 = SURFACE_CURVE('',#10428,(#10432,#10439),.PCURVE_S1.);
#10428 = LINE('',#10429,#10430);
#10429 = CARTESIAN_POINT('',(-30.82230508962,-55.,3.516E+03));
#10430 = VECTOR('',#10431,1.);
#10431 = DIRECTION('',(-0.,1.,0.));
#10432 = PCURVE('',#10308,#10433);
#10433 = DEFINITIONAL_REPRESENTATION('',(#10434),#10438);
#10434 = LINE('',#10435,#10436);
#10435 = CARTESIAN_POINT('',(60.,0.));
#10436 = VECTOR('',#10437,1.);
#10437 = DIRECTION('',(0.,1.));
#10438 = ( GEOMETRIC_REPRESENTATION_CONTEXT(2) 
PARAMETRIC_REPRESENTATION_CONTEXT() REPRESENTATION_CONTEXT('2D SPACE',''
  ) );
#10439 = PCURVE('',#10440,#10445);
#10440 = PLANE('',#10441);
#10441 = AXIS2_PLACEMENT_3D('',#10442,#10443,#10444);
#10442 = CARTESIAN_POINT('',(-30.82230508962,-55.,3.516E+03));
#10443 = DIRECTION('',(1.,0.,-0.));
#10444 = DIRECTION('',(0.,0.,1.));
#10445 = DEFINITIONAL_REPRESENTATION('',(#10446),#10450);
#10446 = LINE('',#10447,#10448);
#10447 = CARTESIAN_POINT('',(0.,0.));
#10448 = VECTOR('',#10449,1.);
#10449 = DIRECTION('',(0.,-1.));
#10450 = ( GEOMETRIC_REPRESENTATION_CONTEXT(2) 
PARAMETRIC_REPRESENTATION_CONTEXT() REPRESENTATION_CONTEXT('2D SPACE',''
  ) );
#10451 = ORIENTED_EDGE('',*,*,#10452,.T.);
#10452 = EDGE_CURVE('',#10425,#10453,#10455,.T.);
#10453 = VERTEX_POINT('',#10454);
#10454 = CARTESIAN_POINT('',(-80.82230508962,-2.84217094304E-14,
    3.516E+03));
#10455 = SURFACE_CURVE('',#10456,(#10460,#10466),.PCURVE_S1.);
#10456 = LINE('',#10457,#10458);
#10457 = CARTESIAN_POINT('',(1.138373029032,-81.96067811865,3.516E+03));
#10458 = VECTOR('',#10459,1.);
#10459 = DIRECTION('',(-0.707106781187,0.707106781187,0.));
#10460 = PCURVE('',#10308,#10461);
#10461 = DEFINITIONAL_REPRESENTATION('',(#10462),#10465);
#10462 = B_SPLINE_CURVE_WITH_KNOTS('',1,(#10463,#10464),.UNSPECIFIED.,
  .F.,.F.,(2,2),(45.199224458043,115.90990257669),
  .PIECEWISE_BEZIER_KNOTS.);
#10463 = CARTESIAN_POINT('',(60.,5.));
#10464 = CARTESIAN_POINT('',(10.,55.));
#10465 = ( GEOMETRIC_REPRESENTATION_CONTEXT(2) 
PARAMETRIC_REPRESENTATION_CONTEXT() REPRESENTATION_CONTEXT('2D SPACE',''
  ) );
#10466 = PCURVE('',#10467,#10472);
#10467 = PLANE('',#10468);
#10468 = AXIS2_PLACEMENT_3D('',#10469,#10470,#10471);
#10469 = CARTESIAN_POINT('',(60.599051147687,-141.4213562373,3.515E+03)
  );
#10470 = DIRECTION('',(0.707106781187,0.707106781187,0.));
#10471 = DIRECTION('',(0.,0.,1.));
#10472 = DEFINITIONAL_REPRESENTATION('',(#10473),#10476);
#10473 = B_SPLINE_CURVE_WITH_KNOTS('',1,(#10474,#10475),.UNSPECIFIED.,
  .F.,.F.,(2,2),(45.199224458043,115.90990257669),
  .PIECEWISE_BEZIER_KNOTS.);
#10474 = CARTESIAN_POINT('',(1.,-129.2893218813));
#10475 = CARTESIAN_POINT('',(1.,-200.));
#10476 = ( GEOMETRIC_REPRESENTATION_CONTEXT(2) 
PARAMETRIC_REPRESENTATION_CONTEXT() REPRESENTATION_CONTEXT('2D SPACE',''
  ) );
#10477 = ORIENTED_EDGE('',*,*,#10478,.F.);
#10478 = EDGE_CURVE('',#10479,#10453,#10481,.T.);
#10479 = VERTEX_POINT('',#10480);
#10480 = CARTESIAN_POINT('',(-30.82230508962,50.,3.516E+03));
#10481 = SURFACE_CURVE('',#10482,(#10486,#10492),.PCURVE_S1.);
#10482 = LINE('',#10483,#10484);
#10483 = CARTESIAN_POINT('',(-97.07230508962,-16.25,3.516E+03));
#10484 = VECTOR('',#10485,1.);
#10485 = DIRECTION('',(-0.707106781187,-0.707106781187,0.));
#10486 = PCURVE('',#10308,#10487);
#10487 = DEFINITIONAL_REPRESENTATION('',(#10488),#10491);
#10488 = B_SPLINE_CURVE_WITH_KNOTS('',1,(#10489,#10490),.UNSPECIFIED.,
  .F.,.F.,(2,2),(-93.69164850721,-22.98097038856),
  .PIECEWISE_BEZIER_KNOTS.);
#10489 = CARTESIAN_POINT('',(60.,105.));
#10490 = CARTESIAN_POINT('',(10.,55.));
#10491 = ( GEOMETRIC_REPRESENTATION_CONTEXT(2) 
PARAMETRIC_REPRESENTATION_CONTEXT() REPRESENTATION_CONTEXT('2D SPACE',''
  ) );
#10492 = PCURVE('',#10493,#10498);
#10493 = PLANE('',#10494);
#10494 = AXIS2_PLACEMENT_3D('',#10495,#10496,#10497);
#10495 = CARTESIAN_POINT('',(-80.82230508962,-2.84217094304E-14,
    3.515E+03));
#10496 = DIRECTION('',(-0.707106781187,0.707106781187,0.));
#10497 = DIRECTION('',(0.,0.,1.));
#10498 = DEFINITIONAL_REPRESENTATION('',(#10499),#10502);
#10499 = B_SPLINE_CURVE_WITH_KNOTS('',1,(#10500,#10501),.UNSPECIFIED.,
  .F.,.F.,(2,2),(-93.69164850721,-22.98097038856),
  .PIECEWISE_BEZIER_KNOTS.);
#10500 = CARTESIAN_POINT('',(1.,70.710678118655));
#10501 = CARTESIAN_POINT('',(1.,0.));
#10502 = ( GEOMETRIC_REPRESENTATION_CONTEXT(2) 
PARAMETRIC_REPRESENTATION_CONTEXT() REPRESENTATION_CONTEXT('2D SPACE',''
  ) );
#10503 = ORIENTED_EDGE('',*,*,#10504,.T.);
#10504 = EDGE_CURVE('',#10479,#10378,#10505,.T.);
#10505 = SURFACE_CURVE('',#10506,(#10510,#10517),.PCURVE_S1.);
#10506 = LINE('',#10507,#10508);
#10507 = CARTESIAN_POINT('',(-30.82230508962,-55.,3.516E+03));
#10508 = VECTOR('',#10509,1.);
#10509 = DIRECTION('',(-0.,1.,0.));
#10510 = PCURVE('',#10308,#10511);
#10511 = DEFINITIONAL_REPRESENTATION('',(#10512),#10516);
#10512 = LINE('',#10513,#10514);
#10513 = CARTESIAN_POINT('',(60.,0.));
#10514 = VECTOR('',#10515,1.);
#10515 = DIRECTION('',(0.,1.));
#10516 = ( GEOMETRIC_REPRESENTATION_CONTEXT(2) 
PARAMETRIC_REPRESENTATION_CONTEXT() REPRESENTATION_CONTEXT('2D SPACE',''
  ) );
#10517 = PCURVE('',#10518,#10523);
#10518 = PLANE('',#10519);
#10519 = AXIS2_PLACEMENT_3D('',#10520,#10521,#10522);
#10520 = CARTESIAN_POINT('',(-30.82230508962,-55.,3.516E+03));
#10521 = DIRECTION('',(1.,0.,-0.));
#10522 = DIRECTION('',(0.,0.,1.));
#10523 = DEFINITIONAL_REPRESENTATION('',(#10524),#10528);
#10524 = LINE('',#10525,#10526);
#10525 = CARTESIAN_POINT('',(0.,0.));
#10526 = VECTOR('',#10527,1.);
#10527 = DIRECTION('',(0.,-1.));
#10528 = ( GEOMETRIC_REPRESENTATION_CONTEXT(2) 
PARAMETRIC_REPRESENTATION_CONTEXT() REPRESENTATION_CONTEXT('2D SPACE',''
  ) );
#10529 = FACE_BOUND('',#10530,.F.);
#10530 = EDGE_LOOP('',(#10531,#10559,#10585,#10611,#10637));
#10531 = ORIENTED_EDGE('',*,*,#10532,.T.);
#10532 = EDGE_CURVE('',#10533,#10535,#10537,.T.);
#10533 = VERTEX_POINT('',#10534);
#10534 = CARTESIAN_POINT('',(-35.47915933911,-51.,3.516E+03));
#10535 = VERTEX_POINT('',#10536);
#10536 = CARTESIAN_POINT('',(-86.82230508962,-51.,3.516E+03));
#10537 = SURFACE_CURVE('',#10538,(#10542,#10548),.PCURVE_S1.);
#10538 = LINE('',#10539,#10540);
#10539 = CARTESIAN_POINT('',(-88.82230508962,-51.,3.516E+03));
#10540 = VECTOR('',#10541,1.);
#10541 = DIRECTION('',(-1.,-0.,0.));
#10542 = PCURVE('',#10308,#10543);
#10543 = DEFINITIONAL_REPRESENTATION('',(#10544),#10547);
#10544 = B_SPLINE_CURVE_WITH_KNOTS('',1,(#10545,#10546),.UNSPECIFIED.,
  .F.,.F.,(2,2),(-53.3431457505,-2.),.PIECEWISE_BEZIER_KNOTS.);
#10545 = CARTESIAN_POINT('',(55.343145750508,4.));
#10546 = CARTESIAN_POINT('',(4.,4.));
#10547 = ( GEOMETRIC_REPRESENTATION_CONTEXT(2) 
PARAMETRIC_REPRESENTATION_CONTEXT() REPRESENTATION_CONTEXT('2D SPACE',''
  ) );
#10548 = PCURVE('',#10549,#10554);
#10549 = PLANE('',#10550);
#10550 = AXIS2_PLACEMENT_3D('',#10551,#10552,#10553);
#10551 = CARTESIAN_POINT('',(-86.82230508962,-51.,3.515E+03));
#10552 = DIRECTION('',(-0.,1.,0.));
#10553 = DIRECTION('',(0.,0.,1.));
#10554 = DEFINITIONAL_REPRESENTATION('',(#10555),#10558);
#10555 = B_SPLINE_CURVE_WITH_KNOTS('',1,(#10556,#10557),.UNSPECIFIED.,
  .F.,.F.,(2,2),(-53.3431457505,-2.),.PIECEWISE_BEZIER_KNOTS.);
#10556 = CARTESIAN_POINT('',(1.,51.343145750508));
#10557 = CARTESIAN_POINT('',(1.,0.));
#10558 = ( GEOMETRIC_REPRESENTATION_CONTEXT(2) 
PARAMETRIC_REPRESENTATION_CONTEXT() REPRESENTATION_CONTEXT('2D SPACE',''
  ) );
#10559 = ORIENTED_EDGE('',*,*,#10560,.T.);
#10560 = EDGE_CURVE('',#10535,#10561,#10563,.T.);
#10561 = VERTEX_POINT('',#10562);
#10562 = CARTESIAN_POINT('',(-86.82230508962,51.,3.516E+03));
#10563 = SURFACE_CURVE('',#10564,(#10568,#10574),.PCURVE_S1.);
#10564 = LINE('',#10565,#10566);
#10565 = CARTESIAN_POINT('',(-86.82230508962,-53.,3.516E+03));
#10566 = VECTOR('',#10567,1.);
#10567 = DIRECTION('',(-0.,1.,0.));
#10568 = PCURVE('',#10308,#10569);
#10569 = DEFINITIONAL_REPRESENTATION('',(#10570),#10573);
#10570 = B_SPLINE_CURVE_WITH_KNOTS('',1,(#10571,#10572),.UNSPECIFIED.,
  .F.,.F.,(2,2),(2.,104.),.PIECEWISE_BEZIER_KNOTS.);
#10571 = CARTESIAN_POINT('',(4.,4.));
#10572 = CARTESIAN_POINT('',(4.,106.));
#10573 = ( GEOMETRIC_REPRESENTATION_CONTEXT(2) 
PARAMETRIC_REPRESENTATION_CONTEXT() REPRESENTATION_CONTEXT('2D SPACE',''
  ) );
#10574 = PCURVE('',#10575,#10580);
#10575 = PLANE('',#10576);
#10576 = AXIS2_PLACEMENT_3D('',#10577,#10578,#10579);
#10577 = CARTESIAN_POINT('',(-86.82230508962,-51.,3.515E+03));
#10578 = DIRECTION('',(1.,0.,-0.));
#10579 = DIRECTION('',(0.,0.,1.));
#10580 = DEFINITIONAL_REPRESENTATION('',(#10581),#10584);
#10581 = B_SPLINE_CURVE_WITH_KNOTS('',1,(#10582,#10583),.UNSPECIFIED.,
  .F.,.F.,(2,2),(2.,104.),.PIECEWISE_BEZIER_KNOTS.);
#10582 = CARTESIAN_POINT('',(1.,0.));
#10583 = CARTESIAN_POINT('',(1.,-102.));
#10584 = ( GEOMETRIC_REPRESENTATION_CONTEXT(2) 
PARAMETRIC_REPRESENTATION_CONTEXT() REPRESENTATION_CONTEXT('2D SPACE',''
  ) );
#10585 = ORIENTED_EDGE('',*,*,#10586,.F.);
#10586 = EDGE_CURVE('',#10587,#10561,#10589,.T.);
#10587 = VERTEX_POINT('',#10588);
#10588 = CARTESIAN_POINT('',(-35.47915933911,51.,3.516E+03));
#10589 = SURFACE_CURVE('',#10590,(#10594,#10600),.PCURVE_S1.);
#10590 = LINE('',#10591,#10592);
#10591 = CARTESIAN_POINT('',(-88.82230508962,51.,3.516E+03));
#10592 = VECTOR('',#10593,1.);
#10593 = DIRECTION('',(-1.,-0.,0.));
#10594 = PCURVE('',#10308,#10595);
#10595 = DEFINITIONAL_REPRESENTATION('',(#10596),#10599);
#10596 = B_SPLINE_CURVE_WITH_KNOTS('',1,(#10597,#10598),.UNSPECIFIED.,
  .F.,.F.,(2,2),(-53.3431457505,-2.),.PIECEWISE_BEZIER_KNOTS.);
#10597 = CARTESIAN_POINT('',(55.343145750508,106.));
#10598 = CARTESIAN_POINT('',(4.,106.));
#10599 = ( GEOMETRIC_REPRESENTATION_CONTEXT(2) 
PARAMETRIC_REPRESENTATION_CONTEXT() REPRESENTATION_CONTEXT('2D SPACE',''
  ) );
#10600 = PCURVE('',#10601,#10606);
#10601 = PLANE('',#10602);
#10602 = AXIS2_PLACEMENT_3D('',#10603,#10604,#10605);
#10603 = CARTESIAN_POINT('',(-86.82230508962,51.,3.515E+03));
#10604 = DIRECTION('',(-0.,1.,0.));
#10605 = DIRECTION('',(0.,0.,1.));
#10606 = DEFINITIONAL_REPRESENTATION('',(#10607),#10610);
#10607 = B_SPLINE_CURVE_WITH_KNOTS('',1,(#10608,#10609),.UNSPECIFIED.,
  .F.,.F.,(2,2),(-53.3431457505,-2.),.PIECEWISE_BEZIER_KNOTS.);
#10608 = CARTESIAN_POINT('',(1.,51.343145750508));
#10609 = CARTESIAN_POINT('',(1.,0.));
#10610 = ( GEOMETRIC_REPRESENTATION_CONTEXT(2) 
PARAMETRIC_REPRESENTATION_CONTEXT() REPRESENTATION_CONTEXT('2D SPACE',''
  ) );
#10611 = ORIENTED_EDGE('',*,*,#10612,.T.);
#10612 = EDGE_CURVE('',#10587,#10613,#10615,.T.);
#10613 = VERTEX_POINT('',#10614);
#10614 = CARTESIAN_POINT('',(-86.47915933911,-2.84217094304E-14,
    3.516E+03));
#10615 = SURFACE_CURVE('',#10616,(#10620,#10626),.PCURVE_S1.);
#10616 = LINE('',#10617,#10618);
#10617 = CARTESIAN_POINT('',(-101.3149457767,-14.83578643762,3.516E+03)
  );
#10618 = VECTOR('',#10619,1.);
#10619 = DIRECTION('',(-0.707106781187,-0.707106781187,0.));
#10620 = PCURVE('',#10308,#10621);
#10621 = DEFINITIONAL_REPRESENTATION('',(#10622),#10625);
#10622 = B_SPLINE_CURVE_WITH_KNOTS('',1,(#10623,#10624),.UNSPECIFIED.,
  .F.,.F.,(2,2),(-93.10586206959,-20.98097038856),
  .PIECEWISE_BEZIER_KNOTS.);
#10623 = CARTESIAN_POINT('',(55.343145750508,106.));
#10624 = CARTESIAN_POINT('',(4.343145750508,55.));
#10625 = ( GEOMETRIC_REPRESENTATION_CONTEXT(2) 
PARAMETRIC_REPRESENTATION_CONTEXT() REPRESENTATION_CONTEXT('2D SPACE',''
  ) );
#10626 = PCURVE('',#10627,#10632);
#10627 = PLANE('',#10628);
#10628 = AXIS2_PLACEMENT_3D('',#10629,#10630,#10631);
#10629 = CARTESIAN_POINT('',(-86.47915933911,-2.84217094304E-14,
    3.514E+03));
#10630 = DIRECTION('',(-0.707106781187,0.707106781187,0.));
#10631 = DIRECTION('',(0.,0.,1.));
#10632 = DEFINITIONAL_REPRESENTATION('',(#10633),#10636);
#10633 = B_SPLINE_CURVE_WITH_KNOTS('',1,(#10634,#10635),.UNSPECIFIED.,
  .F.,.F.,(2,2),(-93.10586206959,-20.98097038856),
  .PIECEWISE_BEZIER_KNOTS.);
#10634 = CARTESIAN_POINT('',(2.,72.124891681028));
#10635 = CARTESIAN_POINT('',(2.,0.));
#10636 = ( GEOMETRIC_REPRESENTATION_CONTEXT(2) 
PARAMETRIC_REPRESENTATION_CONTEXT() REPRESENTATION_CONTEXT('2D SPACE',''
  ) );
#10637 = ORIENTED_EDGE('',*,*,#10638,.F.);
#10638 = EDGE_CURVE('',#10533,#10613,#10639,.T.);
#10639 = SURFACE_CURVE('',#10640,(#10644,#10650),.PCURVE_S1.);
#10640 = LINE('',#10641,#10642);
#10641 = CARTESIAN_POINT('',(-3.104267658087,-83.37489168102,3.516E+03)
  );
#10642 = VECTOR('',#10643,1.);
#10643 = DIRECTION('',(-0.707106781187,0.707106781187,0.));
#10644 = PCURVE('',#10308,#10645);
#10645 = DEFINITIONAL_REPRESENTATION('',(#10646),#10649);
#10646 = B_SPLINE_CURVE_WITH_KNOTS('',1,(#10647,#10648),.UNSPECIFIED.,
  .F.,.F.,(2,2),(45.785010895669,117.90990257669),
  .PIECEWISE_BEZIER_KNOTS.);
#10647 = CARTESIAN_POINT('',(55.343145750508,4.));
#10648 = CARTESIAN_POINT('',(4.343145750508,55.));
#10649 = ( GEOMETRIC_REPRESENTATION_CONTEXT(2) 
PARAMETRIC_REPRESENTATION_CONTEXT() REPRESENTATION_CONTEXT('2D SPACE',''
  ) );
#10650 = PCURVE('',#10651,#10656);
#10651 = PLANE('',#10652);
#10652 = AXIS2_PLACEMENT_3D('',#10653,#10654,#10655);
#10653 = CARTESIAN_POINT('',(54.942196898195,-141.4213562373,3.514E+03)
  );
#10654 = DIRECTION('',(0.707106781187,0.707106781187,0.));
#10655 = DIRECTION('',(0.,0.,1.));
#10656 = DEFINITIONAL_REPRESENTATION('',(#10657),#10660);
#10657 = B_SPLINE_CURVE_WITH_KNOTS('',1,(#10658,#10659),.UNSPECIFIED.,
  .F.,.F.,(2,2),(45.785010895669,117.90990257669),
  .PIECEWISE_BEZIER_KNOTS.);
#10658 = CARTESIAN_POINT('',(2.,-127.8751083189));
#10659 = CARTESIAN_POINT('',(2.,-200.));
#10660 = ( GEOMETRIC_REPRESENTATION_CONTEXT(2) 
PARAMETRIC_REPRESENTATION_CONTEXT() REPRESENTATION_CONTEXT('2D SPACE',''
  ) );
#10661 = ADVANCED_FACE('',(#10662),#10575,.T.);
#10662 = FACE_BOUND('',#10663,.T.);
#10663 = EDGE_LOOP('',(#10664,#10687,#10688,#10711));
#10664 = ORIENTED_EDGE('',*,*,#10665,.F.);
#10665 = EDGE_CURVE('',#10535,#10666,#10668,.T.);
#10666 = VERTEX_POINT('',#10667);
#10667 = CARTESIAN_POINT('',(-86.82230508962,-51.,3.532E+03));
#10668 = SURFACE_CURVE('',#10669,(#10673,#10680),.PCURVE_S1.);
#10669 = LINE('',#10670,#10671);
#10670 = CARTESIAN_POINT('',(-86.82230508962,-51.,3.515E+03));
#10671 = VECTOR('',#10672,1.);
#10672 = DIRECTION('',(0.,0.,1.));
#10673 = PCURVE('',#10575,#10674);
#10674 = DEFINITIONAL_REPRESENTATION('',(#10675),#10679);
#10675 = LINE('',#10676,#10677);
#10676 = CARTESIAN_POINT('',(0.,0.));
#10677 = VECTOR('',#10678,1.);
#10678 = DIRECTION('',(1.,0.));
#10679 = ( GEOMETRIC_REPRESENTATION_CONTEXT(2) 
PARAMETRIC_REPRESENTATION_CONTEXT() REPRESENTATION_CONTEXT('2D SPACE',''
  ) );
#10680 = PCURVE('',#10549,#10681);
#10681 = DEFINITIONAL_REPRESENTATION('',(#10682),#10686);
#10682 = LINE('',#10683,#10684);
#10683 = CARTESIAN_POINT('',(0.,0.));
#10684 = VECTOR('',#10685,1.);
#10685 = DIRECTION('',(1.,0.));
#10686 = ( GEOMETRIC_REPRESENTATION_CONTEXT(2) 
PARAMETRIC_REPRESENTATION_CONTEXT() REPRESENTATION_CONTEXT('2D SPACE',''
  ) );
#10687 = ORIENTED_EDGE('',*,*,#10560,.T.);
#10688 = ORIENTED_EDGE('',*,*,#10689,.T.);
#10689 = EDGE_CURVE('',#10561,#10690,#10692,.T.);
#10690 = VERTEX_POINT('',#10691);
#10691 = CARTESIAN_POINT('',(-86.82230508962,51.,3.532E+03));
#10692 = SURFACE_CURVE('',#10693,(#10697,#10704),.PCURVE_S1.);
#10693 = LINE('',#10694,#10695);
#10694 = CARTESIAN_POINT('',(-86.82230508962,51.,3.515E+03));
#10695 = VECTOR('',#10696,1.);
#10696 = DIRECTION('',(0.,0.,1.));
#10697 = PCURVE('',#10575,#10698);
#10698 = DEFINITIONAL_REPRESENTATION('',(#10699),#10703);
#10699 = LINE('',#10700,#10701);
#10700 = CARTESIAN_POINT('',(0.,-102.));
#10701 = VECTOR('',#10702,1.);
#10702 = DIRECTION('',(1.,0.));
#10703 = ( GEOMETRIC_REPRESENTATION_CONTEXT(2) 
PARAMETRIC_REPRESENTATION_CONTEXT() REPRESENTATION_CONTEXT('2D SPACE',''
  ) );
#10704 = PCURVE('',#10601,#10705);
#10705 = DEFINITIONAL_REPRESENTATION('',(#10706),#10710);
#10706 = LINE('',#10707,#10708);
#10707 = CARTESIAN_POINT('',(0.,0.));
#10708 = VECTOR('',#10709,1.);
#10709 = DIRECTION('',(1.,0.));
#10710 = ( GEOMETRIC_REPRESENTATION_CONTEXT(2) 
PARAMETRIC_REPRESENTATION_CONTEXT() REPRESENTATION_CONTEXT('2D SPACE',''
  ) );
#10711 = ORIENTED_EDGE('',*,*,#10712,.F.);
#10712 = EDGE_CURVE('',#10666,#10690,#10713,.T.);
#10713 = SURFACE_CURVE('',#10714,(#10718,#10725),.PCURVE_S1.);
#10714 = LINE('',#10715,#10716);
#10715 = CARTESIAN_POINT('',(-86.82230508962,-51.,3.532E+03));
#10716 = VECTOR('',#10717,1.);
#10717 = DIRECTION('',(-0.,1.,0.));
#10718 = PCURVE('',#10575,#10719);
#10719 = DEFINITIONAL_REPRESENTATION('',(#10720),#10724);
#10720 = LINE('',#10721,#10722);
#10721 = CARTESIAN_POINT('',(17.,0.));
#10722 = VECTOR('',#10723,1.);
#10723 = DIRECTION('',(0.,-1.));
#10724 = ( GEOMETRIC_REPRESENTATION_CONTEXT(2) 
PARAMETRIC_REPRESENTATION_CONTEXT() REPRESENTATION_CONTEXT('2D SPACE',''
  ) );
#10725 = PCURVE('',#10726,#10731);
#10726 = PLANE('',#10727);
#10727 = AXIS2_PLACEMENT_3D('',#10728,#10729,#10730);
#10728 = CARTESIAN_POINT('',(-86.82230508962,-51.,3.532E+03));
#10729 = DIRECTION('',(0.,0.,1.));
#10730 = DIRECTION('',(1.,0.,-0.));
#10731 = DEFINITIONAL_REPRESENTATION('',(#10732),#10736);
#10732 = LINE('',#10733,#10734);
#10733 = CARTESIAN_POINT('',(0.,0.));
#10734 = VECTOR('',#10735,1.);
#10735 = DIRECTION('',(0.,1.));
#10736 = ( GEOMETRIC_REPRESENTATION_CONTEXT(2) 
PARAMETRIC_REPRESENTATION_CONTEXT() REPRESENTATION_CONTEXT('2D SPACE',''
  ) );
#10737 = ADVANCED_FACE('',(#10738),#10726,.F.);
#10738 = FACE_BOUND('',#10739,.F.);
#10739 = EDGE_LOOP('',(#10740,#10763,#10764,#10787,#10808));
#10740 = ORIENTED_EDGE('',*,*,#10741,.F.);
#10741 = EDGE_CURVE('',#10690,#10742,#10744,.T.);
#10742 = VERTEX_POINT('',#10743);
#10743 = CARTESIAN_POINT('',(-35.47915933911,51.,3.532E+03));
#10744 = SURFACE_CURVE('',#10745,(#10749,#10756),.PCURVE_S1.);
#10745 = LINE('',#10746,#10747);
#10746 = CARTESIAN_POINT('',(-86.82230508962,51.,3.532E+03));
#10747 = VECTOR('',#10748,1.);
#10748 = DIRECTION('',(1.,0.,-0.));
#10749 = PCURVE('',#10726,#10750);
#10750 = DEFINITIONAL_REPRESENTATION('',(#10751),#10755);
#10751 = LINE('',#10752,#10753);
#10752 = CARTESIAN_POINT('',(0.,102.));
#10753 = VECTOR('',#10754,1.);
#10754 = DIRECTION('',(1.,0.));
#10755 = ( GEOMETRIC_REPRESENTATION_CONTEXT(2) 
PARAMETRIC_REPRESENTATION_CONTEXT() REPRESENTATION_CONTEXT('2D SPACE',''
  ) );
#10756 = PCURVE('',#10601,#10757);
#10757 = DEFINITIONAL_REPRESENTATION('',(#10758),#10762);
#10758 = LINE('',#10759,#10760);
#10759 = CARTESIAN_POINT('',(17.,0.));
#10760 = VECTOR('',#10761,1.);
#10761 = DIRECTION('',(0.,1.));
#10762 = ( GEOMETRIC_REPRESENTATION_CONTEXT(2) 
PARAMETRIC_REPRESENTATION_CONTEXT() REPRESENTATION_CONTEXT('2D SPACE',''
  ) );
#10763 = ORIENTED_EDGE('',*,*,#10712,.F.);
#10764 = ORIENTED_EDGE('',*,*,#10765,.T.);
#10765 = EDGE_CURVE('',#10666,#10766,#10768,.T.);
#10766 = VERTEX_POINT('',#10767);
#10767 = CARTESIAN_POINT('',(-35.47915933911,-51.,3.532E+03));
#10768 = SURFACE_CURVE('',#10769,(#10773,#10780),.PCURVE_S1.);
#10769 = LINE('',#10770,#10771);
#10770 = CARTESIAN_POINT('',(-86.82230508962,-51.,3.532E+03));
#10771 = VECTOR('',#10772,1.);
#10772 = DIRECTION('',(1.,0.,-0.));
#10773 = PCURVE('',#10726,#10774);
#10774 = DEFINITIONAL_REPRESENTATION('',(#10775),#10779);
#10775 = LINE('',#10776,#10777);
#10776 = CARTESIAN_POINT('',(0.,0.));
#10777 = VECTOR('',#10778,1.);
#10778 = DIRECTION('',(1.,0.));
#10779 = ( GEOMETRIC_REPRESENTATION_CONTEXT(2) 
PARAMETRIC_REPRESENTATION_CONTEXT() REPRESENTATION_CONTEXT('2D SPACE',''
  ) );
#10780 = PCURVE('',#10549,#10781);
#10781 = DEFINITIONAL_REPRESENTATION('',(#10782),#10786);
#10782 = LINE('',#10783,#10784);
#10783 = CARTESIAN_POINT('',(17.,0.));
#10784 = VECTOR('',#10785,1.);
#10785 = DIRECTION('',(0.,1.));
#10786 = ( GEOMETRIC_REPRESENTATION_CONTEXT(2) 
PARAMETRIC_REPRESENTATION_CONTEXT() REPRESENTATION_CONTEXT('2D SPACE',''
  ) );
#10787 = ORIENTED_EDGE('',*,*,#10788,.T.);
#10788 = EDGE_CURVE('',#10766,#10789,#10791,.T.);
#10789 = VERTEX_POINT('',#10790);
#10790 = CARTESIAN_POINT('',(-86.47915933911,-2.84217094304E-14,
    3.532E+03));
#10791 = SURFACE_CURVE('',#10792,(#10796,#10802),.PCURVE_S1.);
#10792 = LINE('',#10793,#10794);
#10793 = CARTESIAN_POINT('',(-3.104267658087,-83.37489168102,3.532E+03)
  );
#10794 = VECTOR('',#10795,1.);
#10795 = DIRECTION('',(-0.707106781187,0.707106781187,0.));
#10796 = PCURVE('',#10726,#10797);
#10797 = DEFINITIONAL_REPRESENTATION('',(#10798),#10801);
#10798 = B_SPLINE_CURVE_WITH_KNOTS('',1,(#10799,#10800),.UNSPECIFIED.,
  .F.,.F.,(2,2),(45.785010895669,117.90990257669),
  .PIECEWISE_BEZIER_KNOTS.);
#10799 = CARTESIAN_POINT('',(51.343145750508,-7.105427357601E-15));
#10800 = CARTESIAN_POINT('',(0.343145750508,51.));
#10801 = ( GEOMETRIC_REPRESENTATION_CONTEXT(2) 
PARAMETRIC_REPRESENTATION_CONTEXT() REPRESENTATION_CONTEXT('2D SPACE',''
  ) );
#10802 = PCURVE('',#10651,#10803);
#10803 = DEFINITIONAL_REPRESENTATION('',(#10804),#10807);
#10804 = B_SPLINE_CURVE_WITH_KNOTS('',1,(#10805,#10806),.UNSPECIFIED.,
  .F.,.F.,(2,2),(45.785010895669,117.90990257669),
  .PIECEWISE_BEZIER_KNOTS.);
#10805 = CARTESIAN_POINT('',(18.,-127.8751083189));
#10806 = CARTESIAN_POINT('',(18.,-200.));
#10807 = ( GEOMETRIC_REPRESENTATION_CONTEXT(2) 
PARAMETRIC_REPRESENTATION_CONTEXT() REPRESENTATION_CONTEXT('2D SPACE',''
  ) );
#10808 = ORIENTED_EDGE('',*,*,#10809,.F.);
#10809 = EDGE_CURVE('',#10742,#10789,#10810,.T.);
#10810 = SURFACE_CURVE('',#10811,(#10815,#10821),.PCURVE_S1.);
#10811 = LINE('',#10812,#10813);
#10812 = CARTESIAN_POINT('',(-99.31494577674,-12.83578643762,3.532E+03)
  );
#10813 = VECTOR('',#10814,1.);
#10814 = DIRECTION('',(-0.707106781187,-0.707106781187,0.));
#10815 = PCURVE('',#10726,#10816);
#10816 = DEFINITIONAL_REPRESENTATION('',(#10817),#10820);
#10817 = B_SPLINE_CURVE_WITH_KNOTS('',1,(#10818,#10819),.UNSPECIFIED.,
  .F.,.F.,(2,2),(-90.27743494484,-18.15254326381),
  .PIECEWISE_BEZIER_KNOTS.);
#10818 = CARTESIAN_POINT('',(51.343145750508,102.));
#10819 = CARTESIAN_POINT('',(0.343145750508,51.));
#10820 = ( GEOMETRIC_REPRESENTATION_CONTEXT(2) 
PARAMETRIC_REPRESENTATION_CONTEXT() REPRESENTATION_CONTEXT('2D SPACE',''
  ) );
#10821 = PCURVE('',#10627,#10822);
#10822 = DEFINITIONAL_REPRESENTATION('',(#10823),#10826);
#10823 = B_SPLINE_CURVE_WITH_KNOTS('',1,(#10824,#10825),.UNSPECIFIED.,
  .F.,.F.,(2,2),(-90.27743494484,-18.15254326381),
  .PIECEWISE_BEZIER_KNOTS.);
#10824 = CARTESIAN_POINT('',(18.,72.124891681028));
#10825 = CARTESIAN_POINT('',(18.,0.));
#10826 = ( GEOMETRIC_REPRESENTATION_CONTEXT(2) 
PARAMETRIC_REPRESENTATION_CONTEXT() REPRESENTATION_CONTEXT('2D SPACE',''
  ) );
#10827 = ADVANCED_FACE('',(#10828),#10601,.F.);
#10828 = FACE_BOUND('',#10829,.F.);
#10829 = EDGE_LOOP('',(#10830,#10831,#10832,#10833));
#10830 = ORIENTED_EDGE('',*,*,#10586,.T.);
#10831 = ORIENTED_EDGE('',*,*,#10689,.T.);
#10832 = ORIENTED_EDGE('',*,*,#10741,.T.);
#10833 = ORIENTED_EDGE('',*,*,#10834,.F.);
#10834 = EDGE_CURVE('',#10587,#10742,#10835,.T.);
#10835 = SURFACE_CURVE('',#10836,(#10840,#10846),.PCURVE_S1.);
#10836 = LINE('',#10837,#10838);
#10837 = CARTESIAN_POINT('',(-35.47915933911,51.,3.5145E+03));
#10838 = VECTOR('',#10839,1.);
#10839 = DIRECTION('',(0.,0.,1.));
#10840 = PCURVE('',#10601,#10841);
#10841 = DEFINITIONAL_REPRESENTATION('',(#10842),#10845);
#10842 = B_SPLINE_CURVE_WITH_KNOTS('',1,(#10843,#10844),.UNSPECIFIED.,
  .F.,.F.,(2,2),(0.5,17.5),.PIECEWISE_BEZIER_KNOTS.);
#10843 = CARTESIAN_POINT('',(0.,51.343145750508));
#10844 = CARTESIAN_POINT('',(17.,51.343145750508));
#10845 = ( GEOMETRIC_REPRESENTATION_CONTEXT(2) 
PARAMETRIC_REPRESENTATION_CONTEXT() REPRESENTATION_CONTEXT('2D SPACE',''
  ) );
#10846 = PCURVE('',#10627,#10847);
#10847 = DEFINITIONAL_REPRESENTATION('',(#10848),#10851);
#10848 = B_SPLINE_CURVE_WITH_KNOTS('',1,(#10849,#10850),.UNSPECIFIED.,
  .F.,.F.,(2,2),(0.5,17.5),.PIECEWISE_BEZIER_KNOTS.);
#10849 = CARTESIAN_POINT('',(1.,72.124891681028));
#10850 = CARTESIAN_POINT('',(18.,72.124891681028));
#10851 = ( GEOMETRIC_REPRESENTATION_CONTEXT(2) 
PARAMETRIC_REPRESENTATION_CONTEXT() REPRESENTATION_CONTEXT('2D SPACE',''
  ) );
#10852 = ADVANCED_FACE('',(#10853),#10627,.T.);
#10853 = FACE_BOUND('',#10854,.T.);
#10854 = EDGE_LOOP('',(#10855,#10856,#10857,#10878));
#10855 = ORIENTED_EDGE('',*,*,#10834,.F.);
#10856 = ORIENTED_EDGE('',*,*,#10612,.T.);
#10857 = ORIENTED_EDGE('',*,*,#10858,.T.);
#10858 = EDGE_CURVE('',#10613,#10789,#10859,.T.);
#10859 = SURFACE_CURVE('',#10860,(#10864,#10871),.PCURVE_S1.);
#10860 = LINE('',#10861,#10862);
#10861 = CARTESIAN_POINT('',(-86.47915933911,-2.84217094304E-14,
    3.514E+03));
#10862 = VECTOR('',#10863,1.);
#10863 = DIRECTION('',(0.,0.,1.));
#10864 = PCURVE('',#10627,#10865);
#10865 = DEFINITIONAL_REPRESENTATION('',(#10866),#10870);
#10866 = LINE('',#10867,#10868);
#10867 = CARTESIAN_POINT('',(0.,0.));
#10868 = VECTOR('',#10869,1.);
#10869 = DIRECTION('',(1.,0.));
#10870 = ( GEOMETRIC_REPRESENTATION_CONTEXT(2) 
PARAMETRIC_REPRESENTATION_CONTEXT() REPRESENTATION_CONTEXT('2D SPACE',''
  ) );
#10871 = PCURVE('',#10651,#10872);
#10872 = DEFINITIONAL_REPRESENTATION('',(#10873),#10877);
#10873 = LINE('',#10874,#10875);
#10874 = CARTESIAN_POINT('',(0.,-200.));
#10875 = VECTOR('',#10876,1.);
#10876 = DIRECTION('',(1.,0.));
#10877 = ( GEOMETRIC_REPRESENTATION_CONTEXT(2) 
PARAMETRIC_REPRESENTATION_CONTEXT() REPRESENTATION_CONTEXT('2D SPACE',''
  ) );
#10878 = ORIENTED_EDGE('',*,*,#10809,.F.);
#10879 = ADVANCED_FACE('',(#10880),#10651,.F.);
#10880 = FACE_BOUND('',#10881,.F.);
#10881 = EDGE_LOOP('',(#10882,#10883,#10884,#10885));
#10882 = ORIENTED_EDGE('',*,*,#10638,.T.);
#10883 = ORIENTED_EDGE('',*,*,#10858,.T.);
#10884 = ORIENTED_EDGE('',*,*,#10788,.F.);
#10885 = ORIENTED_EDGE('',*,*,#10886,.T.);
#10886 = EDGE_CURVE('',#10766,#10533,#10887,.T.);
#10887 = SURFACE_CURVE('',#10888,(#10892,#10898),.PCURVE_S1.);
#10888 = LINE('',#10889,#10890);
#10889 = CARTESIAN_POINT('',(-35.47915933911,-51.,3.5145E+03));
#10890 = VECTOR('',#10891,1.);
#10891 = DIRECTION('',(0.,0.,-1.));
#10892 = PCURVE('',#10651,#10893);
#10893 = DEFINITIONAL_REPRESENTATION('',(#10894),#10897);
#10894 = B_SPLINE_CURVE_WITH_KNOTS('',1,(#10895,#10896),.UNSPECIFIED.,
  .F.,.F.,(2,2),(-17.5,-0.5),.PIECEWISE_BEZIER_KNOTS.);
#10895 = CARTESIAN_POINT('',(18.,-127.8751083189));
#10896 = CARTESIAN_POINT('',(1.,-127.8751083189));
#10897 = ( GEOMETRIC_REPRESENTATION_CONTEXT(2) 
PARAMETRIC_REPRESENTATION_CONTEXT() REPRESENTATION_CONTEXT('2D SPACE',''
  ) );
#10898 = PCURVE('',#10549,#10899);
#10899 = DEFINITIONAL_REPRESENTATION('',(#10900),#10903);
#10900 = B_SPLINE_CURVE_WITH_KNOTS('',1,(#10901,#10902),.UNSPECIFIED.,
  .F.,.F.,(2,2),(-17.5,-0.5),.PIECEWISE_BEZIER_KNOTS.);
#10901 = CARTESIAN_POINT('',(17.,51.343145750508));
#10902 = CARTESIAN_POINT('',(0.,51.343145750508));
#10903 = ( GEOMETRIC_REPRESENTATION_CONTEXT(2) 
PARAMETRIC_REPRESENTATION_CONTEXT() REPRESENTATION_CONTEXT('2D SPACE',''
  ) );
#10904 = ADVANCED_FACE('',(#10905),#10549,.T.);
#10905 = FACE_BOUND('',#10906,.T.);
#10906 = EDGE_LOOP('',(#10907,#10908,#10909,#10910));
#10907 = ORIENTED_EDGE('',*,*,#10532,.T.);
#10908 = ORIENTED_EDGE('',*,*,#10665,.T.);
#10909 = ORIENTED_EDGE('',*,*,#10765,.T.);
#10910 = ORIENTED_EDGE('',*,*,#10886,.T.);
#10911 = ADVANCED_FACE('',(#10912),#10440,.T.);
#10912 = FACE_BOUND('',#10913,.T.);
#10913 = EDGE_LOOP('',(#10914,#10939,#10960,#10961));
#10914 = ORIENTED_EDGE('',*,*,#10915,.F.);
#10915 = EDGE_CURVE('',#10916,#10918,#10920,.T.);
#10916 = VERTEX_POINT('',#10917);
#10917 = CARTESIAN_POINT('',(-30.82230508962,-55.,3.556E+03));
#10918 = VERTEX_POINT('',#10919);
#10919 = CARTESIAN_POINT('',(-30.82230508962,-50.,3.556E+03));
#10920 = SURFACE_CURVE('',#10921,(#10925,#10932),.PCURVE_S1.);
#10921 = LINE('',#10922,#10923);
#10922 = CARTESIAN_POINT('',(-30.82230508962,-55.,3.556E+03));
#10923 = VECTOR('',#10924,1.);
#10924 = DIRECTION('',(-0.,1.,0.));
#10925 = PCURVE('',#10440,#10926);
#10926 = DEFINITIONAL_REPRESENTATION('',(#10927),#10931);
#10927 = LINE('',#10928,#10929);
#10928 = CARTESIAN_POINT('',(40.,0.));
#10929 = VECTOR('',#10930,1.);
#10930 = DIRECTION('',(0.,-1.));
#10931 = ( GEOMETRIC_REPRESENTATION_CONTEXT(2) 
PARAMETRIC_REPRESENTATION_CONTEXT() REPRESENTATION_CONTEXT('2D SPACE',''
  ) );
#10932 = PCURVE('',#10362,#10933);
#10933 = DEFINITIONAL_REPRESENTATION('',(#10934),#10938);
#10934 = LINE('',#10935,#10936);
#10935 = CARTESIAN_POINT('',(60.,0.));
#10936 = VECTOR('',#10937,1.);
#10937 = DIRECTION('',(0.,1.));
#10938 = ( GEOMETRIC_REPRESENTATION_CONTEXT(2) 
PARAMETRIC_REPRESENTATION_CONTEXT() REPRESENTATION_CONTEXT('2D SPACE',''
  ) );
#10939 = ORIENTED_EDGE('',*,*,#10940,.F.);
#10940 = EDGE_CURVE('',#10402,#10916,#10941,.T.);
#10941 = SURFACE_CURVE('',#10942,(#10946,#10953),.PCURVE_S1.);
#10942 = LINE('',#10943,#10944);
#10943 = CARTESIAN_POINT('',(-30.82230508962,-55.,3.516E+03));
#10944 = VECTOR('',#10945,1.);
#10945 = DIRECTION('',(0.,0.,1.));
#10946 = PCURVE('',#10440,#10947);
#10947 = DEFINITIONAL_REPRESENTATION('',(#10948),#10952);
#10948 = LINE('',#10949,#10950);
#10949 = CARTESIAN_POINT('',(0.,0.));
#10950 = VECTOR('',#10951,1.);
#10951 = DIRECTION('',(1.,0.));
#10952 = ( GEOMETRIC_REPRESENTATION_CONTEXT(2) 
PARAMETRIC_REPRESENTATION_CONTEXT() REPRESENTATION_CONTEXT('2D SPACE',''
  ) );
#10953 = PCURVE('',#10280,#10954);
#10954 = DEFINITIONAL_REPRESENTATION('',(#10955),#10959);
#10955 = LINE('',#10956,#10957);
#10956 = CARTESIAN_POINT('',(0.,60.));
#10957 = VECTOR('',#10958,1.);
#10958 = DIRECTION('',(1.,0.));
#10959 = ( GEOMETRIC_REPRESENTATION_CONTEXT(2) 
PARAMETRIC_REPRESENTATION_CONTEXT() REPRESENTATION_CONTEXT('2D SPACE',''
  ) );
#10960 = ORIENTED_EDGE('',*,*,#10424,.T.);
#10961 = ORIENTED_EDGE('',*,*,#10962,.T.);
#10962 = EDGE_CURVE('',#10425,#10918,#10963,.T.);
#10963 = SURFACE_CURVE('',#10964,(#10968,#10974),.PCURVE_S1.);
#10964 = LINE('',#10965,#10966);
#10965 = CARTESIAN_POINT('',(-30.82230508962,-50.,3.5155E+03));
#10966 = VECTOR('',#10967,1.);
#10967 = DIRECTION('',(0.,-0.,1.));
#10968 = PCURVE('',#10440,#10969);
#10969 = DEFINITIONAL_REPRESENTATION('',(#10970),#10973);
#10970 = B_SPLINE_CURVE_WITH_KNOTS('',1,(#10971,#10972),.UNSPECIFIED.,
  .F.,.F.,(2,2),(0.5,40.5),.PIECEWISE_BEZIER_KNOTS.);
#10971 = CARTESIAN_POINT('',(0.,-5.));
#10972 = CARTESIAN_POINT('',(40.,-5.));
#10973 = ( GEOMETRIC_REPRESENTATION_CONTEXT(2) 
PARAMETRIC_REPRESENTATION_CONTEXT() REPRESENTATION_CONTEXT('2D SPACE',''
  ) );
#10974 = PCURVE('',#10467,#10975);
#10975 = DEFINITIONAL_REPRESENTATION('',(#10976),#10979);
#10976 = B_SPLINE_CURVE_WITH_KNOTS('',1,(#10977,#10978),.UNSPECIFIED.,
  .F.,.F.,(2,2),(0.5,40.5),.PIECEWISE_BEZIER_KNOTS.);
#10977 = CARTESIAN_POINT('',(1.,-129.2893218813));
#10978 = CARTESIAN_POINT('',(41.,-129.2893218813));
#10979 = ( GEOMETRIC_REPRESENTATION_CONTEXT(2) 
PARAMETRIC_REPRESENTATION_CONTEXT() REPRESENTATION_CONTEXT('2D SPACE',''
  ) );
#10980 = ADVANCED_FACE('',(#10981,#11027),#10467,.T.);
#10981 = FACE_BOUND('',#10982,.T.);
#10982 = EDGE_LOOP('',(#10983,#11006,#11025,#11026));
#10983 = ORIENTED_EDGE('',*,*,#10984,.T.);
#10984 = EDGE_CURVE('',#10453,#10985,#10987,.T.);
#10985 = VERTEX_POINT('',#10986);
#10986 = CARTESIAN_POINT('',(-80.82230508962,-2.84217094304E-14,
    3.556E+03));
#10987 = SURFACE_CURVE('',#10988,(#10992,#10999),.PCURVE_S1.);
#10988 = LINE('',#10989,#10990);
#10989 = CARTESIAN_POINT('',(-80.82230508962,-2.84217094304E-14,
    3.515E+03));
#10990 = VECTOR('',#10991,1.);
#10991 = DIRECTION('',(0.,0.,1.));
#10992 = PCURVE('',#10467,#10993);
#10993 = DEFINITIONAL_REPRESENTATION('',(#10994),#10998);
#10994 = LINE('',#10995,#10996);
#10995 = CARTESIAN_POINT('',(0.,-200.));
#10996 = VECTOR('',#10997,1.);
#10997 = DIRECTION('',(1.,0.));
#10998 = ( GEOMETRIC_REPRESENTATION_CONTEXT(2) 
PARAMETRIC_REPRESENTATION_CONTEXT() REPRESENTATION_CONTEXT('2D SPACE',''
  ) );
#10999 = PCURVE('',#10493,#11000);
#11000 = DEFINITIONAL_REPRESENTATION('',(#11001),#11005);
#11001 = LINE('',#11002,#11003);
#11002 = CARTESIAN_POINT('',(0.,0.));
#11003 = VECTOR('',#11004,1.);
#11004 = DIRECTION('',(1.,0.));
#11005 = ( GEOMETRIC_REPRESENTATION_CONTEXT(2) 
PARAMETRIC_REPRESENTATION_CONTEXT() REPRESENTATION_CONTEXT('2D SPACE',''
  ) );
#11006 = ORIENTED_EDGE('',*,*,#11007,.F.);
#11007 = EDGE_CURVE('',#10918,#10985,#11008,.T.);
#11008 = SURFACE_CURVE('',#11009,(#11013,#11019),.PCURVE_S1.);
#11009 = LINE('',#11010,#11011);
#11010 = CARTESIAN_POINT('',(1.138373029032,-81.96067811865,3.556E+03));
#11011 = VECTOR('',#11012,1.);
#11012 = DIRECTION('',(-0.707106781187,0.707106781187,0.));
#11013 = PCURVE('',#10467,#11014);
#11014 = DEFINITIONAL_REPRESENTATION('',(#11015),#11018);
#11015 = B_SPLINE_CURVE_WITH_KNOTS('',1,(#11016,#11017),.UNSPECIFIED.,
  .F.,.F.,(2,2),(45.199224458043,115.90990257669),
  .PIECEWISE_BEZIER_KNOTS.);
#11016 = CARTESIAN_POINT('',(41.,-129.2893218813));
#11017 = CARTESIAN_POINT('',(41.,-200.));
#11018 = ( GEOMETRIC_REPRESENTATION_CONTEXT(2) 
PARAMETRIC_REPRESENTATION_CONTEXT() REPRESENTATION_CONTEXT('2D SPACE',''
  ) );
#11019 = PCURVE('',#10362,#11020);
#11020 = DEFINITIONAL_REPRESENTATION('',(#11021),#11024);
#11021 = B_SPLINE_CURVE_WITH_KNOTS('',1,(#11022,#11023),.UNSPECIFIED.,
  .F.,.F.,(2,2),(45.199224458043,115.90990257669),
  .PIECEWISE_BEZIER_KNOTS.);
#11022 = CARTESIAN_POINT('',(60.,5.));
#11023 = CARTESIAN_POINT('',(10.,55.));
#11024 = ( GEOMETRIC_REPRESENTATION_CONTEXT(2) 
PARAMETRIC_REPRESENTATION_CONTEXT() REPRESENTATION_CONTEXT('2D SPACE',''
  ) );
#11025 = ORIENTED_EDGE('',*,*,#10962,.F.);
#11026 = ORIENTED_EDGE('',*,*,#10452,.T.);
#11027 = FACE_BOUND('',#11028,.T.);
#11028 = EDGE_LOOP('',(#11029,#11057,#11083,#11109,#11135,#11161));
#11029 = ORIENTED_EDGE('',*,*,#11030,.T.);
#11030 = EDGE_CURVE('',#11031,#11033,#11035,.T.);
#11031 = VERTEX_POINT('',#11032);
#11032 = CARTESIAN_POINT('',(-40.41115254481,-40.41115254481,3.524E+03)
  );
#11033 = VERTEX_POINT('',#11034);
#11034 = CARTESIAN_POINT('',(-33.62587436333,-47.19643072628,3.524E+03)
  );
#11035 = SURFACE_CURVE('',#11036,(#11040,#11046),.PCURVE_S1.);
#11036 = LINE('',#11037,#11038);
#11037 = CARTESIAN_POINT('',(10.093949301438,-90.91625439106,3.524E+03)
  );
#11038 = VECTOR('',#11039,1.);
#11039 = DIRECTION('',(0.707106781187,-0.707106781187,0.));
#11040 = PCURVE('',#10467,#11041);
#11041 = DEFINITIONAL_REPRESENTATION('',(#11042),#11045);
#11042 = B_SPLINE_CURVE_WITH_KNOTS('',1,(#11043,#11044),.UNSPECIFIED.,
  .F.,.F.,(2,2),(-96.22867593952,-57.86432188134),
  .PIECEWISE_BEZIER_KNOTS.);
#11043 = CARTESIAN_POINT('',(9.,-167.6536759395));
#11044 = CARTESIAN_POINT('',(9.,-129.2893218813));
#11045 = ( GEOMETRIC_REPRESENTATION_CONTEXT(2) 
PARAMETRIC_REPRESENTATION_CONTEXT() REPRESENTATION_CONTEXT('2D SPACE',''
  ) );
#11046 = PCURVE('',#11047,#11052);
#11047 = PLANE('',#11048);
#11048 = AXIS2_PLACEMENT_3D('',#11049,#11050,#11051);
#11049 = CARTESIAN_POINT('',(0.,0.,3.524E+03));
#11050 = DIRECTION('',(0.,0.,1.));
#11051 = DIRECTION('',(1.,0.,-0.));
#11052 = DEFINITIONAL_REPRESENTATION('',(#11053),#11056);
#11053 = B_SPLINE_CURVE_WITH_KNOTS('',1,(#11054,#11055),.UNSPECIFIED.,
  .F.,.F.,(2,2),(-96.22867593952,-57.86432188134),
  .PIECEWISE_BEZIER_KNOTS.);
#11054 = CARTESIAN_POINT('',(-57.95,-22.87230508962));
#11055 = CARTESIAN_POINT('',(-30.82230508962,-50.));
#11056 = ( GEOMETRIC_REPRESENTATION_CONTEXT(2) 
PARAMETRIC_REPRESENTATION_CONTEXT() REPRESENTATION_CONTEXT('2D SPACE',''
  ) );
#11057 = ORIENTED_EDGE('',*,*,#11058,.T.);
#11058 = EDGE_CURVE('',#11033,#11059,#11061,.T.);
#11059 = VERTEX_POINT('',#11060);
#11060 = CARTESIAN_POINT('',(-33.62587436333,-47.19643072628,3.536E+03)
  );
#11061 = SURFACE_CURVE('',#11062,(#11066,#11072),.PCURVE_S1.);
#11062 = LINE('',#11063,#11064);
#11063 = CARTESIAN_POINT('',(-33.62587436333,-47.19643072628,3.524E+03)
  );
#11064 = VECTOR('',#11065,1.);
#11065 = DIRECTION('',(0.,0.,1.));
#11066 = PCURVE('',#10467,#11067);
#11067 = DEFINITIONAL_REPRESENTATION('',(#11068),#11071);
#11068 = B_SPLINE_CURVE_WITH_KNOTS('',1,(#11069,#11070),.UNSPECIFIED.,
  .F.,.F.,(2,2),(-2.40000008489E-06,12.0000024),
  .PIECEWISE_BEZIER_KNOTS.);
#11069 = CARTESIAN_POINT('',(8.9999976,-133.2541675712));
#11070 = CARTESIAN_POINT('',(21.0000024,-133.2541675712));
#11071 = ( GEOMETRIC_REPRESENTATION_CONTEXT(2) 
PARAMETRIC_REPRESENTATION_CONTEXT() REPRESENTATION_CONTEXT('2D SPACE',''
  ) );
#11072 = PCURVE('',#11073,#11078);
#11073 = CYLINDRICAL_SURFACE('',#11074,57.95);
#11074 = AXIS2_PLACEMENT_3D('',#11075,#11076,#11077);
#11075 = CARTESIAN_POINT('',(0.,0.,3.524E+03));
#11076 = DIRECTION('',(0.,0.,1.));
#11077 = DIRECTION('',(1.,0.,-0.));
#11078 = DEFINITIONAL_REPRESENTATION('',(#11079),#11082);
#11079 = B_SPLINE_CURVE_WITH_KNOTS('',1,(#11080,#11081),.UNSPECIFIED.,
  .F.,.F.,(2,2),(0.,12.),.PIECEWISE_BEZIER_KNOTS.);
#11080 = CARTESIAN_POINT('',(4.093345166433,0.));
#11081 = CARTESIAN_POINT('',(4.093345166433,12.));
#11082 = ( GEOMETRIC_REPRESENTATION_CONTEXT(2) 
PARAMETRIC_REPRESENTATION_CONTEXT() REPRESENTATION_CONTEXT('2D SPACE',''
  ) );
#11083 = ORIENTED_EDGE('',*,*,#11084,.F.);
#11084 = EDGE_CURVE('',#11085,#11059,#11087,.T.);
#11085 = VERTEX_POINT('',#11086);
#11086 = CARTESIAN_POINT('',(-40.41115254481,-40.41115254481,3.536E+03)
  );
#11087 = SURFACE_CURVE('',#11088,(#11092,#11098),.PCURVE_S1.);
#11088 = LINE('',#11089,#11090);
#11089 = CARTESIAN_POINT('',(10.093949301438,-90.91625439106,3.536E+03)
  );
#11090 = VECTOR('',#11091,1.);
#11091 = DIRECTION('',(0.707106781187,-0.707106781187,0.));
#11092 = PCURVE('',#10467,#11093);
#11093 = DEFINITIONAL_REPRESENTATION('',(#11094),#11097);
#11094 = B_SPLINE_CURVE_WITH_KNOTS('',1,(#11095,#11096),.UNSPECIFIED.,
  .F.,.F.,(2,2),(-96.22867593952,-57.86432188134),
  .PIECEWISE_BEZIER_KNOTS.);
#11095 = CARTESIAN_POINT('',(21.,-167.6536759395));
#11096 = CARTESIAN_POINT('',(21.,-129.2893218813));
#11097 = ( GEOMETRIC_REPRESENTATION_CONTEXT(2) 
PARAMETRIC_REPRESENTATION_CONTEXT() REPRESENTATION_CONTEXT('2D SPACE',''
  ) );
#11098 = PCURVE('',#11099,#11104);
#11099 = PLANE('',#11100);
#11100 = AXIS2_PLACEMENT_3D('',#11101,#11102,#11103);
#11101 = CARTESIAN_POINT('',(0.,0.,3.536E+03));
#11102 = DIRECTION('',(0.,0.,1.));
#11103 = DIRECTION('',(1.,0.,-0.));
#11104 = DEFINITIONAL_REPRESENTATION('',(#11105),#11108);
#11105 = B_SPLINE_CURVE_WITH_KNOTS('',1,(#11106,#11107),.UNSPECIFIED.,
  .F.,.F.,(2,2),(-96.22867593952,-57.86432188134),
  .PIECEWISE_BEZIER_KNOTS.);
#11106 = CARTESIAN_POINT('',(-57.95,-22.87230508962));
#11107 = CARTESIAN_POINT('',(-30.82230508962,-50.));
#11108 = ( GEOMETRIC_REPRESENTATION_CONTEXT(2) 
PARAMETRIC_REPRESENTATION_CONTEXT() REPRESENTATION_CONTEXT('2D SPACE',''
  ) );
#11109 = ORIENTED_EDGE('',*,*,#11110,.F.);
#11110 = EDGE_CURVE('',#11111,#11085,#11113,.T.);
#11111 = VERTEX_POINT('',#11112);
#11112 = CARTESIAN_POINT('',(-47.19643072628,-33.62587436333,3.536E+03)
  );
#11113 = SURFACE_CURVE('',#11114,(#11118,#11124),.PCURVE_S1.);
#11114 = LINE('',#11115,#11116);
#11115 = CARTESIAN_POINT('',(10.093949301438,-90.91625439106,3.536E+03)
  );
#11116 = VECTOR('',#11117,1.);
#11117 = DIRECTION('',(0.707106781187,-0.707106781187,0.));
#11118 = PCURVE('',#10467,#11119);
#11119 = DEFINITIONAL_REPRESENTATION('',(#11120),#11123);
#11120 = B_SPLINE_CURVE_WITH_KNOTS('',1,(#11121,#11122),.UNSPECIFIED.,
  .F.,.F.,(2,2),(-96.22867593952,-57.86432188134),
  .PIECEWISE_BEZIER_KNOTS.);
#11121 = CARTESIAN_POINT('',(21.,-167.6536759395));
#11122 = CARTESIAN_POINT('',(21.,-129.2893218813));
#11123 = ( GEOMETRIC_REPRESENTATION_CONTEXT(2) 
PARAMETRIC_REPRESENTATION_CONTEXT() REPRESENTATION_CONTEXT('2D SPACE',''
  ) );
#11124 = PCURVE('',#11125,#11130);
#11125 = PLANE('',#11126);
#11126 = AXIS2_PLACEMENT_3D('',#11127,#11128,#11129);
#11127 = CARTESIAN_POINT('',(0.,0.,3.536E+03));
#11128 = DIRECTION('',(0.,0.,1.));
#11129 = DIRECTION('',(1.,0.,-0.));
#11130 = DEFINITIONAL_REPRESENTATION('',(#11131),#11134);
#11131 = B_SPLINE_CURVE_WITH_KNOTS('',1,(#11132,#11133),.UNSPECIFIED.,
  .F.,.F.,(2,2),(-96.22867593952,-57.86432188134),
  .PIECEWISE_BEZIER_KNOTS.);
#11132 = CARTESIAN_POINT('',(-57.95,-22.87230508962));
#11133 = CARTESIAN_POINT('',(-30.82230508962,-50.));
#11134 = ( GEOMETRIC_REPRESENTATION_CONTEXT(2) 
PARAMETRIC_REPRESENTATION_CONTEXT() REPRESENTATION_CONTEXT('2D SPACE',''
  ) );
#11135 = ORIENTED_EDGE('',*,*,#11136,.F.);
#11136 = EDGE_CURVE('',#11137,#11111,#11139,.T.);
#11137 = VERTEX_POINT('',#11138);
#11138 = CARTESIAN_POINT('',(-47.19643072628,-33.62587436333,3.524E+03)
  );
#11139 = SURFACE_CURVE('',#11140,(#11144,#11150),.PCURVE_S1.);
#11140 = LINE('',#11141,#11142);
#11141 = CARTESIAN_POINT('',(-47.19643072628,-33.62587436333,3.524E+03)
  );
#11142 = VECTOR('',#11143,1.);
#11143 = DIRECTION('',(0.,0.,1.));
#11144 = PCURVE('',#10467,#11145);
#11145 = DEFINITIONAL_REPRESENTATION('',(#11146),#11149);
#11146 = B_SPLINE_CURVE_WITH_KNOTS('',1,(#11147,#11148),.UNSPECIFIED.,
  .F.,.F.,(2,2),(-2.40000008489E-06,12.0000024),
  .PIECEWISE_BEZIER_KNOTS.);
#11147 = CARTESIAN_POINT('',(8.9999976,-152.4458324287));
#11148 = CARTESIAN_POINT('',(21.0000024,-152.4458324287));
#11149 = ( GEOMETRIC_REPRESENTATION_CONTEXT(2) 
PARAMETRIC_REPRESENTATION_CONTEXT() REPRESENTATION_CONTEXT('2D SPACE',''
  ) );
#11150 = PCURVE('',#11151,#11156);
#11151 = CYLINDRICAL_SURFACE('',#11152,57.95);
#11152 = AXIS2_PLACEMENT_3D('',#11153,#11154,#11155);
#11153 = CARTESIAN_POINT('',(0.,0.,3.524E+03));
#11154 = DIRECTION('',(0.,0.,1.));
#11155 = DIRECTION('',(1.,0.,-0.));
#11156 = DEFINITIONAL_REPRESENTATION('',(#11157),#11160);
#11157 = B_SPLINE_CURVE_WITH_KNOTS('',1,(#11158,#11159),.UNSPECIFIED.,
  .F.,.F.,(2,2),(-2.40000008489E-06,12.0000024),
  .PIECEWISE_BEZIER_KNOTS.);
#11158 = CARTESIAN_POINT('',(3.760636467541,-2.40000008489E-06));
#11159 = CARTESIAN_POINT('',(3.760636467541,12.0000024));
#11160 = ( GEOMETRIC_REPRESENTATION_CONTEXT(2) 
PARAMETRIC_REPRESENTATION_CONTEXT() REPRESENTATION_CONTEXT('2D SPACE',''
  ) );
#11161 = ORIENTED_EDGE('',*,*,#11162,.T.);
#11162 = EDGE_CURVE('',#11137,#11031,#11163,.T.);
#11163 = SURFACE_CURVE('',#11164,(#11168,#11174),.PCURVE_S1.);
#11164 = LINE('',#11165,#11166);
#11165 = CARTESIAN_POINT('',(10.093949301438,-90.91625439106,3.524E+03)
  );
#11166 = VECTOR('',#11167,1.);
#11167 = DIRECTION('',(0.707106781187,-0.707106781187,0.));
#11168 = PCURVE('',#10467,#11169);
#11169 = DEFINITIONAL_REPRESENTATION('',(#11170),#11173);
#11170 = B_SPLINE_CURVE_WITH_KNOTS('',1,(#11171,#11172),.UNSPECIFIED.,
  .F.,.F.,(2,2),(-96.22867593952,-57.86432188134),
  .PIECEWISE_BEZIER_KNOTS.);
#11171 = CARTESIAN_POINT('',(9.,-167.6536759395));
#11172 = CARTESIAN_POINT('',(9.,-129.2893218813));
#11173 = ( GEOMETRIC_REPRESENTATION_CONTEXT(2) 
PARAMETRIC_REPRESENTATION_CONTEXT() REPRESENTATION_CONTEXT('2D SPACE',''
  ) );
#11174 = PCURVE('',#11175,#11180);
#11175 = PLANE('',#11176);
#11176 = AXIS2_PLACEMENT_3D('',#11177,#11178,#11179);
#11177 = CARTESIAN_POINT('',(0.,0.,3.524E+03));
#11178 = DIRECTION('',(0.,0.,1.));
#11179 = DIRECTION('',(1.,0.,-0.));
#11180 = DEFINITIONAL_REPRESENTATION('',(#11181),#11184);
#11181 = B_SPLINE_CURVE_WITH_KNOTS('',1,(#11182,#11183),.UNSPECIFIED.,
  .F.,.F.,(2,2),(-96.22867593952,-57.86432188134),
  .PIECEWISE_BEZIER_KNOTS.);
#11182 = CARTESIAN_POINT('',(-57.95,-22.87230508962));
#11183 = CARTESIAN_POINT('',(-30.82230508962,-50.));
#11184 = ( GEOMETRIC_REPRESENTATION_CONTEXT(2) 
PARAMETRIC_REPRESENTATION_CONTEXT() REPRESENTATION_CONTEXT('2D SPACE',''
  ) );
#11185 = ADVANCED_FACE('',(#11186),#11073,.T.);
#11186 = FACE_BOUND('',#11187,.T.);
#11187 = EDGE_LOOP('',(#11188,#11212,#11213,#11241));
#11188 = ORIENTED_EDGE('',*,*,#11189,.F.);
#11189 = EDGE_CURVE('',#11059,#11190,#11192,.T.);
#11190 = VERTEX_POINT('',#11191);
#11191 = CARTESIAN_POINT('',(-33.62587436333,47.196430726286,3.536E+03)
  );
#11192 = SURFACE_CURVE('',#11193,(#11198,#11205),.PCURVE_S1.);
#11193 = CIRCLE('',#11194,57.95);
#11194 = AXIS2_PLACEMENT_3D('',#11195,#11196,#11197);
#11195 = CARTESIAN_POINT('',(0.,0.,3.536E+03));
#11196 = DIRECTION('',(0.,0.,1.));
#11197 = DIRECTION('',(-0.580256675813,-0.814433662231,0.));
#11198 = PCURVE('',#11073,#11199);
#11199 = DEFINITIONAL_REPRESENTATION('',(#11200),#11204);
#11200 = LINE('',#11201,#11202);
#11201 = CARTESIAN_POINT('',(4.093345166433,12.));
#11202 = VECTOR('',#11203,1.);
#11203 = DIRECTION('',(1.,0.));
#11204 = ( GEOMETRIC_REPRESENTATION_CONTEXT(2) 
PARAMETRIC_REPRESENTATION_CONTEXT() REPRESENTATION_CONTEXT('2D SPACE',''
  ) );
#11205 = PCURVE('',#11099,#11206);
#11206 = DEFINITIONAL_REPRESENTATION('',(#11207),#11211);
#11207 = CIRCLE('',#11208,57.95);
#11208 = AXIS2_PLACEMENT_2D('',#11209,#11210);
#11209 = CARTESIAN_POINT('',(0.,0.));
#11210 = DIRECTION('',(-0.580256675813,-0.814433662231));
#11211 = ( GEOMETRIC_REPRESENTATION_CONTEXT(2) 
PARAMETRIC_REPRESENTATION_CONTEXT() REPRESENTATION_CONTEXT('2D SPACE',''
  ) );
#11212 = ORIENTED_EDGE('',*,*,#11058,.F.);
#11213 = ORIENTED_EDGE('',*,*,#11214,.F.);
#11214 = EDGE_CURVE('',#11215,#11033,#11217,.T.);
#11215 = VERTEX_POINT('',#11216);
#11216 = CARTESIAN_POINT('',(-33.62587436333,47.196430726286,3.524E+03)
  );
#11217 = SURFACE_CURVE('',#11218,(#11223,#11230),.PCURVE_S1.);
#11218 = CIRCLE('',#11219,57.95);
#11219 = AXIS2_PLACEMENT_3D('',#11220,#11221,#11222);
#11220 = CARTESIAN_POINT('',(0.,0.,3.524E+03));
#11221 = DIRECTION('',(0.,0.,-1.));
#11222 = DIRECTION('',(-0.580256675813,0.814433662231,0.));
#11223 = PCURVE('',#11073,#11224);
#11224 = DEFINITIONAL_REPRESENTATION('',(#11225),#11229);
#11225 = LINE('',#11226,#11227);
#11226 = CARTESIAN_POINT('',(8.473025447926,0.));
#11227 = VECTOR('',#11228,1.);
#11228 = DIRECTION('',(-1.,-0.));
#11229 = ( GEOMETRIC_REPRESENTATION_CONTEXT(2) 
PARAMETRIC_REPRESENTATION_CONTEXT() REPRESENTATION_CONTEXT('2D SPACE',''
  ) );
#11230 = PCURVE('',#11047,#11231);
#11231 = DEFINITIONAL_REPRESENTATION('',(#11232),#11240);
#11232 = ( BOUNDED_CURVE() B_SPLINE_CURVE(2,(#11233,#11234,#11235,#11236
    ,#11237,#11238,#11239),.UNSPECIFIED.,.T.,.F.) 
B_SPLINE_CURVE_WITH_KNOTS((1,2,2,2,2,1),(-2.094395102393,0.,
    2.094395102393,4.188790204786,6.28318530718,8.377580409573),
.UNSPECIFIED.) CURVE() GEOMETRIC_REPRESENTATION_ITEM() 
RATIONAL_B_SPLINE_CURVE((1.,0.5,1.,0.5,1.,0.5,1.)) REPRESENTATION_ITEM(
  '') );
#11233 = CARTESIAN_POINT('',(-33.62587436333,47.196430726286));
#11234 = CARTESIAN_POINT('',(48.120741590496,105.43815357251));
#11235 = CARTESIAN_POINT('',(57.686245158584,5.52264605997));
#11236 = CARTESIAN_POINT('',(67.251748726672,-94.39286145257));
#11237 = CARTESIAN_POINT('',(-24.06037079524,-52.71907678625));
#11238 = CARTESIAN_POINT('',(-115.3724903171,-11.04529211994));
#11239 = CARTESIAN_POINT('',(-33.62587436333,47.196430726286));
#11240 = ( GEOMETRIC_REPRESENTATION_CONTEXT(2) 
PARAMETRIC_REPRESENTATION_CONTEXT() REPRESENTATION_CONTEXT('2D SPACE',''
  ) );
#11241 = ORIENTED_EDGE('',*,*,#11242,.T.);
#11242 = EDGE_CURVE('',#11215,#11190,#11243,.T.);
#11243 = SURFACE_CURVE('',#11244,(#11248,#11254),.PCURVE_S1.);
#11244 = LINE('',#11245,#11246);
#11245 = CARTESIAN_POINT('',(-33.62587436333,47.196430726286,3.524E+03)
  );
#11246 = VECTOR('',#11247,1.);
#11247 = DIRECTION('',(0.,0.,1.));
#11248 = PCURVE('',#11073,#11249);
#11249 = DEFINITIONAL_REPRESENTATION('',(#11250),#11253);
#11250 = B_SPLINE_CURVE_WITH_KNOTS('',1,(#11251,#11252),.UNSPECIFIED.,
  .F.,.F.,(2,2),(0.,12.),.PIECEWISE_BEZIER_KNOTS.);
#11251 = CARTESIAN_POINT('',(8.473025447926,0.));
#11252 = CARTESIAN_POINT('',(8.473025447926,12.));
#11253 = ( GEOMETRIC_REPRESENTATION_CONTEXT(2) 
PARAMETRIC_REPRESENTATION_CONTEXT() REPRESENTATION_CONTEXT('2D SPACE',''
  ) );
#11254 = PCURVE('',#10493,#11255);
#11255 = DEFINITIONAL_REPRESENTATION('',(#11256),#11259);
#11256 = B_SPLINE_CURVE_WITH_KNOTS('',1,(#11257,#11258),.UNSPECIFIED.,
  .F.,.F.,(2,2),(-2.40000008489E-06,12.0000024),
  .PIECEWISE_BEZIER_KNOTS.);
#11257 = CARTESIAN_POINT('',(8.9999976,66.745832428716));
#11258 = CARTESIAN_POINT('',(21.0000024,66.745832428716));
#11259 = ( GEOMETRIC_REPRESENTATION_CONTEXT(2) 
PARAMETRIC_REPRESENTATION_CONTEXT() REPRESENTATION_CONTEXT('2D SPACE',''
  ) );
#11260 = ADVANCED_FACE('',(#11261),#11099,.T.);
#11261 = FACE_BOUND('',#11262,.T.);
#11262 = EDGE_LOOP('',(#11263,#11264,#11285,#11314,#11336));
#11263 = ORIENTED_EDGE('',*,*,#11189,.T.);
#11264 = ORIENTED_EDGE('',*,*,#11265,.F.);
#11265 = EDGE_CURVE('',#11266,#11190,#11268,.T.);
#11266 = VERTEX_POINT('',#11267);
#11267 = CARTESIAN_POINT('',(-40.41115371281,40.411151376803,3.536E+03)
  );
#11268 = SURFACE_CURVE('',#11269,(#11273,#11279),.PCURVE_S1.);
#11269 = LINE('',#11270,#11271);
#11270 = CARTESIAN_POINT('',(-60.61672881721,20.205576272406,3.536E+03)
  );
#11271 = VECTOR('',#11272,1.);
#11272 = DIRECTION('',(0.707106781187,0.707106781187,-0.));
#11273 = PCURVE('',#11099,#11274);
#11274 = DEFINITIONAL_REPRESENTATION('',(#11275),#11278);
#11275 = B_SPLINE_CURVE_WITH_KNOTS('',1,(#11276,#11277),.UNSPECIFIED.,
  .F.,.F.,(2,2),(3.771324060479,42.135678118655),
  .PIECEWISE_BEZIER_KNOTS.);
#11276 = CARTESIAN_POINT('',(-57.95,22.872305089622));
#11277 = CARTESIAN_POINT('',(-30.82230508962,50.));
#11278 = ( GEOMETRIC_REPRESENTATION_CONTEXT(2) 
PARAMETRIC_REPRESENTATION_CONTEXT() REPRESENTATION_CONTEXT('2D SPACE',''
  ) );
#11279 = PCURVE('',#10493,#11280);
#11280 = DEFINITIONAL_REPRESENTATION('',(#11281),#11284);
#11281 = B_SPLINE_CURVE_WITH_KNOTS('',1,(#11282,#11283),.UNSPECIFIED.,
  .F.,.F.,(2,2),(3.771324060479,42.135678118655),
  .PIECEWISE_BEZIER_KNOTS.);
#11282 = CARTESIAN_POINT('',(21.,32.346324060479));
#11283 = CARTESIAN_POINT('',(21.,70.710678118655));
#11284 = ( GEOMETRIC_REPRESENTATION_CONTEXT(2) 
PARAMETRIC_REPRESENTATION_CONTEXT() REPRESENTATION_CONTEXT('2D SPACE',''
  ) );
#11285 = ORIENTED_EDGE('',*,*,#11286,.F.);
#11286 = EDGE_CURVE('',#11287,#11266,#11289,.T.);
#11287 = VERTEX_POINT('',#11288);
#11288 = CARTESIAN_POINT('',(57.15,-1.399771291425E-14,3.536E+03));
#11289 = SURFACE_CURVE('',#11290,(#11295,#11302),.PCURVE_S1.);
#11290 = CIRCLE('',#11291,57.15);
#11291 = AXIS2_PLACEMENT_3D('',#11292,#11293,#11294);
#11292 = CARTESIAN_POINT('',(0.,0.,3.536E+03));
#11293 = DIRECTION('',(0.,0.,1.));
#11294 = DIRECTION('',(1.,0.,-0.));
#11295 = PCURVE('',#11099,#11296);
#11296 = DEFINITIONAL_REPRESENTATION('',(#11297),#11301);
#11297 = CIRCLE('',#11298,57.15);
#11298 = AXIS2_PLACEMENT_2D('',#11299,#11300);
#11299 = CARTESIAN_POINT('',(0.,0.));
#11300 = DIRECTION('',(1.,0.));
#11301 = ( GEOMETRIC_REPRESENTATION_CONTEXT(2) 
PARAMETRIC_REPRESENTATION_CONTEXT() REPRESENTATION_CONTEXT('2D SPACE',''
  ) );
#11302 = PCURVE('',#11303,#11308);
#11303 = CYLINDRICAL_SURFACE('',#11304,57.15);
#11304 = AXIS2_PLACEMENT_3D('',#11305,#11306,#11307);
#11305 = CARTESIAN_POINT('',(0.,0.,3.523E+03));
#11306 = DIRECTION('',(0.,0.,1.));
#11307 = DIRECTION('',(1.,0.,-0.));
#11308 = DEFINITIONAL_REPRESENTATION('',(#11309),#11313);
#11309 = LINE('',#11310,#11311);
#11310 = CARTESIAN_POINT('',(0.,13.));
#11311 = VECTOR('',#11312,1.);
#11312 = DIRECTION('',(1.,0.));
#11313 = ( GEOMETRIC_REPRESENTATION_CONTEXT(2) 
PARAMETRIC_REPRESENTATION_CONTEXT() REPRESENTATION_CONTEXT('2D SPACE',''
  ) );
#11314 = ORIENTED_EDGE('',*,*,#11315,.F.);
#11315 = EDGE_CURVE('',#11085,#11287,#11316,.T.);
#11316 = SURFACE_CURVE('',#11317,(#11322,#11329),.PCURVE_S1.);
#11317 = CIRCLE('',#11318,57.15);
#11318 = AXIS2_PLACEMENT_3D('',#11319,#11320,#11321);
#11319 = CARTESIAN_POINT('',(0.,0.,3.536E+03));
#11320 = DIRECTION('',(0.,0.,1.));
#11321 = DIRECTION('',(1.,0.,-0.));
#11322 = PCURVE('',#11099,#11323);
#11323 = DEFINITIONAL_REPRESENTATION('',(#11324),#11328);
#11324 = CIRCLE('',#11325,57.15);
#11325 = AXIS2_PLACEMENT_2D('',#11326,#11327);
#11326 = CARTESIAN_POINT('',(0.,0.));
#11327 = DIRECTION('',(1.,0.));
#11328 = ( GEOMETRIC_REPRESENTATION_CONTEXT(2) 
PARAMETRIC_REPRESENTATION_CONTEXT() REPRESENTATION_CONTEXT('2D SPACE',''
  ) );
#11329 = PCURVE('',#11303,#11330);
#11330 = DEFINITIONAL_REPRESENTATION('',(#11331),#11335);
#11331 = LINE('',#11332,#11333);
#11332 = CARTESIAN_POINT('',(0.,13.));
#11333 = VECTOR('',#11334,1.);
#11334 = DIRECTION('',(1.,0.));
#11335 = ( GEOMETRIC_REPRESENTATION_CONTEXT(2) 
PARAMETRIC_REPRESENTATION_CONTEXT() REPRESENTATION_CONTEXT('2D SPACE',''
  ) );
#11336 = ORIENTED_EDGE('',*,*,#11084,.T.);
#11337 = ADVANCED_FACE('',(#11338),#11303,.F.);
#11338 = FACE_BOUND('',#11339,.F.);
#11339 = EDGE_LOOP('',(#11340,#11364,#11385,#11386,#11408,#11409,#11410,
    #11434));
#11340 = ORIENTED_EDGE('',*,*,#11341,.T.);
#11341 = EDGE_CURVE('',#11031,#11342,#11344,.T.);
#11342 = VERTEX_POINT('',#11343);
#11343 = CARTESIAN_POINT('',(57.15,-1.399771291425E-14,3.524E+03));
#11344 = SURFACE_CURVE('',#11345,(#11350,#11357),.PCURVE_S1.);
#11345 = CIRCLE('',#11346,57.15);
#11346 = AXIS2_PLACEMENT_3D('',#11347,#11348,#11349);
#11347 = CARTESIAN_POINT('',(0.,0.,3.524E+03));
#11348 = DIRECTION('',(0.,0.,1.));
#11349 = DIRECTION('',(1.,0.,-0.));
#11350 = PCURVE('',#11303,#11351);
#11351 = DEFINITIONAL_REPRESENTATION('',(#11352),#11356);
#11352 = LINE('',#11353,#11354);
#11353 = CARTESIAN_POINT('',(0.,1.));
#11354 = VECTOR('',#11355,1.);
#11355 = DIRECTION('',(1.,0.));
#11356 = ( GEOMETRIC_REPRESENTATION_CONTEXT(2) 
PARAMETRIC_REPRESENTATION_CONTEXT() REPRESENTATION_CONTEXT('2D SPACE',''
  ) );
#11357 = PCURVE('',#11047,#11358);
#11358 = DEFINITIONAL_REPRESENTATION('',(#11359),#11363);
#11359 = CIRCLE('',#11360,57.15);
#11360 = AXIS2_PLACEMENT_2D('',#11361,#11362);
#11361 = CARTESIAN_POINT('',(0.,0.));
#11362 = DIRECTION('',(1.,0.));
#11363 = ( GEOMETRIC_REPRESENTATION_CONTEXT(2) 
PARAMETRIC_REPRESENTATION_CONTEXT() REPRESENTATION_CONTEXT('2D SPACE',''
  ) );
#11364 = ORIENTED_EDGE('',*,*,#11365,.T.);
#11365 = EDGE_CURVE('',#11342,#11287,#11366,.T.);
#11366 = SEAM_CURVE('',#11367,(#11371,#11378),.PCURVE_S1.);
#11367 = LINE('',#11368,#11369);
#11368 = CARTESIAN_POINT('',(57.15,-1.399771291425E-14,3.523E+03));
#11369 = VECTOR('',#11370,1.);
#11370 = DIRECTION('',(0.,0.,1.));
#11371 = PCURVE('',#11303,#11372);
#11372 = DEFINITIONAL_REPRESENTATION('',(#11373),#11377);
#11373 = LINE('',#11374,#11375);
#11374 = CARTESIAN_POINT('',(6.28318530718,-0.));
#11375 = VECTOR('',#11376,1.);
#11376 = DIRECTION('',(0.,1.));
#11377 = ( GEOMETRIC_REPRESENTATION_CONTEXT(2) 
PARAMETRIC_REPRESENTATION_CONTEXT() REPRESENTATION_CONTEXT('2D SPACE',''
  ) );
#11378 = PCURVE('',#11303,#11379);
#11379 = DEFINITIONAL_REPRESENTATION('',(#11380),#11384);
#11380 = LINE('',#11381,#11382);
#11381 = CARTESIAN_POINT('',(0.,-0.));
#11382 = VECTOR('',#11383,1.);
#11383 = DIRECTION('',(0.,1.));
#11384 = ( GEOMETRIC_REPRESENTATION_CONTEXT(2) 
PARAMETRIC_REPRESENTATION_CONTEXT() REPRESENTATION_CONTEXT('2D SPACE',''
  ) );
#11385 = ORIENTED_EDGE('',*,*,#11315,.F.);
#11386 = ORIENTED_EDGE('',*,*,#11387,.F.);
#11387 = EDGE_CURVE('',#11266,#11085,#11388,.T.);
#11388 = SURFACE_CURVE('',#11389,(#11394,#11401),.PCURVE_S1.);
#11389 = CIRCLE('',#11390,57.15);
#11390 = AXIS2_PLACEMENT_3D('',#11391,#11392,#11393);
#11391 = CARTESIAN_POINT('',(0.,0.,3.536E+03));
#11392 = DIRECTION('',(0.,0.,1.));
#11393 = DIRECTION('',(1.,0.,-0.));
#11394 = PCURVE('',#11303,#11395);
#11395 = DEFINITIONAL_REPRESENTATION('',(#11396),#11400);
#11396 = LINE('',#11397,#11398);
#11397 = CARTESIAN_POINT('',(0.,13.));
#11398 = VECTOR('',#11399,1.);
#11399 = DIRECTION('',(1.,0.));
#11400 = ( GEOMETRIC_REPRESENTATION_CONTEXT(2) 
PARAMETRIC_REPRESENTATION_CONTEXT() REPRESENTATION_CONTEXT('2D SPACE',''
  ) );
#11401 = PCURVE('',#11125,#11402);
#11402 = DEFINITIONAL_REPRESENTATION('',(#11403),#11407);
#11403 = CIRCLE('',#11404,57.15);
#11404 = AXIS2_PLACEMENT_2D('',#11405,#11406);
#11405 = CARTESIAN_POINT('',(0.,0.));
#11406 = DIRECTION('',(1.,0.));
#11407 = ( GEOMETRIC_REPRESENTATION_CONTEXT(2) 
PARAMETRIC_REPRESENTATION_CONTEXT() REPRESENTATION_CONTEXT('2D SPACE',''
  ) );
#11408 = ORIENTED_EDGE('',*,*,#11286,.F.);
#11409 = ORIENTED_EDGE('',*,*,#11365,.F.);
#11410 = ORIENTED_EDGE('',*,*,#11411,.T.);
#11411 = EDGE_CURVE('',#11342,#11412,#11414,.T.);
#11412 = VERTEX_POINT('',#11413);
#11413 = CARTESIAN_POINT('',(-40.41115371281,40.411151376803,3.524E+03)
  );
#11414 = SURFACE_CURVE('',#11415,(#11420,#11427),.PCURVE_S1.);
#11415 = CIRCLE('',#11416,57.15);
#11416 = AXIS2_PLACEMENT_3D('',#11417,#11418,#11419);
#11417 = CARTESIAN_POINT('',(0.,0.,3.524E+03));
#11418 = DIRECTION('',(0.,0.,1.));
#11419 = DIRECTION('',(1.,0.,-0.));
#11420 = PCURVE('',#11303,#11421);
#11421 = DEFINITIONAL_REPRESENTATION('',(#11422),#11426);
#11422 = LINE('',#11423,#11424);
#11423 = CARTESIAN_POINT('',(0.,1.));
#11424 = VECTOR('',#11425,1.);
#11425 = DIRECTION('',(1.,0.));
#11426 = ( GEOMETRIC_REPRESENTATION_CONTEXT(2) 
PARAMETRIC_REPRESENTATION_CONTEXT() REPRESENTATION_CONTEXT('2D SPACE',''
  ) );
#11427 = PCURVE('',#11047,#11428);
#11428 = DEFINITIONAL_REPRESENTATION('',(#11429),#11433);
#11429 = CIRCLE('',#11430,57.15);
#11430 = AXIS2_PLACEMENT_2D('',#11431,#11432);
#11431 = CARTESIAN_POINT('',(0.,0.));
#11432 = DIRECTION('',(1.,0.));
#11433 = ( GEOMETRIC_REPRESENTATION_CONTEXT(2) 
PARAMETRIC_REPRESENTATION_CONTEXT() REPRESENTATION_CONTEXT('2D SPACE',''
  ) );
#11434 = ORIENTED_EDGE('',*,*,#11435,.T.);
#11435 = EDGE_CURVE('',#11412,#11031,#11436,.T.);
#11436 = SURFACE_CURVE('',#11437,(#11442,#11449),.PCURVE_S1.);
#11437 = CIRCLE('',#11438,57.15);
#11438 = AXIS2_PLACEMENT_3D('',#11439,#11440,#11441);
#11439 = CARTESIAN_POINT('',(0.,0.,3.524E+03));
#11440 = DIRECTION('',(0.,0.,1.));
#11441 = DIRECTION('',(1.,0.,-0.));
#11442 = PCURVE('',#11303,#11443);
#11443 = DEFINITIONAL_REPRESENTATION('',(#11444),#11448);
#11444 = LINE('',#11445,#11446);
#11445 = CARTESIAN_POINT('',(0.,1.));
#11446 = VECTOR('',#11447,1.);
#11447 = DIRECTION('',(1.,0.));
#11448 = ( GEOMETRIC_REPRESENTATION_CONTEXT(2) 
PARAMETRIC_REPRESENTATION_CONTEXT() REPRESENTATION_CONTEXT('2D SPACE',''
  ) );
#11449 = PCURVE('',#11175,#11450);
#11450 = DEFINITIONAL_REPRESENTATION('',(#11451),#11455);
#11451 = CIRCLE('',#11452,57.15);
#11452 = AXIS2_PLACEMENT_2D('',#11453,#11454);
#11453 = CARTESIAN_POINT('',(0.,0.));
#11454 = DIRECTION('',(1.,0.));
#11455 = ( GEOMETRIC_REPRESENTATION_CONTEXT(2) 
PARAMETRIC_REPRESENTATION_CONTEXT() REPRESENTATION_CONTEXT('2D SPACE',''
  ) );
#11456 = ADVANCED_FACE('',(#11457),#11125,.T.);
#11457 = FACE_BOUND('',#11458,.T.);
#11458 = EDGE_LOOP('',(#11459,#11480,#11502,#11503));
#11459 = ORIENTED_EDGE('',*,*,#11460,.F.);
#11460 = EDGE_CURVE('',#11461,#11266,#11463,.T.);
#11461 = VERTEX_POINT('',#11462);
#11462 = CARTESIAN_POINT('',(-47.19643072628,33.625874363336,3.536E+03)
  );
#11463 = SURFACE_CURVE('',#11464,(#11468,#11474),.PCURVE_S1.);
#11464 = LINE('',#11465,#11466);
#11465 = CARTESIAN_POINT('',(-60.61672881721,20.205576272406,3.536E+03)
  );
#11466 = VECTOR('',#11467,1.);
#11467 = DIRECTION('',(0.707106781187,0.707106781187,-0.));
#11468 = PCURVE('',#11125,#11469);
#11469 = DEFINITIONAL_REPRESENTATION('',(#11470),#11473);
#11470 = B_SPLINE_CURVE_WITH_KNOTS('',1,(#11471,#11472),.UNSPECIFIED.,
  .F.,.F.,(2,2),(3.771324060479,42.135678118655),
  .PIECEWISE_BEZIER_KNOTS.);
#11471 = CARTESIAN_POINT('',(-57.95,22.872305089622));
#11472 = CARTESIAN_POINT('',(-30.82230508962,50.));
#11473 = ( GEOMETRIC_REPRESENTATION_CONTEXT(2) 
PARAMETRIC_REPRESENTATION_CONTEXT() REPRESENTATION_CONTEXT('2D SPACE',''
  ) );
#11474 = PCURVE('',#10493,#11475);
#11475 = DEFINITIONAL_REPRESENTATION('',(#11476),#11479);
#11476 = B_SPLINE_CURVE_WITH_KNOTS('',1,(#11477,#11478),.UNSPECIFIED.,
  .F.,.F.,(2,2),(3.771324060479,42.135678118655),
  .PIECEWISE_BEZIER_KNOTS.);
#11477 = CARTESIAN_POINT('',(21.,32.346324060479));
#11478 = CARTESIAN_POINT('',(21.,70.710678118655));
#11479 = ( GEOMETRIC_REPRESENTATION_CONTEXT(2) 
PARAMETRIC_REPRESENTATION_CONTEXT() REPRESENTATION_CONTEXT('2D SPACE',''
  ) );
#11480 = ORIENTED_EDGE('',*,*,#11481,.T.);
#11481 = EDGE_CURVE('',#11461,#11111,#11482,.T.);
#11482 = SURFACE_CURVE('',#11483,(#11488,#11495),.PCURVE_S1.);
#11483 = CIRCLE('',#11484,57.95);
#11484 = AXIS2_PLACEMENT_3D('',#11485,#11486,#11487);
#11485 = CARTESIAN_POINT('',(0.,0.,3.536E+03));
#11486 = DIRECTION('',(0.,0.,1.));
#11487 = DIRECTION('',(1.,0.,-0.));
#11488 = PCURVE('',#11125,#11489);
#11489 = DEFINITIONAL_REPRESENTATION('',(#11490),#11494);
#11490 = CIRCLE('',#11491,57.95);
#11491 = AXIS2_PLACEMENT_2D('',#11492,#11493);
#11492 = CARTESIAN_POINT('',(0.,0.));
#11493 = DIRECTION('',(1.,0.));
#11494 = ( GEOMETRIC_REPRESENTATION_CONTEXT(2) 
PARAMETRIC_REPRESENTATION_CONTEXT() REPRESENTATION_CONTEXT('2D SPACE',''
  ) );
#11495 = PCURVE('',#11151,#11496);
#11496 = DEFINITIONAL_REPRESENTATION('',(#11497),#11501);
#11497 = LINE('',#11498,#11499);
#11498 = CARTESIAN_POINT('',(0.,12.));
#11499 = VECTOR('',#11500,1.);
#11500 = DIRECTION('',(1.,0.));
#11501 = ( GEOMETRIC_REPRESENTATION_CONTEXT(2) 
PARAMETRIC_REPRESENTATION_CONTEXT() REPRESENTATION_CONTEXT('2D SPACE',''
  ) );
#11502 = ORIENTED_EDGE('',*,*,#11110,.T.);
#11503 = ORIENTED_EDGE('',*,*,#11387,.F.);
#11504 = ADVANCED_FACE('',(#11505),#11151,.T.);
#11505 = FACE_BOUND('',#11506,.T.);
#11506 = EDGE_LOOP('',(#11507,#11508,#11529,#11551));
#11507 = ORIENTED_EDGE('',*,*,#11481,.F.);
#11508 = ORIENTED_EDGE('',*,*,#11509,.F.);
#11509 = EDGE_CURVE('',#11510,#11461,#11512,.T.);
#11510 = VERTEX_POINT('',#11511);
#11511 = CARTESIAN_POINT('',(-47.19643072628,33.625874363336,3.524E+03)
  );
#11512 = SURFACE_CURVE('',#11513,(#11517,#11523),.PCURVE_S1.);
#11513 = LINE('',#11514,#11515);
#11514 = CARTESIAN_POINT('',(-47.19643072628,33.625874363336,3.524E+03)
  );
#11515 = VECTOR('',#11516,1.);
#11516 = DIRECTION('',(0.,0.,1.));
#11517 = PCURVE('',#11151,#11518);
#11518 = DEFINITIONAL_REPRESENTATION('',(#11519),#11522);
#11519 = B_SPLINE_CURVE_WITH_KNOTS('',1,(#11520,#11521),.UNSPECIFIED.,
  .F.,.F.,(2,2),(-2.40000008489E-06,12.0000024),
  .PIECEWISE_BEZIER_KNOTS.);
#11520 = CARTESIAN_POINT('',(2.522548839638,-2.40000008489E-06));
#11521 = CARTESIAN_POINT('',(2.522548839638,12.0000024));
#11522 = ( GEOMETRIC_REPRESENTATION_CONTEXT(2) 
PARAMETRIC_REPRESENTATION_CONTEXT() REPRESENTATION_CONTEXT('2D SPACE',''
  ) );
#11523 = PCURVE('',#10493,#11524);
#11524 = DEFINITIONAL_REPRESENTATION('',(#11525),#11528);
#11525 = B_SPLINE_CURVE_WITH_KNOTS('',1,(#11526,#11527),.UNSPECIFIED.,
  .F.,.F.,(2,2),(-2.40000008489E-06,12.0000024),
  .PIECEWISE_BEZIER_KNOTS.);
#11526 = CARTESIAN_POINT('',(8.9999976,47.554167571284));
#11527 = CARTESIAN_POINT('',(21.0000024,47.554167571284));
#11528 = ( GEOMETRIC_REPRESENTATION_CONTEXT(2) 
PARAMETRIC_REPRESENTATION_CONTEXT() REPRESENTATION_CONTEXT('2D SPACE',''
  ) );
#11529 = ORIENTED_EDGE('',*,*,#11530,.T.);
#11530 = EDGE_CURVE('',#11510,#11137,#11531,.T.);
#11531 = SURFACE_CURVE('',#11532,(#11537,#11544),.PCURVE_S1.);
#11532 = CIRCLE('',#11533,57.95);
#11533 = AXIS2_PLACEMENT_3D('',#11534,#11535,#11536);
#11534 = CARTESIAN_POINT('',(0.,0.,3.524E+03));
#11535 = DIRECTION('',(0.,0.,1.));
#11536 = DIRECTION('',(1.,0.,-0.));
#11537 = PCURVE('',#11151,#11538);
#11538 = DEFINITIONAL_REPRESENTATION('',(#11539),#11543);
#11539 = LINE('',#11540,#11541);
#11540 = CARTESIAN_POINT('',(0.,0.));
#11541 = VECTOR('',#11542,1.);
#11542 = DIRECTION('',(1.,0.));
#11543 = ( GEOMETRIC_REPRESENTATION_CONTEXT(2) 
PARAMETRIC_REPRESENTATION_CONTEXT() REPRESENTATION_CONTEXT('2D SPACE',''
  ) );
#11544 = PCURVE('',#11175,#11545);
#11545 = DEFINITIONAL_REPRESENTATION('',(#11546),#11550);
#11546 = CIRCLE('',#11547,57.95);
#11547 = AXIS2_PLACEMENT_2D('',#11548,#11549);
#11548 = CARTESIAN_POINT('',(0.,0.));
#11549 = DIRECTION('',(1.,0.));
#11550 = ( GEOMETRIC_REPRESENTATION_CONTEXT(2) 
PARAMETRIC_REPRESENTATION_CONTEXT() REPRESENTATION_CONTEXT('2D SPACE',''
  ) );
#11551 = ORIENTED_EDGE('',*,*,#11136,.T.);
#11552 = ADVANCED_FACE('',(#11553),#11175,.F.);
#11553 = FACE_BOUND('',#11554,.F.);
#11554 = EDGE_LOOP('',(#11555,#11574,#11575,#11576));
#11555 = ORIENTED_EDGE('',*,*,#11556,.F.);
#11556 = EDGE_CURVE('',#11510,#11412,#11557,.T.);
#11557 = SURFACE_CURVE('',#11558,(#11562,#11568),.PCURVE_S1.);
#11558 = LINE('',#11559,#11560);
#11559 = CARTESIAN_POINT('',(-60.61672881721,20.205576272406,3.524E+03)
  );
#11560 = VECTOR('',#11561,1.);
#11561 = DIRECTION('',(0.707106781187,0.707106781187,-0.));
#11562 = PCURVE('',#11175,#11563);
#11563 = DEFINITIONAL_REPRESENTATION('',(#11564),#11567);
#11564 = B_SPLINE_CURVE_WITH_KNOTS('',1,(#11565,#11566),.UNSPECIFIED.,
  .F.,.F.,(2,2),(3.771324060479,42.135678118655),
  .PIECEWISE_BEZIER_KNOTS.);
#11565 = CARTESIAN_POINT('',(-57.95,22.872305089622));
#11566 = CARTESIAN_POINT('',(-30.82230508962,50.));
#11567 = ( GEOMETRIC_REPRESENTATION_CONTEXT(2) 
PARAMETRIC_REPRESENTATION_CONTEXT() REPRESENTATION_CONTEXT('2D SPACE',''
  ) );
#11568 = PCURVE('',#10493,#11569);
#11569 = DEFINITIONAL_REPRESENTATION('',(#11570),#11573);
#11570 = B_SPLINE_CURVE_WITH_KNOTS('',1,(#11571,#11572),.UNSPECIFIED.,
  .F.,.F.,(2,2),(3.771324060479,42.135678118655),
  .PIECEWISE_BEZIER_KNOTS.);
#11571 = CARTESIAN_POINT('',(9.,32.346324060479));
#11572 = CARTESIAN_POINT('',(9.,70.710678118655));
#11573 = ( GEOMETRIC_REPRESENTATION_CONTEXT(2) 
PARAMETRIC_REPRESENTATION_CONTEXT() REPRESENTATION_CONTEXT('2D SPACE',''
  ) );
#11574 = ORIENTED_EDGE('',*,*,#11530,.T.);
#11575 = ORIENTED_EDGE('',*,*,#11162,.T.);
#11576 = ORIENTED_EDGE('',*,*,#11435,.F.);
#11577 = ADVANCED_FACE('',(#11578),#11047,.F.);
#11578 = FACE_BOUND('',#11579,.F.);
#11579 = EDGE_LOOP('',(#11580,#11581,#11582,#11601,#11602));
#11580 = ORIENTED_EDGE('',*,*,#11030,.T.);
#11581 = ORIENTED_EDGE('',*,*,#11214,.F.);
#11582 = ORIENTED_EDGE('',*,*,#11583,.F.);
#11583 = EDGE_CURVE('',#11412,#11215,#11584,.T.);
#11584 = SURFACE_CURVE('',#11585,(#11589,#11595),.PCURVE_S1.);
#11585 = LINE('',#11586,#11587);
#11586 = CARTESIAN_POINT('',(-60.61672881721,20.205576272406,3.524E+03)
  );
#11587 = VECTOR('',#11588,1.);
#11588 = DIRECTION('',(0.707106781187,0.707106781187,-0.));
#11589 = PCURVE('',#11047,#11590);
#11590 = DEFINITIONAL_REPRESENTATION('',(#11591),#11594);
#11591 = B_SPLINE_CURVE_WITH_KNOTS('',1,(#11592,#11593),.UNSPECIFIED.,
  .F.,.F.,(2,2),(3.771324060479,42.135678118655),
  .PIECEWISE_BEZIER_KNOTS.);
#11592 = CARTESIAN_POINT('',(-57.95,22.872305089622));
#11593 = CARTESIAN_POINT('',(-30.82230508962,50.));
#11594 = ( GEOMETRIC_REPRESENTATION_CONTEXT(2) 
PARAMETRIC_REPRESENTATION_CONTEXT() REPRESENTATION_CONTEXT('2D SPACE',''
  ) );
#11595 = PCURVE('',#10493,#11596);
#11596 = DEFINITIONAL_REPRESENTATION('',(#11597),#11600);
#11597 = B_SPLINE_CURVE_WITH_KNOTS('',1,(#11598,#11599),.UNSPECIFIED.,
  .F.,.F.,(2,2),(3.771324060479,42.135678118655),
  .PIECEWISE_BEZIER_KNOTS.);
#11598 = CARTESIAN_POINT('',(9.,32.346324060479));
#11599 = CARTESIAN_POINT('',(9.,70.710678118655));
#11600 = ( GEOMETRIC_REPRESENTATION_CONTEXT(2) 
PARAMETRIC_REPRESENTATION_CONTEXT() REPRESENTATION_CONTEXT('2D SPACE',''
  ) );
#11601 = ORIENTED_EDGE('',*,*,#11411,.F.);
#11602 = ORIENTED_EDGE('',*,*,#11341,.F.);
#11603 = ADVANCED_FACE('',(#11604,#11648),#10493,.F.);
#11604 = FACE_BOUND('',#11605,.F.);
#11605 = EDGE_LOOP('',(#11606,#11607,#11608,#11629));
#11606 = ORIENTED_EDGE('',*,*,#10478,.T.);
#11607 = ORIENTED_EDGE('',*,*,#10984,.T.);
#11608 = ORIENTED_EDGE('',*,*,#11609,.F.);
#11609 = EDGE_CURVE('',#11610,#10985,#11612,.T.);
#11610 = VERTEX_POINT('',#11611);
#11611 = CARTESIAN_POINT('',(-30.82230508962,50.,3.556E+03));
#11612 = SURFACE_CURVE('',#11613,(#11617,#11623),.PCURVE_S1.);
#11613 = LINE('',#11614,#11615);
#11614 = CARTESIAN_POINT('',(-97.07230508962,-16.25,3.556E+03));
#11615 = VECTOR('',#11616,1.);
#11616 = DIRECTION('',(-0.707106781187,-0.707106781187,0.));
#11617 = PCURVE('',#10493,#11618);
#11618 = DEFINITIONAL_REPRESENTATION('',(#11619),#11622);
#11619 = B_SPLINE_CURVE_WITH_KNOTS('',1,(#11620,#11621),.UNSPECIFIED.,
  .F.,.F.,(2,2),(-93.69164850721,-22.98097038856),
  .PIECEWISE_BEZIER_KNOTS.);
#11620 = CARTESIAN_POINT('',(41.,70.710678118655));
#11621 = CARTESIAN_POINT('',(41.,0.));
#11622 = ( GEOMETRIC_REPRESENTATION_CONTEXT(2) 
PARAMETRIC_REPRESENTATION_CONTEXT() REPRESENTATION_CONTEXT('2D SPACE',''
  ) );
#11623 = PCURVE('',#10362,#11624);
#11624 = DEFINITIONAL_REPRESENTATION('',(#11625),#11628);
#11625 = B_SPLINE_CURVE_WITH_KNOTS('',1,(#11626,#11627),.UNSPECIFIED.,
  .F.,.F.,(2,2),(-93.69164850721,-22.98097038856),
  .PIECEWISE_BEZIER_KNOTS.);
#11626 = CARTESIAN_POINT('',(60.,105.));
#11627 = CARTESIAN_POINT('',(10.,55.));
#11628 = ( GEOMETRIC_REPRESENTATION_CONTEXT(2) 
PARAMETRIC_REPRESENTATION_CONTEXT() REPRESENTATION_CONTEXT('2D SPACE',''
  ) );
#11629 = ORIENTED_EDGE('',*,*,#11630,.F.);
#11630 = EDGE_CURVE('',#10479,#11610,#11631,.T.);
#11631 = SURFACE_CURVE('',#11632,(#11636,#11642),.PCURVE_S1.);
#11632 = LINE('',#11633,#11634);
#11633 = CARTESIAN_POINT('',(-30.82230508962,50.,3.5155E+03));
#11634 = VECTOR('',#11635,1.);
#11635 = DIRECTION('',(0.,0.,1.));
#11636 = PCURVE('',#10493,#11637);
#11637 = DEFINITIONAL_REPRESENTATION('',(#11638),#11641);
#11638 = B_SPLINE_CURVE_WITH_KNOTS('',1,(#11639,#11640),.UNSPECIFIED.,
  .F.,.F.,(2,2),(0.5,40.5),.PIECEWISE_BEZIER_KNOTS.);
#11639 = CARTESIAN_POINT('',(1.,70.710678118655));
#11640 = CARTESIAN_POINT('',(41.,70.710678118655));
#11641 = ( GEOMETRIC_REPRESENTATION_CONTEXT(2) 
PARAMETRIC_REPRESENTATION_CONTEXT() REPRESENTATION_CONTEXT('2D SPACE',''
  ) );
#11642 = PCURVE('',#10518,#11643);
#11643 = DEFINITIONAL_REPRESENTATION('',(#11644),#11647);
#11644 = B_SPLINE_CURVE_WITH_KNOTS('',1,(#11645,#11646),.UNSPECIFIED.,
  .F.,.F.,(2,2),(0.5,40.5),.PIECEWISE_BEZIER_KNOTS.);
#11645 = CARTESIAN_POINT('',(0.,-105.));
#11646 = CARTESIAN_POINT('',(40.,-105.));
#11647 = ( GEOMETRIC_REPRESENTATION_CONTEXT(2) 
PARAMETRIC_REPRESENTATION_CONTEXT() REPRESENTATION_CONTEXT('2D SPACE',''
  ) );
#11648 = FACE_BOUND('',#11649,.F.);
#11649 = EDGE_LOOP('',(#11650,#11651,#11652,#11653,#11654,#11655));
#11650 = ORIENTED_EDGE('',*,*,#11583,.T.);
#11651 = ORIENTED_EDGE('',*,*,#11242,.T.);
#11652 = ORIENTED_EDGE('',*,*,#11265,.F.);
#11653 = ORIENTED_EDGE('',*,*,#11460,.F.);
#11654 = ORIENTED_EDGE('',*,*,#11509,.F.);
#11655 = ORIENTED_EDGE('',*,*,#11556,.T.);
#11656 = ADVANCED_FACE('',(#11657),#10518,.T.);
#11657 = FACE_BOUND('',#11658,.T.);
#11658 = EDGE_LOOP('',(#11659,#11682,#11683,#11684));
#11659 = ORIENTED_EDGE('',*,*,#11660,.F.);
#11660 = EDGE_CURVE('',#11610,#11661,#11663,.T.);
#11661 = VERTEX_POINT('',#11662);
#11662 = CARTESIAN_POINT('',(-30.82230508962,55.,3.556E+03));
#11663 = SURFACE_CURVE('',#11664,(#11668,#11675),.PCURVE_S1.);
#11664 = LINE('',#11665,#11666);
#11665 = CARTESIAN_POINT('',(-30.82230508962,-55.,3.556E+03));
#11666 = VECTOR('',#11667,1.);
#11667 = DIRECTION('',(-0.,1.,0.));
#11668 = PCURVE('',#10518,#11669);
#11669 = DEFINITIONAL_REPRESENTATION('',(#11670),#11674);
#11670 = LINE('',#11671,#11672);
#11671 = CARTESIAN_POINT('',(40.,0.));
#11672 = VECTOR('',#11673,1.);
#11673 = DIRECTION('',(0.,-1.));
#11674 = ( GEOMETRIC_REPRESENTATION_CONTEXT(2) 
PARAMETRIC_REPRESENTATION_CONTEXT() REPRESENTATION_CONTEXT('2D SPACE',''
  ) );
#11675 = PCURVE('',#10362,#11676);
#11676 = DEFINITIONAL_REPRESENTATION('',(#11677),#11681);
#11677 = LINE('',#11678,#11679);
#11678 = CARTESIAN_POINT('',(60.,0.));
#11679 = VECTOR('',#11680,1.);
#11680 = DIRECTION('',(0.,1.));
#11681 = ( GEOMETRIC_REPRESENTATION_CONTEXT(2) 
PARAMETRIC_REPRESENTATION_CONTEXT() REPRESENTATION_CONTEXT('2D SPACE',''
  ) );
#11682 = ORIENTED_EDGE('',*,*,#11630,.F.);
#11683 = ORIENTED_EDGE('',*,*,#10504,.T.);
#11684 = ORIENTED_EDGE('',*,*,#11685,.T.);
#11685 = EDGE_CURVE('',#10378,#11661,#11686,.T.);
#11686 = SURFACE_CURVE('',#11687,(#11691,#11698),.PCURVE_S1.);
#11687 = LINE('',#11688,#11689);
#11688 = CARTESIAN_POINT('',(-30.82230508962,55.,3.516E+03));
#11689 = VECTOR('',#11690,1.);
#11690 = DIRECTION('',(0.,0.,1.));
#11691 = PCURVE('',#10518,#11692);
#11692 = DEFINITIONAL_REPRESENTATION('',(#11693),#11697);
#11693 = LINE('',#11694,#11695);
#11694 = CARTESIAN_POINT('',(0.,-110.));
#11695 = VECTOR('',#11696,1.);
#11696 = DIRECTION('',(1.,0.));
#11697 = ( GEOMETRIC_REPRESENTATION_CONTEXT(2) 
PARAMETRIC_REPRESENTATION_CONTEXT() REPRESENTATION_CONTEXT('2D SPACE',''
  ) );
#11698 = PCURVE('',#10336,#11699);
#11699 = DEFINITIONAL_REPRESENTATION('',(#11700),#11704);
#11700 = LINE('',#11701,#11702);
#11701 = CARTESIAN_POINT('',(0.,60.));
#11702 = VECTOR('',#11703,1.);
#11703 = DIRECTION('',(1.,0.));
#11704 = ( GEOMETRIC_REPRESENTATION_CONTEXT(2) 
PARAMETRIC_REPRESENTATION_CONTEXT() REPRESENTATION_CONTEXT('2D SPACE',''
  ) );
#11705 = ADVANCED_FACE('',(#11706),#10336,.T.);
#11706 = FACE_BOUND('',#11707,.T.);
#11707 = EDGE_LOOP('',(#11708,#11709,#11710,#11731));
#11708 = ORIENTED_EDGE('',*,*,#10377,.F.);
#11709 = ORIENTED_EDGE('',*,*,#10320,.T.);
#11710 = ORIENTED_EDGE('',*,*,#11711,.T.);
#11711 = EDGE_CURVE('',#10321,#11661,#11712,.T.);
#11712 = SURFACE_CURVE('',#11713,(#11717,#11724),.PCURVE_S1.);
#11713 = LINE('',#11714,#11715);
#11714 = CARTESIAN_POINT('',(-90.82230508962,55.,3.556E+03));
#11715 = VECTOR('',#11716,1.);
#11716 = DIRECTION('',(1.,0.,-0.));
#11717 = PCURVE('',#10336,#11718);
#11718 = DEFINITIONAL_REPRESENTATION('',(#11719),#11723);
#11719 = LINE('',#11720,#11721);
#11720 = CARTESIAN_POINT('',(40.,0.));
#11721 = VECTOR('',#11722,1.);
#11722 = DIRECTION('',(0.,1.));
#11723 = ( GEOMETRIC_REPRESENTATION_CONTEXT(2) 
PARAMETRIC_REPRESENTATION_CONTEXT() REPRESENTATION_CONTEXT('2D SPACE',''
  ) );
#11724 = PCURVE('',#10362,#11725);
#11725 = DEFINITIONAL_REPRESENTATION('',(#11726),#11730);
#11726 = LINE('',#11727,#11728);
#11727 = CARTESIAN_POINT('',(0.,110.));
#11728 = VECTOR('',#11729,1.);
#11729 = DIRECTION('',(1.,0.));
#11730 = ( GEOMETRIC_REPRESENTATION_CONTEXT(2) 
PARAMETRIC_REPRESENTATION_CONTEXT() REPRESENTATION_CONTEXT('2D SPACE',''
  ) );
#11731 = ORIENTED_EDGE('',*,*,#11685,.F.);
#11732 = ADVANCED_FACE('',(#11733,#11762),#10362,.T.);
#11733 = FACE_BOUND('',#11734,.T.);
#11734 = EDGE_LOOP('',(#11735,#11736,#11737,#11758,#11759,#11760,#11761)
  );
#11735 = ORIENTED_EDGE('',*,*,#11711,.F.);
#11736 = ORIENTED_EDGE('',*,*,#10348,.F.);
#11737 = ORIENTED_EDGE('',*,*,#11738,.T.);
#11738 = EDGE_CURVE('',#10260,#10916,#11739,.T.);
#11739 = SURFACE_CURVE('',#11740,(#11744,#11751),.PCURVE_S1.);
#11740 = LINE('',#11741,#11742);
#11741 = CARTESIAN_POINT('',(-90.82230508962,-55.,3.556E+03));
#11742 = VECTOR('',#11743,1.);
#11743 = DIRECTION('',(1.,0.,-0.));
#11744 = PCURVE('',#10362,#11745);
#11745 = DEFINITIONAL_REPRESENTATION('',(#11746),#11750);
#11746 = LINE('',#11747,#11748);
#11747 = CARTESIAN_POINT('',(0.,0.));
#11748 = VECTOR('',#11749,1.);
#11749 = DIRECTION('',(1.,0.));
#11750 = ( GEOMETRIC_REPRESENTATION_CONTEXT(2) 
PARAMETRIC_REPRESENTATION_CONTEXT() REPRESENTATION_CONTEXT('2D SPACE',''
  ) );
#11751 = PCURVE('',#10280,#11752);
#11752 = DEFINITIONAL_REPRESENTATION('',(#11753),#11757);
#11753 = LINE('',#11754,#11755);
#11754 = CARTESIAN_POINT('',(40.,0.));
#11755 = VECTOR('',#11756,1.);
#11756 = DIRECTION('',(0.,1.));
#11757 = ( GEOMETRIC_REPRESENTATION_CONTEXT(2) 
PARAMETRIC_REPRESENTATION_CONTEXT() REPRESENTATION_CONTEXT('2D SPACE',''
  ) );
#11758 = ORIENTED_EDGE('',*,*,#10915,.T.);
#11759 = ORIENTED_EDGE('',*,*,#11007,.T.);
#11760 = ORIENTED_EDGE('',*,*,#11609,.F.);
#11761 = ORIENTED_EDGE('',*,*,#11660,.T.);
#11762 = FACE_BOUND('',#11763,.T.);
#11763 = EDGE_LOOP('',(#11764,#11792,#11818,#11844,#11870));
#11764 = ORIENTED_EDGE('',*,*,#11765,.T.);
#11765 = EDGE_CURVE('',#11766,#11768,#11770,.T.);
#11766 = VERTEX_POINT('',#11767);
#11767 = CARTESIAN_POINT('',(-35.47915933911,-51.,3.556E+03));
#11768 = VERTEX_POINT('',#11769);
#11769 = CARTESIAN_POINT('',(-86.82230508962,-51.,3.556E+03));
#11770 = SURFACE_CURVE('',#11771,(#11775,#11781),.PCURVE_S1.);
#11771 = LINE('',#11772,#11773);
#11772 = CARTESIAN_POINT('',(-88.82230508962,-51.,3.556E+03));
#11773 = VECTOR('',#11774,1.);
#11774 = DIRECTION('',(-1.,-0.,0.));
#11775 = PCURVE('',#10362,#11776);
#11776 = DEFINITIONAL_REPRESENTATION('',(#11777),#11780);
#11777 = B_SPLINE_CURVE_WITH_KNOTS('',1,(#11778,#11779),.UNSPECIFIED.,
  .F.,.F.,(2,2),(-53.3431457505,-2.),.PIECEWISE_BEZIER_KNOTS.);
#11778 = CARTESIAN_POINT('',(55.343145750508,4.));
#11779 = CARTESIAN_POINT('',(4.,4.));
#11780 = ( GEOMETRIC_REPRESENTATION_CONTEXT(2) 
PARAMETRIC_REPRESENTATION_CONTEXT() REPRESENTATION_CONTEXT('2D SPACE',''
  ) );
#11781 = PCURVE('',#11782,#11787);
#11782 = PLANE('',#11783);
#11783 = AXIS2_PLACEMENT_3D('',#11784,#11785,#11786);
#11784 = CARTESIAN_POINT('',(-86.82230508962,-51.,3.54E+03));
#11785 = DIRECTION('',(-0.,1.,0.));
#11786 = DIRECTION('',(0.,0.,1.));
#11787 = DEFINITIONAL_REPRESENTATION('',(#11788),#11791);
#11788 = B_SPLINE_CURVE_WITH_KNOTS('',1,(#11789,#11790),.UNSPECIFIED.,
  .F.,.F.,(2,2),(-53.3431457505,-2.),.PIECEWISE_BEZIER_KNOTS.);
#11789 = CARTESIAN_POINT('',(16.,51.343145750508));
#11790 = CARTESIAN_POINT('',(16.,0.));
#11791 = ( GEOMETRIC_REPRESENTATION_CONTEXT(2) 
PARAMETRIC_REPRESENTATION_CONTEXT() REPRESENTATION_CONTEXT('2D SPACE',''
  ) );
#11792 = ORIENTED_EDGE('',*,*,#11793,.T.);
#11793 = EDGE_CURVE('',#11768,#11794,#11796,.T.);
#11794 = VERTEX_POINT('',#11795);
#11795 = CARTESIAN_POINT('',(-86.82230508962,51.,3.556E+03));
#11796 = SURFACE_CURVE('',#11797,(#11801,#11807),.PCURVE_S1.);
#11797 = LINE('',#11798,#11799);
#11798 = CARTESIAN_POINT('',(-86.82230508962,-53.,3.556E+03));
#11799 = VECTOR('',#11800,1.);
#11800 = DIRECTION('',(-0.,1.,0.));
#11801 = PCURVE('',#10362,#11802);
#11802 = DEFINITIONAL_REPRESENTATION('',(#11803),#11806);
#11803 = B_SPLINE_CURVE_WITH_KNOTS('',1,(#11804,#11805),.UNSPECIFIED.,
  .F.,.F.,(2,2),(2.,104.),.PIECEWISE_BEZIER_KNOTS.);
#11804 = CARTESIAN_POINT('',(4.,4.));
#11805 = CARTESIAN_POINT('',(4.,106.));
#11806 = ( GEOMETRIC_REPRESENTATION_CONTEXT(2) 
PARAMETRIC_REPRESENTATION_CONTEXT() REPRESENTATION_CONTEXT('2D SPACE',''
  ) );
#11807 = PCURVE('',#11808,#11813);
#11808 = PLANE('',#11809);
#11809 = AXIS2_PLACEMENT_3D('',#11810,#11811,#11812);
#11810 = CARTESIAN_POINT('',(-86.82230508962,-51.,3.54E+03));
#11811 = DIRECTION('',(1.,0.,-0.));
#11812 = DIRECTION('',(0.,0.,1.));
#11813 = DEFINITIONAL_REPRESENTATION('',(#11814),#11817);
#11814 = B_SPLINE_CURVE_WITH_KNOTS('',1,(#11815,#11816),.UNSPECIFIED.,
  .F.,.F.,(2,2),(2.,104.),.PIECEWISE_BEZIER_KNOTS.);
#11815 = CARTESIAN_POINT('',(16.,0.));
#11816 = CARTESIAN_POINT('',(16.,-102.));
#11817 = ( GEOMETRIC_REPRESENTATION_CONTEXT(2) 
PARAMETRIC_REPRESENTATION_CONTEXT() REPRESENTATION_CONTEXT('2D SPACE',''
  ) );
#11818 = ORIENTED_EDGE('',*,*,#11819,.F.);
#11819 = EDGE_CURVE('',#11820,#11794,#11822,.T.);
#11820 = VERTEX_POINT('',#11821);
#11821 = CARTESIAN_POINT('',(-35.47915933911,51.,3.556E+03));
#11822 = SURFACE_CURVE('',#11823,(#11827,#11833),.PCURVE_S1.);
#11823 = LINE('',#11824,#11825);
#11824 = CARTESIAN_POINT('',(-88.82230508962,51.,3.556E+03));
#11825 = VECTOR('',#11826,1.);
#11826 = DIRECTION('',(-1.,-0.,0.));
#11827 = PCURVE('',#10362,#11828);
#11828 = DEFINITIONAL_REPRESENTATION('',(#11829),#11832);
#11829 = B_SPLINE_CURVE_WITH_KNOTS('',1,(#11830,#11831),.UNSPECIFIED.,
  .F.,.F.,(2,2),(-53.3431457505,-2.),.PIECEWISE_BEZIER_KNOTS.);
#11830 = CARTESIAN_POINT('',(55.343145750508,106.));
#11831 = CARTESIAN_POINT('',(4.,106.));
#11832 = ( GEOMETRIC_REPRESENTATION_CONTEXT(2) 
PARAMETRIC_REPRESENTATION_CONTEXT() REPRESENTATION_CONTEXT('2D SPACE',''
  ) );
#11833 = PCURVE('',#11834,#11839);
#11834 = PLANE('',#11835);
#11835 = AXIS2_PLACEMENT_3D('',#11836,#11837,#11838);
#11836 = CARTESIAN_POINT('',(-86.82230508962,51.,3.54E+03));
#11837 = DIRECTION('',(-0.,1.,0.));
#11838 = DIRECTION('',(0.,0.,1.));
#11839 = DEFINITIONAL_REPRESENTATION('',(#11840),#11843);
#11840 = B_SPLINE_CURVE_WITH_KNOTS('',1,(#11841,#11842),.UNSPECIFIED.,
  .F.,.F.,(2,2),(-53.3431457505,-2.),.PIECEWISE_BEZIER_KNOTS.);
#11841 = CARTESIAN_POINT('',(16.,51.343145750508));
#11842 = CARTESIAN_POINT('',(16.,0.));
#11843 = ( GEOMETRIC_REPRESENTATION_CONTEXT(2) 
PARAMETRIC_REPRESENTATION_CONTEXT() REPRESENTATION_CONTEXT('2D SPACE',''
  ) );
#11844 = ORIENTED_EDGE('',*,*,#11845,.T.);
#11845 = EDGE_CURVE('',#11820,#11846,#11848,.T.);
#11846 = VERTEX_POINT('',#11847);
#11847 = CARTESIAN_POINT('',(-86.47915933911,-2.84217094304E-14,
    3.556E+03));
#11848 = SURFACE_CURVE('',#11849,(#11853,#11859),.PCURVE_S1.);
#11849 = LINE('',#11850,#11851);
#11850 = CARTESIAN_POINT('',(-101.3149457767,-14.83578643762,3.556E+03)
  );
#11851 = VECTOR('',#11852,1.);
#11852 = DIRECTION('',(-0.707106781187,-0.707106781187,0.));
#11853 = PCURVE('',#10362,#11854);
#11854 = DEFINITIONAL_REPRESENTATION('',(#11855),#11858);
#11855 = B_SPLINE_CURVE_WITH_KNOTS('',1,(#11856,#11857),.UNSPECIFIED.,
  .F.,.F.,(2,2),(-93.10586206959,-20.98097038856),
  .PIECEWISE_BEZIER_KNOTS.);
#11856 = CARTESIAN_POINT('',(55.343145750508,106.));
#11857 = CARTESIAN_POINT('',(4.343145750508,55.));
#11858 = ( GEOMETRIC_REPRESENTATION_CONTEXT(2) 
PARAMETRIC_REPRESENTATION_CONTEXT() REPRESENTATION_CONTEXT('2D SPACE',''
  ) );
#11859 = PCURVE('',#11860,#11865);
#11860 = PLANE('',#11861);
#11861 = AXIS2_PLACEMENT_3D('',#11862,#11863,#11864);
#11862 = CARTESIAN_POINT('',(-86.47915933911,-2.84217094304E-14,
    3.514E+03));
#11863 = DIRECTION('',(-0.707106781187,0.707106781187,0.));
#11864 = DIRECTION('',(0.,0.,1.));
#11865 = DEFINITIONAL_REPRESENTATION('',(#11866),#11869);
#11866 = B_SPLINE_CURVE_WITH_KNOTS('',1,(#11867,#11868),.UNSPECIFIED.,
  .F.,.F.,(2,2),(-93.10586206959,-20.98097038856),
  .PIECEWISE_BEZIER_KNOTS.);
#11867 = CARTESIAN_POINT('',(42.,72.124891681028));
#11868 = CARTESIAN_POINT('',(42.,0.));
#11869 = ( GEOMETRIC_REPRESENTATION_CONTEXT(2) 
PARAMETRIC_REPRESENTATION_CONTEXT() REPRESENTATION_CONTEXT('2D SPACE',''
  ) );
#11870 = ORIENTED_EDGE('',*,*,#11871,.F.);
#11871 = EDGE_CURVE('',#11766,#11846,#11872,.T.);
#11872 = SURFACE_CURVE('',#11873,(#11877,#11883),.PCURVE_S1.);
#11873 = LINE('',#11874,#11875);
#11874 = CARTESIAN_POINT('',(-3.104267658087,-83.37489168102,3.556E+03)
  );
#11875 = VECTOR('',#11876,1.);
#11876 = DIRECTION('',(-0.707106781187,0.707106781187,0.));
#11877 = PCURVE('',#10362,#11878);
#11878 = DEFINITIONAL_REPRESENTATION('',(#11879),#11882);
#11879 = B_SPLINE_CURVE_WITH_KNOTS('',1,(#11880,#11881),.UNSPECIFIED.,
  .F.,.F.,(2,2),(45.785010895669,117.90990257669),
  .PIECEWISE_BEZIER_KNOTS.);
#11880 = CARTESIAN_POINT('',(55.343145750508,4.));
#11881 = CARTESIAN_POINT('',(4.343145750508,55.));
#11882 = ( GEOMETRIC_REPRESENTATION_CONTEXT(2) 
PARAMETRIC_REPRESENTATION_CONTEXT() REPRESENTATION_CONTEXT('2D SPACE',''
  ) );
#11883 = PCURVE('',#11884,#11889);
#11884 = PLANE('',#11885);
#11885 = AXIS2_PLACEMENT_3D('',#11886,#11887,#11888);
#11886 = CARTESIAN_POINT('',(54.942196898195,-141.4213562373,3.514E+03)
  );
#11887 = DIRECTION('',(0.707106781187,0.707106781187,0.));
#11888 = DIRECTION('',(0.,0.,1.));
#11889 = DEFINITIONAL_REPRESENTATION('',(#11890),#11893);
#11890 = B_SPLINE_CURVE_WITH_KNOTS('',1,(#11891,#11892),.UNSPECIFIED.,
  .F.,.F.,(2,2),(45.785010895669,117.90990257669),
  .PIECEWISE_BEZIER_KNOTS.);
#11891 = CARTESIAN_POINT('',(42.,-127.8751083189));
#11892 = CARTESIAN_POINT('',(42.,-200.));
#11893 = ( GEOMETRIC_REPRESENTATION_CONTEXT(2) 
PARAMETRIC_REPRESENTATION_CONTEXT() REPRESENTATION_CONTEXT('2D SPACE',''
  ) );
#11894 = ADVANCED_FACE('',(#11895),#11808,.T.);
#11895 = FACE_BOUND('',#11896,.T.);
#11896 = EDGE_LOOP('',(#11897,#11920,#11948,#11969));
#11897 = ORIENTED_EDGE('',*,*,#11898,.F.);
#11898 = EDGE_CURVE('',#11899,#11768,#11901,.T.);
#11899 = VERTEX_POINT('',#11900);
#11900 = CARTESIAN_POINT('',(-86.82230508962,-51.,3.54E+03));
#11901 = SURFACE_CURVE('',#11902,(#11906,#11913),.PCURVE_S1.);
#11902 = LINE('',#11903,#11904);
#11903 = CARTESIAN_POINT('',(-86.82230508962,-51.,3.54E+03));
#11904 = VECTOR('',#11905,1.);
#11905 = DIRECTION('',(0.,0.,1.));
#11906 = PCURVE('',#11808,#11907);
#11907 = DEFINITIONAL_REPRESENTATION('',(#11908),#11912);
#11908 = LINE('',#11909,#11910);
#11909 = CARTESIAN_POINT('',(0.,0.));
#11910 = VECTOR('',#11911,1.);
#11911 = DIRECTION('',(1.,0.));
#11912 = ( GEOMETRIC_REPRESENTATION_CONTEXT(2) 
PARAMETRIC_REPRESENTATION_CONTEXT() REPRESENTATION_CONTEXT('2D SPACE',''
  ) );
#11913 = PCURVE('',#11782,#11914);
#11914 = DEFINITIONAL_REPRESENTATION('',(#11915),#11919);
#11915 = LINE('',#11916,#11917);
#11916 = CARTESIAN_POINT('',(0.,0.));
#11917 = VECTOR('',#11918,1.);
#11918 = DIRECTION('',(1.,0.));
#11919 = ( GEOMETRIC_REPRESENTATION_CONTEXT(2) 
PARAMETRIC_REPRESENTATION_CONTEXT() REPRESENTATION_CONTEXT('2D SPACE',''
  ) );
#11920 = ORIENTED_EDGE('',*,*,#11921,.T.);
#11921 = EDGE_CURVE('',#11899,#11922,#11924,.T.);
#11922 = VERTEX_POINT('',#11923);
#11923 = CARTESIAN_POINT('',(-86.82230508962,51.,3.54E+03));
#11924 = SURFACE_CURVE('',#11925,(#11929,#11936),.PCURVE_S1.);
#11925 = LINE('',#11926,#11927);
#11926 = CARTESIAN_POINT('',(-86.82230508962,-51.,3.54E+03));
#11927 = VECTOR('',#11928,1.);
#11928 = DIRECTION('',(-0.,1.,0.));
#11929 = PCURVE('',#11808,#11930);
#11930 = DEFINITIONAL_REPRESENTATION('',(#11931),#11935);
#11931 = LINE('',#11932,#11933);
#11932 = CARTESIAN_POINT('',(0.,0.));
#11933 = VECTOR('',#11934,1.);
#11934 = DIRECTION('',(0.,-1.));
#11935 = ( GEOMETRIC_REPRESENTATION_CONTEXT(2) 
PARAMETRIC_REPRESENTATION_CONTEXT() REPRESENTATION_CONTEXT('2D SPACE',''
  ) );
#11936 = PCURVE('',#11937,#11942);
#11937 = PLANE('',#11938);
#11938 = AXIS2_PLACEMENT_3D('',#11939,#11940,#11941);
#11939 = CARTESIAN_POINT('',(-86.82230508962,-51.,3.54E+03));
#11940 = DIRECTION('',(0.,0.,1.));
#11941 = DIRECTION('',(1.,0.,-0.));
#11942 = DEFINITIONAL_REPRESENTATION('',(#11943),#11947);
#11943 = LINE('',#11944,#11945);
#11944 = CARTESIAN_POINT('',(0.,0.));
#11945 = VECTOR('',#11946,1.);
#11946 = DIRECTION('',(0.,1.));
#11947 = ( GEOMETRIC_REPRESENTATION_CONTEXT(2) 
PARAMETRIC_REPRESENTATION_CONTEXT() REPRESENTATION_CONTEXT('2D SPACE',''
  ) );
#11948 = ORIENTED_EDGE('',*,*,#11949,.T.);
#11949 = EDGE_CURVE('',#11922,#11794,#11950,.T.);
#11950 = SURFACE_CURVE('',#11951,(#11955,#11962),.PCURVE_S1.);
#11951 = LINE('',#11952,#11953);
#11952 = CARTESIAN_POINT('',(-86.82230508962,51.,3.54E+03));
#11953 = VECTOR('',#11954,1.);
#11954 = DIRECTION('',(0.,0.,1.));
#11955 = PCURVE('',#11808,#11956);
#11956 = DEFINITIONAL_REPRESENTATION('',(#11957),#11961);
#11957 = LINE('',#11958,#11959);
#11958 = CARTESIAN_POINT('',(0.,-102.));
#11959 = VECTOR('',#11960,1.);
#11960 = DIRECTION('',(1.,0.));
#11961 = ( GEOMETRIC_REPRESENTATION_CONTEXT(2) 
PARAMETRIC_REPRESENTATION_CONTEXT() REPRESENTATION_CONTEXT('2D SPACE',''
  ) );
#11962 = PCURVE('',#11834,#11963);
#11963 = DEFINITIONAL_REPRESENTATION('',(#11964),#11968);
#11964 = LINE('',#11965,#11966);
#11965 = CARTESIAN_POINT('',(0.,0.));
#11966 = VECTOR('',#11967,1.);
#11967 = DIRECTION('',(1.,0.));
#11968 = ( GEOMETRIC_REPRESENTATION_CONTEXT(2) 
PARAMETRIC_REPRESENTATION_CONTEXT() REPRESENTATION_CONTEXT('2D SPACE',''
  ) );
#11969 = ORIENTED_EDGE('',*,*,#11793,.F.);
#11970 = ADVANCED_FACE('',(#11971),#11937,.T.);
#11971 = FACE_BOUND('',#11972,.T.);
#11972 = EDGE_LOOP('',(#11973,#11996,#11997,#12020,#12041));
#11973 = ORIENTED_EDGE('',*,*,#11974,.F.);
#11974 = EDGE_CURVE('',#11922,#11975,#11977,.T.);
#11975 = VERTEX_POINT('',#11976);
#11976 = CARTESIAN_POINT('',(-35.47915933911,51.,3.54E+03));
#11977 = SURFACE_CURVE('',#11978,(#11982,#11989),.PCURVE_S1.);
#11978 = LINE('',#11979,#11980);
#11979 = CARTESIAN_POINT('',(-86.82230508962,51.,3.54E+03));
#11980 = VECTOR('',#11981,1.);
#11981 = DIRECTION('',(1.,0.,-0.));
#11982 = PCURVE('',#11937,#11983);
#11983 = DEFINITIONAL_REPRESENTATION('',(#11984),#11988);
#11984 = LINE('',#11985,#11986);
#11985 = CARTESIAN_POINT('',(0.,102.));
#11986 = VECTOR('',#11987,1.);
#11987 = DIRECTION('',(1.,0.));
#11988 = ( GEOMETRIC_REPRESENTATION_CONTEXT(2) 
PARAMETRIC_REPRESENTATION_CONTEXT() REPRESENTATION_CONTEXT('2D SPACE',''
  ) );
#11989 = PCURVE('',#11834,#11990);
#11990 = DEFINITIONAL_REPRESENTATION('',(#11991),#11995);
#11991 = LINE('',#11992,#11993);
#11992 = CARTESIAN_POINT('',(0.,0.));
#11993 = VECTOR('',#11994,1.);
#11994 = DIRECTION('',(0.,1.));
#11995 = ( GEOMETRIC_REPRESENTATION_CONTEXT(2) 
PARAMETRIC_REPRESENTATION_CONTEXT() REPRESENTATION_CONTEXT('2D SPACE',''
  ) );
#11996 = ORIENTED_EDGE('',*,*,#11921,.F.);
#11997 = ORIENTED_EDGE('',*,*,#11998,.T.);
#11998 = EDGE_CURVE('',#11899,#11999,#12001,.T.);
#11999 = VERTEX_POINT('',#12000);
#12000 = CARTESIAN_POINT('',(-35.47915933911,-51.,3.54E+03));
#12001 = SURFACE_CURVE('',#12002,(#12006,#12013),.PCURVE_S1.);
#12002 = LINE('',#12003,#12004);
#12003 = CARTESIAN_POINT('',(-86.82230508962,-51.,3.54E+03));
#12004 = VECTOR('',#12005,1.);
#12005 = DIRECTION('',(1.,0.,-0.));
#12006 = PCURVE('',#11937,#12007);
#12007 = DEFINITIONAL_REPRESENTATION('',(#12008),#12012);
#12008 = LINE('',#12009,#12010);
#12009 = CARTESIAN_POINT('',(0.,0.));
#12010 = VECTOR('',#12011,1.);
#12011 = DIRECTION('',(1.,0.));
#12012 = ( GEOMETRIC_REPRESENTATION_CONTEXT(2) 
PARAMETRIC_REPRESENTATION_CONTEXT() REPRESENTATION_CONTEXT('2D SPACE',''
  ) );
#12013 = PCURVE('',#11782,#12014);
#12014 = DEFINITIONAL_REPRESENTATION('',(#12015),#12019);
#12015 = LINE('',#12016,#12017);
#12016 = CARTESIAN_POINT('',(0.,0.));
#12017 = VECTOR('',#12018,1.);
#12018 = DIRECTION('',(0.,1.));
#12019 = ( GEOMETRIC_REPRESENTATION_CONTEXT(2) 
PARAMETRIC_REPRESENTATION_CONTEXT() REPRESENTATION_CONTEXT('2D SPACE',''
  ) );
#12020 = ORIENTED_EDGE('',*,*,#12021,.T.);
#12021 = EDGE_CURVE('',#11999,#12022,#12024,.T.);
#12022 = VERTEX_POINT('',#12023);
#12023 = CARTESIAN_POINT('',(-86.47915933911,-2.84217094304E-14,3.54E+03
    ));
#12024 = SURFACE_CURVE('',#12025,(#12029,#12035),.PCURVE_S1.);
#12025 = LINE('',#12026,#12027);
#12026 = CARTESIAN_POINT('',(-3.104267658087,-83.37489168102,3.54E+03));
#12027 = VECTOR('',#12028,1.);
#12028 = DIRECTION('',(-0.707106781187,0.707106781187,0.));
#12029 = PCURVE('',#11937,#12030);
#12030 = DEFINITIONAL_REPRESENTATION('',(#12031),#12034);
#12031 = B_SPLINE_CURVE_WITH_KNOTS('',1,(#12032,#12033),.UNSPECIFIED.,
  .F.,.F.,(2,2),(45.785010895669,117.90990257669),
  .PIECEWISE_BEZIER_KNOTS.);
#12032 = CARTESIAN_POINT('',(51.343145750508,-7.105427357601E-15));
#12033 = CARTESIAN_POINT('',(0.343145750508,51.));
#12034 = ( GEOMETRIC_REPRESENTATION_CONTEXT(2) 
PARAMETRIC_REPRESENTATION_CONTEXT() REPRESENTATION_CONTEXT('2D SPACE',''
  ) );
#12035 = PCURVE('',#11884,#12036);
#12036 = DEFINITIONAL_REPRESENTATION('',(#12037),#12040);
#12037 = B_SPLINE_CURVE_WITH_KNOTS('',1,(#12038,#12039),.UNSPECIFIED.,
  .F.,.F.,(2,2),(45.785010895669,117.90990257669),
  .PIECEWISE_BEZIER_KNOTS.);
#12038 = CARTESIAN_POINT('',(26.,-127.8751083189));
#12039 = CARTESIAN_POINT('',(26.,-200.));
#12040 = ( GEOMETRIC_REPRESENTATION_CONTEXT(2) 
PARAMETRIC_REPRESENTATION_CONTEXT() REPRESENTATION_CONTEXT('2D SPACE',''
  ) );
#12041 = ORIENTED_EDGE('',*,*,#12042,.F.);
#12042 = EDGE_CURVE('',#11975,#12022,#12043,.T.);
#12043 = SURFACE_CURVE('',#12044,(#12048,#12054),.PCURVE_S1.);
#12044 = LINE('',#12045,#12046);
#12045 = CARTESIAN_POINT('',(-99.31494577674,-12.83578643762,3.54E+03));
#12046 = VECTOR('',#12047,1.);
#12047 = DIRECTION('',(-0.707106781187,-0.707106781187,0.));
#12048 = PCURVE('',#11937,#12049);
#12049 = DEFINITIONAL_REPRESENTATION('',(#12050),#12053);
#12050 = B_SPLINE_CURVE_WITH_KNOTS('',1,(#12051,#12052),.UNSPECIFIED.,
  .F.,.F.,(2,2),(-90.27743494484,-18.15254326381),
  .PIECEWISE_BEZIER_KNOTS.);
#12051 = CARTESIAN_POINT('',(51.343145750508,102.));
#12052 = CARTESIAN_POINT('',(0.343145750508,51.));
#12053 = ( GEOMETRIC_REPRESENTATION_CONTEXT(2) 
PARAMETRIC_REPRESENTATION_CONTEXT() REPRESENTATION_CONTEXT('2D SPACE',''
  ) );
#12054 = PCURVE('',#11860,#12055);
#12055 = DEFINITIONAL_REPRESENTATION('',(#12056),#12059);
#12056 = B_SPLINE_CURVE_WITH_KNOTS('',1,(#12057,#12058),.UNSPECIFIED.,
  .F.,.F.,(2,2),(-90.27743494484,-18.15254326381),
  .PIECEWISE_BEZIER_KNOTS.);
#12057 = CARTESIAN_POINT('',(26.,72.124891681028));
#12058 = CARTESIAN_POINT('',(26.,0.));
#12059 = ( GEOMETRIC_REPRESENTATION_CONTEXT(2) 
PARAMETRIC_REPRESENTATION_CONTEXT() REPRESENTATION_CONTEXT('2D SPACE',''
  ) );
#12060 = ADVANCED_FACE('',(#12061),#11834,.F.);
#12061 = FACE_BOUND('',#12062,.F.);
#12062 = EDGE_LOOP('',(#12063,#12064,#12065,#12066));
#12063 = ORIENTED_EDGE('',*,*,#11974,.F.);
#12064 = ORIENTED_EDGE('',*,*,#11949,.T.);
#12065 = ORIENTED_EDGE('',*,*,#11819,.F.);
#12066 = ORIENTED_EDGE('',*,*,#12067,.F.);
#12067 = EDGE_CURVE('',#11975,#11820,#12068,.T.);
#12068 = SURFACE_CURVE('',#12069,(#12073,#12079),.PCURVE_S1.);
#12069 = LINE('',#12070,#12071);
#12070 = CARTESIAN_POINT('',(-35.47915933911,51.,3.527E+03));
#12071 = VECTOR('',#12072,1.);
#12072 = DIRECTION('',(0.,0.,1.));
#12073 = PCURVE('',#11834,#12074);
#12074 = DEFINITIONAL_REPRESENTATION('',(#12075),#12078);
#12075 = B_SPLINE_CURVE_WITH_KNOTS('',1,(#12076,#12077),.UNSPECIFIED.,
  .F.,.F.,(2,2),(13.,30.),.PIECEWISE_BEZIER_KNOTS.);
#12076 = CARTESIAN_POINT('',(0.,51.343145750508));
#12077 = CARTESIAN_POINT('',(17.,51.343145750508));
#12078 = ( GEOMETRIC_REPRESENTATION_CONTEXT(2) 
PARAMETRIC_REPRESENTATION_CONTEXT() REPRESENTATION_CONTEXT('2D SPACE',''
  ) );
#12079 = PCURVE('',#11860,#12080);
#12080 = DEFINITIONAL_REPRESENTATION('',(#12081),#12084);
#12081 = B_SPLINE_CURVE_WITH_KNOTS('',1,(#12082,#12083),.UNSPECIFIED.,
  .F.,.F.,(2,2),(13.,30.),.PIECEWISE_BEZIER_KNOTS.);
#12082 = CARTESIAN_POINT('',(26.,72.124891681028));
#12083 = CARTESIAN_POINT('',(43.,72.124891681028));
#12084 = ( GEOMETRIC_REPRESENTATION_CONTEXT(2) 
PARAMETRIC_REPRESENTATION_CONTEXT() REPRESENTATION_CONTEXT('2D SPACE',''
  ) );
#12085 = ADVANCED_FACE('',(#12086),#11860,.T.);
#12086 = FACE_BOUND('',#12087,.T.);
#12087 = EDGE_LOOP('',(#12088,#12089,#12090,#12111));
#12088 = ORIENTED_EDGE('',*,*,#12067,.F.);
#12089 = ORIENTED_EDGE('',*,*,#12042,.T.);
#12090 = ORIENTED_EDGE('',*,*,#12091,.T.);
#12091 = EDGE_CURVE('',#12022,#11846,#12092,.T.);
#12092 = SURFACE_CURVE('',#12093,(#12097,#12104),.PCURVE_S1.);
#12093 = LINE('',#12094,#12095);
#12094 = CARTESIAN_POINT('',(-86.47915933911,-2.84217094304E-14,
    3.514E+03));
#12095 = VECTOR('',#12096,1.);
#12096 = DIRECTION('',(0.,0.,1.));
#12097 = PCURVE('',#11860,#12098);
#12098 = DEFINITIONAL_REPRESENTATION('',(#12099),#12103);
#12099 = LINE('',#12100,#12101);
#12100 = CARTESIAN_POINT('',(0.,0.));
#12101 = VECTOR('',#12102,1.);
#12102 = DIRECTION('',(1.,0.));
#12103 = ( GEOMETRIC_REPRESENTATION_CONTEXT(2) 
PARAMETRIC_REPRESENTATION_CONTEXT() REPRESENTATION_CONTEXT('2D SPACE',''
  ) );
#12104 = PCURVE('',#11884,#12105);
#12105 = DEFINITIONAL_REPRESENTATION('',(#12106),#12110);
#12106 = LINE('',#12107,#12108);
#12107 = CARTESIAN_POINT('',(0.,-200.));
#12108 = VECTOR('',#12109,1.);
#12109 = DIRECTION('',(1.,0.));
#12110 = ( GEOMETRIC_REPRESENTATION_CONTEXT(2) 
PARAMETRIC_REPRESENTATION_CONTEXT() REPRESENTATION_CONTEXT('2D SPACE',''
  ) );
#12111 = ORIENTED_EDGE('',*,*,#11845,.F.);
#12112 = ADVANCED_FACE('',(#12113),#11884,.F.);
#12113 = FACE_BOUND('',#12114,.F.);
#12114 = EDGE_LOOP('',(#12115,#12116,#12117,#12118));
#12115 = ORIENTED_EDGE('',*,*,#12021,.T.);
#12116 = ORIENTED_EDGE('',*,*,#12091,.T.);
#12117 = ORIENTED_EDGE('',*,*,#11871,.F.);
#12118 = ORIENTED_EDGE('',*,*,#12119,.T.);
#12119 = EDGE_CURVE('',#11766,#11999,#12120,.T.);
#12120 = SURFACE_CURVE('',#12121,(#12125,#12131),.PCURVE_S1.);
#12121 = LINE('',#12122,#12123);
#12122 = CARTESIAN_POINT('',(-35.47915933911,-51.,3.527E+03));
#12123 = VECTOR('',#12124,1.);
#12124 = DIRECTION('',(0.,0.,-1.));
#12125 = PCURVE('',#11884,#12126);
#12126 = DEFINITIONAL_REPRESENTATION('',(#12127),#12130);
#12127 = B_SPLINE_CURVE_WITH_KNOTS('',1,(#12128,#12129),.UNSPECIFIED.,
  .F.,.F.,(2,2),(-30.,-13.),.PIECEWISE_BEZIER_KNOTS.);
#12128 = CARTESIAN_POINT('',(43.,-127.8751083189));
#12129 = CARTESIAN_POINT('',(26.,-127.8751083189));
#12130 = ( GEOMETRIC_REPRESENTATION_CONTEXT(2) 
PARAMETRIC_REPRESENTATION_CONTEXT() REPRESENTATION_CONTEXT('2D SPACE',''
  ) );
#12131 = PCURVE('',#11782,#12132);
#12132 = DEFINITIONAL_REPRESENTATION('',(#12133),#12136);
#12133 = B_SPLINE_CURVE_WITH_KNOTS('',1,(#12134,#12135),.UNSPECIFIED.,
  .F.,.F.,(2,2),(-30.,-13.),.PIECEWISE_BEZIER_KNOTS.);
#12134 = CARTESIAN_POINT('',(17.,51.343145750508));
#12135 = CARTESIAN_POINT('',(0.,51.343145750508));
#12136 = ( GEOMETRIC_REPRESENTATION_CONTEXT(2) 
PARAMETRIC_REPRESENTATION_CONTEXT() REPRESENTATION_CONTEXT('2D SPACE',''
  ) );
#12137 = ADVANCED_FACE('',(#12138),#11782,.T.);
#12138 = FACE_BOUND('',#12139,.T.);
#12139 = EDGE_LOOP('',(#12140,#12141,#12142,#12143));
#12140 = ORIENTED_EDGE('',*,*,#11998,.F.);
#12141 = ORIENTED_EDGE('',*,*,#11898,.T.);
#12142 = ORIENTED_EDGE('',*,*,#11765,.F.);
#12143 = ORIENTED_EDGE('',*,*,#12119,.T.);
#12144 = ADVANCED_FACE('',(#12145),#10280,.F.);
#12145 = FACE_BOUND('',#12146,.F.);
#12146 = EDGE_LOOP('',(#12147,#12148,#12149,#12150));
#12147 = ORIENTED_EDGE('',*,*,#10401,.F.);
#12148 = ORIENTED_EDGE('',*,*,#10257,.T.);
#12149 = ORIENTED_EDGE('',*,*,#11738,.T.);
#12150 = ORIENTED_EDGE('',*,*,#10940,.F.);
#12151 = MANIFOLD_SOLID_BREP('',#12152);
#12152 = CLOSED_SHELL('',(#12153,#12273,#12373,#12420,#12467,#12474));
#12153 = ADVANCED_FACE('',(#12154),#12168,.F.);
#12154 = FACE_BOUND('',#12155,.F.);
#12155 = EDGE_LOOP('',(#12156,#12191,#12219,#12247));
#12156 = ORIENTED_EDGE('',*,*,#12157,.F.);
#12157 = EDGE_CURVE('',#12158,#12160,#12162,.T.);
#12158 = VERTEX_POINT('',#12159);
#12159 = CARTESIAN_POINT('',(-88.82230508962,-61.,3.53E+03));
#12160 = VERTEX_POINT('',#12161);
#12161 = CARTESIAN_POINT('',(-88.82230508962,-61.,3.542E+03));
#12162 = SURFACE_CURVE('',#12163,(#12167,#12179),.PCURVE_S1.);
#12163 = LINE('',#12164,#12165);
#12164 = CARTESIAN_POINT('',(-88.82230508962,-61.,3.53E+03));
#12165 = VECTOR('',#12166,1.);
#12166 = DIRECTION('',(0.,0.,1.));
#12167 = PCURVE('',#12168,#12173);
#12168 = PLANE('',#12169);
#12169 = AXIS2_PLACEMENT_3D('',#12170,#12171,#12172);
#12170 = CARTESIAN_POINT('',(-88.82230508962,-61.,3.53E+03));
#12171 = DIRECTION('',(1.,0.,-0.));
#12172 = DIRECTION('',(0.,0.,1.));
#12173 = DEFINITIONAL_REPRESENTATION('',(#12174),#12178);
#12174 = LINE('',#12175,#12176);
#12175 = CARTESIAN_POINT('',(0.,0.));
#12176 = VECTOR('',#12177,1.);
#12177 = DIRECTION('',(1.,0.));
#12178 = ( GEOMETRIC_REPRESENTATION_CONTEXT(2) 
PARAMETRIC_REPRESENTATION_CONTEXT() REPRESENTATION_CONTEXT('2D SPACE',''
  ) );
#12179 = PCURVE('',#12180,#12185);
#12180 = PLANE('',#12181);
#12181 = AXIS2_PLACEMENT_3D('',#12182,#12183,#12184);
#12182 = CARTESIAN_POINT('',(-88.82230508962,-61.,3.53E+03));
#12183 = DIRECTION('',(-0.,1.,0.));
#12184 = DIRECTION('',(0.,0.,1.));
#12185 = DEFINITIONAL_REPRESENTATION('',(#12186),#12190);
#12186 = LINE('',#12187,#12188);
#12187 = CARTESIAN_POINT('',(0.,0.));
#12188 = VECTOR('',#12189,1.);
#12189 = DIRECTION('',(1.,0.));
#12190 = ( GEOMETRIC_REPRESENTATION_CONTEXT(2) 
PARAMETRIC_REPRESENTATION_CONTEXT() REPRESENTATION_CONTEXT('2D SPACE',''
  ) );
#12191 = ORIENTED_EDGE('',*,*,#12192,.T.);
#12192 = EDGE_CURVE('',#12158,#12193,#12195,.T.);
#12193 = VERTEX_POINT('',#12194);
#12194 = CARTESIAN_POINT('',(-88.82230508962,-56.,3.53E+03));
#12195 = SURFACE_CURVE('',#12196,(#12200,#12207),.PCURVE_S1.);
#12196 = LINE('',#12197,#12198);
#12197 = CARTESIAN_POINT('',(-88.82230508962,-61.,3.53E+03));
#12198 = VECTOR('',#12199,1.);
#12199 = DIRECTION('',(-0.,1.,0.));
#12200 = PCURVE('',#12168,#12201);
#12201 = DEFINITIONAL_REPRESENTATION('',(#12202),#12206);
#12202 = LINE('',#12203,#12204);
#12203 = CARTESIAN_POINT('',(0.,0.));
#12204 = VECTOR('',#12205,1.);
#12205 = DIRECTION('',(0.,-1.));
#12206 = ( GEOMETRIC_REPRESENTATION_CONTEXT(2) 
PARAMETRIC_REPRESENTATION_CONTEXT() REPRESENTATION_CONTEXT('2D SPACE',''
  ) );
#12207 = PCURVE('',#12208,#12213);
#12208 = PLANE('',#12209);
#12209 = AXIS2_PLACEMENT_3D('',#12210,#12211,#12212);
#12210 = CARTESIAN_POINT('',(-88.82230508962,-61.,3.53E+03));
#12211 = DIRECTION('',(0.,0.,1.));
#12212 = DIRECTION('',(1.,0.,-0.));
#12213 = DEFINITIONAL_REPRESENTATION('',(#12214),#12218);
#12214 = LINE('',#12215,#12216);
#12215 = CARTESIAN_POINT('',(0.,0.));
#12216 = VECTOR('',#12217,1.);
#12217 = DIRECTION('',(0.,1.));
#12218 = ( GEOMETRIC_REPRESENTATION_CONTEXT(2) 
PARAMETRIC_REPRESENTATION_CONTEXT() REPRESENTATION_CONTEXT('2D SPACE',''
  ) );
#12219 = ORIENTED_EDGE('',*,*,#12220,.T.);
#12220 = EDGE_CURVE('',#12193,#12221,#12223,.T.);
#12221 = VERTEX_POINT('',#12222);
#12222 = CARTESIAN_POINT('',(-88.82230508962,-56.,3.542E+03));
#12223 = SURFACE_CURVE('',#12224,(#12228,#12235),.PCURVE_S1.);
#12224 = LINE('',#12225,#12226);
#12225 = CARTESIAN_POINT('',(-88.82230508962,-56.,3.53E+03));
#12226 = VECTOR('',#12227,1.);
#12227 = DIRECTION('',(0.,0.,1.));
#12228 = PCURVE('',#12168,#12229);
#12229 = DEFINITIONAL_REPRESENTATION('',(#12230),#12234);
#12230 = LINE('',#12231,#12232);
#12231 = CARTESIAN_POINT('',(0.,-5.));
#12232 = VECTOR('',#12233,1.);
#12233 = DIRECTION('',(1.,0.));
#12234 = ( GEOMETRIC_REPRESENTATION_CONTEXT(2) 
PARAMETRIC_REPRESENTATION_CONTEXT() REPRESENTATION_CONTEXT('2D SPACE',''
  ) );
#12235 = PCURVE('',#12236,#12241);
#12236 = PLANE('',#12237);
#12237 = AXIS2_PLACEMENT_3D('',#12238,#12239,#12240);
#12238 = CARTESIAN_POINT('',(-88.82230508962,-56.,3.53E+03));
#12239 = DIRECTION('',(-0.,1.,0.));
#12240 = DIRECTION('',(0.,0.,1.));
#12241 = DEFINITIONAL_REPRESENTATION('',(#12242),#12246);
#12242 = LINE('',#12243,#12244);
#12243 = CARTESIAN_POINT('',(0.,0.));
#12244 = VECTOR('',#12245,1.);
#12245 = DIRECTION('',(1.,0.));
#12246 = ( GEOMETRIC_REPRESENTATION_CONTEXT(2) 
PARAMETRIC_REPRESENTATION_CONTEXT() REPRESENTATION_CONTEXT('2D SPACE',''
  ) );
#12247 = ORIENTED_EDGE('',*,*,#12248,.F.);
#12248 = EDGE_CURVE('',#12160,#12221,#12249,.T.);
#12249 = SURFACE_CURVE('',#12250,(#12254,#12261),.PCURVE_S1.);
#12250 = LINE('',#12251,#12252);
#12251 = CARTESIAN_POINT('',(-88.82230508962,-61.,3.542E+03));
#12252 = VECTOR('',#12253,1.);
#12253 = DIRECTION('',(-0.,1.,0.));
#12254 = PCURVE('',#12168,#12255);
#12255 = DEFINITIONAL_REPRESENTATION('',(#12256),#12260);
#12256 = LINE('',#12257,#12258);
#12257 = CARTESIAN_POINT('',(12.,0.));
#12258 = VECTOR('',#12259,1.);
#12259 = DIRECTION('',(0.,-1.));
#12260 = ( GEOMETRIC_REPRESENTATION_CONTEXT(2) 
PARAMETRIC_REPRESENTATION_CONTEXT() REPRESENTATION_CONTEXT('2D SPACE',''
  ) );
#12261 = PCURVE('',#12262,#12267);
#12262 = PLANE('',#12263);
#12263 = AXIS2_PLACEMENT_3D('',#12264,#12265,#12266);
#12264 = CARTESIAN_POINT('',(-88.82230508962,-61.,3.542E+03));
#12265 = DIRECTION('',(0.,0.,1.));
#12266 = DIRECTION('',(1.,0.,-0.));
#12267 = DEFINITIONAL_REPRESENTATION('',(#12268),#12272);
#12268 = LINE('',#12269,#12270);
#12269 = CARTESIAN_POINT('',(0.,0.));
#12270 = VECTOR('',#12271,1.);
#12271 = DIRECTION('',(0.,1.));
#12272 = ( GEOMETRIC_REPRESENTATION_CONTEXT(2) 
PARAMETRIC_REPRESENTATION_CONTEXT() REPRESENTATION_CONTEXT('2D SPACE',''
  ) );
#12273 = ADVANCED_FACE('',(#12274),#12288,.T.);
#12274 = FACE_BOUND('',#12275,.T.);
#12275 = EDGE_LOOP('',(#12276,#12306,#12329,#12352));
#12276 = ORIENTED_EDGE('',*,*,#12277,.F.);
#12277 = EDGE_CURVE('',#12278,#12280,#12282,.T.);
#12278 = VERTEX_POINT('',#12279);
#12279 = CARTESIAN_POINT('',(-30.82230508962,-61.,3.53E+03));
#12280 = VERTEX_POINT('',#12281);
#12281 = CARTESIAN_POINT('',(-30.82230508962,-61.,3.542E+03));
#12282 = SURFACE_CURVE('',#12283,(#12287,#12299),.PCURVE_S1.);
#12283 = LINE('',#12284,#12285);
#12284 = CARTESIAN_POINT('',(-30.82230508962,-61.,3.53E+03));
#12285 = VECTOR('',#12286,1.);
#12286 = DIRECTION('',(0.,0.,1.));
#12287 = PCURVE('',#12288,#12293);
#12288 = PLANE('',#12289);
#12289 = AXIS2_PLACEMENT_3D('',#12290,#12291,#12292);
#12290 = CARTESIAN_POINT('',(-30.82230508962,-61.,3.53E+03));
#12291 = DIRECTION('',(1.,0.,-0.));
#12292 = DIRECTION('',(0.,0.,1.));
#12293 = DEFINITIONAL_REPRESENTATION('',(#12294),#12298);
#12294 = LINE('',#12295,#12296);
#12295 = CARTESIAN_POINT('',(0.,0.));
#12296 = VECTOR('',#12297,1.);
#12297 = DIRECTION('',(1.,0.));
#12298 = ( GEOMETRIC_REPRESENTATION_CONTEXT(2) 
PARAMETRIC_REPRESENTATION_CONTEXT() REPRESENTATION_CONTEXT('2D SPACE',''
  ) );
#12299 = PCURVE('',#12180,#12300);
#12300 = DEFINITIONAL_REPRESENTATION('',(#12301),#12305);
#12301 = LINE('',#12302,#12303);
#12302 = CARTESIAN_POINT('',(0.,58.));
#12303 = VECTOR('',#12304,1.);
#12304 = DIRECTION('',(1.,0.));
#12305 = ( GEOMETRIC_REPRESENTATION_CONTEXT(2) 
PARAMETRIC_REPRESENTATION_CONTEXT() REPRESENTATION_CONTEXT('2D SPACE',''
  ) );
#12306 = ORIENTED_EDGE('',*,*,#12307,.T.);
#12307 = EDGE_CURVE('',#12278,#12308,#12310,.T.);
#12308 = VERTEX_POINT('',#12309);
#12309 = CARTESIAN_POINT('',(-30.82230508962,-56.,3.53E+03));
#12310 = SURFACE_CURVE('',#12311,(#12315,#12322),.PCURVE_S1.);
#12311 = LINE('',#12312,#12313);
#12312 = CARTESIAN_POINT('',(-30.82230508962,-61.,3.53E+03));
#12313 = VECTOR('',#12314,1.);
#12314 = DIRECTION('',(-0.,1.,0.));
#12315 = PCURVE('',#12288,#12316);
#12316 = DEFINITIONAL_REPRESENTATION('',(#12317),#12321);
#12317 = LINE('',#12318,#12319);
#12318 = CARTESIAN_POINT('',(0.,0.));
#12319 = VECTOR('',#12320,1.);
#12320 = DIRECTION('',(0.,-1.));
#12321 = ( GEOMETRIC_REPRESENTATION_CONTEXT(2) 
PARAMETRIC_REPRESENTATION_CONTEXT() REPRESENTATION_CONTEXT('2D SPACE',''
  ) );
#12322 = PCURVE('',#12208,#12323);
#12323 = DEFINITIONAL_REPRESENTATION('',(#12324),#12328);
#12324 = LINE('',#12325,#12326);
#12325 = CARTESIAN_POINT('',(58.,0.));
#12326 = VECTOR('',#12327,1.);
#12327 = DIRECTION('',(0.,1.));
#12328 = ( GEOMETRIC_REPRESENTATION_CONTEXT(2) 
PARAMETRIC_REPRESENTATION_CONTEXT() REPRESENTATION_CONTEXT('2D SPACE',''
  ) );
#12329 = ORIENTED_EDGE('',*,*,#12330,.T.);
#12330 = EDGE_CURVE('',#12308,#12331,#12333,.T.);
#12331 = VERTEX_POINT('',#12332);
#12332 = CARTESIAN_POINT('',(-30.82230508962,-56.,3.542E+03));
#12333 = SURFACE_CURVE('',#12334,(#12338,#12345),.PCURVE_S1.);
#12334 = LINE('',#12335,#12336);
#12335 = CARTESIAN_POINT('',(-30.82230508962,-56.,3.53E+03));
#12336 = VECTOR('',#12337,1.);
#12337 = DIRECTION('',(0.,0.,1.));
#12338 = PCURVE('',#12288,#12339);
#12339 = DEFINITIONAL_REPRESENTATION('',(#12340),#12344);
#12340 = LINE('',#12341,#12342);
#12341 = CARTESIAN_POINT('',(0.,-5.));
#12342 = VECTOR('',#12343,1.);
#12343 = DIRECTION('',(1.,0.));
#12344 = ( GEOMETRIC_REPRESENTATION_CONTEXT(2) 
PARAMETRIC_REPRESENTATION_CONTEXT() REPRESENTATION_CONTEXT('2D SPACE',''
  ) );
#12345 = PCURVE('',#12236,#12346);
#12346 = DEFINITIONAL_REPRESENTATION('',(#12347),#12351);
#12347 = LINE('',#12348,#12349);
#12348 = CARTESIAN_POINT('',(0.,58.));
#12349 = VECTOR('',#12350,1.);
#12350 = DIRECTION('',(1.,0.));
#12351 = ( GEOMETRIC_REPRESENTATION_CONTEXT(2) 
PARAMETRIC_REPRESENTATION_CONTEXT() REPRESENTATION_CONTEXT('2D SPACE',''
  ) );
#12352 = ORIENTED_EDGE('',*,*,#12353,.F.);
#12353 = EDGE_CURVE('',#12280,#12331,#12354,.T.);
#12354 = SURFACE_CURVE('',#12355,(#12359,#12366),.PCURVE_S1.);
#12355 = LINE('',#12356,#12357);
#12356 = CARTESIAN_POINT('',(-30.82230508962,-61.,3.542E+03));
#12357 = VECTOR('',#12358,1.);
#12358 = DIRECTION('',(-0.,1.,0.));
#12359 = PCURVE('',#12288,#12360);
#12360 = DEFINITIONAL_REPRESENTATION('',(#12361),#12365);
#12361 = LINE('',#12362,#12363);
#12362 = CARTESIAN_POINT('',(12.,0.));
#12363 = VECTOR('',#12364,1.);
#12364 = DIRECTION('',(0.,-1.));
#12365 = ( GEOMETRIC_REPRESENTATION_CONTEXT(2) 
PARAMETRIC_REPRESENTATION_CONTEXT() REPRESENTATION_CONTEXT('2D SPACE',''
  ) );
#12366 = PCURVE('',#12262,#12367);
#12367 = DEFINITIONAL_REPRESENTATION('',(#12368),#12372);
#12368 = LINE('',#12369,#12370);
#12369 = CARTESIAN_POINT('',(58.,0.));
#12370 = VECTOR('',#12371,1.);
#12371 = DIRECTION('',(0.,1.));
#12372 = ( GEOMETRIC_REPRESENTATION_CONTEXT(2) 
PARAMETRIC_REPRESENTATION_CONTEXT() REPRESENTATION_CONTEXT('2D SPACE',''
  ) );
#12373 = ADVANCED_FACE('',(#12374),#12180,.F.);
#12374 = FACE_BOUND('',#12375,.F.);
#12375 = EDGE_LOOP('',(#12376,#12397,#12398,#12419));
#12376 = ORIENTED_EDGE('',*,*,#12377,.F.);
#12377 = EDGE_CURVE('',#12158,#12278,#12378,.T.);
#12378 = SURFACE_CURVE('',#12379,(#12383,#12390),.PCURVE_S1.);
#12379 = LINE('',#12380,#12381);
#12380 = CARTESIAN_POINT('',(-88.82230508962,-61.,3.53E+03));
#12381 = VECTOR('',#12382,1.);
#12382 = DIRECTION('',(1.,0.,-0.));
#12383 = PCURVE('',#12180,#12384);
#12384 = DEFINITIONAL_REPRESENTATION('',(#12385),#12389);
#12385 = LINE('',#12386,#12387);
#12386 = CARTESIAN_POINT('',(0.,0.));
#12387 = VECTOR('',#12388,1.);
#12388 = DIRECTION('',(0.,1.));
#12389 = ( GEOMETRIC_REPRESENTATION_CONTEXT(2) 
PARAMETRIC_REPRESENTATION_CONTEXT() REPRESENTATION_CONTEXT('2D SPACE',''
  ) );
#12390 = PCURVE('',#12208,#12391);
#12391 = DEFINITIONAL_REPRESENTATION('',(#12392),#12396);
#12392 = LINE('',#12393,#12394);
#12393 = CARTESIAN_POINT('',(0.,0.));
#12394 = VECTOR('',#12395,1.);
#12395 = DIRECTION('',(1.,0.));
#12396 = ( GEOMETRIC_REPRESENTATION_CONTEXT(2) 
PARAMETRIC_REPRESENTATION_CONTEXT() REPRESENTATION_CONTEXT('2D SPACE',''
  ) );
#12397 = ORIENTED_EDGE('',*,*,#12157,.T.);
#12398 = ORIENTED_EDGE('',*,*,#12399,.T.);
#12399 = EDGE_CURVE('',#12160,#12280,#12400,.T.);
#12400 = SURFACE_CURVE('',#12401,(#12405,#12412),.PCURVE_S1.);
#12401 = LINE('',#12402,#12403);
#12402 = CARTESIAN_POINT('',(-88.82230508962,-61.,3.542E+03));
#12403 = VECTOR('',#12404,1.);
#12404 = DIRECTION('',(1.,0.,-0.));
#12405 = PCURVE('',#12180,#12406);
#12406 = DEFINITIONAL_REPRESENTATION('',(#12407),#12411);
#12407 = LINE('',#12408,#12409);
#12408 = CARTESIAN_POINT('',(12.,0.));
#12409 = VECTOR('',#12410,1.);
#12410 = DIRECTION('',(0.,1.));
#12411 = ( GEOMETRIC_REPRESENTATION_CONTEXT(2) 
PARAMETRIC_REPRESENTATION_CONTEXT() REPRESENTATION_CONTEXT('2D SPACE',''
  ) );
#12412 = PCURVE('',#12262,#12413);
#12413 = DEFINITIONAL_REPRESENTATION('',(#12414),#12418);
#12414 = LINE('',#12415,#12416);
#12415 = CARTESIAN_POINT('',(0.,0.));
#12416 = VECTOR('',#12417,1.);
#12417 = DIRECTION('',(1.,0.));
#12418 = ( GEOMETRIC_REPRESENTATION_CONTEXT(2) 
PARAMETRIC_REPRESENTATION_CONTEXT() REPRESENTATION_CONTEXT('2D SPACE',''
  ) );
#12419 = ORIENTED_EDGE('',*,*,#12277,.F.);
#12420 = ADVANCED_FACE('',(#12421),#12236,.T.);
#12421 = FACE_BOUND('',#12422,.T.);
#12422 = EDGE_LOOP('',(#12423,#12444,#12445,#12466));
#12423 = ORIENTED_EDGE('',*,*,#12424,.F.);
#12424 = EDGE_CURVE('',#12193,#12308,#12425,.T.);
#12425 = SURFACE_CURVE('',#12426,(#12430,#12437),.PCURVE_S1.);
#12426 = LINE('',#12427,#12428);
#12427 = CARTESIAN_POINT('',(-88.82230508962,-56.,3.53E+03));
#12428 = VECTOR('',#12429,1.);
#12429 = DIRECTION('',(1.,0.,-0.));
#12430 = PCURVE('',#12236,#12431);
#12431 = DEFINITIONAL_REPRESENTATION('',(#12432),#12436);
#12432 = LINE('',#12433,#12434);
#12433 = CARTESIAN_POINT('',(0.,0.));
#12434 = VECTOR('',#12435,1.);
#12435 = DIRECTION('',(0.,1.));
#12436 = ( GEOMETRIC_REPRESENTATION_CONTEXT(2) 
PARAMETRIC_REPRESENTATION_CONTEXT() REPRESENTATION_CONTEXT('2D SPACE',''
  ) );
#12437 = PCURVE('',#12208,#12438);
#12438 = DEFINITIONAL_REPRESENTATION('',(#12439),#12443);
#12439 = LINE('',#12440,#12441);
#12440 = CARTESIAN_POINT('',(0.,5.));
#12441 = VECTOR('',#12442,1.);
#12442 = DIRECTION('',(1.,0.));
#12443 = ( GEOMETRIC_REPRESENTATION_CONTEXT(2) 
PARAMETRIC_REPRESENTATION_CONTEXT() REPRESENTATION_CONTEXT('2D SPACE',''
  ) );
#12444 = ORIENTED_EDGE('',*,*,#12220,.T.);
#12445 = ORIENTED_EDGE('',*,*,#12446,.T.);
#12446 = EDGE_CURVE('',#12221,#12331,#12447,.T.);
#12447 = SURFACE_CURVE('',#12448,(#12452,#12459),.PCURVE_S1.);
#12448 = LINE('',#12449,#12450);
#12449 = CARTESIAN_POINT('',(-88.82230508962,-56.,3.542E+03));
#12450 = VECTOR('',#12451,1.);
#12451 = DIRECTION('',(1.,0.,-0.));
#12452 = PCURVE('',#12236,#12453);
#12453 = DEFINITIONAL_REPRESENTATION('',(#12454),#12458);
#12454 = LINE('',#12455,#12456);
#12455 = CARTESIAN_POINT('',(12.,0.));
#12456 = VECTOR('',#12457,1.);
#12457 = DIRECTION('',(0.,1.));
#12458 = ( GEOMETRIC_REPRESENTATION_CONTEXT(2) 
PARAMETRIC_REPRESENTATION_CONTEXT() REPRESENTATION_CONTEXT('2D SPACE',''
  ) );
#12459 = PCURVE('',#12262,#12460);
#12460 = DEFINITIONAL_REPRESENTATION('',(#12461),#12465);
#12461 = LINE('',#12462,#12463);
#12462 = CARTESIAN_POINT('',(0.,5.));
#12463 = VECTOR('',#12464,1.);
#12464 = DIRECTION('',(1.,0.));
#12465 = ( GEOMETRIC_REPRESENTATION_CONTEXT(2) 
PARAMETRIC_REPRESENTATION_CONTEXT() REPRESENTATION_CONTEXT('2D SPACE',''
  ) );
#12466 = ORIENTED_EDGE('',*,*,#12330,.F.);
#12467 = ADVANCED_FACE('',(#12468),#12208,.F.);
#12468 = FACE_BOUND('',#12469,.F.);
#12469 = EDGE_LOOP('',(#12470,#12471,#12472,#12473));
#12470 = ORIENTED_EDGE('',*,*,#12192,.F.);
#12471 = ORIENTED_EDGE('',*,*,#12377,.T.);
#12472 = ORIENTED_EDGE('',*,*,#12307,.T.);
#12473 = ORIENTED_EDGE('',*,*,#12424,.F.);
#12474 = ADVANCED_FACE('',(#12475),#12262,.T.);
#12475 = FACE_BOUND('',#12476,.T.);
#12476 = EDGE_LOOP('',(#12477,#12478,#12479,#12480));
#12477 = ORIENTED_EDGE('',*,*,#12248,.F.);
#12478 = ORIENTED_EDGE('',*,*,#12399,.T.);
#12479 = ORIENTED_EDGE('',*,*,#12353,.T.);
#12480 = ORIENTED_EDGE('',*,*,#12446,.F.);
#12481 = MANIFOLD_SOLID_BREP('',#12482);
#12482 = CLOSED_SHELL('',(#12483,#12603,#12703,#12750,#12797,#12804));
#12483 = ADVANCED_FACE('',(#12484),#12498,.F.);
#12484 = FACE_BOUND('',#12485,.F.);
#12485 = EDGE_LOOP('',(#12486,#12521,#12549,#12577));
#12486 = ORIENTED_EDGE('',*,*,#12487,.F.);
#12487 = EDGE_CURVE('',#12488,#12490,#12492,.T.);
#12488 = VERTEX_POINT('',#12489);
#12489 = CARTESIAN_POINT('',(-88.82230508962,56.,3.53E+03));
#12490 = VERTEX_POINT('',#12491);
#12491 = CARTESIAN_POINT('',(-88.82230508962,56.,3.542E+03));
#12492 = SURFACE_CURVE('',#12493,(#12497,#12509),.PCURVE_S1.);
#12493 = LINE('',#12494,#12495);
#12494 = CARTESIAN_POINT('',(-88.82230508962,56.,3.53E+03));
#12495 = VECTOR('',#12496,1.);
#12496 = DIRECTION('',(0.,0.,1.));
#12497 = PCURVE('',#12498,#12503);
#12498 = PLANE('',#12499);
#12499 = AXIS2_PLACEMENT_3D('',#12500,#12501,#12502);
#12500 = CARTESIAN_POINT('',(-88.82230508962,56.,3.53E+03));
#12501 = DIRECTION('',(1.,0.,-0.));
#12502 = DIRECTION('',(0.,0.,1.));
#12503 = DEFINITIONAL_REPRESENTATION('',(#12504),#12508);
#12504 = LINE('',#12505,#12506);
#12505 = CARTESIAN_POINT('',(0.,0.));
#12506 = VECTOR('',#12507,1.);
#12507 = DIRECTION('',(1.,0.));
#12508 = ( GEOMETRIC_REPRESENTATION_CONTEXT(2) 
PARAMETRIC_REPRESENTATION_CONTEXT() REPRESENTATION_CONTEXT('2D SPACE',''
  ) );
#12509 = PCURVE('',#12510,#12515);
#12510 = PLANE('',#12511);
#12511 = AXIS2_PLACEMENT_3D('',#12512,#12513,#12514);
#12512 = CARTESIAN_POINT('',(-88.82230508962,56.,3.53E+03));
#12513 = DIRECTION('',(-0.,1.,0.));
#12514 = DIRECTION('',(0.,0.,1.));
#12515 = DEFINITIONAL_REPRESENTATION('',(#12516),#12520);
#12516 = LINE('',#12517,#12518);
#12517 = CARTESIAN_POINT('',(0.,0.));
#12518 = VECTOR('',#12519,1.);
#12519 = DIRECTION('',(1.,0.));
#12520 = ( GEOMETRIC_REPRESENTATION_CONTEXT(2) 
PARAMETRIC_REPRESENTATION_CONTEXT() REPRESENTATION_CONTEXT('2D SPACE',''
  ) );
#12521 = ORIENTED_EDGE('',*,*,#12522,.T.);
#12522 = EDGE_CURVE('',#12488,#12523,#12525,.T.);
#12523 = VERTEX_POINT('',#12524);
#12524 = CARTESIAN_POINT('',(-88.82230508962,61.,3.53E+03));
#12525 = SURFACE_CURVE('',#12526,(#12530,#12537),.PCURVE_S1.);
#12526 = LINE('',#12527,#12528);
#12527 = CARTESIAN_POINT('',(-88.82230508962,56.,3.53E+03));
#12528 = VECTOR('',#12529,1.);
#12529 = DIRECTION('',(-0.,1.,0.));
#12530 = PCURVE('',#12498,#12531);
#12531 = DEFINITIONAL_REPRESENTATION('',(#12532),#12536);
#12532 = LINE('',#12533,#12534);
#12533 = CARTESIAN_POINT('',(0.,0.));
#12534 = VECTOR('',#12535,1.);
#12535 = DIRECTION('',(0.,-1.));
#12536 = ( GEOMETRIC_REPRESENTATION_CONTEXT(2) 
PARAMETRIC_REPRESENTATION_CONTEXT() REPRESENTATION_CONTEXT('2D SPACE',''
  ) );
#12537 = PCURVE('',#12538,#12543);
#12538 = PLANE('',#12539);
#12539 = AXIS2_PLACEMENT_3D('',#12540,#12541,#12542);
#12540 = CARTESIAN_POINT('',(-88.82230508962,56.,3.53E+03));
#12541 = DIRECTION('',(0.,0.,1.));
#12542 = DIRECTION('',(1.,0.,-0.));
#12543 = DEFINITIONAL_REPRESENTATION('',(#12544),#12548);
#12544 = LINE('',#12545,#12546);
#12545 = CARTESIAN_POINT('',(0.,0.));
#12546 = VECTOR('',#12547,1.);
#12547 = DIRECTION('',(0.,1.));
#12548 = ( GEOMETRIC_REPRESENTATION_CONTEXT(2) 
PARAMETRIC_REPRESENTATION_CONTEXT() REPRESENTATION_CONTEXT('2D SPACE',''
  ) );
#12549 = ORIENTED_EDGE('',*,*,#12550,.T.);
#12550 = EDGE_CURVE('',#12523,#12551,#12553,.T.);
#12551 = VERTEX_POINT('',#12552);
#12552 = CARTESIAN_POINT('',(-88.82230508962,61.,3.542E+03));
#12553 = SURFACE_CURVE('',#12554,(#12558,#12565),.PCURVE_S1.);
#12554 = LINE('',#12555,#12556);
#12555 = CARTESIAN_POINT('',(-88.82230508962,61.,3.53E+03));
#12556 = VECTOR('',#12557,1.);
#12557 = DIRECTION('',(0.,0.,1.));
#12558 = PCURVE('',#12498,#12559);
#12559 = DEFINITIONAL_REPRESENTATION('',(#12560),#12564);
#12560 = LINE('',#12561,#12562);
#12561 = CARTESIAN_POINT('',(0.,-5.));
#12562 = VECTOR('',#12563,1.);
#12563 = DIRECTION('',(1.,0.));
#12564 = ( GEOMETRIC_REPRESENTATION_CONTEXT(2) 
PARAMETRIC_REPRESENTATION_CONTEXT() REPRESENTATION_CONTEXT('2D SPACE',''
  ) );
#12565 = PCURVE('',#12566,#12571);
#12566 = PLANE('',#12567);
#12567 = AXIS2_PLACEMENT_3D('',#12568,#12569,#12570);
#12568 = CARTESIAN_POINT('',(-88.82230508962,61.,3.53E+03));
#12569 = DIRECTION('',(-0.,1.,0.));
#12570 = DIRECTION('',(0.,0.,1.));
#12571 = DEFINITIONAL_REPRESENTATION('',(#12572),#12576);
#12572 = LINE('',#12573,#12574);
#12573 = CARTESIAN_POINT('',(0.,0.));
#12574 = VECTOR('',#12575,1.);
#12575 = DIRECTION('',(1.,0.));
#12576 = ( GEOMETRIC_REPRESENTATION_CONTEXT(2) 
PARAMETRIC_REPRESENTATION_CONTEXT() REPRESENTATION_CONTEXT('2D SPACE',''
  ) );
#12577 = ORIENTED_EDGE('',*,*,#12578,.F.);
#12578 = EDGE_CURVE('',#12490,#12551,#12579,.T.);
#12579 = SURFACE_CURVE('',#12580,(#12584,#12591),.PCURVE_S1.);
#12580 = LINE('',#12581,#12582);
#12581 = CARTESIAN_POINT('',(-88.82230508962,56.,3.542E+03));
#12582 = VECTOR('',#12583,1.);
#12583 = DIRECTION('',(-0.,1.,0.));
#12584 = PCURVE('',#12498,#12585);
#12585 = DEFINITIONAL_REPRESENTATION('',(#12586),#12590);
#12586 = LINE('',#12587,#12588);
#12587 = CARTESIAN_POINT('',(12.,0.));
#12588 = VECTOR('',#12589,1.);
#12589 = DIRECTION('',(0.,-1.));
#12590 = ( GEOMETRIC_REPRESENTATION_CONTEXT(2) 
PARAMETRIC_REPRESENTATION_CONTEXT() REPRESENTATION_CONTEXT('2D SPACE',''
  ) );
#12591 = PCURVE('',#12592,#12597);
#12592 = PLANE('',#12593);
#12593 = AXIS2_PLACEMENT_3D('',#12594,#12595,#12596);
#12594 = CARTESIAN_POINT('',(-88.82230508962,56.,3.542E+03));
#12595 = DIRECTION('',(0.,0.,1.));
#12596 = DIRECTION('',(1.,0.,-0.));
#12597 = DEFINITIONAL_REPRESENTATION('',(#12598),#12602);
#12598 = LINE('',#12599,#12600);
#12599 = CARTESIAN_POINT('',(0.,0.));
#12600 = VECTOR('',#12601,1.);
#12601 = DIRECTION('',(0.,1.));
#12602 = ( GEOMETRIC_REPRESENTATION_CONTEXT(2) 
PARAMETRIC_REPRESENTATION_CONTEXT() REPRESENTATION_CONTEXT('2D SPACE',''
  ) );
#12603 = ADVANCED_FACE('',(#12604),#12618,.T.);
#12604 = FACE_BOUND('',#12605,.T.);
#12605 = EDGE_LOOP('',(#12606,#12636,#12659,#12682));
#12606 = ORIENTED_EDGE('',*,*,#12607,.F.);
#12607 = EDGE_CURVE('',#12608,#12610,#12612,.T.);
#12608 = VERTEX_POINT('',#12609);
#12609 = CARTESIAN_POINT('',(-30.82230508962,56.,3.53E+03));
#12610 = VERTEX_POINT('',#12611);
#12611 = CARTESIAN_POINT('',(-30.82230508962,56.,3.542E+03));
#12612 = SURFACE_CURVE('',#12613,(#12617,#12629),.PCURVE_S1.);
#12613 = LINE('',#12614,#12615);
#12614 = CARTESIAN_POINT('',(-30.82230508962,56.,3.53E+03));
#12615 = VECTOR('',#12616,1.);
#12616 = DIRECTION('',(0.,0.,1.));
#12617 = PCURVE('',#12618,#12623);
#12618 = PLANE('',#12619);
#12619 = AXIS2_PLACEMENT_3D('',#12620,#12621,#12622);
#12620 = CARTESIAN_POINT('',(-30.82230508962,56.,3.53E+03));
#12621 = DIRECTION('',(1.,0.,-0.));
#12622 = DIRECTION('',(0.,0.,1.));
#12623 = DEFINITIONAL_REPRESENTATION('',(#12624),#12628);
#12624 = LINE('',#12625,#12626);
#12625 = CARTESIAN_POINT('',(0.,0.));
#12626 = VECTOR('',#12627,1.);
#12627 = DIRECTION('',(1.,0.));
#12628 = ( GEOMETRIC_REPRESENTATION_CONTEXT(2) 
PARAMETRIC_REPRESENTATION_CONTEXT() REPRESENTATION_CONTEXT('2D SPACE',''
  ) );
#12629 = PCURVE('',#12510,#12630);
#12630 = DEFINITIONAL_REPRESENTATION('',(#12631),#12635);
#12631 = LINE('',#12632,#12633);
#12632 = CARTESIAN_POINT('',(0.,58.));
#12633 = VECTOR('',#12634,1.);
#12634 = DIRECTION('',(1.,0.));
#12635 = ( GEOMETRIC_REPRESENTATION_CONTEXT(2) 
PARAMETRIC_REPRESENTATION_CONTEXT() REPRESENTATION_CONTEXT('2D SPACE',''
  ) );
#12636 = ORIENTED_EDGE('',*,*,#12637,.T.);
#12637 = EDGE_CURVE('',#12608,#12638,#12640,.T.);
#12638 = VERTEX_POINT('',#12639);
#12639 = CARTESIAN_POINT('',(-30.82230508962,61.,3.53E+03));
#12640 = SURFACE_CURVE('',#12641,(#12645,#12652),.PCURVE_S1.);
#12641 = LINE('',#12642,#12643);
#12642 = CARTESIAN_POINT('',(-30.82230508962,56.,3.53E+03));
#12643 = VECTOR('',#12644,1.);
#12644 = DIRECTION('',(-0.,1.,0.));
#12645 = PCURVE('',#12618,#12646);
#12646 = DEFINITIONAL_REPRESENTATION('',(#12647),#12651);
#12647 = LINE('',#12648,#12649);
#12648 = CARTESIAN_POINT('',(0.,0.));
#12649 = VECTOR('',#12650,1.);
#12650 = DIRECTION('',(0.,-1.));
#12651 = ( GEOMETRIC_REPRESENTATION_CONTEXT(2) 
PARAMETRIC_REPRESENTATION_CONTEXT() REPRESENTATION_CONTEXT('2D SPACE',''
  ) );
#12652 = PCURVE('',#12538,#12653);
#12653 = DEFINITIONAL_REPRESENTATION('',(#12654),#12658);
#12654 = LINE('',#12655,#12656);
#12655 = CARTESIAN_POINT('',(58.,0.));
#12656 = VECTOR('',#12657,1.);
#12657 = DIRECTION('',(0.,1.));
#12658 = ( GEOMETRIC_REPRESENTATION_CONTEXT(2) 
PARAMETRIC_REPRESENTATION_CONTEXT() REPRESENTATION_CONTEXT('2D SPACE',''
  ) );
#12659 = ORIENTED_EDGE('',*,*,#12660,.T.);
#12660 = EDGE_CURVE('',#12638,#12661,#12663,.T.);
#12661 = VERTEX_POINT('',#12662);
#12662 = CARTESIAN_POINT('',(-30.82230508962,61.,3.542E+03));
#12663 = SURFACE_CURVE('',#12664,(#12668,#12675),.PCURVE_S1.);
#12664 = LINE('',#12665,#12666);
#12665 = CARTESIAN_POINT('',(-30.82230508962,61.,3.53E+03));
#12666 = VECTOR('',#12667,1.);
#12667 = DIRECTION('',(0.,0.,1.));
#12668 = PCURVE('',#12618,#12669);
#12669 = DEFINITIONAL_REPRESENTATION('',(#12670),#12674);
#12670 = LINE('',#12671,#12672);
#12671 = CARTESIAN_POINT('',(0.,-5.));
#12672 = VECTOR('',#12673,1.);
#12673 = DIRECTION('',(1.,0.));
#12674 = ( GEOMETRIC_REPRESENTATION_CONTEXT(2) 
PARAMETRIC_REPRESENTATION_CONTEXT() REPRESENTATION_CONTEXT('2D SPACE',''
  ) );
#12675 = PCURVE('',#12566,#12676);
#12676 = DEFINITIONAL_REPRESENTATION('',(#12677),#12681);
#12677 = LINE('',#12678,#12679);
#12678 = CARTESIAN_POINT('',(0.,58.));
#12679 = VECTOR('',#12680,1.);
#12680 = DIRECTION('',(1.,0.));
#12681 = ( GEOMETRIC_REPRESENTATION_CONTEXT(2) 
PARAMETRIC_REPRESENTATION_CONTEXT() REPRESENTATION_CONTEXT('2D SPACE',''
  ) );
#12682 = ORIENTED_EDGE('',*,*,#12683,.F.);
#12683 = EDGE_CURVE('',#12610,#12661,#12684,.T.);
#12684 = SURFACE_CURVE('',#12685,(#12689,#12696),.PCURVE_S1.);
#12685 = LINE('',#12686,#12687);
#12686 = CARTESIAN_POINT('',(-30.82230508962,56.,3.542E+03));
#12687 = VECTOR('',#12688,1.);
#12688 = DIRECTION('',(-0.,1.,0.));
#12689 = PCURVE('',#12618,#12690);
#12690 = DEFINITIONAL_REPRESENTATION('',(#12691),#12695);
#12691 = LINE('',#12692,#12693);
#12692 = CARTESIAN_POINT('',(12.,0.));
#12693 = VECTOR('',#12694,1.);
#12694 = DIRECTION('',(0.,-1.));
#12695 = ( GEOMETRIC_REPRESENTATION_CONTEXT(2) 
PARAMETRIC_REPRESENTATION_CONTEXT() REPRESENTATION_CONTEXT('2D SPACE',''
  ) );
#12696 = PCURVE('',#12592,#12697);
#12697 = DEFINITIONAL_REPRESENTATION('',(#12698),#12702);
#12698 = LINE('',#12699,#12700);
#12699 = CARTESIAN_POINT('',(58.,0.));
#12700 = VECTOR('',#12701,1.);
#12701 = DIRECTION('',(0.,1.));
#12702 = ( GEOMETRIC_REPRESENTATION_CONTEXT(2) 
PARAMETRIC_REPRESENTATION_CONTEXT() REPRESENTATION_CONTEXT('2D SPACE',''
  ) );
#12703 = ADVANCED_FACE('',(#12704),#12510,.F.);
#12704 = FACE_BOUND('',#12705,.F.);
#12705 = EDGE_LOOP('',(#12706,#12727,#12728,#12749));
#12706 = ORIENTED_EDGE('',*,*,#12707,.F.);
#12707 = EDGE_CURVE('',#12488,#12608,#12708,.T.);
#12708 = SURFACE_CURVE('',#12709,(#12713,#12720),.PCURVE_S1.);
#12709 = LINE('',#12710,#12711);
#12710 = CARTESIAN_POINT('',(-88.82230508962,56.,3.53E+03));
#12711 = VECTOR('',#12712,1.);
#12712 = DIRECTION('',(1.,0.,-0.));
#12713 = PCURVE('',#12510,#12714);
#12714 = DEFINITIONAL_REPRESENTATION('',(#12715),#12719);
#12715 = LINE('',#12716,#12717);
#12716 = CARTESIAN_POINT('',(0.,0.));
#12717 = VECTOR('',#12718,1.);
#12718 = DIRECTION('',(0.,1.));
#12719 = ( GEOMETRIC_REPRESENTATION_CONTEXT(2) 
PARAMETRIC_REPRESENTATION_CONTEXT() REPRESENTATION_CONTEXT('2D SPACE',''
  ) );
#12720 = PCURVE('',#12538,#12721);
#12721 = DEFINITIONAL_REPRESENTATION('',(#12722),#12726);
#12722 = LINE('',#12723,#12724);
#12723 = CARTESIAN_POINT('',(0.,0.));
#12724 = VECTOR('',#12725,1.);
#12725 = DIRECTION('',(1.,0.));
#12726 = ( GEOMETRIC_REPRESENTATION_CONTEXT(2) 
PARAMETRIC_REPRESENTATION_CONTEXT() REPRESENTATION_CONTEXT('2D SPACE',''
  ) );
#12727 = ORIENTED_EDGE('',*,*,#12487,.T.);
#12728 = ORIENTED_EDGE('',*,*,#12729,.T.);
#12729 = EDGE_CURVE('',#12490,#12610,#12730,.T.);
#12730 = SURFACE_CURVE('',#12731,(#12735,#12742),.PCURVE_S1.);
#12731 = LINE('',#12732,#12733);
#12732 = CARTESIAN_POINT('',(-88.82230508962,56.,3.542E+03));
#12733 = VECTOR('',#12734,1.);
#12734 = DIRECTION('',(1.,0.,-0.));
#12735 = PCURVE('',#12510,#12736);
#12736 = DEFINITIONAL_REPRESENTATION('',(#12737),#12741);
#12737 = LINE('',#12738,#12739);
#12738 = CARTESIAN_POINT('',(12.,0.));
#12739 = VECTOR('',#12740,1.);
#12740 = DIRECTION('',(0.,1.));
#12741 = ( GEOMETRIC_REPRESENTATION_CONTEXT(2) 
PARAMETRIC_REPRESENTATION_CONTEXT() REPRESENTATION_CONTEXT('2D SPACE',''
  ) );
#12742 = PCURVE('',#12592,#12743);
#12743 = DEFINITIONAL_REPRESENTATION('',(#12744),#12748);
#12744 = LINE('',#12745,#12746);
#12745 = CARTESIAN_POINT('',(0.,0.));
#12746 = VECTOR('',#12747,1.);
#12747 = DIRECTION('',(1.,0.));
#12748 = ( GEOMETRIC_REPRESENTATION_CONTEXT(2) 
PARAMETRIC_REPRESENTATION_CONTEXT() REPRESENTATION_CONTEXT('2D SPACE',''
  ) );
#12749 = ORIENTED_EDGE('',*,*,#12607,.F.);
#12750 = ADVANCED_FACE('',(#12751),#12566,.T.);
#12751 = FACE_BOUND('',#12752,.T.);
#12752 = EDGE_LOOP('',(#12753,#12774,#12775,#12796));
#12753 = ORIENTED_EDGE('',*,*,#12754,.F.);
#12754 = EDGE_CURVE('',#12523,#12638,#12755,.T.);
#12755 = SURFACE_CURVE('',#12756,(#12760,#12767),.PCURVE_S1.);
#12756 = LINE('',#12757,#12758);
#12757 = CARTESIAN_POINT('',(-88.82230508962,61.,3.53E+03));
#12758 = VECTOR('',#12759,1.);
#12759 = DIRECTION('',(1.,0.,-0.));
#12760 = PCURVE('',#12566,#12761);
#12761 = DEFINITIONAL_REPRESENTATION('',(#12762),#12766);
#12762 = LINE('',#12763,#12764);
#12763 = CARTESIAN_POINT('',(0.,0.));
#12764 = VECTOR('',#12765,1.);
#12765 = DIRECTION('',(0.,1.));
#12766 = ( GEOMETRIC_REPRESENTATION_CONTEXT(2) 
PARAMETRIC_REPRESENTATION_CONTEXT() REPRESENTATION_CONTEXT('2D SPACE',''
  ) );
#12767 = PCURVE('',#12538,#12768);
#12768 = DEFINITIONAL_REPRESENTATION('',(#12769),#12773);
#12769 = LINE('',#12770,#12771);
#12770 = CARTESIAN_POINT('',(0.,5.));
#12771 = VECTOR('',#12772,1.);
#12772 = DIRECTION('',(1.,0.));
#12773 = ( GEOMETRIC_REPRESENTATION_CONTEXT(2) 
PARAMETRIC_REPRESENTATION_CONTEXT() REPRESENTATION_CONTEXT('2D SPACE',''
  ) );
#12774 = ORIENTED_EDGE('',*,*,#12550,.T.);
#12775 = ORIENTED_EDGE('',*,*,#12776,.T.);
#12776 = EDGE_CURVE('',#12551,#12661,#12777,.T.);
#12777 = SURFACE_CURVE('',#12778,(#12782,#12789),.PCURVE_S1.);
#12778 = LINE('',#12779,#12780);
#12779 = CARTESIAN_POINT('',(-88.82230508962,61.,3.542E+03));
#12780 = VECTOR('',#12781,1.);
#12781 = DIRECTION('',(1.,0.,-0.));
#12782 = PCURVE('',#12566,#12783);
#12783 = DEFINITIONAL_REPRESENTATION('',(#12784),#12788);
#12784 = LINE('',#12785,#12786);
#12785 = CARTESIAN_POINT('',(12.,0.));
#12786 = VECTOR('',#12787,1.);
#12787 = DIRECTION('',(0.,1.));
#12788 = ( GEOMETRIC_REPRESENTATION_CONTEXT(2) 
PARAMETRIC_REPRESENTATION_CONTEXT() REPRESENTATION_CONTEXT('2D SPACE',''
  ) );
#12789 = PCURVE('',#12592,#12790);
#12790 = DEFINITIONAL_REPRESENTATION('',(#12791),#12795);
#12791 = LINE('',#12792,#12793);
#12792 = CARTESIAN_POINT('',(0.,5.));
#12793 = VECTOR('',#12794,1.);
#12794 = DIRECTION('',(1.,0.));
#12795 = ( GEOMETRIC_REPRESENTATION_CONTEXT(2) 
PARAMETRIC_REPRESENTATION_CONTEXT() REPRESENTATION_CONTEXT('2D SPACE',''
  ) );
#12796 = ORIENTED_EDGE('',*,*,#12660,.F.);
#12797 = ADVANCED_FACE('',(#12798),#12538,.F.);
#12798 = FACE_BOUND('',#12799,.F.);
#12799 = EDGE_LOOP('',(#12800,#12801,#12802,#12803));
#12800 = ORIENTED_EDGE('',*,*,#12522,.F.);
#12801 = ORIENTED_EDGE('',*,*,#12707,.T.);
#12802 = ORIENTED_EDGE('',*,*,#12637,.T.);
#12803 = ORIENTED_EDGE('',*,*,#12754,.F.);
#12804 = ADVANCED_FACE('',(#12805),#12592,.T.);
#12805 = FACE_BOUND('',#12806,.T.);
#12806 = EDGE_LOOP('',(#12807,#12808,#12809,#12810));
#12807 = ORIENTED_EDGE('',*,*,#12578,.F.);
#12808 = ORIENTED_EDGE('',*,*,#12729,.T.);
#12809 = ORIENTED_EDGE('',*,*,#12683,.T.);
#12810 = ORIENTED_EDGE('',*,*,#12776,.F.);
#12811 = ( GEOMETRIC_REPRESENTATION_CONTEXT(3) 
GLOBAL_UNCERTAINTY_ASSIGNED_CONTEXT((#12815)) 
GLOBAL_UNIT_ASSIGNED_CONTEXT((#12812,#12813,#12814)) 
REPRESENTATION_CONTEXT('Context #1',
  '3D Context with UNIT and UNCERTAINTY') );
#12812 = ( LENGTH_UNIT() NAMED_UNIT(*) SI_UNIT(.MILLI.,.METRE.) );
#12813 = ( NAMED_UNIT(*) PLANE_ANGLE_UNIT() SI_UNIT($,.RADIAN.) );
#12814 = ( NAMED_UNIT(*) SI_UNIT($,.STERADIAN.) SOLID_ANGLE_UNIT() );
#12815 = UNCERTAINTY_MEASURE_WITH_UNIT(LENGTH_MEASURE(2.E-07),#12812,
  'distance_accuracy_value','confusion accuracy');
#12816 = PRODUCT_RELATED_PRODUCT_CATEGORY('part',$,(#7));
ENDSEC;
END-ISO-10303-21;
