ISO-10303-21;
HEADER;
FILE_DESCRIPTION(('Open CASCADE Model'),'2;1');
FILE_NAME('Open CASCADE Shape Model','2026-09-26T00:06:16',('Author'),(
    'Open CASCADE'),'Open CASCADE STEP processor 8.0','build123d',
  'Unknown');
FILE_SCHEMA(('AUTOMOTIVE_DESIGN { 1 0 10303 214 1 1 1 1 }'));
ENDSEC;
DATA;
#1 = APPLICATION_PROTOCOL_DEFINITION('international standard',
  'automotive_design',2000,#2);
#2 = APPLICATION_CONTEXT(
  'core data for automotive mechanical design processes');
#3 = SHAPE_DEFINITION_REPRESENTATION(#4,#10);
#4 = PRODUCT_DEFINITION_SHAPE('','',#5);
#5 = PRODUCT_DEFINITION('design','',#6,#9);
#6 = PRODUCT_DEFINITION_FORMATION('','',#7);
#7 = PRODUCT('COMPOUND','COMPOUND','',(#8));
#8 = PRODUCT_CONTEXT('',#2,'mechanical');
#9 = PRODUCT_DEFINITION_CONTEXT('part definition',#2,'design');
#10 = SHAPE_REPRESENTATION('',(#11,#15,#345,#2245,#2575,#2905,#4805,
    #5135,#5465,#7459),#7777);
#11 = AXIS2_PLACEMENT_3D('',#12,#13,#14);
#12 = CARTESIAN_POINT('',(0.,0.,0.));
#13 = DIRECTION('',(0.,0.,1.));
#14 = DIRECTION('',(1.,0.,-0.));
#15 = MANIFOLD_SOLID_BREP('',#16);
#16 = CLOSED_SHELL('',(#17,#137,#237,#284,#331,#338));
#17 = ADVANCED_FACE('',(#18),#32,.F.);
#18 = FACE_BOUND('',#19,.F.);
#19 = EDGE_LOOP('',(#20,#55,#83,#111));
#20 = ORIENTED_EDGE('',*,*,#21,.F.);
#21 = EDGE_CURVE('',#22,#24,#26,.T.);
#22 = VERTEX_POINT('',#23);
#23 = CARTESIAN_POINT('',(-93.82230508962,-90.,3.26E+03));
#24 = VERTEX_POINT('',#25);
#25 = CARTESIAN_POINT('',(-93.82230508962,-90.,3.58E+03));
#26 = SURFACE_CURVE('',#27,(#31,#43),.PCURVE_S1.);
#27 = LINE('',#28,#29);
#28 = CARTESIAN_POINT('',(-93.82230508962,-90.,3.26E+03));
#29 = VECTOR('',#30,1.);
#30 = DIRECTION('',(0.,0.,1.));
#31 = PCURVE('',#32,#37);
#32 = PLANE('',#33);
#33 = AXIS2_PLACEMENT_3D('',#34,#35,#36);
#34 = CARTESIAN_POINT('',(-93.82230508962,-90.,3.26E+03));
#35 = DIRECTION('',(1.,0.,-0.));
#36 = DIRECTION('',(0.,0.,1.));
#37 = DEFINITIONAL_REPRESENTATION('',(#38),#42);
#38 = LINE('',#39,#40);
#39 = CARTESIAN_POINT('',(0.,0.));
#40 = VECTOR('',#41,1.);
#41 = DIRECTION('',(1.,0.));
#42 = ( GEOMETRIC_REPRESENTATION_CONTEXT(2) 
PARAMETRIC_REPRESENTATION_CONTEXT() REPRESENTATION_CONTEXT('2D SPACE',''
  ) );
#43 = PCURVE('',#44,#49);
#44 = PLANE('',#45);
#45 = AXIS2_PLACEMENT_3D('',#46,#47,#48);
#46 = CARTESIAN_POINT('',(-93.82230508962,-90.,3.26E+03));
#47 = DIRECTION('',(-0.,1.,0.));
#48 = DIRECTION('',(0.,0.,1.));
#49 = DEFINITIONAL_REPRESENTATION('',(#50),#54);
#50 = LINE('',#51,#52);
#51 = CARTESIAN_POINT('',(0.,0.));
#52 = VECTOR('',#53,1.);
#53 = DIRECTION('',(1.,0.));
#54 = ( GEOMETRIC_REPRESENTATION_CONTEXT(2) 
PARAMETRIC_REPRESENTATION_CONTEXT() REPRESENTATION_CONTEXT('2D SPACE',''
  ) );
#55 = ORIENTED_EDGE('',*,*,#56,.T.);
#56 = EDGE_CURVE('',#22,#57,#59,.T.);
#57 = VERTEX_POINT('',#58);
#58 = CARTESIAN_POINT('',(-93.82230508962,90.,3.26E+03));
#59 = SURFACE_CURVE('',#60,(#64,#71),.PCURVE_S1.);
#60 = LINE('',#61,#62);
#61 = CARTESIAN_POINT('',(-93.82230508962,-90.,3.26E+03));
#62 = VECTOR('',#63,1.);
#63 = DIRECTION('',(-0.,1.,0.));
#64 = PCURVE('',#32,#65);
#65 = DEFINITIONAL_REPRESENTATION('',(#66),#70);
#66 = LINE('',#67,#68);
#67 = CARTESIAN_POINT('',(0.,0.));
#68 = VECTOR('',#69,1.);
#69 = DIRECTION('',(0.,-1.));
#70 = ( GEOMETRIC_REPRESENTATION_CONTEXT(2) 
PARAMETRIC_REPRESENTATION_CONTEXT() REPRESENTATION_CONTEXT('2D SPACE',''
  ) );
#71 = PCURVE('',#72,#77);
#72 = PLANE('',#73);
#73 = AXIS2_PLACEMENT_3D('',#74,#75,#76);
#74 = CARTESIAN_POINT('',(-93.82230508962,-90.,3.26E+03));
#75 = DIRECTION('',(0.,0.,1.));
#76 = DIRECTION('',(1.,0.,-0.));
#77 = DEFINITIONAL_REPRESENTATION('',(#78),#82);
#78 = LINE('',#79,#80);
#79 = CARTESIAN_POINT('',(0.,0.));
#80 = VECTOR('',#81,1.);
#81 = DIRECTION('',(0.,1.));
#82 = ( GEOMETRIC_REPRESENTATION_CONTEXT(2) 
PARAMETRIC_REPRESENTATION_CONTEXT() REPRESENTATION_CONTEXT('2D SPACE',''
  ) );
#83 = ORIENTED_EDGE('',*,*,#84,.T.);
#84 = EDGE_CURVE('',#57,#85,#87,.T.);
#85 = VERTEX_POINT('',#86);
#86 = CARTESIAN_POINT('',(-93.82230508962,90.,3.58E+03));
#87 = SURFACE_CURVE('',#88,(#92,#99),.PCURVE_S1.);
#88 = LINE('',#89,#90);
#89 = CARTESIAN_POINT('',(-93.82230508962,90.,3.26E+03));
#90 = VECTOR('',#91,1.);
#91 = DIRECTION('',(0.,0.,1.));
#92 = PCURVE('',#32,#93);
#93 = DEFINITIONAL_REPRESENTATION('',(#94),#98);
#94 = LINE('',#95,#96);
#95 = CARTESIAN_POINT('',(0.,-180.));
#96 = VECTOR('',#97,1.);
#97 = DIRECTION('',(1.,0.));
#98 = ( GEOMETRIC_REPRESENTATION_CONTEXT(2) 
PARAMETRIC_REPRESENTATION_CONTEXT() REPRESENTATION_CONTEXT('2D SPACE',''
  ) );
#99 = PCURVE('',#100,#105);
#100 = PLANE('',#101);
#101 = AXIS2_PLACEMENT_3D('',#102,#103,#104);
#102 = CARTESIAN_POINT('',(-93.82230508962,90.,3.26E+03));
#103 = DIRECTION('',(-0.,1.,0.));
#104 = DIRECTION('',(0.,0.,1.));
#105 = DEFINITIONAL_REPRESENTATION('',(#106),#110);
#106 = LINE('',#107,#108);
#107 = CARTESIAN_POINT('',(0.,0.));
#108 = VECTOR('',#109,1.);
#109 = DIRECTION('',(1.,0.));
#110 = ( GEOMETRIC_REPRESENTATION_CONTEXT(2) 
PARAMETRIC_REPRESENTATION_CONTEXT() REPRESENTATION_CONTEXT('2D SPACE',''
  ) );
#111 = ORIENTED_EDGE('',*,*,#112,.F.);
#112 = EDGE_CURVE('',#24,#85,#113,.T.);
#113 = SURFACE_CURVE('',#114,(#118,#125),.PCURVE_S1.);
#114 = LINE('',#115,#116);
#115 = CARTESIAN_POINT('',(-93.82230508962,-90.,3.58E+03));
#116 = VECTOR('',#117,1.);
#117 = DIRECTION('',(-0.,1.,0.));
#118 = PCURVE('',#32,#119);
#119 = DEFINITIONAL_REPRESENTATION('',(#120),#124);
#120 = LINE('',#121,#122);
#121 = CARTESIAN_POINT('',(320.,0.));
#122 = VECTOR('',#123,1.);
#123 = DIRECTION('',(0.,-1.));
#124 = ( GEOMETRIC_REPRESENTATION_CONTEXT(2) 
PARAMETRIC_REPRESENTATION_CONTEXT() REPRESENTATION_CONTEXT('2D SPACE',''
  ) );
#125 = PCURVE('',#126,#131);
#126 = PLANE('',#127);
#127 = AXIS2_PLACEMENT_3D('',#128,#129,#130);
#128 = CARTESIAN_POINT('',(-93.82230508962,-90.,3.58E+03));
#129 = DIRECTION('',(0.,0.,1.));
#130 = DIRECTION('',(1.,0.,-0.));
#131 = DEFINITIONAL_REPRESENTATION('',(#132),#136);
#132 = LINE('',#133,#134);
#133 = CARTESIAN_POINT('',(0.,0.));
#134 = VECTOR('',#135,1.);
#135 = DIRECTION('',(0.,1.));
#136 = ( GEOMETRIC_REPRESENTATION_CONTEXT(2) 
PARAMETRIC_REPRESENTATION_CONTEXT() REPRESENTATION_CONTEXT('2D SPACE',''
  ) );
#137 = ADVANCED_FACE('',(#138),#152,.T.);
#138 = FACE_BOUND('',#139,.T.);
#139 = EDGE_LOOP('',(#140,#170,#193,#216));
#140 = ORIENTED_EDGE('',*,*,#141,.F.);
#141 = EDGE_CURVE('',#142,#144,#146,.T.);
#142 = VERTEX_POINT('',#143);
#143 = CARTESIAN_POINT('',(-90.82230508962,-90.,3.26E+03));
#144 = VERTEX_POINT('',#145);
#145 = CARTESIAN_POINT('',(-90.82230508962,-90.,3.58E+03));
#146 = SURFACE_CURVE('',#147,(#151,#163),.PCURVE_S1.);
#147 = LINE('',#148,#149);
#148 = CARTESIAN_POINT('',(-90.82230508962,-90.,3.26E+03));
#149 = VECTOR('',#150,1.);
#150 = DIRECTION('',(0.,0.,1.));
#151 = PCURVE('',#152,#157);
#152 = PLANE('',#153);
#153 = AXIS2_PLACEMENT_3D('',#154,#155,#156);
#154 = CARTESIAN_POINT('',(-90.82230508962,-90.,3.26E+03));
#155 = DIRECTION('',(1.,0.,-0.));
#156 = DIRECTION('',(0.,0.,1.));
#157 = DEFINITIONAL_REPRESENTATION('',(#158),#162);
#158 = LINE('',#159,#160);
#159 = CARTESIAN_POINT('',(0.,0.));
#160 = VECTOR('',#161,1.);
#161 = DIRECTION('',(1.,0.));
#162 = ( GEOMETRIC_REPRESENTATION_CONTEXT(2) 
PARAMETRIC_REPRESENTATION_CONTEXT() REPRESENTATION_CONTEXT('2D SPACE',''
  ) );
#163 = PCURVE('',#44,#164);
#164 = DEFINITIONAL_REPRESENTATION('',(#165),#169);
#165 = LINE('',#166,#167);
#166 = CARTESIAN_POINT('',(0.,3.));
#167 = VECTOR('',#168,1.);
#168 = DIRECTION('',(1.,0.));
#169 = ( GEOMETRIC_REPRESENTATION_CONTEXT(2) 
PARAMETRIC_REPRESENTATION_CONTEXT() REPRESENTATION_CONTEXT('2D SPACE',''
  ) );
#170 = ORIENTED_EDGE('',*,*,#171,.T.);
#171 = EDGE_CURVE('',#142,#172,#174,.T.);
#172 = VERTEX_POINT('',#173);
#173 = CARTESIAN_POINT('',(-90.82230508962,90.,3.26E+03));
#174 = SURFACE_CURVE('',#175,(#179,#186),.PCURVE_S1.);
#175 = LINE('',#176,#177);
#176 = CARTESIAN_POINT('',(-90.82230508962,-90.,3.26E+03));
#177 = VECTOR('',#178,1.);
#178 = DIRECTION('',(-0.,1.,0.));
#179 = PCURVE('',#152,#180);
#180 = DEFINITIONAL_REPRESENTATION('',(#181),#185);
#181 = LINE('',#182,#183);
#182 = CARTESIAN_POINT('',(0.,0.));
#183 = VECTOR('',#184,1.);
#184 = DIRECTION('',(0.,-1.));
#185 = ( GEOMETRIC_REPRESENTATION_CONTEXT(2) 
PARAMETRIC_REPRESENTATION_CONTEXT() REPRESENTATION_CONTEXT('2D SPACE',''
  ) );
#186 = PCURVE('',#72,#187);
#187 = DEFINITIONAL_REPRESENTATION('',(#188),#192);
#188 = LINE('',#189,#190);
#189 = CARTESIAN_POINT('',(3.,0.));
#190 = VECTOR('',#191,1.);
#191 = DIRECTION('',(0.,1.));
#192 = ( GEOMETRIC_REPRESENTATION_CONTEXT(2) 
PARAMETRIC_REPRESENTATION_CONTEXT() REPRESENTATION_CONTEXT('2D SPACE',''
  ) );
#193 = ORIENTED_EDGE('',*,*,#194,.T.);
#194 = EDGE_CURVE('',#172,#195,#197,.T.);
#195 = VERTEX_POINT('',#196);
#196 = CARTESIAN_POINT('',(-90.82230508962,90.,3.58E+03));
#197 = SURFACE_CURVE('',#198,(#202,#209),.PCURVE_S1.);
#198 = LINE('',#199,#200);
#199 = CARTESIAN_POINT('',(-90.82230508962,90.,3.26E+03));
#200 = VECTOR('',#201,1.);
#201 = DIRECTION('',(0.,0.,1.));
#202 = PCURVE('',#152,#203);
#203 = DEFINITIONAL_REPRESENTATION('',(#204),#208);
#204 = LINE('',#205,#206);
#205 = CARTESIAN_POINT('',(0.,-180.));
#206 = VECTOR('',#207,1.);
#207 = DIRECTION('',(1.,0.));
#208 = ( GEOMETRIC_REPRESENTATION_CONTEXT(2) 
PARAMETRIC_REPRESENTATION_CONTEXT() REPRESENTATION_CONTEXT('2D SPACE',''
  ) );
#209 = PCURVE('',#100,#210);
#210 = DEFINITIONAL_REPRESENTATION('',(#211),#215);
#211 = LINE('',#212,#213);
#212 = CARTESIAN_POINT('',(0.,3.));
#213 = VECTOR('',#214,1.);
#214 = DIRECTION('',(1.,0.));
#215 = ( GEOMETRIC_REPRESENTATION_CONTEXT(2) 
PARAMETRIC_REPRESENTATION_CONTEXT() REPRESENTATION_CONTEXT('2D SPACE',''
  ) );
#216 = ORIENTED_EDGE('',*,*,#217,.F.);
#217 = EDGE_CURVE('',#144,#195,#218,.T.);
#218 = SURFACE_CURVE('',#219,(#223,#230),.PCURVE_S1.);
#219 = LINE('',#220,#221);
#220 = CARTESIAN_POINT('',(-90.82230508962,-90.,3.58E+03));
#221 = VECTOR('',#222,1.);
#222 = DIRECTION('',(-0.,1.,0.));
#223 = PCURVE('',#152,#224);
#224 = DEFINITIONAL_REPRESENTATION('',(#225),#229);
#225 = LINE('',#226,#227);
#226 = CARTESIAN_POINT('',(320.,0.));
#227 = VECTOR('',#228,1.);
#228 = DIRECTION('',(0.,-1.));
#229 = ( GEOMETRIC_REPRESENTATION_CONTEXT(2) 
PARAMETRIC_REPRESENTATION_CONTEXT() REPRESENTATION_CONTEXT('2D SPACE',''
  ) );
#230 = PCURVE('',#126,#231);
#231 = DEFINITIONAL_REPRESENTATION('',(#232),#236);
#232 = LINE('',#233,#234);
#233 = CARTESIAN_POINT('',(3.,0.));
#234 = VECTOR('',#235,1.);
#235 = DIRECTION('',(0.,1.));
#236 = ( GEOMETRIC_REPRESENTATION_CONTEXT(2) 
PARAMETRIC_REPRESENTATION_CONTEXT() REPRESENTATION_CONTEXT('2D SPACE',''
  ) );
#237 = ADVANCED_FACE('',(#238),#44,.F.);
#238 = FACE_BOUND('',#239,.F.);
#239 = EDGE_LOOP('',(#240,#261,#262,#283));
#240 = ORIENTED_EDGE('',*,*,#241,.F.);
#241 = EDGE_CURVE('',#22,#142,#242,.T.);
#242 = SURFACE_CURVE('',#243,(#247,#254),.PCURVE_S1.);
#243 = LINE('',#244,#245);
#244 = CARTESIAN_POINT('',(-93.82230508962,-90.,3.26E+03));
#245 = VECTOR('',#246,1.);
#246 = DIRECTION('',(1.,0.,-0.));
#247 = PCURVE('',#44,#248);
#248 = DEFINITIONAL_REPRESENTATION('',(#249),#253);
#249 = LINE('',#250,#251);
#250 = CARTESIAN_POINT('',(0.,0.));
#251 = VECTOR('',#252,1.);
#252 = DIRECTION('',(0.,1.));
#253 = ( GEOMETRIC_REPRESENTATION_CONTEXT(2) 
PARAMETRIC_REPRESENTATION_CONTEXT() REPRESENTATION_CONTEXT('2D SPACE',''
  ) );
#254 = PCURVE('',#72,#255);
#255 = DEFINITIONAL_REPRESENTATION('',(#256),#260);
#256 = LINE('',#257,#258);
#257 = CARTESIAN_POINT('',(0.,0.));
#258 = VECTOR('',#259,1.);
#259 = DIRECTION('',(1.,0.));
#260 = ( GEOMETRIC_REPRESENTATION_CONTEXT(2) 
PARAMETRIC_REPRESENTATION_CONTEXT() REPRESENTATION_CONTEXT('2D SPACE',''
  ) );
#261 = ORIENTED_EDGE('',*,*,#21,.T.);
#262 = ORIENTED_EDGE('',*,*,#263,.T.);
#263 = EDGE_CURVE('',#24,#144,#264,.T.);
#264 = SURFACE_CURVE('',#265,(#269,#276),.PCURVE_S1.);
#265 = LINE('',#266,#267);
#266 = CARTESIAN_POINT('',(-93.82230508962,-90.,3.58E+03));
#267 = VECTOR('',#268,1.);
#268 = DIRECTION('',(1.,0.,-0.));
#269 = PCURVE('',#44,#270);
#270 = DEFINITIONAL_REPRESENTATION('',(#271),#275);
#271 = LINE('',#272,#273);
#272 = CARTESIAN_POINT('',(320.,0.));
#273 = VECTOR('',#274,1.);
#274 = DIRECTION('',(0.,1.));
#275 = ( GEOMETRIC_REPRESENTATION_CONTEXT(2) 
PARAMETRIC_REPRESENTATION_CONTEXT() REPRESENTATION_CONTEXT('2D SPACE',''
  ) );
#276 = PCURVE('',#126,#277);
#277 = DEFINITIONAL_REPRESENTATION('',(#278),#282);
#278 = LINE('',#279,#280);
#279 = CARTESIAN_POINT('',(0.,0.));
#280 = VECTOR('',#281,1.);
#281 = DIRECTION('',(1.,0.));
#282 = ( GEOMETRIC_REPRESENTATION_CONTEXT(2) 
PARAMETRIC_REPRESENTATION_CONTEXT() REPRESENTATION_CONTEXT('2D SPACE',''
  ) );
#283 = ORIENTED_EDGE('',*,*,#141,.F.);
#284 = ADVANCED_FACE('',(#285),#100,.T.);
#285 = FACE_BOUND('',#286,.T.);
#286 = EDGE_LOOP('',(#287,#308,#309,#330));
#287 = ORIENTED_EDGE('',*,*,#288,.F.);
#288 = EDGE_CURVE('',#57,#172,#289,.T.);
#289 = SURFACE_CURVE('',#290,(#294,#301),.PCURVE_S1.);
#290 = LINE('',#291,#292);
#291 = CARTESIAN_POINT('',(-93.82230508962,90.,3.26E+03));
#292 = VECTOR('',#293,1.);
#293 = DIRECTION('',(1.,0.,-0.));
#294 = PCURVE('',#100,#295);
#295 = DEFINITIONAL_REPRESENTATION('',(#296),#300);
#296 = LINE('',#297,#298);
#297 = CARTESIAN_POINT('',(0.,0.));
#298 = VECTOR('',#299,1.);
#299 = DIRECTION('',(0.,1.));
#300 = ( GEOMETRIC_REPRESENTATION_CONTEXT(2) 
PARAMETRIC_REPRESENTATION_CONTEXT() REPRESENTATION_CONTEXT('2D SPACE',''
  ) );
#301 = PCURVE('',#72,#302);
#302 = DEFINITIONAL_REPRESENTATION('',(#303),#307);
#303 = LINE('',#304,#305);
#304 = CARTESIAN_POINT('',(0.,180.));
#305 = VECTOR('',#306,1.);
#306 = DIRECTION('',(1.,0.));
#307 = ( GEOMETRIC_REPRESENTATION_CONTEXT(2) 
PARAMETRIC_REPRESENTATION_CONTEXT() REPRESENTATION_CONTEXT('2D SPACE',''
  ) );
#308 = ORIENTED_EDGE('',*,*,#84,.T.);
#309 = ORIENTED_EDGE('',*,*,#310,.T.);
#310 = EDGE_CURVE('',#85,#195,#311,.T.);
#311 = SURFACE_CURVE('',#312,(#316,#323),.PCURVE_S1.);
#312 = LINE('',#313,#314);
#313 = CARTESIAN_POINT('',(-93.82230508962,90.,3.58E+03));
#314 = VECTOR('',#315,1.);
#315 = DIRECTION('',(1.,0.,-0.));
#316 = PCURVE('',#100,#317);
#317 = DEFINITIONAL_REPRESENTATION('',(#318),#322);
#318 = LINE('',#319,#320);
#319 = CARTESIAN_POINT('',(320.,0.));
#320 = VECTOR('',#321,1.);
#321 = DIRECTION('',(0.,1.));
#322 = ( GEOMETRIC_REPRESENTATION_CONTEXT(2) 
PARAMETRIC_REPRESENTATION_CONTEXT() REPRESENTATION_CONTEXT('2D SPACE',''
  ) );
#323 = PCURVE('',#126,#324);
#324 = DEFINITIONAL_REPRESENTATION('',(#325),#329);
#325 = LINE('',#326,#327);
#326 = CARTESIAN_POINT('',(0.,180.));
#327 = VECTOR('',#328,1.);
#328 = DIRECTION('',(1.,0.));
#329 = ( GEOMETRIC_REPRESENTATION_CONTEXT(2) 
PARAMETRIC_REPRESENTATION_CONTEXT() REPRESENTATION_CONTEXT('2D SPACE',''
  ) );
#330 = ORIENTED_EDGE('',*,*,#194,.F.);
#331 = ADVANCED_FACE('',(#332),#72,.F.);
#332 = FACE_BOUND('',#333,.F.);
#333 = EDGE_LOOP('',(#334,#335,#336,#337));
#334 = ORIENTED_EDGE('',*,*,#56,.F.);
#335 = ORIENTED_EDGE('',*,*,#241,.T.);
#336 = ORIENTED_EDGE('',*,*,#171,.T.);
#337 = ORIENTED_EDGE('',*,*,#288,.F.);
#338 = ADVANCED_FACE('',(#339),#126,.T.);
#339 = FACE_BOUND('',#340,.T.);
#340 = EDGE_LOOP('',(#341,#342,#343,#344));
#341 = ORIENTED_EDGE('',*,*,#112,.F.);
#342 = ORIENTED_EDGE('',*,*,#263,.T.);
#343 = ORIENTED_EDGE('',*,*,#217,.T.);
#344 = ORIENTED_EDGE('',*,*,#310,.F.);
#345 = MANIFOLD_SOLID_BREP('',#346);
#346 = CLOSED_SHELL('',(#347,#467,#755,#831,#921,#946,#973,#998,#1005,
    #1074,#1279,#1354,#1431,#1550,#1598,#1646,#1671,#1697,#1750,#1799,
    #1826,#1988,#2064,#2154,#2179,#2206,#2231,#2238));
#347 = ADVANCED_FACE('',(#348),#362,.F.);
#348 = FACE_BOUND('',#349,.F.);
#349 = EDGE_LOOP('',(#350,#385,#413,#441));
#350 = ORIENTED_EDGE('',*,*,#351,.F.);
#351 = EDGE_CURVE('',#352,#354,#356,.T.);
#352 = VERTEX_POINT('',#353);
#353 = CARTESIAN_POINT('',(-90.82230508962,-55.,3.266E+03));
#354 = VERTEX_POINT('',#355);
#355 = CARTESIAN_POINT('',(-90.82230508962,-55.,3.306E+03));
#356 = SURFACE_CURVE('',#357,(#361,#373),.PCURVE_S1.);
#357 = LINE('',#358,#359);
#358 = CARTESIAN_POINT('',(-90.82230508962,-55.,3.266E+03));
#359 = VECTOR('',#360,1.);
#360 = DIRECTION('',(0.,0.,1.));
#361 = PCURVE('',#362,#367);
#362 = PLANE('',#363);
#363 = AXIS2_PLACEMENT_3D('',#364,#365,#366);
#364 = CARTESIAN_POINT('',(-90.82230508962,-55.,3.266E+03));
#365 = DIRECTION('',(1.,0.,-0.));
#366 = DIRECTION('',(0.,0.,1.));
#367 = DEFINITIONAL_REPRESENTATION('',(#368),#372);
#368 = LINE('',#369,#370);
#369 = CARTESIAN_POINT('',(0.,0.));
#370 = VECTOR('',#371,1.);
#371 = DIRECTION('',(1.,0.));
#372 = ( GEOMETRIC_REPRESENTATION_CONTEXT(2) 
PARAMETRIC_REPRESENTATION_CONTEXT() REPRESENTATION_CONTEXT('2D SPACE',''
  ) );
#373 = PCURVE('',#374,#379);
#374 = PLANE('',#375);
#375 = AXIS2_PLACEMENT_3D('',#376,#377,#378);
#376 = CARTESIAN_POINT('',(-90.82230508962,-55.,3.266E+03));
#377 = DIRECTION('',(-0.,1.,0.));
#378 = DIRECTION('',(0.,0.,1.));
#379 = DEFINITIONAL_REPRESENTATION('',(#380),#384);
#380 = LINE('',#381,#382);
#381 = CARTESIAN_POINT('',(0.,0.));
#382 = VECTOR('',#383,1.);
#383 = DIRECTION('',(1.,0.));
#384 = ( GEOMETRIC_REPRESENTATION_CONTEXT(2) 
PARAMETRIC_REPRESENTATION_CONTEXT() REPRESENTATION_CONTEXT('2D SPACE',''
  ) );
#385 = ORIENTED_EDGE('',*,*,#386,.T.);
#386 = EDGE_CURVE('',#352,#387,#389,.T.);
#387 = VERTEX_POINT('',#388);
#388 = CARTESIAN_POINT('',(-90.82230508962,55.,3.266E+03));
#389 = SURFACE_CURVE('',#390,(#394,#401),.PCURVE_S1.);
#390 = LINE('',#391,#392);
#391 = CARTESIAN_POINT('',(-90.82230508962,-55.,3.266E+03));
#392 = VECTOR('',#393,1.);
#393 = DIRECTION('',(-0.,1.,0.));
#394 = PCURVE('',#362,#395);
#395 = DEFINITIONAL_REPRESENTATION('',(#396),#400);
#396 = LINE('',#397,#398);
#397 = CARTESIAN_POINT('',(0.,0.));
#398 = VECTOR('',#399,1.);
#399 = DIRECTION('',(0.,-1.));
#400 = ( GEOMETRIC_REPRESENTATION_CONTEXT(2) 
PARAMETRIC_REPRESENTATION_CONTEXT() REPRESENTATION_CONTEXT('2D SPACE',''
  ) );
#401 = PCURVE('',#402,#407);
#402 = PLANE('',#403);
#403 = AXIS2_PLACEMENT_3D('',#404,#405,#406);
#404 = CARTESIAN_POINT('',(-90.82230508962,-55.,3.266E+03));
#405 = DIRECTION('',(0.,0.,1.));
#406 = DIRECTION('',(1.,0.,-0.));
#407 = DEFINITIONAL_REPRESENTATION('',(#408),#412);
#408 = LINE('',#409,#410);
#409 = CARTESIAN_POINT('',(0.,0.));
#410 = VECTOR('',#411,1.);
#411 = DIRECTION('',(0.,1.));
#412 = ( GEOMETRIC_REPRESENTATION_CONTEXT(2) 
PARAMETRIC_REPRESENTATION_CONTEXT() REPRESENTATION_CONTEXT('2D SPACE',''
  ) );
#413 = ORIENTED_EDGE('',*,*,#414,.T.);
#414 = EDGE_CURVE('',#387,#415,#417,.T.);
#415 = VERTEX_POINT('',#416);
#416 = CARTESIAN_POINT('',(-90.82230508962,55.,3.306E+03));
#417 = SURFACE_CURVE('',#418,(#422,#429),.PCURVE_S1.);
#418 = LINE('',#419,#420);
#419 = CARTESIAN_POINT('',(-90.82230508962,55.,3.266E+03));
#420 = VECTOR('',#421,1.);
#421 = DIRECTION('',(0.,0.,1.));
#422 = PCURVE('',#362,#423);
#423 = DEFINITIONAL_REPRESENTATION('',(#424),#428);
#424 = LINE('',#425,#426);
#425 = CARTESIAN_POINT('',(0.,-110.));
#426 = VECTOR('',#427,1.);
#427 = DIRECTION('',(1.,0.));
#428 = ( GEOMETRIC_REPRESENTATION_CONTEXT(2) 
PARAMETRIC_REPRESENTATION_CONTEXT() REPRESENTATION_CONTEXT('2D SPACE',''
  ) );
#429 = PCURVE('',#430,#435);
#430 = PLANE('',#431);
#431 = AXIS2_PLACEMENT_3D('',#432,#433,#434);
#432 = CARTESIAN_POINT('',(-90.82230508962,55.,3.266E+03));
#433 = DIRECTION('',(-0.,1.,0.));
#434 = DIRECTION('',(0.,0.,1.));
#435 = DEFINITIONAL_REPRESENTATION('',(#436),#440);
#436 = LINE('',#437,#438);
#437 = CARTESIAN_POINT('',(0.,0.));
#438 = VECTOR('',#439,1.);
#439 = DIRECTION('',(1.,0.));
#440 = ( GEOMETRIC_REPRESENTATION_CONTEXT(2) 
PARAMETRIC_REPRESENTATION_CONTEXT() REPRESENTATION_CONTEXT('2D SPACE',''
  ) );
#441 = ORIENTED_EDGE('',*,*,#442,.F.);
#442 = EDGE_CURVE('',#354,#415,#443,.T.);
#443 = SURFACE_CURVE('',#444,(#448,#455),.PCURVE_S1.);
#444 = LINE('',#445,#446);
#445 = CARTESIAN_POINT('',(-90.82230508962,-55.,3.306E+03));
#446 = VECTOR('',#447,1.);
#447 = DIRECTION('',(-0.,1.,0.));
#448 = PCURVE('',#362,#449);
#449 = DEFINITIONAL_REPRESENTATION('',(#450),#454);
#450 = LINE('',#451,#452);
#451 = CARTESIAN_POINT('',(40.,0.));
#452 = VECTOR('',#453,1.);
#453 = DIRECTION('',(0.,-1.));
#454 = ( GEOMETRIC_REPRESENTATION_CONTEXT(2) 
PARAMETRIC_REPRESENTATION_CONTEXT() REPRESENTATION_CONTEXT('2D SPACE',''
  ) );
#455 = PCURVE('',#456,#461);
#456 = PLANE('',#457);
#457 = AXIS2_PLACEMENT_3D('',#458,#459,#460);
#458 = CARTESIAN_POINT('',(-90.82230508962,-55.,3.306E+03));
#459 = DIRECTION('',(0.,0.,1.));
#460 = DIRECTION('',(1.,0.,-0.));
#461 = DEFINITIONAL_REPRESENTATION('',(#462),#466);
#462 = LINE('',#463,#464);
#463 = CARTESIAN_POINT('',(0.,0.));
#464 = VECTOR('',#465,1.);
#465 = DIRECTION('',(0.,1.));
#466 = ( GEOMETRIC_REPRESENTATION_CONTEXT(2) 
PARAMETRIC_REPRESENTATION_CONTEXT() REPRESENTATION_CONTEXT('2D SPACE',''
  ) );
#467 = ADVANCED_FACE('',(#468,#623),#402,.F.);
#468 = FACE_BOUND('',#469,.F.);
#469 = EDGE_LOOP('',(#470,#493,#494,#517,#545,#571,#597));
#470 = ORIENTED_EDGE('',*,*,#471,.F.);
#471 = EDGE_CURVE('',#387,#472,#474,.T.);
#472 = VERTEX_POINT('',#473);
#473 = CARTESIAN_POINT('',(-30.82230508962,55.,3.266E+03));
#474 = SURFACE_CURVE('',#475,(#479,#486),.PCURVE_S1.);
#475 = LINE('',#476,#477);
#476 = CARTESIAN_POINT('',(-90.82230508962,55.,3.266E+03));
#477 = VECTOR('',#478,1.);
#478 = DIRECTION('',(1.,0.,-0.));
#479 = PCURVE('',#402,#480);
#480 = DEFINITIONAL_REPRESENTATION('',(#481),#485);
#481 = LINE('',#482,#483);
#482 = CARTESIAN_POINT('',(0.,110.));
#483 = VECTOR('',#484,1.);
#484 = DIRECTION('',(1.,0.));
#485 = ( GEOMETRIC_REPRESENTATION_CONTEXT(2) 
PARAMETRIC_REPRESENTATION_CONTEXT() REPRESENTATION_CONTEXT('2D SPACE',''
  ) );
#486 = PCURVE('',#430,#487);
#487 = DEFINITIONAL_REPRESENTATION('',(#488),#492);
#488 = LINE('',#489,#490);
#489 = CARTESIAN_POINT('',(0.,0.));
#490 = VECTOR('',#491,1.);
#491 = DIRECTION('',(0.,1.));
#492 = ( GEOMETRIC_REPRESENTATION_CONTEXT(2) 
PARAMETRIC_REPRESENTATION_CONTEXT() REPRESENTATION_CONTEXT('2D SPACE',''
  ) );
#493 = ORIENTED_EDGE('',*,*,#386,.F.);
#494 = ORIENTED_EDGE('',*,*,#495,.T.);
#495 = EDGE_CURVE('',#352,#496,#498,.T.);
#496 = VERTEX_POINT('',#497);
#497 = CARTESIAN_POINT('',(-30.82230508962,-55.,3.266E+03));
#498 = SURFACE_CURVE('',#499,(#503,#510),.PCURVE_S1.);
#499 = LINE('',#500,#501);
#500 = CARTESIAN_POINT('',(-90.82230508962,-55.,3.266E+03));
#501 = VECTOR('',#502,1.);
#502 = DIRECTION('',(1.,0.,-0.));
#503 = PCURVE('',#402,#504);
#504 = DEFINITIONAL_REPRESENTATION('',(#505),#509);
#505 = LINE('',#506,#507);
#506 = CARTESIAN_POINT('',(0.,0.));
#507 = VECTOR('',#508,1.);
#508 = DIRECTION('',(1.,0.));
#509 = ( GEOMETRIC_REPRESENTATION_CONTEXT(2) 
PARAMETRIC_REPRESENTATION_CONTEXT() REPRESENTATION_CONTEXT('2D SPACE',''
  ) );
#510 = PCURVE('',#374,#511);
#511 = DEFINITIONAL_REPRESENTATION('',(#512),#516);
#512 = LINE('',#513,#514);
#513 = CARTESIAN_POINT('',(0.,0.));
#514 = VECTOR('',#515,1.);
#515 = DIRECTION('',(0.,1.));
#516 = ( GEOMETRIC_REPRESENTATION_CONTEXT(2) 
PARAMETRIC_REPRESENTATION_CONTEXT() REPRESENTATION_CONTEXT('2D SPACE',''
  ) );
#517 = ORIENTED_EDGE('',*,*,#518,.T.);
#518 = EDGE_CURVE('',#496,#519,#521,.T.);
#519 = VERTEX_POINT('',#520);
#520 = CARTESIAN_POINT('',(-30.82230508962,-50.,3.266E+03));
#521 = SURFACE_CURVE('',#522,(#526,#533),.PCURVE_S1.);
#522 = LINE('',#523,#524);
#523 = CARTESIAN_POINT('',(-30.82230508962,-55.,3.266E+03));
#524 = VECTOR('',#525,1.);
#525 = DIRECTION('',(-0.,1.,0.));
#526 = PCURVE('',#402,#527);
#527 = DEFINITIONAL_REPRESENTATION('',(#528),#532);
#528 = LINE('',#529,#530);
#529 = CARTESIAN_POINT('',(60.,0.));
#530 = VECTOR('',#531,1.);
#531 = DIRECTION('',(0.,1.));
#532 = ( GEOMETRIC_REPRESENTATION_CONTEXT(2) 
PARAMETRIC_REPRESENTATION_CONTEXT() REPRESENTATION_CONTEXT('2D SPACE',''
  ) );
#533 = PCURVE('',#534,#539);
#534 = PLANE('',#535);
#535 = AXIS2_PLACEMENT_3D('',#536,#537,#538);
#536 = CARTESIAN_POINT('',(-30.82230508962,-55.,3.266E+03));
#537 = DIRECTION('',(1.,0.,-0.));
#538 = DIRECTION('',(0.,0.,1.));
#539 = DEFINITIONAL_REPRESENTATION('',(#540),#544);
#540 = LINE('',#541,#542);
#541 = CARTESIAN_POINT('',(0.,0.));
#542 = VECTOR('',#543,1.);
#543 = DIRECTION('',(0.,-1.));
#544 = ( GEOMETRIC_REPRESENTATION_CONTEXT(2) 
PARAMETRIC_REPRESENTATION_CONTEXT() REPRESENTATION_CONTEXT('2D SPACE',''
  ) );
#545 = ORIENTED_EDGE('',*,*,#546,.T.);
#546 = EDGE_CURVE('',#519,#547,#549,.T.);
#547 = VERTEX_POINT('',#548);
#548 = CARTESIAN_POINT('',(-80.82230508962,-2.84217094304E-14,3.266E+03)
  );
#549 = SURFACE_CURVE('',#550,(#554,#560),.PCURVE_S1.);
#550 = LINE('',#551,#552);
#551 = CARTESIAN_POINT('',(1.138373029032,-81.96067811865,3.266E+03));
#552 = VECTOR('',#553,1.);
#553 = DIRECTION('',(-0.707106781187,0.707106781187,0.));
#554 = PCURVE('',#402,#555);
#555 = DEFINITIONAL_REPRESENTATION('',(#556),#559);
#556 = B_SPLINE_CURVE_WITH_KNOTS('',1,(#557,#558),.UNSPECIFIED.,.F.,.F.,
  (2,2),(45.199224458043,115.90990257669),.PIECEWISE_BEZIER_KNOTS.);
#557 = CARTESIAN_POINT('',(60.,5.));
#558 = CARTESIAN_POINT('',(10.,55.));
#559 = ( GEOMETRIC_REPRESENTATION_CONTEXT(2) 
PARAMETRIC_REPRESENTATION_CONTEXT() REPRESENTATION_CONTEXT('2D SPACE',''
  ) );
#560 = PCURVE('',#561,#566);
#561 = PLANE('',#562);
#562 = AXIS2_PLACEMENT_3D('',#563,#564,#565);
#563 = CARTESIAN_POINT('',(60.599051147687,-141.4213562373,3.265E+03));
#564 = DIRECTION('',(0.707106781187,0.707106781187,0.));
#565 = DIRECTION('',(0.,0.,1.));
#566 = DEFINITIONAL_REPRESENTATION('',(#567),#570);
#567 = B_SPLINE_CURVE_WITH_KNOTS('',1,(#568,#569),.UNSPECIFIED.,.F.,.F.,
  (2,2),(45.199224458043,115.90990257669),.PIECEWISE_BEZIER_KNOTS.);
#568 = CARTESIAN_POINT('',(1.,-129.2893218813));
#569 = CARTESIAN_POINT('',(1.,-200.));
#570 = ( GEOMETRIC_REPRESENTATION_CONTEXT(2) 
PARAMETRIC_REPRESENTATION_CONTEXT() REPRESENTATION_CONTEXT('2D SPACE',''
  ) );
#571 = ORIENTED_EDGE('',*,*,#572,.F.);
#572 = EDGE_CURVE('',#573,#547,#575,.T.);
#573 = VERTEX_POINT('',#574);
#574 = CARTESIAN_POINT('',(-30.82230508962,50.,3.266E+03));
#575 = SURFACE_CURVE('',#576,(#580,#586),.PCURVE_S1.);
#576 = LINE('',#577,#578);
#577 = CARTESIAN_POINT('',(-97.07230508962,-16.25,3.266E+03));
#578 = VECTOR('',#579,1.);
#579 = DIRECTION('',(-0.707106781187,-0.707106781187,0.));
#580 = PCURVE('',#402,#581);
#581 = DEFINITIONAL_REPRESENTATION('',(#582),#585);
#582 = B_SPLINE_CURVE_WITH_KNOTS('',1,(#583,#584),.UNSPECIFIED.,.F.,.F.,
  (2,2),(-93.69164850721,-22.98097038856),.PIECEWISE_BEZIER_KNOTS.);
#583 = CARTESIAN_POINT('',(60.,105.));
#584 = CARTESIAN_POINT('',(10.,55.));
#585 = ( GEOMETRIC_REPRESENTATION_CONTEXT(2) 
PARAMETRIC_REPRESENTATION_CONTEXT() REPRESENTATION_CONTEXT('2D SPACE',''
  ) );
#586 = PCURVE('',#587,#592);
#587 = PLANE('',#588);
#588 = AXIS2_PLACEMENT_3D('',#589,#590,#591);
#589 = CARTESIAN_POINT('',(-80.82230508962,-2.84217094304E-14,3.265E+03)
  );
#590 = DIRECTION('',(-0.707106781187,0.707106781187,0.));
#591 = DIRECTION('',(0.,0.,1.));
#592 = DEFINITIONAL_REPRESENTATION('',(#593),#596);
#593 = B_SPLINE_CURVE_WITH_KNOTS('',1,(#594,#595),.UNSPECIFIED.,.F.,.F.,
  (2,2),(-93.69164850721,-22.98097038856),.PIECEWISE_BEZIER_KNOTS.);
#594 = CARTESIAN_POINT('',(1.,70.710678118655));
#595 = CARTESIAN_POINT('',(1.,0.));
#596 = ( GEOMETRIC_REPRESENTATION_CONTEXT(2) 
PARAMETRIC_REPRESENTATION_CONTEXT() REPRESENTATION_CONTEXT('2D SPACE',''
  ) );
#597 = ORIENTED_EDGE('',*,*,#598,.T.);
#598 = EDGE_CURVE('',#573,#472,#599,.T.);
#599 = SURFACE_CURVE('',#600,(#604,#611),.PCURVE_S1.);
#600 = LINE('',#601,#602);
#601 = CARTESIAN_POINT('',(-30.82230508962,-55.,3.266E+03));
#602 = VECTOR('',#603,1.);
#603 = DIRECTION('',(-0.,1.,0.));
#604 = PCURVE('',#402,#605);
#605 = DEFINITIONAL_REPRESENTATION('',(#606),#610);
#606 = LINE('',#607,#608);
#607 = CARTESIAN_POINT('',(60.,0.));
#608 = VECTOR('',#609,1.);
#609 = DIRECTION('',(0.,1.));
#610 = ( GEOMETRIC_REPRESENTATION_CONTEXT(2) 
PARAMETRIC_REPRESENTATION_CONTEXT() REPRESENTATION_CONTEXT('2D SPACE',''
  ) );
#611 = PCURVE('',#612,#617);
#612 = PLANE('',#613);
#613 = AXIS2_PLACEMENT_3D('',#614,#615,#616);
#614 = CARTESIAN_POINT('',(-30.82230508962,-55.,3.266E+03));
#615 = DIRECTION('',(1.,0.,-0.));
#616 = DIRECTION('',(0.,0.,1.));
#617 = DEFINITIONAL_REPRESENTATION('',(#618),#622);
#618 = LINE('',#619,#620);
#619 = CARTESIAN_POINT('',(0.,0.));
#620 = VECTOR('',#621,1.);
#621 = DIRECTION('',(0.,-1.));
#622 = ( GEOMETRIC_REPRESENTATION_CONTEXT(2) 
PARAMETRIC_REPRESENTATION_CONTEXT() REPRESENTATION_CONTEXT('2D SPACE',''
  ) );
#623 = FACE_BOUND('',#624,.F.);
#624 = EDGE_LOOP('',(#625,#653,#679,#705,#731));
#625 = ORIENTED_EDGE('',*,*,#626,.T.);
#626 = EDGE_CURVE('',#627,#629,#631,.T.);
#627 = VERTEX_POINT('',#628);
#628 = CARTESIAN_POINT('',(-35.47915933911,-51.,3.266E+03));
#629 = VERTEX_POINT('',#630);
#630 = CARTESIAN_POINT('',(-86.82230508962,-51.,3.266E+03));
#631 = SURFACE_CURVE('',#632,(#636,#642),.PCURVE_S1.);
#632 = LINE('',#633,#634);
#633 = CARTESIAN_POINT('',(-88.82230508962,-51.,3.266E+03));
#634 = VECTOR('',#635,1.);
#635 = DIRECTION('',(-1.,-0.,0.));
#636 = PCURVE('',#402,#637);
#637 = DEFINITIONAL_REPRESENTATION('',(#638),#641);
#638 = B_SPLINE_CURVE_WITH_KNOTS('',1,(#639,#640),.UNSPECIFIED.,.F.,.F.,
  (2,2),(-53.3431457505,-2.),.PIECEWISE_BEZIER_KNOTS.);
#639 = CARTESIAN_POINT('',(55.343145750508,4.));
#640 = CARTESIAN_POINT('',(4.,4.));
#641 = ( GEOMETRIC_REPRESENTATION_CONTEXT(2) 
PARAMETRIC_REPRESENTATION_CONTEXT() REPRESENTATION_CONTEXT('2D SPACE',''
  ) );
#642 = PCURVE('',#643,#648);
#643 = PLANE('',#644);
#644 = AXIS2_PLACEMENT_3D('',#645,#646,#647);
#645 = CARTESIAN_POINT('',(-86.82230508962,-51.,3.265E+03));
#646 = DIRECTION('',(-0.,1.,0.));
#647 = DIRECTION('',(0.,0.,1.));
#648 = DEFINITIONAL_REPRESENTATION('',(#649),#652);
#649 = B_SPLINE_CURVE_WITH_KNOTS('',1,(#650,#651),.UNSPECIFIED.,.F.,.F.,
  (2,2),(-53.3431457505,-2.),.PIECEWISE_BEZIER_KNOTS.);
#650 = CARTESIAN_POINT('',(1.,51.343145750508));
#651 = CARTESIAN_POINT('',(1.,0.));
#652 = ( GEOMETRIC_REPRESENTATION_CONTEXT(2) 
PARAMETRIC_REPRESENTATION_CONTEXT() REPRESENTATION_CONTEXT('2D SPACE',''
  ) );
#653 = ORIENTED_EDGE('',*,*,#654,.T.);
#654 = EDGE_CURVE('',#629,#655,#657,.T.);
#655 = VERTEX_POINT('',#656);
#656 = CARTESIAN_POINT('',(-86.82230508962,51.,3.266E+03));
#657 = SURFACE_CURVE('',#658,(#662,#668),.PCURVE_S1.);
#658 = LINE('',#659,#660);
#659 = CARTESIAN_POINT('',(-86.82230508962,-53.,3.266E+03));
#660 = VECTOR('',#661,1.);
#661 = DIRECTION('',(-0.,1.,0.));
#662 = PCURVE('',#402,#663);
#663 = DEFINITIONAL_REPRESENTATION('',(#664),#667);
#664 = B_SPLINE_CURVE_WITH_KNOTS('',1,(#665,#666),.UNSPECIFIED.,.F.,.F.,
  (2,2),(2.,104.),.PIECEWISE_BEZIER_KNOTS.);
#665 = CARTESIAN_POINT('',(4.,4.));
#666 = CARTESIAN_POINT('',(4.,106.));
#667 = ( GEOMETRIC_REPRESENTATION_CONTEXT(2) 
PARAMETRIC_REPRESENTATION_CONTEXT() REPRESENTATION_CONTEXT('2D SPACE',''
  ) );
#668 = PCURVE('',#669,#674);
#669 = PLANE('',#670);
#670 = AXIS2_PLACEMENT_3D('',#671,#672,#673);
#671 = CARTESIAN_POINT('',(-86.82230508962,-51.,3.265E+03));
#672 = DIRECTION('',(1.,0.,-0.));
#673 = DIRECTION('',(0.,0.,1.));
#674 = DEFINITIONAL_REPRESENTATION('',(#675),#678);
#675 = B_SPLINE_CURVE_WITH_KNOTS('',1,(#676,#677),.UNSPECIFIED.,.F.,.F.,
  (2,2),(2.,104.),.PIECEWISE_BEZIER_KNOTS.);
#676 = CARTESIAN_POINT('',(1.,0.));
#677 = CARTESIAN_POINT('',(1.,-102.));
#678 = ( GEOMETRIC_REPRESENTATION_CONTEXT(2) 
PARAMETRIC_REPRESENTATION_CONTEXT() REPRESENTATION_CONTEXT('2D SPACE',''
  ) );
#679 = ORIENTED_EDGE('',*,*,#680,.F.);
#680 = EDGE_CURVE('',#681,#655,#683,.T.);
#681 = VERTEX_POINT('',#682);
#682 = CARTESIAN_POINT('',(-35.47915933911,51.,3.266E+03));
#683 = SURFACE_CURVE('',#684,(#688,#694),.PCURVE_S1.);
#684 = LINE('',#685,#686);
#685 = CARTESIAN_POINT('',(-88.82230508962,51.,3.266E+03));
#686 = VECTOR('',#687,1.);
#687 = DIRECTION('',(-1.,-0.,0.));
#688 = PCURVE('',#402,#689);
#689 = DEFINITIONAL_REPRESENTATION('',(#690),#693);
#690 = B_SPLINE_CURVE_WITH_KNOTS('',1,(#691,#692),.UNSPECIFIED.,.F.,.F.,
  (2,2),(-53.3431457505,-2.),.PIECEWISE_BEZIER_KNOTS.);
#691 = CARTESIAN_POINT('',(55.343145750508,106.));
#692 = CARTESIAN_POINT('',(4.,106.));
#693 = ( GEOMETRIC_REPRESENTATION_CONTEXT(2) 
PARAMETRIC_REPRESENTATION_CONTEXT() REPRESENTATION_CONTEXT('2D SPACE',''
  ) );
#694 = PCURVE('',#695,#700);
#695 = PLANE('',#696);
#696 = AXIS2_PLACEMENT_3D('',#697,#698,#699);
#697 = CARTESIAN_POINT('',(-86.82230508962,51.,3.265E+03));
#698 = DIRECTION('',(-0.,1.,0.));
#699 = DIRECTION('',(0.,0.,1.));
#700 = DEFINITIONAL_REPRESENTATION('',(#701),#704);
#701 = B_SPLINE_CURVE_WITH_KNOTS('',1,(#702,#703),.UNSPECIFIED.,.F.,.F.,
  (2,2),(-53.3431457505,-2.),.PIECEWISE_BEZIER_KNOTS.);
#702 = CARTESIAN_POINT('',(1.,51.343145750508));
#703 = CARTESIAN_POINT('',(1.,0.));
#704 = ( GEOMETRIC_REPRESENTATION_CONTEXT(2) 
PARAMETRIC_REPRESENTATION_CONTEXT() REPRESENTATION_CONTEXT('2D SPACE',''
  ) );
#705 = ORIENTED_EDGE('',*,*,#706,.T.);
#706 = EDGE_CURVE('',#681,#707,#709,.T.);
#707 = VERTEX_POINT('',#708);
#708 = CARTESIAN_POINT('',(-86.47915933911,-2.84217094304E-14,3.266E+03)
  );
#709 = SURFACE_CURVE('',#710,(#714,#720),.PCURVE_S1.);
#710 = LINE('',#711,#712);
#711 = CARTESIAN_POINT('',(-101.3149457767,-14.83578643762,3.266E+03));
#712 = VECTOR('',#713,1.);
#713 = DIRECTION('',(-0.707106781187,-0.707106781187,0.));
#714 = PCURVE('',#402,#715);
#715 = DEFINITIONAL_REPRESENTATION('',(#716),#719);
#716 = B_SPLINE_CURVE_WITH_KNOTS('',1,(#717,#718),.UNSPECIFIED.,.F.,.F.,
  (2,2),(-93.10586206959,-20.98097038856),.PIECEWISE_BEZIER_KNOTS.);
#717 = CARTESIAN_POINT('',(55.343145750508,106.));
#718 = CARTESIAN_POINT('',(4.343145750508,55.));
#719 = ( GEOMETRIC_REPRESENTATION_CONTEXT(2) 
PARAMETRIC_REPRESENTATION_CONTEXT() REPRESENTATION_CONTEXT('2D SPACE',''
  ) );
#720 = PCURVE('',#721,#726);
#721 = PLANE('',#722);
#722 = AXIS2_PLACEMENT_3D('',#723,#724,#725);
#723 = CARTESIAN_POINT('',(-86.47915933911,-2.84217094304E-14,3.264E+03)
  );
#724 = DIRECTION('',(-0.707106781187,0.707106781187,0.));
#725 = DIRECTION('',(0.,0.,1.));
#726 = DEFINITIONAL_REPRESENTATION('',(#727),#730);
#727 = B_SPLINE_CURVE_WITH_KNOTS('',1,(#728,#729),.UNSPECIFIED.,.F.,.F.,
  (2,2),(-93.10586206959,-20.98097038856),.PIECEWISE_BEZIER_KNOTS.);
#728 = CARTESIAN_POINT('',(2.,72.124891681028));
#729 = CARTESIAN_POINT('',(2.,0.));
#730 = ( GEOMETRIC_REPRESENTATION_CONTEXT(2) 
PARAMETRIC_REPRESENTATION_CONTEXT() REPRESENTATION_CONTEXT('2D SPACE',''
  ) );
#731 = ORIENTED_EDGE('',*,*,#732,.F.);
#732 = EDGE_CURVE('',#627,#707,#733,.T.);
#733 = SURFACE_CURVE('',#734,(#738,#744),.PCURVE_S1.);
#734 = LINE('',#735,#736);
#735 = CARTESIAN_POINT('',(-3.104267658087,-83.37489168102,3.266E+03));
#736 = VECTOR('',#737,1.);
#737 = DIRECTION('',(-0.707106781187,0.707106781187,0.));
#738 = PCURVE('',#402,#739);
#739 = DEFINITIONAL_REPRESENTATION('',(#740),#743);
#740 = B_SPLINE_CURVE_WITH_KNOTS('',1,(#741,#742),.UNSPECIFIED.,.F.,.F.,
  (2,2),(45.785010895669,117.90990257669),.PIECEWISE_BEZIER_KNOTS.);
#741 = CARTESIAN_POINT('',(55.343145750508,4.));
#742 = CARTESIAN_POINT('',(4.343145750508,55.));
#743 = ( GEOMETRIC_REPRESENTATION_CONTEXT(2) 
PARAMETRIC_REPRESENTATION_CONTEXT() REPRESENTATION_CONTEXT('2D SPACE',''
  ) );
#744 = PCURVE('',#745,#750);
#745 = PLANE('',#746);
#746 = AXIS2_PLACEMENT_3D('',#747,#748,#749);
#747 = CARTESIAN_POINT('',(54.942196898195,-141.4213562373,3.264E+03));
#748 = DIRECTION('',(0.707106781187,0.707106781187,0.));
#749 = DIRECTION('',(0.,0.,1.));
#750 = DEFINITIONAL_REPRESENTATION('',(#751),#754);
#751 = B_SPLINE_CURVE_WITH_KNOTS('',1,(#752,#753),.UNSPECIFIED.,.F.,.F.,
  (2,2),(45.785010895669,117.90990257669),.PIECEWISE_BEZIER_KNOTS.);
#752 = CARTESIAN_POINT('',(2.,-127.8751083189));
#753 = CARTESIAN_POINT('',(2.,-200.));
#754 = ( GEOMETRIC_REPRESENTATION_CONTEXT(2) 
PARAMETRIC_REPRESENTATION_CONTEXT() REPRESENTATION_CONTEXT('2D SPACE',''
  ) );
#755 = ADVANCED_FACE('',(#756),#669,.T.);
#756 = FACE_BOUND('',#757,.T.);
#757 = EDGE_LOOP('',(#758,#781,#782,#805));
#758 = ORIENTED_EDGE('',*,*,#759,.F.);
#759 = EDGE_CURVE('',#629,#760,#762,.T.);
#760 = VERTEX_POINT('',#761);
#761 = CARTESIAN_POINT('',(-86.82230508962,-51.,3.282E+03));
#762 = SURFACE_CURVE('',#763,(#767,#774),.PCURVE_S1.);
#763 = LINE('',#764,#765);
#764 = CARTESIAN_POINT('',(-86.82230508962,-51.,3.265E+03));
#765 = VECTOR('',#766,1.);
#766 = DIRECTION('',(0.,0.,1.));
#767 = PCURVE('',#669,#768);
#768 = DEFINITIONAL_REPRESENTATION('',(#769),#773);
#769 = LINE('',#770,#771);
#770 = CARTESIAN_POINT('',(0.,0.));
#771 = VECTOR('',#772,1.);
#772 = DIRECTION('',(1.,0.));
#773 = ( GEOMETRIC_REPRESENTATION_CONTEXT(2) 
PARAMETRIC_REPRESENTATION_CONTEXT() REPRESENTATION_CONTEXT('2D SPACE',''
  ) );
#774 = PCURVE('',#643,#775);
#775 = DEFINITIONAL_REPRESENTATION('',(#776),#780);
#776 = LINE('',#777,#778);
#777 = CARTESIAN_POINT('',(0.,0.));
#778 = VECTOR('',#779,1.);
#779 = DIRECTION('',(1.,0.));
#780 = ( GEOMETRIC_REPRESENTATION_CONTEXT(2) 
PARAMETRIC_REPRESENTATION_CONTEXT() REPRESENTATION_CONTEXT('2D SPACE',''
  ) );
#781 = ORIENTED_EDGE('',*,*,#654,.T.);
#782 = ORIENTED_EDGE('',*,*,#783,.T.);
#783 = EDGE_CURVE('',#655,#784,#786,.T.);
#784 = VERTEX_POINT('',#785);
#785 = CARTESIAN_POINT('',(-86.82230508962,51.,3.282E+03));
#786 = SURFACE_CURVE('',#787,(#791,#798),.PCURVE_S1.);
#787 = LINE('',#788,#789);
#788 = CARTESIAN_POINT('',(-86.82230508962,51.,3.265E+03));
#789 = VECTOR('',#790,1.);
#790 = DIRECTION('',(0.,0.,1.));
#791 = PCURVE('',#669,#792);
#792 = DEFINITIONAL_REPRESENTATION('',(#793),#797);
#793 = LINE('',#794,#795);
#794 = CARTESIAN_POINT('',(0.,-102.));
#795 = VECTOR('',#796,1.);
#796 = DIRECTION('',(1.,0.));
#797 = ( GEOMETRIC_REPRESENTATION_CONTEXT(2) 
PARAMETRIC_REPRESENTATION_CONTEXT() REPRESENTATION_CONTEXT('2D SPACE',''
  ) );
#798 = PCURVE('',#695,#799);
#799 = DEFINITIONAL_REPRESENTATION('',(#800),#804);
#800 = LINE('',#801,#802);
#801 = CARTESIAN_POINT('',(0.,0.));
#802 = VECTOR('',#803,1.);
#803 = DIRECTION('',(1.,0.));
#804 = ( GEOMETRIC_REPRESENTATION_CONTEXT(2) 
PARAMETRIC_REPRESENTATION_CONTEXT() REPRESENTATION_CONTEXT('2D SPACE',''
  ) );
#805 = ORIENTED_EDGE('',*,*,#806,.F.);
#806 = EDGE_CURVE('',#760,#784,#807,.T.);
#807 = SURFACE_CURVE('',#808,(#812,#819),.PCURVE_S1.);
#808 = LINE('',#809,#810);
#809 = CARTESIAN_POINT('',(-86.82230508962,-51.,3.282E+03));
#810 = VECTOR('',#811,1.);
#811 = DIRECTION('',(-0.,1.,0.));
#812 = PCURVE('',#669,#813);
#813 = DEFINITIONAL_REPRESENTATION('',(#814),#818);
#814 = LINE('',#815,#816);
#815 = CARTESIAN_POINT('',(17.,0.));
#816 = VECTOR('',#817,1.);
#817 = DIRECTION('',(0.,-1.));
#818 = ( GEOMETRIC_REPRESENTATION_CONTEXT(2) 
PARAMETRIC_REPRESENTATION_CONTEXT() REPRESENTATION_CONTEXT('2D SPACE',''
  ) );
#819 = PCURVE('',#820,#825);
#820 = PLANE('',#821);
#821 = AXIS2_PLACEMENT_3D('',#822,#823,#824);
#822 = CARTESIAN_POINT('',(-86.82230508962,-51.,3.282E+03));
#823 = DIRECTION('',(0.,0.,1.));
#824 = DIRECTION('',(1.,0.,-0.));
#825 = DEFINITIONAL_REPRESENTATION('',(#826),#830);
#826 = LINE('',#827,#828);
#827 = CARTESIAN_POINT('',(0.,0.));
#828 = VECTOR('',#829,1.);
#829 = DIRECTION('',(0.,1.));
#830 = ( GEOMETRIC_REPRESENTATION_CONTEXT(2) 
PARAMETRIC_REPRESENTATION_CONTEXT() REPRESENTATION_CONTEXT('2D SPACE',''
  ) );
#831 = ADVANCED_FACE('',(#832),#820,.F.);
#832 = FACE_BOUND('',#833,.F.);
#833 = EDGE_LOOP('',(#834,#857,#858,#881,#902));
#834 = ORIENTED_EDGE('',*,*,#835,.F.);
#835 = EDGE_CURVE('',#784,#836,#838,.T.);
#836 = VERTEX_POINT('',#837);
#837 = CARTESIAN_POINT('',(-35.47915933911,51.,3.282E+03));
#838 = SURFACE_CURVE('',#839,(#843,#850),.PCURVE_S1.);
#839 = LINE('',#840,#841);
#840 = CARTESIAN_POINT('',(-86.82230508962,51.,3.282E+03));
#841 = VECTOR('',#842,1.);
#842 = DIRECTION('',(1.,0.,-0.));
#843 = PCURVE('',#820,#844);
#844 = DEFINITIONAL_REPRESENTATION('',(#845),#849);
#845 = LINE('',#846,#847);
#846 = CARTESIAN_POINT('',(0.,102.));
#847 = VECTOR('',#848,1.);
#848 = DIRECTION('',(1.,0.));
#849 = ( GEOMETRIC_REPRESENTATION_CONTEXT(2) 
PARAMETRIC_REPRESENTATION_CONTEXT() REPRESENTATION_CONTEXT('2D SPACE',''
  ) );
#850 = PCURVE('',#695,#851);
#851 = DEFINITIONAL_REPRESENTATION('',(#852),#856);
#852 = LINE('',#853,#854);
#853 = CARTESIAN_POINT('',(17.,0.));
#854 = VECTOR('',#855,1.);
#855 = DIRECTION('',(0.,1.));
#856 = ( GEOMETRIC_REPRESENTATION_CONTEXT(2) 
PARAMETRIC_REPRESENTATION_CONTEXT() REPRESENTATION_CONTEXT('2D SPACE',''
  ) );
#857 = ORIENTED_EDGE('',*,*,#806,.F.);
#858 = ORIENTED_EDGE('',*,*,#859,.T.);
#859 = EDGE_CURVE('',#760,#860,#862,.T.);
#860 = VERTEX_POINT('',#861);
#861 = CARTESIAN_POINT('',(-35.47915933911,-51.,3.282E+03));
#862 = SURFACE_CURVE('',#863,(#867,#874),.PCURVE_S1.);
#863 = LINE('',#864,#865);
#864 = CARTESIAN_POINT('',(-86.82230508962,-51.,3.282E+03));
#865 = VECTOR('',#866,1.);
#866 = DIRECTION('',(1.,0.,-0.));
#867 = PCURVE('',#820,#868);
#868 = DEFINITIONAL_REPRESENTATION('',(#869),#873);
#869 = LINE('',#870,#871);
#870 = CARTESIAN_POINT('',(0.,0.));
#871 = VECTOR('',#872,1.);
#872 = DIRECTION('',(1.,0.));
#873 = ( GEOMETRIC_REPRESENTATION_CONTEXT(2) 
PARAMETRIC_REPRESENTATION_CONTEXT() REPRESENTATION_CONTEXT('2D SPACE',''
  ) );
#874 = PCURVE('',#643,#875);
#875 = DEFINITIONAL_REPRESENTATION('',(#876),#880);
#876 = LINE('',#877,#878);
#877 = CARTESIAN_POINT('',(17.,0.));
#878 = VECTOR('',#879,1.);
#879 = DIRECTION('',(0.,1.));
#880 = ( GEOMETRIC_REPRESENTATION_CONTEXT(2) 
PARAMETRIC_REPRESENTATION_CONTEXT() REPRESENTATION_CONTEXT('2D SPACE',''
  ) );
#881 = ORIENTED_EDGE('',*,*,#882,.T.);
#882 = EDGE_CURVE('',#860,#883,#885,.T.);
#883 = VERTEX_POINT('',#884);
#884 = CARTESIAN_POINT('',(-86.47915933911,-2.84217094304E-14,3.282E+03)
  );
#885 = SURFACE_CURVE('',#886,(#890,#896),.PCURVE_S1.);
#886 = LINE('',#887,#888);
#887 = CARTESIAN_POINT('',(-3.104267658087,-83.37489168102,3.282E+03));
#888 = VECTOR('',#889,1.);
#889 = DIRECTION('',(-0.707106781187,0.707106781187,0.));
#890 = PCURVE('',#820,#891);
#891 = DEFINITIONAL_REPRESENTATION('',(#892),#895);
#892 = B_SPLINE_CURVE_WITH_KNOTS('',1,(#893,#894),.UNSPECIFIED.,.F.,.F.,
  (2,2),(45.785010895669,117.90990257669),.PIECEWISE_BEZIER_KNOTS.);
#893 = CARTESIAN_POINT('',(51.343145750508,-7.105427357601E-15));
#894 = CARTESIAN_POINT('',(0.343145750508,51.));
#895 = ( GEOMETRIC_REPRESENTATION_CONTEXT(2) 
PARAMETRIC_REPRESENTATION_CONTEXT() REPRESENTATION_CONTEXT('2D SPACE',''
  ) );
#896 = PCURVE('',#745,#897);
#897 = DEFINITIONAL_REPRESENTATION('',(#898),#901);
#898 = B_SPLINE_CURVE_WITH_KNOTS('',1,(#899,#900),.UNSPECIFIED.,.F.,.F.,
  (2,2),(45.785010895669,117.90990257669),.PIECEWISE_BEZIER_KNOTS.);
#899 = CARTESIAN_POINT('',(18.,-127.8751083189));
#900 = CARTESIAN_POINT('',(18.,-200.));
#901 = ( GEOMETRIC_REPRESENTATION_CONTEXT(2) 
PARAMETRIC_REPRESENTATION_CONTEXT() REPRESENTATION_CONTEXT('2D SPACE',''
  ) );
#902 = ORIENTED_EDGE('',*,*,#903,.F.);
#903 = EDGE_CURVE('',#836,#883,#904,.T.);
#904 = SURFACE_CURVE('',#905,(#909,#915),.PCURVE_S1.);
#905 = LINE('',#906,#907);
#906 = CARTESIAN_POINT('',(-99.31494577674,-12.83578643762,3.282E+03));
#907 = VECTOR('',#908,1.);
#908 = DIRECTION('',(-0.707106781187,-0.707106781187,0.));
#909 = PCURVE('',#820,#910);
#910 = DEFINITIONAL_REPRESENTATION('',(#911),#914);
#911 = B_SPLINE_CURVE_WITH_KNOTS('',1,(#912,#913),.UNSPECIFIED.,.F.,.F.,
  (2,2),(-90.27743494484,-18.15254326381),.PIECEWISE_BEZIER_KNOTS.);
#912 = CARTESIAN_POINT('',(51.343145750508,102.));
#913 = CARTESIAN_POINT('',(0.343145750508,51.));
#914 = ( GEOMETRIC_REPRESENTATION_CONTEXT(2) 
PARAMETRIC_REPRESENTATION_CONTEXT() REPRESENTATION_CONTEXT('2D SPACE',''
  ) );
#915 = PCURVE('',#721,#916);
#916 = DEFINITIONAL_REPRESENTATION('',(#917),#920);
#917 = B_SPLINE_CURVE_WITH_KNOTS('',1,(#918,#919),.UNSPECIFIED.,.F.,.F.,
  (2,2),(-90.27743494484,-18.15254326381),.PIECEWISE_BEZIER_KNOTS.);
#918 = CARTESIAN_POINT('',(18.,72.124891681028));
#919 = CARTESIAN_POINT('',(18.,0.));
#920 = ( GEOMETRIC_REPRESENTATION_CONTEXT(2) 
PARAMETRIC_REPRESENTATION_CONTEXT() REPRESENTATION_CONTEXT('2D SPACE',''
  ) );
#921 = ADVANCED_FACE('',(#922),#695,.F.);
#922 = FACE_BOUND('',#923,.F.);
#923 = EDGE_LOOP('',(#924,#925,#926,#927));
#924 = ORIENTED_EDGE('',*,*,#680,.T.);
#925 = ORIENTED_EDGE('',*,*,#783,.T.);
#926 = ORIENTED_EDGE('',*,*,#835,.T.);
#927 = ORIENTED_EDGE('',*,*,#928,.F.);
#928 = EDGE_CURVE('',#681,#836,#929,.T.);
#929 = SURFACE_CURVE('',#930,(#934,#940),.PCURVE_S1.);
#930 = LINE('',#931,#932);
#931 = CARTESIAN_POINT('',(-35.47915933911,51.,3.2645E+03));
#932 = VECTOR('',#933,1.);
#933 = DIRECTION('',(0.,0.,1.));
#934 = PCURVE('',#695,#935);
#935 = DEFINITIONAL_REPRESENTATION('',(#936),#939);
#936 = B_SPLINE_CURVE_WITH_KNOTS('',1,(#937,#938),.UNSPECIFIED.,.F.,.F.,
  (2,2),(0.5,17.5),.PIECEWISE_BEZIER_KNOTS.);
#937 = CARTESIAN_POINT('',(0.,51.343145750508));
#938 = CARTESIAN_POINT('',(17.,51.343145750508));
#939 = ( GEOMETRIC_REPRESENTATION_CONTEXT(2) 
PARAMETRIC_REPRESENTATION_CONTEXT() REPRESENTATION_CONTEXT('2D SPACE',''
  ) );
#940 = PCURVE('',#721,#941);
#941 = DEFINITIONAL_REPRESENTATION('',(#942),#945);
#942 = B_SPLINE_CURVE_WITH_KNOTS('',1,(#943,#944),.UNSPECIFIED.,.F.,.F.,
  (2,2),(0.5,17.5),.PIECEWISE_BEZIER_KNOTS.);
#943 = CARTESIAN_POINT('',(1.,72.124891681028));
#944 = CARTESIAN_POINT('',(18.,72.124891681028));
#945 = ( GEOMETRIC_REPRESENTATION_CONTEXT(2) 
PARAMETRIC_REPRESENTATION_CONTEXT() REPRESENTATION_CONTEXT('2D SPACE',''
  ) );
#946 = ADVANCED_FACE('',(#947),#721,.T.);
#947 = FACE_BOUND('',#948,.T.);
#948 = EDGE_LOOP('',(#949,#950,#951,#972));
#949 = ORIENTED_EDGE('',*,*,#928,.F.);
#950 = ORIENTED_EDGE('',*,*,#706,.T.);
#951 = ORIENTED_EDGE('',*,*,#952,.T.);
#952 = EDGE_CURVE('',#707,#883,#953,.T.);
#953 = SURFACE_CURVE('',#954,(#958,#965),.PCURVE_S1.);
#954 = LINE('',#955,#956);
#955 = CARTESIAN_POINT('',(-86.47915933911,-2.84217094304E-14,3.264E+03)
  );
#956 = VECTOR('',#957,1.);
#957 = DIRECTION('',(0.,0.,1.));
#958 = PCURVE('',#721,#959);
#959 = DEFINITIONAL_REPRESENTATION('',(#960),#964);
#960 = LINE('',#961,#962);
#961 = CARTESIAN_POINT('',(0.,0.));
#962 = VECTOR('',#963,1.);
#963 = DIRECTION('',(1.,0.));
#964 = ( GEOMETRIC_REPRESENTATION_CONTEXT(2) 
PARAMETRIC_REPRESENTATION_CONTEXT() REPRESENTATION_CONTEXT('2D SPACE',''
  ) );
#965 = PCURVE('',#745,#966);
#966 = DEFINITIONAL_REPRESENTATION('',(#967),#971);
#967 = LINE('',#968,#969);
#968 = CARTESIAN_POINT('',(0.,-200.));
#969 = VECTOR('',#970,1.);
#970 = DIRECTION('',(1.,0.));
#971 = ( GEOMETRIC_REPRESENTATION_CONTEXT(2) 
PARAMETRIC_REPRESENTATION_CONTEXT() REPRESENTATION_CONTEXT('2D SPACE',''
  ) );
#972 = ORIENTED_EDGE('',*,*,#903,.F.);
#973 = ADVANCED_FACE('',(#974),#745,.F.);
#974 = FACE_BOUND('',#975,.F.);
#975 = EDGE_LOOP('',(#976,#977,#978,#979));
#976 = ORIENTED_EDGE('',*,*,#732,.T.);
#977 = ORIENTED_EDGE('',*,*,#952,.T.);
#978 = ORIENTED_EDGE('',*,*,#882,.F.);
#979 = ORIENTED_EDGE('',*,*,#980,.T.);
#980 = EDGE_CURVE('',#860,#627,#981,.T.);
#981 = SURFACE_CURVE('',#982,(#986,#992),.PCURVE_S1.);
#982 = LINE('',#983,#984);
#983 = CARTESIAN_POINT('',(-35.47915933911,-51.,3.2645E+03));
#984 = VECTOR('',#985,1.);
#985 = DIRECTION('',(0.,0.,-1.));
#986 = PCURVE('',#745,#987);
#987 = DEFINITIONAL_REPRESENTATION('',(#988),#991);
#988 = B_SPLINE_CURVE_WITH_KNOTS('',1,(#989,#990),.UNSPECIFIED.,.F.,.F.,
  (2,2),(-17.5,-0.5),.PIECEWISE_BEZIER_KNOTS.);
#989 = CARTESIAN_POINT('',(18.,-127.8751083189));
#990 = CARTESIAN_POINT('',(1.,-127.8751083189));
#991 = ( GEOMETRIC_REPRESENTATION_CONTEXT(2) 
PARAMETRIC_REPRESENTATION_CONTEXT() REPRESENTATION_CONTEXT('2D SPACE',''
  ) );
#992 = PCURVE('',#643,#993);
#993 = DEFINITIONAL_REPRESENTATION('',(#994),#997);
#994 = B_SPLINE_CURVE_WITH_KNOTS('',1,(#995,#996),.UNSPECIFIED.,.F.,.F.,
  (2,2),(-17.5,-0.5),.PIECEWISE_BEZIER_KNOTS.);
#995 = CARTESIAN_POINT('',(17.,51.343145750508));
#996 = CARTESIAN_POINT('',(0.,51.343145750508));
#997 = ( GEOMETRIC_REPRESENTATION_CONTEXT(2) 
PARAMETRIC_REPRESENTATION_CONTEXT() REPRESENTATION_CONTEXT('2D SPACE',''
  ) );
#998 = ADVANCED_FACE('',(#999),#643,.T.);
#999 = FACE_BOUND('',#1000,.T.);
#1000 = EDGE_LOOP('',(#1001,#1002,#1003,#1004));
#1001 = ORIENTED_EDGE('',*,*,#626,.T.);
#1002 = ORIENTED_EDGE('',*,*,#759,.T.);
#1003 = ORIENTED_EDGE('',*,*,#859,.T.);
#1004 = ORIENTED_EDGE('',*,*,#980,.T.);
#1005 = ADVANCED_FACE('',(#1006),#534,.T.);
#1006 = FACE_BOUND('',#1007,.T.);
#1007 = EDGE_LOOP('',(#1008,#1033,#1054,#1055));
#1008 = ORIENTED_EDGE('',*,*,#1009,.F.);
#1009 = EDGE_CURVE('',#1010,#1012,#1014,.T.);
#1010 = VERTEX_POINT('',#1011);
#1011 = CARTESIAN_POINT('',(-30.82230508962,-55.,3.306E+03));
#1012 = VERTEX_POINT('',#1013);
#1013 = CARTESIAN_POINT('',(-30.82230508962,-50.,3.306E+03));
#1014 = SURFACE_CURVE('',#1015,(#1019,#1026),.PCURVE_S1.);
#1015 = LINE('',#1016,#1017);
#1016 = CARTESIAN_POINT('',(-30.82230508962,-55.,3.306E+03));
#1017 = VECTOR('',#1018,1.);
#1018 = DIRECTION('',(-0.,1.,0.));
#1019 = PCURVE('',#534,#1020);
#1020 = DEFINITIONAL_REPRESENTATION('',(#1021),#1025);
#1021 = LINE('',#1022,#1023);
#1022 = CARTESIAN_POINT('',(40.,0.));
#1023 = VECTOR('',#1024,1.);
#1024 = DIRECTION('',(0.,-1.));
#1025 = ( GEOMETRIC_REPRESENTATION_CONTEXT(2) 
PARAMETRIC_REPRESENTATION_CONTEXT() REPRESENTATION_CONTEXT('2D SPACE',''
  ) );
#1026 = PCURVE('',#456,#1027);
#1027 = DEFINITIONAL_REPRESENTATION('',(#1028),#1032);
#1028 = LINE('',#1029,#1030);
#1029 = CARTESIAN_POINT('',(60.,0.));
#1030 = VECTOR('',#1031,1.);
#1031 = DIRECTION('',(0.,1.));
#1032 = ( GEOMETRIC_REPRESENTATION_CONTEXT(2) 
PARAMETRIC_REPRESENTATION_CONTEXT() REPRESENTATION_CONTEXT('2D SPACE',''
  ) );
#1033 = ORIENTED_EDGE('',*,*,#1034,.F.);
#1034 = EDGE_CURVE('',#496,#1010,#1035,.T.);
#1035 = SURFACE_CURVE('',#1036,(#1040,#1047),.PCURVE_S1.);
#1036 = LINE('',#1037,#1038);
#1037 = CARTESIAN_POINT('',(-30.82230508962,-55.,3.266E+03));
#1038 = VECTOR('',#1039,1.);
#1039 = DIRECTION('',(0.,0.,1.));
#1040 = PCURVE('',#534,#1041);
#1041 = DEFINITIONAL_REPRESENTATION('',(#1042),#1046);
#1042 = LINE('',#1043,#1044);
#1043 = CARTESIAN_POINT('',(0.,0.));
#1044 = VECTOR('',#1045,1.);
#1045 = DIRECTION('',(1.,0.));
#1046 = ( GEOMETRIC_REPRESENTATION_CONTEXT(2) 
PARAMETRIC_REPRESENTATION_CONTEXT() REPRESENTATION_CONTEXT('2D SPACE',''
  ) );
#1047 = PCURVE('',#374,#1048);
#1048 = DEFINITIONAL_REPRESENTATION('',(#1049),#1053);
#1049 = LINE('',#1050,#1051);
#1050 = CARTESIAN_POINT('',(0.,60.));
#1051 = VECTOR('',#1052,1.);
#1052 = DIRECTION('',(1.,0.));
#1053 = ( GEOMETRIC_REPRESENTATION_CONTEXT(2) 
PARAMETRIC_REPRESENTATION_CONTEXT() REPRESENTATION_CONTEXT('2D SPACE',''
  ) );
#1054 = ORIENTED_EDGE('',*,*,#518,.T.);
#1055 = ORIENTED_EDGE('',*,*,#1056,.T.);
#1056 = EDGE_CURVE('',#519,#1012,#1057,.T.);
#1057 = SURFACE_CURVE('',#1058,(#1062,#1068),.PCURVE_S1.);
#1058 = LINE('',#1059,#1060);
#1059 = CARTESIAN_POINT('',(-30.82230508962,-50.,3.2655E+03));
#1060 = VECTOR('',#1061,1.);
#1061 = DIRECTION('',(0.,-0.,1.));
#1062 = PCURVE('',#534,#1063);
#1063 = DEFINITIONAL_REPRESENTATION('',(#1064),#1067);
#1064 = B_SPLINE_CURVE_WITH_KNOTS('',1,(#1065,#1066),.UNSPECIFIED.,.F.,
  .F.,(2,2),(0.5,40.5),.PIECEWISE_BEZIER_KNOTS.);
#1065 = CARTESIAN_POINT('',(0.,-5.));
#1066 = CARTESIAN_POINT('',(40.,-5.));
#1067 = ( GEOMETRIC_REPRESENTATION_CONTEXT(2) 
PARAMETRIC_REPRESENTATION_CONTEXT() REPRESENTATION_CONTEXT('2D SPACE',''
  ) );
#1068 = PCURVE('',#561,#1069);
#1069 = DEFINITIONAL_REPRESENTATION('',(#1070),#1073);
#1070 = B_SPLINE_CURVE_WITH_KNOTS('',1,(#1071,#1072),.UNSPECIFIED.,.F.,
  .F.,(2,2),(0.5,40.5),.PIECEWISE_BEZIER_KNOTS.);
#1071 = CARTESIAN_POINT('',(1.,-129.2893218813));
#1072 = CARTESIAN_POINT('',(41.,-129.2893218813));
#1073 = ( GEOMETRIC_REPRESENTATION_CONTEXT(2) 
PARAMETRIC_REPRESENTATION_CONTEXT() REPRESENTATION_CONTEXT('2D SPACE',''
  ) );
#1074 = ADVANCED_FACE('',(#1075,#1121),#561,.T.);
#1075 = FACE_BOUND('',#1076,.T.);
#1076 = EDGE_LOOP('',(#1077,#1100,#1119,#1120));
#1077 = ORIENTED_EDGE('',*,*,#1078,.T.);
#1078 = EDGE_CURVE('',#547,#1079,#1081,.T.);
#1079 = VERTEX_POINT('',#1080);
#1080 = CARTESIAN_POINT('',(-80.82230508962,-2.84217094304E-14,3.306E+03
    ));
#1081 = SURFACE_CURVE('',#1082,(#1086,#1093),.PCURVE_S1.);
#1082 = LINE('',#1083,#1084);
#1083 = CARTESIAN_POINT('',(-80.82230508962,-2.84217094304E-14,3.265E+03
    ));
#1084 = VECTOR('',#1085,1.);
#1085 = DIRECTION('',(0.,0.,1.));
#1086 = PCURVE('',#561,#1087);
#1087 = DEFINITIONAL_REPRESENTATION('',(#1088),#1092);
#1088 = LINE('',#1089,#1090);
#1089 = CARTESIAN_POINT('',(0.,-200.));
#1090 = VECTOR('',#1091,1.);
#1091 = DIRECTION('',(1.,0.));
#1092 = ( GEOMETRIC_REPRESENTATION_CONTEXT(2) 
PARAMETRIC_REPRESENTATION_CONTEXT() REPRESENTATION_CONTEXT('2D SPACE',''
  ) );
#1093 = PCURVE('',#587,#1094);
#1094 = DEFINITIONAL_REPRESENTATION('',(#1095),#1099);
#1095 = LINE('',#1096,#1097);
#1096 = CARTESIAN_POINT('',(0.,0.));
#1097 = VECTOR('',#1098,1.);
#1098 = DIRECTION('',(1.,0.));
#1099 = ( GEOMETRIC_REPRESENTATION_CONTEXT(2) 
PARAMETRIC_REPRESENTATION_CONTEXT() REPRESENTATION_CONTEXT('2D SPACE',''
  ) );
#1100 = ORIENTED_EDGE('',*,*,#1101,.F.);
#1101 = EDGE_CURVE('',#1012,#1079,#1102,.T.);
#1102 = SURFACE_CURVE('',#1103,(#1107,#1113),.PCURVE_S1.);
#1103 = LINE('',#1104,#1105);
#1104 = CARTESIAN_POINT('',(1.138373029032,-81.96067811865,3.306E+03));
#1105 = VECTOR('',#1106,1.);
#1106 = DIRECTION('',(-0.707106781187,0.707106781187,0.));
#1107 = PCURVE('',#561,#1108);
#1108 = DEFINITIONAL_REPRESENTATION('',(#1109),#1112);
#1109 = B_SPLINE_CURVE_WITH_KNOTS('',1,(#1110,#1111),.UNSPECIFIED.,.F.,
  .F.,(2,2),(45.199224458043,115.90990257669),.PIECEWISE_BEZIER_KNOTS.);
#1110 = CARTESIAN_POINT('',(41.,-129.2893218813));
#1111 = CARTESIAN_POINT('',(41.,-200.));
#1112 = ( GEOMETRIC_REPRESENTATION_CONTEXT(2) 
PARAMETRIC_REPRESENTATION_CONTEXT() REPRESENTATION_CONTEXT('2D SPACE',''
  ) );
#1113 = PCURVE('',#456,#1114);
#1114 = DEFINITIONAL_REPRESENTATION('',(#1115),#1118);
#1115 = B_SPLINE_CURVE_WITH_KNOTS('',1,(#1116,#1117),.UNSPECIFIED.,.F.,
  .F.,(2,2),(45.199224458043,115.90990257669),.PIECEWISE_BEZIER_KNOTS.);
#1116 = CARTESIAN_POINT('',(60.,5.));
#1117 = CARTESIAN_POINT('',(10.,55.));
#1118 = ( GEOMETRIC_REPRESENTATION_CONTEXT(2) 
PARAMETRIC_REPRESENTATION_CONTEXT() REPRESENTATION_CONTEXT('2D SPACE',''
  ) );
#1119 = ORIENTED_EDGE('',*,*,#1056,.F.);
#1120 = ORIENTED_EDGE('',*,*,#546,.T.);
#1121 = FACE_BOUND('',#1122,.T.);
#1122 = EDGE_LOOP('',(#1123,#1151,#1177,#1203,#1229,#1255));
#1123 = ORIENTED_EDGE('',*,*,#1124,.T.);
#1124 = EDGE_CURVE('',#1125,#1127,#1129,.T.);
#1125 = VERTEX_POINT('',#1126);
#1126 = CARTESIAN_POINT('',(-40.41115254481,-40.41115254481,3.274E+03));
#1127 = VERTEX_POINT('',#1128);
#1128 = CARTESIAN_POINT('',(-33.62587436333,-47.19643072628,3.274E+03));
#1129 = SURFACE_CURVE('',#1130,(#1134,#1140),.PCURVE_S1.);
#1130 = LINE('',#1131,#1132);
#1131 = CARTESIAN_POINT('',(10.093949301438,-90.91625439106,3.274E+03));
#1132 = VECTOR('',#1133,1.);
#1133 = DIRECTION('',(0.707106781187,-0.707106781187,0.));
#1134 = PCURVE('',#561,#1135);
#1135 = DEFINITIONAL_REPRESENTATION('',(#1136),#1139);
#1136 = B_SPLINE_CURVE_WITH_KNOTS('',1,(#1137,#1138),.UNSPECIFIED.,.F.,
  .F.,(2,2),(-96.22867593952,-57.86432188134),.PIECEWISE_BEZIER_KNOTS.);
#1137 = CARTESIAN_POINT('',(9.,-167.6536759395));
#1138 = CARTESIAN_POINT('',(9.,-129.2893218813));
#1139 = ( GEOMETRIC_REPRESENTATION_CONTEXT(2) 
PARAMETRIC_REPRESENTATION_CONTEXT() REPRESENTATION_CONTEXT('2D SPACE',''
  ) );
#1140 = PCURVE('',#1141,#1146);
#1141 = PLANE('',#1142);
#1142 = AXIS2_PLACEMENT_3D('',#1143,#1144,#1145);
#1143 = CARTESIAN_POINT('',(0.,0.,3.274E+03));
#1144 = DIRECTION('',(0.,0.,1.));
#1145 = DIRECTION('',(1.,0.,-0.));
#1146 = DEFINITIONAL_REPRESENTATION('',(#1147),#1150);
#1147 = B_SPLINE_CURVE_WITH_KNOTS('',1,(#1148,#1149),.UNSPECIFIED.,.F.,
  .F.,(2,2),(-96.22867593952,-57.86432188134),.PIECEWISE_BEZIER_KNOTS.);
#1148 = CARTESIAN_POINT('',(-57.95,-22.87230508962));
#1149 = CARTESIAN_POINT('',(-30.82230508962,-50.));
#1150 = ( GEOMETRIC_REPRESENTATION_CONTEXT(2) 
PARAMETRIC_REPRESENTATION_CONTEXT() REPRESENTATION_CONTEXT('2D SPACE',''
  ) );
#1151 = ORIENTED_EDGE('',*,*,#1152,.T.);
#1152 = EDGE_CURVE('',#1127,#1153,#1155,.T.);
#1153 = VERTEX_POINT('',#1154);
#1154 = CARTESIAN_POINT('',(-33.62587436333,-47.19643072628,3.286E+03));
#1155 = SURFACE_CURVE('',#1156,(#1160,#1166),.PCURVE_S1.);
#1156 = LINE('',#1157,#1158);
#1157 = CARTESIAN_POINT('',(-33.62587436333,-47.19643072628,3.274E+03));
#1158 = VECTOR('',#1159,1.);
#1159 = DIRECTION('',(0.,0.,1.));
#1160 = PCURVE('',#561,#1161);
#1161 = DEFINITIONAL_REPRESENTATION('',(#1162),#1165);
#1162 = B_SPLINE_CURVE_WITH_KNOTS('',1,(#1163,#1164),.UNSPECIFIED.,.F.,
  .F.,(2,2),(-2.40000008489E-06,12.0000024),.PIECEWISE_BEZIER_KNOTS.);
#1163 = CARTESIAN_POINT('',(8.9999976,-133.2541675712));
#1164 = CARTESIAN_POINT('',(21.0000024,-133.2541675712));
#1165 = ( GEOMETRIC_REPRESENTATION_CONTEXT(2) 
PARAMETRIC_REPRESENTATION_CONTEXT() REPRESENTATION_CONTEXT('2D SPACE',''
  ) );
#1166 = PCURVE('',#1167,#1172);
#1167 = CYLINDRICAL_SURFACE('',#1168,57.95);
#1168 = AXIS2_PLACEMENT_3D('',#1169,#1170,#1171);
#1169 = CARTESIAN_POINT('',(0.,0.,3.274E+03));
#1170 = DIRECTION('',(0.,0.,1.));
#1171 = DIRECTION('',(1.,0.,-0.));
#1172 = DEFINITIONAL_REPRESENTATION('',(#1173),#1176);
#1173 = B_SPLINE_CURVE_WITH_KNOTS('',1,(#1174,#1175),.UNSPECIFIED.,.F.,
  .F.,(2,2),(0.,12.),.PIECEWISE_BEZIER_KNOTS.);
#1174 = CARTESIAN_POINT('',(4.093345166433,0.));
#1175 = CARTESIAN_POINT('',(4.093345166433,12.));
#1176 = ( GEOMETRIC_REPRESENTATION_CONTEXT(2) 
PARAMETRIC_REPRESENTATION_CONTEXT() REPRESENTATION_CONTEXT('2D SPACE',''
  ) );
#1177 = ORIENTED_EDGE('',*,*,#1178,.F.);
#1178 = EDGE_CURVE('',#1179,#1153,#1181,.T.);
#1179 = VERTEX_POINT('',#1180);
#1180 = CARTESIAN_POINT('',(-40.41115254481,-40.41115254481,3.286E+03));
#1181 = SURFACE_CURVE('',#1182,(#1186,#1192),.PCURVE_S1.);
#1182 = LINE('',#1183,#1184);
#1183 = CARTESIAN_POINT('',(10.093949301438,-90.91625439106,3.286E+03));
#1184 = VECTOR('',#1185,1.);
#1185 = DIRECTION('',(0.707106781187,-0.707106781187,0.));
#1186 = PCURVE('',#561,#1187);
#1187 = DEFINITIONAL_REPRESENTATION('',(#1188),#1191);
#1188 = B_SPLINE_CURVE_WITH_KNOTS('',1,(#1189,#1190),.UNSPECIFIED.,.F.,
  .F.,(2,2),(-96.22867593952,-57.86432188134),.PIECEWISE_BEZIER_KNOTS.);
#1189 = CARTESIAN_POINT('',(21.,-167.6536759395));
#1190 = CARTESIAN_POINT('',(21.,-129.2893218813));
#1191 = ( GEOMETRIC_REPRESENTATION_CONTEXT(2) 
PARAMETRIC_REPRESENTATION_CONTEXT() REPRESENTATION_CONTEXT('2D SPACE',''
  ) );
#1192 = PCURVE('',#1193,#1198);
#1193 = PLANE('',#1194);
#1194 = AXIS2_PLACEMENT_3D('',#1195,#1196,#1197);
#1195 = CARTESIAN_POINT('',(0.,0.,3.286E+03));
#1196 = DIRECTION('',(0.,0.,1.));
#1197 = DIRECTION('',(1.,0.,-0.));
#1198 = DEFINITIONAL_REPRESENTATION('',(#1199),#1202);
#1199 = B_SPLINE_CURVE_WITH_KNOTS('',1,(#1200,#1201),.UNSPECIFIED.,.F.,
  .F.,(2,2),(-96.22867593952,-57.86432188134),.PIECEWISE_BEZIER_KNOTS.);
#1200 = CARTESIAN_POINT('',(-57.95,-22.87230508962));
#1201 = CARTESIAN_POINT('',(-30.82230508962,-50.));
#1202 = ( GEOMETRIC_REPRESENTATION_CONTEXT(2) 
PARAMETRIC_REPRESENTATION_CONTEXT() REPRESENTATION_CONTEXT('2D SPACE',''
  ) );
#1203 = ORIENTED_EDGE('',*,*,#1204,.F.);
#1204 = EDGE_CURVE('',#1205,#1179,#1207,.T.);
#1205 = VERTEX_POINT('',#1206);
#1206 = CARTESIAN_POINT('',(-47.19643072628,-33.62587436333,3.286E+03));
#1207 = SURFACE_CURVE('',#1208,(#1212,#1218),.PCURVE_S1.);
#1208 = LINE('',#1209,#1210);
#1209 = CARTESIAN_POINT('',(10.093949301438,-90.91625439106,3.286E+03));
#1210 = VECTOR('',#1211,1.);
#1211 = DIRECTION('',(0.707106781187,-0.707106781187,0.));
#1212 = PCURVE('',#561,#1213);
#1213 = DEFINITIONAL_REPRESENTATION('',(#1214),#1217);
#1214 = B_SPLINE_CURVE_WITH_KNOTS('',1,(#1215,#1216),.UNSPECIFIED.,.F.,
  .F.,(2,2),(-96.22867593952,-57.86432188134),.PIECEWISE_BEZIER_KNOTS.);
#1215 = CARTESIAN_POINT('',(21.,-167.6536759395));
#1216 = CARTESIAN_POINT('',(21.,-129.2893218813));
#1217 = ( GEOMETRIC_REPRESENTATION_CONTEXT(2) 
PARAMETRIC_REPRESENTATION_CONTEXT() REPRESENTATION_CONTEXT('2D SPACE',''
  ) );
#1218 = PCURVE('',#1219,#1224);
#1219 = PLANE('',#1220);
#1220 = AXIS2_PLACEMENT_3D('',#1221,#1222,#1223);
#1221 = CARTESIAN_POINT('',(0.,0.,3.286E+03));
#1222 = DIRECTION('',(0.,0.,1.));
#1223 = DIRECTION('',(1.,0.,-0.));
#1224 = DEFINITIONAL_REPRESENTATION('',(#1225),#1228);
#1225 = B_SPLINE_CURVE_WITH_KNOTS('',1,(#1226,#1227),.UNSPECIFIED.,.F.,
  .F.,(2,2),(-96.22867593952,-57.86432188134),.PIECEWISE_BEZIER_KNOTS.);
#1226 = CARTESIAN_POINT('',(-57.95,-22.87230508962));
#1227 = CARTESIAN_POINT('',(-30.82230508962,-50.));
#1228 = ( GEOMETRIC_REPRESENTATION_CONTEXT(2) 
PARAMETRIC_REPRESENTATION_CONTEXT() REPRESENTATION_CONTEXT('2D SPACE',''
  ) );
#1229 = ORIENTED_EDGE('',*,*,#1230,.F.);
#1230 = EDGE_CURVE('',#1231,#1205,#1233,.T.);
#1231 = VERTEX_POINT('',#1232);
#1232 = CARTESIAN_POINT('',(-47.19643072628,-33.62587436333,3.274E+03));
#1233 = SURFACE_CURVE('',#1234,(#1238,#1244),.PCURVE_S1.);
#1234 = LINE('',#1235,#1236);
#1235 = CARTESIAN_POINT('',(-47.19643072628,-33.62587436333,3.274E+03));
#1236 = VECTOR('',#1237,1.);
#1237 = DIRECTION('',(0.,0.,1.));
#1238 = PCURVE('',#561,#1239);
#1239 = DEFINITIONAL_REPRESENTATION('',(#1240),#1243);
#1240 = B_SPLINE_CURVE_WITH_KNOTS('',1,(#1241,#1242),.UNSPECIFIED.,.F.,
  .F.,(2,2),(-2.40000008489E-06,12.0000024),.PIECEWISE_BEZIER_KNOTS.);
#1241 = CARTESIAN_POINT('',(8.9999976,-152.4458324287));
#1242 = CARTESIAN_POINT('',(21.0000024,-152.4458324287));
#1243 = ( GEOMETRIC_REPRESENTATION_CONTEXT(2) 
PARAMETRIC_REPRESENTATION_CONTEXT() REPRESENTATION_CONTEXT('2D SPACE',''
  ) );
#1244 = PCURVE('',#1245,#1250);
#1245 = CYLINDRICAL_SURFACE('',#1246,57.95);
#1246 = AXIS2_PLACEMENT_3D('',#1247,#1248,#1249);
#1247 = CARTESIAN_POINT('',(0.,0.,3.274E+03));
#1248 = DIRECTION('',(0.,0.,1.));
#1249 = DIRECTION('',(1.,0.,-0.));
#1250 = DEFINITIONAL_REPRESENTATION('',(#1251),#1254);
#1251 = B_SPLINE_CURVE_WITH_KNOTS('',1,(#1252,#1253),.UNSPECIFIED.,.F.,
  .F.,(2,2),(-2.40000008489E-06,12.0000024),.PIECEWISE_BEZIER_KNOTS.);
#1252 = CARTESIAN_POINT('',(3.760636467541,-2.40000008489E-06));
#1253 = CARTESIAN_POINT('',(3.760636467541,12.0000024));
#1254 = ( GEOMETRIC_REPRESENTATION_CONTEXT(2) 
PARAMETRIC_REPRESENTATION_CONTEXT() REPRESENTATION_CONTEXT('2D SPACE',''
  ) );
#1255 = ORIENTED_EDGE('',*,*,#1256,.T.);
#1256 = EDGE_CURVE('',#1231,#1125,#1257,.T.);
#1257 = SURFACE_CURVE('',#1258,(#1262,#1268),.PCURVE_S1.);
#1258 = LINE('',#1259,#1260);
#1259 = CARTESIAN_POINT('',(10.093949301438,-90.91625439106,3.274E+03));
#1260 = VECTOR('',#1261,1.);
#1261 = DIRECTION('',(0.707106781187,-0.707106781187,0.));
#1262 = PCURVE('',#561,#1263);
#1263 = DEFINITIONAL_REPRESENTATION('',(#1264),#1267);
#1264 = B_SPLINE_CURVE_WITH_KNOTS('',1,(#1265,#1266),.UNSPECIFIED.,.F.,
  .F.,(2,2),(-96.22867593952,-57.86432188134),.PIECEWISE_BEZIER_KNOTS.);
#1265 = CARTESIAN_POINT('',(9.,-167.6536759395));
#1266 = CARTESIAN_POINT('',(9.,-129.2893218813));
#1267 = ( GEOMETRIC_REPRESENTATION_CONTEXT(2) 
PARAMETRIC_REPRESENTATION_CONTEXT() REPRESENTATION_CONTEXT('2D SPACE',''
  ) );
#1268 = PCURVE('',#1269,#1274);
#1269 = PLANE('',#1270);
#1270 = AXIS2_PLACEMENT_3D('',#1271,#1272,#1273);
#1271 = CARTESIAN_POINT('',(0.,0.,3.274E+03));
#1272 = DIRECTION('',(0.,0.,1.));
#1273 = DIRECTION('',(1.,0.,-0.));
#1274 = DEFINITIONAL_REPRESENTATION('',(#1275),#1278);
#1275 = B_SPLINE_CURVE_WITH_KNOTS('',1,(#1276,#1277),.UNSPECIFIED.,.F.,
  .F.,(2,2),(-96.22867593952,-57.86432188134),.PIECEWISE_BEZIER_KNOTS.);
#1276 = CARTESIAN_POINT('',(-57.95,-22.87230508962));
#1277 = CARTESIAN_POINT('',(-30.82230508962,-50.));
#1278 = ( GEOMETRIC_REPRESENTATION_CONTEXT(2) 
PARAMETRIC_REPRESENTATION_CONTEXT() REPRESENTATION_CONTEXT('2D SPACE',''
  ) );
#1279 = ADVANCED_FACE('',(#1280),#1167,.T.);
#1280 = FACE_BOUND('',#1281,.T.);
#1281 = EDGE_LOOP('',(#1282,#1306,#1307,#1335));
#1282 = ORIENTED_EDGE('',*,*,#1283,.F.);
#1283 = EDGE_CURVE('',#1153,#1284,#1286,.T.);
#1284 = VERTEX_POINT('',#1285);
#1285 = CARTESIAN_POINT('',(-33.62587436333,47.196430726286,3.286E+03));
#1286 = SURFACE_CURVE('',#1287,(#1292,#1299),.PCURVE_S1.);
#1287 = CIRCLE('',#1288,57.95);
#1288 = AXIS2_PLACEMENT_3D('',#1289,#1290,#1291);
#1289 = CARTESIAN_POINT('',(0.,0.,3.286E+03));
#1290 = DIRECTION('',(0.,0.,1.));
#1291 = DIRECTION('',(-0.580256675813,-0.814433662231,0.));
#1292 = PCURVE('',#1167,#1293);
#1293 = DEFINITIONAL_REPRESENTATION('',(#1294),#1298);
#1294 = LINE('',#1295,#1296);
#1295 = CARTESIAN_POINT('',(4.093345166433,12.));
#1296 = VECTOR('',#1297,1.);
#1297 = DIRECTION('',(1.,0.));
#1298 = ( GEOMETRIC_REPRESENTATION_CONTEXT(2) 
PARAMETRIC_REPRESENTATION_CONTEXT() REPRESENTATION_CONTEXT('2D SPACE',''
  ) );
#1299 = PCURVE('',#1193,#1300);
#1300 = DEFINITIONAL_REPRESENTATION('',(#1301),#1305);
#1301 = CIRCLE('',#1302,57.95);
#1302 = AXIS2_PLACEMENT_2D('',#1303,#1304);
#1303 = CARTESIAN_POINT('',(0.,0.));
#1304 = DIRECTION('',(-0.580256675813,-0.814433662231));
#1305 = ( GEOMETRIC_REPRESENTATION_CONTEXT(2) 
PARAMETRIC_REPRESENTATION_CONTEXT() REPRESENTATION_CONTEXT('2D SPACE',''
  ) );
#1306 = ORIENTED_EDGE('',*,*,#1152,.F.);
#1307 = ORIENTED_EDGE('',*,*,#1308,.F.);
#1308 = EDGE_CURVE('',#1309,#1127,#1311,.T.);
#1309 = VERTEX_POINT('',#1310);
#1310 = CARTESIAN_POINT('',(-33.62587436333,47.196430726286,3.274E+03));
#1311 = SURFACE_CURVE('',#1312,(#1317,#1324),.PCURVE_S1.);
#1312 = CIRCLE('',#1313,57.95);
#1313 = AXIS2_PLACEMENT_3D('',#1314,#1315,#1316);
#1314 = CARTESIAN_POINT('',(0.,0.,3.274E+03));
#1315 = DIRECTION('',(0.,0.,-1.));
#1316 = DIRECTION('',(-0.580256675813,0.814433662231,0.));
#1317 = PCURVE('',#1167,#1318);
#1318 = DEFINITIONAL_REPRESENTATION('',(#1319),#1323);
#1319 = LINE('',#1320,#1321);
#1320 = CARTESIAN_POINT('',(8.473025447926,0.));
#1321 = VECTOR('',#1322,1.);
#1322 = DIRECTION('',(-1.,-0.));
#1323 = ( GEOMETRIC_REPRESENTATION_CONTEXT(2) 
PARAMETRIC_REPRESENTATION_CONTEXT() REPRESENTATION_CONTEXT('2D SPACE',''
  ) );
#1324 = PCURVE('',#1141,#1325);
#1325 = DEFINITIONAL_REPRESENTATION('',(#1326),#1334);
#1326 = ( BOUNDED_CURVE() B_SPLINE_CURVE(2,(#1327,#1328,#1329,#1330,
#1331,#1332,#1333),.UNSPECIFIED.,.T.,.F.) B_SPLINE_CURVE_WITH_KNOTS((1,2
    ,2,2,2,1),(-2.094395102393,0.,2.094395102393,4.188790204786,
6.28318530718,8.377580409573),.UNSPECIFIED.) CURVE() 
GEOMETRIC_REPRESENTATION_ITEM() RATIONAL_B_SPLINE_CURVE((1.,0.5,1.,0.5,
1.,0.5,1.)) REPRESENTATION_ITEM('') );
#1327 = CARTESIAN_POINT('',(-33.62587436333,47.196430726286));
#1328 = CARTESIAN_POINT('',(48.120741590496,105.43815357251));
#1329 = CARTESIAN_POINT('',(57.686245158584,5.52264605997));
#1330 = CARTESIAN_POINT('',(67.251748726672,-94.39286145257));
#1331 = CARTESIAN_POINT('',(-24.06037079524,-52.71907678625));
#1332 = CARTESIAN_POINT('',(-115.3724903171,-11.04529211994));
#1333 = CARTESIAN_POINT('',(-33.62587436333,47.196430726286));
#1334 = ( GEOMETRIC_REPRESENTATION_CONTEXT(2) 
PARAMETRIC_REPRESENTATION_CONTEXT() REPRESENTATION_CONTEXT('2D SPACE',''
  ) );
#1335 = ORIENTED_EDGE('',*,*,#1336,.T.);
#1336 = EDGE_CURVE('',#1309,#1284,#1337,.T.);
#1337 = SURFACE_CURVE('',#1338,(#1342,#1348),.PCURVE_S1.);
#1338 = LINE('',#1339,#1340);
#1339 = CARTESIAN_POINT('',(-33.62587436333,47.196430726286,3.274E+03));
#1340 = VECTOR('',#1341,1.);
#1341 = DIRECTION('',(0.,0.,1.));
#1342 = PCURVE('',#1167,#1343);
#1343 = DEFINITIONAL_REPRESENTATION('',(#1344),#1347);
#1344 = B_SPLINE_CURVE_WITH_KNOTS('',1,(#1345,#1346),.UNSPECIFIED.,.F.,
  .F.,(2,2),(0.,12.),.PIECEWISE_BEZIER_KNOTS.);
#1345 = CARTESIAN_POINT('',(8.473025447926,0.));
#1346 = CARTESIAN_POINT('',(8.473025447926,12.));
#1347 = ( GEOMETRIC_REPRESENTATION_CONTEXT(2) 
PARAMETRIC_REPRESENTATION_CONTEXT() REPRESENTATION_CONTEXT('2D SPACE',''
  ) );
#1348 = PCURVE('',#587,#1349);
#1349 = DEFINITIONAL_REPRESENTATION('',(#1350),#1353);
#1350 = B_SPLINE_CURVE_WITH_KNOTS('',1,(#1351,#1352),.UNSPECIFIED.,.F.,
  .F.,(2,2),(-2.40000008489E-06,12.0000024),.PIECEWISE_BEZIER_KNOTS.);
#1351 = CARTESIAN_POINT('',(8.9999976,66.745832428716));
#1352 = CARTESIAN_POINT('',(21.0000024,66.745832428716));
#1353 = ( GEOMETRIC_REPRESENTATION_CONTEXT(2) 
PARAMETRIC_REPRESENTATION_CONTEXT() REPRESENTATION_CONTEXT('2D SPACE',''
  ) );
#1354 = ADVANCED_FACE('',(#1355),#1193,.T.);
#1355 = FACE_BOUND('',#1356,.T.);
#1356 = EDGE_LOOP('',(#1357,#1358,#1379,#1408,#1430));
#1357 = ORIENTED_EDGE('',*,*,#1283,.T.);
#1358 = ORIENTED_EDGE('',*,*,#1359,.F.);
#1359 = EDGE_CURVE('',#1360,#1284,#1362,.T.);
#1360 = VERTEX_POINT('',#1361);
#1361 = CARTESIAN_POINT('',(-40.41115371281,40.411151376803,3.286E+03));
#1362 = SURFACE_CURVE('',#1363,(#1367,#1373),.PCURVE_S1.);
#1363 = LINE('',#1364,#1365);
#1364 = CARTESIAN_POINT('',(-60.61672881721,20.205576272406,3.286E+03));
#1365 = VECTOR('',#1366,1.);
#1366 = DIRECTION('',(0.707106781187,0.707106781187,-0.));
#1367 = PCURVE('',#1193,#1368);
#1368 = DEFINITIONAL_REPRESENTATION('',(#1369),#1372);
#1369 = B_SPLINE_CURVE_WITH_KNOTS('',1,(#1370,#1371),.UNSPECIFIED.,.F.,
  .F.,(2,2),(3.771324060479,42.135678118655),.PIECEWISE_BEZIER_KNOTS.);
#1370 = CARTESIAN_POINT('',(-57.95,22.872305089622));
#1371 = CARTESIAN_POINT('',(-30.82230508962,50.));
#1372 = ( GEOMETRIC_REPRESENTATION_CONTEXT(2) 
PARAMETRIC_REPRESENTATION_CONTEXT() REPRESENTATION_CONTEXT('2D SPACE',''
  ) );
#1373 = PCURVE('',#587,#1374);
#1374 = DEFINITIONAL_REPRESENTATION('',(#1375),#1378);
#1375 = B_SPLINE_CURVE_WITH_KNOTS('',1,(#1376,#1377),.UNSPECIFIED.,.F.,
  .F.,(2,2),(3.771324060479,42.135678118655),.PIECEWISE_BEZIER_KNOTS.);
#1376 = CARTESIAN_POINT('',(21.,32.346324060479));
#1377 = CARTESIAN_POINT('',(21.,70.710678118655));
#1378 = ( GEOMETRIC_REPRESENTATION_CONTEXT(2) 
PARAMETRIC_REPRESENTATION_CONTEXT() REPRESENTATION_CONTEXT('2D SPACE',''
  ) );
#1379 = ORIENTED_EDGE('',*,*,#1380,.F.);
#1380 = EDGE_CURVE('',#1381,#1360,#1383,.T.);
#1381 = VERTEX_POINT('',#1382);
#1382 = CARTESIAN_POINT('',(57.15,-1.399771291425E-14,3.286E+03));
#1383 = SURFACE_CURVE('',#1384,(#1389,#1396),.PCURVE_S1.);
#1384 = CIRCLE('',#1385,57.15);
#1385 = AXIS2_PLACEMENT_3D('',#1386,#1387,#1388);
#1386 = CARTESIAN_POINT('',(0.,0.,3.286E+03));
#1387 = DIRECTION('',(0.,0.,1.));
#1388 = DIRECTION('',(1.,0.,-0.));
#1389 = PCURVE('',#1193,#1390);
#1390 = DEFINITIONAL_REPRESENTATION('',(#1391),#1395);
#1391 = CIRCLE('',#1392,57.15);
#1392 = AXIS2_PLACEMENT_2D('',#1393,#1394);
#1393 = CARTESIAN_POINT('',(0.,0.));
#1394 = DIRECTION('',(1.,0.));
#1395 = ( GEOMETRIC_REPRESENTATION_CONTEXT(2) 
PARAMETRIC_REPRESENTATION_CONTEXT() REPRESENTATION_CONTEXT('2D SPACE',''
  ) );
#1396 = PCURVE('',#1397,#1402);
#1397 = CYLINDRICAL_SURFACE('',#1398,57.15);
#1398 = AXIS2_PLACEMENT_3D('',#1399,#1400,#1401);
#1399 = CARTESIAN_POINT('',(0.,0.,3.273E+03));
#1400 = DIRECTION('',(0.,0.,1.));
#1401 = DIRECTION('',(1.,0.,-0.));
#1402 = DEFINITIONAL_REPRESENTATION('',(#1403),#1407);
#1403 = LINE('',#1404,#1405);
#1404 = CARTESIAN_POINT('',(0.,13.));
#1405 = VECTOR('',#1406,1.);
#1406 = DIRECTION('',(1.,0.));
#1407 = ( GEOMETRIC_REPRESENTATION_CONTEXT(2) 
PARAMETRIC_REPRESENTATION_CONTEXT() REPRESENTATION_CONTEXT('2D SPACE',''
  ) );
#1408 = ORIENTED_EDGE('',*,*,#1409,.F.);
#1409 = EDGE_CURVE('',#1179,#1381,#1410,.T.);
#1410 = SURFACE_CURVE('',#1411,(#1416,#1423),.PCURVE_S1.);
#1411 = CIRCLE('',#1412,57.15);
#1412 = AXIS2_PLACEMENT_3D('',#1413,#1414,#1415);
#1413 = CARTESIAN_POINT('',(0.,0.,3.286E+03));
#1414 = DIRECTION('',(0.,0.,1.));
#1415 = DIRECTION('',(1.,0.,-0.));
#1416 = PCURVE('',#1193,#1417);
#1417 = DEFINITIONAL_REPRESENTATION('',(#1418),#1422);
#1418 = CIRCLE('',#1419,57.15);
#1419 = AXIS2_PLACEMENT_2D('',#1420,#1421);
#1420 = CARTESIAN_POINT('',(0.,0.));
#1421 = DIRECTION('',(1.,0.));
#1422 = ( GEOMETRIC_REPRESENTATION_CONTEXT(2) 
PARAMETRIC_REPRESENTATION_CONTEXT() REPRESENTATION_CONTEXT('2D SPACE',''
  ) );
#1423 = PCURVE('',#1397,#1424);
#1424 = DEFINITIONAL_REPRESENTATION('',(#1425),#1429);
#1425 = LINE('',#1426,#1427);
#1426 = CARTESIAN_POINT('',(0.,13.));
#1427 = VECTOR('',#1428,1.);
#1428 = DIRECTION('',(1.,0.));
#1429 = ( GEOMETRIC_REPRESENTATION_CONTEXT(2) 
PARAMETRIC_REPRESENTATION_CONTEXT() REPRESENTATION_CONTEXT('2D SPACE',''
  ) );
#1430 = ORIENTED_EDGE('',*,*,#1178,.T.);
#1431 = ADVANCED_FACE('',(#1432),#1397,.F.);
#1432 = FACE_BOUND('',#1433,.F.);
#1433 = EDGE_LOOP('',(#1434,#1458,#1479,#1480,#1502,#1503,#1504,#1528));
#1434 = ORIENTED_EDGE('',*,*,#1435,.T.);
#1435 = EDGE_CURVE('',#1125,#1436,#1438,.T.);
#1436 = VERTEX_POINT('',#1437);
#1437 = CARTESIAN_POINT('',(57.15,-1.399771291425E-14,3.274E+03));
#1438 = SURFACE_CURVE('',#1439,(#1444,#1451),.PCURVE_S1.);
#1439 = CIRCLE('',#1440,57.15);
#1440 = AXIS2_PLACEMENT_3D('',#1441,#1442,#1443);
#1441 = CARTESIAN_POINT('',(0.,0.,3.274E+03));
#1442 = DIRECTION('',(0.,0.,1.));
#1443 = DIRECTION('',(1.,0.,-0.));
#1444 = PCURVE('',#1397,#1445);
#1445 = DEFINITIONAL_REPRESENTATION('',(#1446),#1450);
#1446 = LINE('',#1447,#1448);
#1447 = CARTESIAN_POINT('',(0.,1.));
#1448 = VECTOR('',#1449,1.);
#1449 = DIRECTION('',(1.,0.));
#1450 = ( GEOMETRIC_REPRESENTATION_CONTEXT(2) 
PARAMETRIC_REPRESENTATION_CONTEXT() REPRESENTATION_CONTEXT('2D SPACE',''
  ) );
#1451 = PCURVE('',#1141,#1452);
#1452 = DEFINITIONAL_REPRESENTATION('',(#1453),#1457);
#1453 = CIRCLE('',#1454,57.15);
#1454 = AXIS2_PLACEMENT_2D('',#1455,#1456);
#1455 = CARTESIAN_POINT('',(0.,0.));
#1456 = DIRECTION('',(1.,0.));
#1457 = ( GEOMETRIC_REPRESENTATION_CONTEXT(2) 
PARAMETRIC_REPRESENTATION_CONTEXT() REPRESENTATION_CONTEXT('2D SPACE',''
  ) );
#1458 = ORIENTED_EDGE('',*,*,#1459,.T.);
#1459 = EDGE_CURVE('',#1436,#1381,#1460,.T.);
#1460 = SEAM_CURVE('',#1461,(#1465,#1472),.PCURVE_S1.);
#1461 = LINE('',#1462,#1463);
#1462 = CARTESIAN_POINT('',(57.15,-1.399771291425E-14,3.273E+03));
#1463 = VECTOR('',#1464,1.);
#1464 = DIRECTION('',(0.,0.,1.));
#1465 = PCURVE('',#1397,#1466);
#1466 = DEFINITIONAL_REPRESENTATION('',(#1467),#1471);
#1467 = LINE('',#1468,#1469);
#1468 = CARTESIAN_POINT('',(6.28318530718,-0.));
#1469 = VECTOR('',#1470,1.);
#1470 = DIRECTION('',(0.,1.));
#1471 = ( GEOMETRIC_REPRESENTATION_CONTEXT(2) 
PARAMETRIC_REPRESENTATION_CONTEXT() REPRESENTATION_CONTEXT('2D SPACE',''
  ) );
#1472 = PCURVE('',#1397,#1473);
#1473 = DEFINITIONAL_REPRESENTATION('',(#1474),#1478);
#1474 = LINE('',#1475,#1476);
#1475 = CARTESIAN_POINT('',(0.,-0.));
#1476 = VECTOR('',#1477,1.);
#1477 = DIRECTION('',(0.,1.));
#1478 = ( GEOMETRIC_REPRESENTATION_CONTEXT(2) 
PARAMETRIC_REPRESENTATION_CONTEXT() REPRESENTATION_CONTEXT('2D SPACE',''
  ) );
#1479 = ORIENTED_EDGE('',*,*,#1409,.F.);
#1480 = ORIENTED_EDGE('',*,*,#1481,.F.);
#1481 = EDGE_CURVE('',#1360,#1179,#1482,.T.);
#1482 = SURFACE_CURVE('',#1483,(#1488,#1495),.PCURVE_S1.);
#1483 = CIRCLE('',#1484,57.15);
#1484 = AXIS2_PLACEMENT_3D('',#1485,#1486,#1487);
#1485 = CARTESIAN_POINT('',(0.,0.,3.286E+03));
#1486 = DIRECTION('',(0.,0.,1.));
#1487 = DIRECTION('',(1.,0.,-0.));
#1488 = PCURVE('',#1397,#1489);
#1489 = DEFINITIONAL_REPRESENTATION('',(#1490),#1494);
#1490 = LINE('',#1491,#1492);
#1491 = CARTESIAN_POINT('',(0.,13.));
#1492 = VECTOR('',#1493,1.);
#1493 = DIRECTION('',(1.,0.));
#1494 = ( GEOMETRIC_REPRESENTATION_CONTEXT(2) 
PARAMETRIC_REPRESENTATION_CONTEXT() REPRESENTATION_CONTEXT('2D SPACE',''
  ) );
#1495 = PCURVE('',#1219,#1496);
#1496 = DEFINITIONAL_REPRESENTATION('',(#1497),#1501);
#1497 = CIRCLE('',#1498,57.15);
#1498 = AXIS2_PLACEMENT_2D('',#1499,#1500);
#1499 = CARTESIAN_POINT('',(0.,0.));
#1500 = DIRECTION('',(1.,0.));
#1501 = ( GEOMETRIC_REPRESENTATION_CONTEXT(2) 
PARAMETRIC_REPRESENTATION_CONTEXT() REPRESENTATION_CONTEXT('2D SPACE',''
  ) );
#1502 = ORIENTED_EDGE('',*,*,#1380,.F.);
#1503 = ORIENTED_EDGE('',*,*,#1459,.F.);
#1504 = ORIENTED_EDGE('',*,*,#1505,.T.);
#1505 = EDGE_CURVE('',#1436,#1506,#1508,.T.);
#1506 = VERTEX_POINT('',#1507);
#1507 = CARTESIAN_POINT('',(-40.41115371281,40.411151376803,3.274E+03));
#1508 = SURFACE_CURVE('',#1509,(#1514,#1521),.PCURVE_S1.);
#1509 = CIRCLE('',#1510,57.15);
#1510 = AXIS2_PLACEMENT_3D('',#1511,#1512,#1513);
#1511 = CARTESIAN_POINT('',(0.,0.,3.274E+03));
#1512 = DIRECTION('',(0.,0.,1.));
#1513 = DIRECTION('',(1.,0.,-0.));
#1514 = PCURVE('',#1397,#1515);
#1515 = DEFINITIONAL_REPRESENTATION('',(#1516),#1520);
#1516 = LINE('',#1517,#1518);
#1517 = CARTESIAN_POINT('',(0.,1.));
#1518 = VECTOR('',#1519,1.);
#1519 = DIRECTION('',(1.,0.));
#1520 = ( GEOMETRIC_REPRESENTATION_CONTEXT(2) 
PARAMETRIC_REPRESENTATION_CONTEXT() REPRESENTATION_CONTEXT('2D SPACE',''
  ) );
#1521 = PCURVE('',#1141,#1522);
#1522 = DEFINITIONAL_REPRESENTATION('',(#1523),#1527);
#1523 = CIRCLE('',#1524,57.15);
#1524 = AXIS2_PLACEMENT_2D('',#1525,#1526);
#1525 = CARTESIAN_POINT('',(0.,0.));
#1526 = DIRECTION('',(1.,0.));
#1527 = ( GEOMETRIC_REPRESENTATION_CONTEXT(2) 
PARAMETRIC_REPRESENTATION_CONTEXT() REPRESENTATION_CONTEXT('2D SPACE',''
  ) );
#1528 = ORIENTED_EDGE('',*,*,#1529,.T.);
#1529 = EDGE_CURVE('',#1506,#1125,#1530,.T.);
#1530 = SURFACE_CURVE('',#1531,(#1536,#1543),.PCURVE_S1.);
#1531 = CIRCLE('',#1532,57.15);
#1532 = AXIS2_PLACEMENT_3D('',#1533,#1534,#1535);
#1533 = CARTESIAN_POINT('',(0.,0.,3.274E+03));
#1534 = DIRECTION('',(0.,0.,1.));
#1535 = DIRECTION('',(1.,0.,-0.));
#1536 = PCURVE('',#1397,#1537);
#1537 = DEFINITIONAL_REPRESENTATION('',(#1538),#1542);
#1538 = LINE('',#1539,#1540);
#1539 = CARTESIAN_POINT('',(0.,1.));
#1540 = VECTOR('',#1541,1.);
#1541 = DIRECTION('',(1.,0.));
#1542 = ( GEOMETRIC_REPRESENTATION_CONTEXT(2) 
PARAMETRIC_REPRESENTATION_CONTEXT() REPRESENTATION_CONTEXT('2D SPACE',''
  ) );
#1543 = PCURVE('',#1269,#1544);
#1544 = DEFINITIONAL_REPRESENTATION('',(#1545),#1549);
#1545 = CIRCLE('',#1546,57.15);
#1546 = AXIS2_PLACEMENT_2D('',#1547,#1548);
#1547 = CARTESIAN_POINT('',(0.,0.));
#1548 = DIRECTION('',(1.,0.));
#1549 = ( GEOMETRIC_REPRESENTATION_CONTEXT(2) 
PARAMETRIC_REPRESENTATION_CONTEXT() REPRESENTATION_CONTEXT('2D SPACE',''
  ) );
#1550 = ADVANCED_FACE('',(#1551),#1219,.T.);
#1551 = FACE_BOUND('',#1552,.T.);
#1552 = EDGE_LOOP('',(#1553,#1574,#1596,#1597));
#1553 = ORIENTED_EDGE('',*,*,#1554,.F.);
#1554 = EDGE_CURVE('',#1555,#1360,#1557,.T.);
#1555 = VERTEX_POINT('',#1556);
#1556 = CARTESIAN_POINT('',(-47.19643072628,33.625874363336,3.286E+03));
#1557 = SURFACE_CURVE('',#1558,(#1562,#1568),.PCURVE_S1.);
#1558 = LINE('',#1559,#1560);
#1559 = CARTESIAN_POINT('',(-60.61672881721,20.205576272406,3.286E+03));
#1560 = VECTOR('',#1561,1.);
#1561 = DIRECTION('',(0.707106781187,0.707106781187,-0.));
#1562 = PCURVE('',#1219,#1563);
#1563 = DEFINITIONAL_REPRESENTATION('',(#1564),#1567);
#1564 = B_SPLINE_CURVE_WITH_KNOTS('',1,(#1565,#1566),.UNSPECIFIED.,.F.,
  .F.,(2,2),(3.771324060479,42.135678118655),.PIECEWISE_BEZIER_KNOTS.);
#1565 = CARTESIAN_POINT('',(-57.95,22.872305089622));
#1566 = CARTESIAN_POINT('',(-30.82230508962,50.));
#1567 = ( GEOMETRIC_REPRESENTATION_CONTEXT(2) 
PARAMETRIC_REPRESENTATION_CONTEXT() REPRESENTATION_CONTEXT('2D SPACE',''
  ) );
#1568 = PCURVE('',#587,#1569);
#1569 = DEFINITIONAL_REPRESENTATION('',(#1570),#1573);
#1570 = B_SPLINE_CURVE_WITH_KNOTS('',1,(#1571,#1572),.UNSPECIFIED.,.F.,
  .F.,(2,2),(3.771324060479,42.135678118655),.PIECEWISE_BEZIER_KNOTS.);
#1571 = CARTESIAN_POINT('',(21.,32.346324060479));
#1572 = CARTESIAN_POINT('',(21.,70.710678118655));
#1573 = ( GEOMETRIC_REPRESENTATION_CONTEXT(2) 
PARAMETRIC_REPRESENTATION_CONTEXT() REPRESENTATION_CONTEXT('2D SPACE',''
  ) );
#1574 = ORIENTED_EDGE('',*,*,#1575,.T.);
#1575 = EDGE_CURVE('',#1555,#1205,#1576,.T.);
#1576 = SURFACE_CURVE('',#1577,(#1582,#1589),.PCURVE_S1.);
#1577 = CIRCLE('',#1578,57.95);
#1578 = AXIS2_PLACEMENT_3D('',#1579,#1580,#1581);
#1579 = CARTESIAN_POINT('',(0.,0.,3.286E+03));
#1580 = DIRECTION('',(0.,0.,1.));
#1581 = DIRECTION('',(1.,0.,-0.));
#1582 = PCURVE('',#1219,#1583);
#1583 = DEFINITIONAL_REPRESENTATION('',(#1584),#1588);
#1584 = CIRCLE('',#1585,57.95);
#1585 = AXIS2_PLACEMENT_2D('',#1586,#1587);
#1586 = CARTESIAN_POINT('',(0.,0.));
#1587 = DIRECTION('',(1.,0.));
#1588 = ( GEOMETRIC_REPRESENTATION_CONTEXT(2) 
PARAMETRIC_REPRESENTATION_CONTEXT() REPRESENTATION_CONTEXT('2D SPACE',''
  ) );
#1589 = PCURVE('',#1245,#1590);
#1590 = DEFINITIONAL_REPRESENTATION('',(#1591),#1595);
#1591 = LINE('',#1592,#1593);
#1592 = CARTESIAN_POINT('',(0.,12.));
#1593 = VECTOR('',#1594,1.);
#1594 = DIRECTION('',(1.,0.));
#1595 = ( GEOMETRIC_REPRESENTATION_CONTEXT(2) 
PARAMETRIC_REPRESENTATION_CONTEXT() REPRESENTATION_CONTEXT('2D SPACE',''
  ) );
#1596 = ORIENTED_EDGE('',*,*,#1204,.T.);
#1597 = ORIENTED_EDGE('',*,*,#1481,.F.);
#1598 = ADVANCED_FACE('',(#1599),#1245,.T.);
#1599 = FACE_BOUND('',#1600,.T.);
#1600 = EDGE_LOOP('',(#1601,#1602,#1623,#1645));
#1601 = ORIENTED_EDGE('',*,*,#1575,.F.);
#1602 = ORIENTED_EDGE('',*,*,#1603,.F.);
#1603 = EDGE_CURVE('',#1604,#1555,#1606,.T.);
#1604 = VERTEX_POINT('',#1605);
#1605 = CARTESIAN_POINT('',(-47.19643072628,33.625874363336,3.274E+03));
#1606 = SURFACE_CURVE('',#1607,(#1611,#1617),.PCURVE_S1.);
#1607 = LINE('',#1608,#1609);
#1608 = CARTESIAN_POINT('',(-47.19643072628,33.625874363336,3.274E+03));
#1609 = VECTOR('',#1610,1.);
#1610 = DIRECTION('',(0.,0.,1.));
#1611 = PCURVE('',#1245,#1612);
#1612 = DEFINITIONAL_REPRESENTATION('',(#1613),#1616);
#1613 = B_SPLINE_CURVE_WITH_KNOTS('',1,(#1614,#1615),.UNSPECIFIED.,.F.,
  .F.,(2,2),(-2.40000008489E-06,12.0000024),.PIECEWISE_BEZIER_KNOTS.);
#1614 = CARTESIAN_POINT('',(2.522548839638,-2.40000008489E-06));
#1615 = CARTESIAN_POINT('',(2.522548839638,12.0000024));
#1616 = ( GEOMETRIC_REPRESENTATION_CONTEXT(2) 
PARAMETRIC_REPRESENTATION_CONTEXT() REPRESENTATION_CONTEXT('2D SPACE',''
  ) );
#1617 = PCURVE('',#587,#1618);
#1618 = DEFINITIONAL_REPRESENTATION('',(#1619),#1622);
#1619 = B_SPLINE_CURVE_WITH_KNOTS('',1,(#1620,#1621),.UNSPECIFIED.,.F.,
  .F.,(2,2),(-2.40000008489E-06,12.0000024),.PIECEWISE_BEZIER_KNOTS.);
#1620 = CARTESIAN_POINT('',(8.9999976,47.554167571284));
#1621 = CARTESIAN_POINT('',(21.0000024,47.554167571284));
#1622 = ( GEOMETRIC_REPRESENTATION_CONTEXT(2) 
PARAMETRIC_REPRESENTATION_CONTEXT() REPRESENTATION_CONTEXT('2D SPACE',''
  ) );
#1623 = ORIENTED_EDGE('',*,*,#1624,.T.);
#1624 = EDGE_CURVE('',#1604,#1231,#1625,.T.);
#1625 = SURFACE_CURVE('',#1626,(#1631,#1638),.PCURVE_S1.);
#1626 = CIRCLE('',#1627,57.95);
#1627 = AXIS2_PLACEMENT_3D('',#1628,#1629,#1630);
#1628 = CARTESIAN_POINT('',(0.,0.,3.274E+03));
#1629 = DIRECTION('',(0.,0.,1.));
#1630 = DIRECTION('',(1.,0.,-0.));
#1631 = PCURVE('',#1245,#1632);
#1632 = DEFINITIONAL_REPRESENTATION('',(#1633),#1637);
#1633 = LINE('',#1634,#1635);
#1634 = CARTESIAN_POINT('',(0.,0.));
#1635 = VECTOR('',#1636,1.);
#1636 = DIRECTION('',(1.,0.));
#1637 = ( GEOMETRIC_REPRESENTATION_CONTEXT(2) 
PARAMETRIC_REPRESENTATION_CONTEXT() REPRESENTATION_CONTEXT('2D SPACE',''
  ) );
#1638 = PCURVE('',#1269,#1639);
#1639 = DEFINITIONAL_REPRESENTATION('',(#1640),#1644);
#1640 = CIRCLE('',#1641,57.95);
#1641 = AXIS2_PLACEMENT_2D('',#1642,#1643);
#1642 = CARTESIAN_POINT('',(0.,0.));
#1643 = DIRECTION('',(1.,0.));
#1644 = ( GEOMETRIC_REPRESENTATION_CONTEXT(2) 
PARAMETRIC_REPRESENTATION_CONTEXT() REPRESENTATION_CONTEXT('2D SPACE',''
  ) );
#1645 = ORIENTED_EDGE('',*,*,#1230,.T.);
#1646 = ADVANCED_FACE('',(#1647),#1269,.F.);
#1647 = FACE_BOUND('',#1648,.F.);
#1648 = EDGE_LOOP('',(#1649,#1668,#1669,#1670));
#1649 = ORIENTED_EDGE('',*,*,#1650,.F.);
#1650 = EDGE_CURVE('',#1604,#1506,#1651,.T.);
#1651 = SURFACE_CURVE('',#1652,(#1656,#1662),.PCURVE_S1.);
#1652 = LINE('',#1653,#1654);
#1653 = CARTESIAN_POINT('',(-60.61672881721,20.205576272406,3.274E+03));
#1654 = VECTOR('',#1655,1.);
#1655 = DIRECTION('',(0.707106781187,0.707106781187,-0.));
#1656 = PCURVE('',#1269,#1657);
#1657 = DEFINITIONAL_REPRESENTATION('',(#1658),#1661);
#1658 = B_SPLINE_CURVE_WITH_KNOTS('',1,(#1659,#1660),.UNSPECIFIED.,.F.,
  .F.,(2,2),(3.771324060479,42.135678118655),.PIECEWISE_BEZIER_KNOTS.);
#1659 = CARTESIAN_POINT('',(-57.95,22.872305089622));
#1660 = CARTESIAN_POINT('',(-30.82230508962,50.));
#1661 = ( GEOMETRIC_REPRESENTATION_CONTEXT(2) 
PARAMETRIC_REPRESENTATION_CONTEXT() REPRESENTATION_CONTEXT('2D SPACE',''
  ) );
#1662 = PCURVE('',#587,#1663);
#1663 = DEFINITIONAL_REPRESENTATION('',(#1664),#1667);
#1664 = B_SPLINE_CURVE_WITH_KNOTS('',1,(#1665,#1666),.UNSPECIFIED.,.F.,
  .F.,(2,2),(3.771324060479,42.135678118655),.PIECEWISE_BEZIER_KNOTS.);
#1665 = CARTESIAN_POINT('',(9.,32.346324060479));
#1666 = CARTESIAN_POINT('',(9.,70.710678118655));
#1667 = ( GEOMETRIC_REPRESENTATION_CONTEXT(2) 
PARAMETRIC_REPRESENTATION_CONTEXT() REPRESENTATION_CONTEXT('2D SPACE',''
  ) );
#1668 = ORIENTED_EDGE('',*,*,#1624,.T.);
#1669 = ORIENTED_EDGE('',*,*,#1256,.T.);
#1670 = ORIENTED_EDGE('',*,*,#1529,.F.);
#1671 = ADVANCED_FACE('',(#1672),#1141,.F.);
#1672 = FACE_BOUND('',#1673,.F.);
#1673 = EDGE_LOOP('',(#1674,#1675,#1676,#1695,#1696));
#1674 = ORIENTED_EDGE('',*,*,#1124,.T.);
#1675 = ORIENTED_EDGE('',*,*,#1308,.F.);
#1676 = ORIENTED_EDGE('',*,*,#1677,.F.);
#1677 = EDGE_CURVE('',#1506,#1309,#1678,.T.);
#1678 = SURFACE_CURVE('',#1679,(#1683,#1689),.PCURVE_S1.);
#1679 = LINE('',#1680,#1681);
#1680 = CARTESIAN_POINT('',(-60.61672881721,20.205576272406,3.274E+03));
#1681 = VECTOR('',#1682,1.);
#1682 = DIRECTION('',(0.707106781187,0.707106781187,-0.));
#1683 = PCURVE('',#1141,#1684);
#1684 = DEFINITIONAL_REPRESENTATION('',(#1685),#1688);
#1685 = B_SPLINE_CURVE_WITH_KNOTS('',1,(#1686,#1687),.UNSPECIFIED.,.F.,
  .F.,(2,2),(3.771324060479,42.135678118655),.PIECEWISE_BEZIER_KNOTS.);
#1686 = CARTESIAN_POINT('',(-57.95,22.872305089622));
#1687 = CARTESIAN_POINT('',(-30.82230508962,50.));
#1688 = ( GEOMETRIC_REPRESENTATION_CONTEXT(2) 
PARAMETRIC_REPRESENTATION_CONTEXT() REPRESENTATION_CONTEXT('2D SPACE',''
  ) );
#1689 = PCURVE('',#587,#1690);
#1690 = DEFINITIONAL_REPRESENTATION('',(#1691),#1694);
#1691 = B_SPLINE_CURVE_WITH_KNOTS('',1,(#1692,#1693),.UNSPECIFIED.,.F.,
  .F.,(2,2),(3.771324060479,42.135678118655),.PIECEWISE_BEZIER_KNOTS.);
#1692 = CARTESIAN_POINT('',(9.,32.346324060479));
#1693 = CARTESIAN_POINT('',(9.,70.710678118655));
#1694 = ( GEOMETRIC_REPRESENTATION_CONTEXT(2) 
PARAMETRIC_REPRESENTATION_CONTEXT() REPRESENTATION_CONTEXT('2D SPACE',''
  ) );
#1695 = ORIENTED_EDGE('',*,*,#1505,.F.);
#1696 = ORIENTED_EDGE('',*,*,#1435,.F.);
#1697 = ADVANCED_FACE('',(#1698,#1742),#587,.F.);
#1698 = FACE_BOUND('',#1699,.F.);
#1699 = EDGE_LOOP('',(#1700,#1701,#1702,#1723));
#1700 = ORIENTED_EDGE('',*,*,#572,.T.);
#1701 = ORIENTED_EDGE('',*,*,#1078,.T.);
#1702 = ORIENTED_EDGE('',*,*,#1703,.F.);
#1703 = EDGE_CURVE('',#1704,#1079,#1706,.T.);
#1704 = VERTEX_POINT('',#1705);
#1705 = CARTESIAN_POINT('',(-30.82230508962,50.,3.306E+03));
#1706 = SURFACE_CURVE('',#1707,(#1711,#1717),.PCURVE_S1.);
#1707 = LINE('',#1708,#1709);
#1708 = CARTESIAN_POINT('',(-97.07230508962,-16.25,3.306E+03));
#1709 = VECTOR('',#1710,1.);
#1710 = DIRECTION('',(-0.707106781187,-0.707106781187,0.));
#1711 = PCURVE('',#587,#1712);
#1712 = DEFINITIONAL_REPRESENTATION('',(#1713),#1716);
#1713 = B_SPLINE_CURVE_WITH_KNOTS('',1,(#1714,#1715),.UNSPECIFIED.,.F.,
  .F.,(2,2),(-93.69164850721,-22.98097038856),.PIECEWISE_BEZIER_KNOTS.);
#1714 = CARTESIAN_POINT('',(41.,70.710678118655));
#1715 = CARTESIAN_POINT('',(41.,0.));
#1716 = ( GEOMETRIC_REPRESENTATION_CONTEXT(2) 
PARAMETRIC_REPRESENTATION_CONTEXT() REPRESENTATION_CONTEXT('2D SPACE',''
  ) );
#1717 = PCURVE('',#456,#1718);
#1718 = DEFINITIONAL_REPRESENTATION('',(#1719),#1722);
#1719 = B_SPLINE_CURVE_WITH_KNOTS('',1,(#1720,#1721),.UNSPECIFIED.,.F.,
  .F.,(2,2),(-93.69164850721,-22.98097038856),.PIECEWISE_BEZIER_KNOTS.);
#1720 = CARTESIAN_POINT('',(60.,105.));
#1721 = CARTESIAN_POINT('',(10.,55.));
#1722 = ( GEOMETRIC_REPRESENTATION_CONTEXT(2) 
PARAMETRIC_REPRESENTATION_CONTEXT() REPRESENTATION_CONTEXT('2D SPACE',''
  ) );
#1723 = ORIENTED_EDGE('',*,*,#1724,.F.);
#1724 = EDGE_CURVE('',#573,#1704,#1725,.T.);
#1725 = SURFACE_CURVE('',#1726,(#1730,#1736),.PCURVE_S1.);
#1726 = LINE('',#1727,#1728);
#1727 = CARTESIAN_POINT('',(-30.82230508962,50.,3.2655E+03));
#1728 = VECTOR('',#1729,1.);
#1729 = DIRECTION('',(0.,0.,1.));
#1730 = PCURVE('',#587,#1731);
#1731 = DEFINITIONAL_REPRESENTATION('',(#1732),#1735);
#1732 = B_SPLINE_CURVE_WITH_KNOTS('',1,(#1733,#1734),.UNSPECIFIED.,.F.,
  .F.,(2,2),(0.5,40.5),.PIECEWISE_BEZIER_KNOTS.);
#1733 = CARTESIAN_POINT('',(1.,70.710678118655));
#1734 = CARTESIAN_POINT('',(41.,70.710678118655));
#1735 = ( GEOMETRIC_REPRESENTATION_CONTEXT(2) 
PARAMETRIC_REPRESENTATION_CONTEXT() REPRESENTATION_CONTEXT('2D SPACE',''
  ) );
#1736 = PCURVE('',#612,#1737);
#1737 = DEFINITIONAL_REPRESENTATION('',(#1738),#1741);
#1738 = B_SPLINE_CURVE_WITH_KNOTS('',1,(#1739,#1740),.UNSPECIFIED.,.F.,
  .F.,(2,2),(0.5,40.5),.PIECEWISE_BEZIER_KNOTS.);
#1739 = CARTESIAN_POINT('',(0.,-105.));
#1740 = CARTESIAN_POINT('',(40.,-105.));
#1741 = ( GEOMETRIC_REPRESENTATION_CONTEXT(2) 
PARAMETRIC_REPRESENTATION_CONTEXT() REPRESENTATION_CONTEXT('2D SPACE',''
  ) );
#1742 = FACE_BOUND('',#1743,.F.);
#1743 = EDGE_LOOP('',(#1744,#1745,#1746,#1747,#1748,#1749));
#1744 = ORIENTED_EDGE('',*,*,#1677,.T.);
#1745 = ORIENTED_EDGE('',*,*,#1336,.T.);
#1746 = ORIENTED_EDGE('',*,*,#1359,.F.);
#1747 = ORIENTED_EDGE('',*,*,#1554,.F.);
#1748 = ORIENTED_EDGE('',*,*,#1603,.F.);
#1749 = ORIENTED_EDGE('',*,*,#1650,.T.);
#1750 = ADVANCED_FACE('',(#1751),#612,.T.);
#1751 = FACE_BOUND('',#1752,.T.);
#1752 = EDGE_LOOP('',(#1753,#1776,#1777,#1778));
#1753 = ORIENTED_EDGE('',*,*,#1754,.F.);
#1754 = EDGE_CURVE('',#1704,#1755,#1757,.T.);
#1755 = VERTEX_POINT('',#1756);
#1756 = CARTESIAN_POINT('',(-30.82230508962,55.,3.306E+03));
#1757 = SURFACE_CURVE('',#1758,(#1762,#1769),.PCURVE_S1.);
#1758 = LINE('',#1759,#1760);
#1759 = CARTESIAN_POINT('',(-30.82230508962,-55.,3.306E+03));
#1760 = VECTOR('',#1761,1.);
#1761 = DIRECTION('',(-0.,1.,0.));
#1762 = PCURVE('',#612,#1763);
#1763 = DEFINITIONAL_REPRESENTATION('',(#1764),#1768);
#1764 = LINE('',#1765,#1766);
#1765 = CARTESIAN_POINT('',(40.,0.));
#1766 = VECTOR('',#1767,1.);
#1767 = DIRECTION('',(0.,-1.));
#1768 = ( GEOMETRIC_REPRESENTATION_CONTEXT(2) 
PARAMETRIC_REPRESENTATION_CONTEXT() REPRESENTATION_CONTEXT('2D SPACE',''
  ) );
#1769 = PCURVE('',#456,#1770);
#1770 = DEFINITIONAL_REPRESENTATION('',(#1771),#1775);
#1771 = LINE('',#1772,#1773);
#1772 = CARTESIAN_POINT('',(60.,0.));
#1773 = VECTOR('',#1774,1.);
#1774 = DIRECTION('',(0.,1.));
#1775 = ( GEOMETRIC_REPRESENTATION_CONTEXT(2) 
PARAMETRIC_REPRESENTATION_CONTEXT() REPRESENTATION_CONTEXT('2D SPACE',''
  ) );
#1776 = ORIENTED_EDGE('',*,*,#1724,.F.);
#1777 = ORIENTED_EDGE('',*,*,#598,.T.);
#1778 = ORIENTED_EDGE('',*,*,#1779,.T.);
#1779 = EDGE_CURVE('',#472,#1755,#1780,.T.);
#1780 = SURFACE_CURVE('',#1781,(#1785,#1792),.PCURVE_S1.);
#1781 = LINE('',#1782,#1783);
#1782 = CARTESIAN_POINT('',(-30.82230508962,55.,3.266E+03));
#1783 = VECTOR('',#1784,1.);
#1784 = DIRECTION('',(0.,0.,1.));
#1785 = PCURVE('',#612,#1786);
#1786 = DEFINITIONAL_REPRESENTATION('',(#1787),#1791);
#1787 = LINE('',#1788,#1789);
#1788 = CARTESIAN_POINT('',(0.,-110.));
#1789 = VECTOR('',#1790,1.);
#1790 = DIRECTION('',(1.,0.));
#1791 = ( GEOMETRIC_REPRESENTATION_CONTEXT(2) 
PARAMETRIC_REPRESENTATION_CONTEXT() REPRESENTATION_CONTEXT('2D SPACE',''
  ) );
#1792 = PCURVE('',#430,#1793);
#1793 = DEFINITIONAL_REPRESENTATION('',(#1794),#1798);
#1794 = LINE('',#1795,#1796);
#1795 = CARTESIAN_POINT('',(0.,60.));
#1796 = VECTOR('',#1797,1.);
#1797 = DIRECTION('',(1.,0.));
#1798 = ( GEOMETRIC_REPRESENTATION_CONTEXT(2) 
PARAMETRIC_REPRESENTATION_CONTEXT() REPRESENTATION_CONTEXT('2D SPACE',''
  ) );
#1799 = ADVANCED_FACE('',(#1800),#430,.T.);
#1800 = FACE_BOUND('',#1801,.T.);
#1801 = EDGE_LOOP('',(#1802,#1803,#1804,#1825));
#1802 = ORIENTED_EDGE('',*,*,#471,.F.);
#1803 = ORIENTED_EDGE('',*,*,#414,.T.);
#1804 = ORIENTED_EDGE('',*,*,#1805,.T.);
#1805 = EDGE_CURVE('',#415,#1755,#1806,.T.);
#1806 = SURFACE_CURVE('',#1807,(#1811,#1818),.PCURVE_S1.);
#1807 = LINE('',#1808,#1809);
#1808 = CARTESIAN_POINT('',(-90.82230508962,55.,3.306E+03));
#1809 = VECTOR('',#1810,1.);
#1810 = DIRECTION('',(1.,0.,-0.));
#1811 = PCURVE('',#430,#1812);
#1812 = DEFINITIONAL_REPRESENTATION('',(#1813),#1817);
#1813 = LINE('',#1814,#1815);
#1814 = CARTESIAN_POINT('',(40.,0.));
#1815 = VECTOR('',#1816,1.);
#1816 = DIRECTION('',(0.,1.));
#1817 = ( GEOMETRIC_REPRESENTATION_CONTEXT(2) 
PARAMETRIC_REPRESENTATION_CONTEXT() REPRESENTATION_CONTEXT('2D SPACE',''
  ) );
#1818 = PCURVE('',#456,#1819);
#1819 = DEFINITIONAL_REPRESENTATION('',(#1820),#1824);
#1820 = LINE('',#1821,#1822);
#1821 = CARTESIAN_POINT('',(0.,110.));
#1822 = VECTOR('',#1823,1.);
#1823 = DIRECTION('',(1.,0.));
#1824 = ( GEOMETRIC_REPRESENTATION_CONTEXT(2) 
PARAMETRIC_REPRESENTATION_CONTEXT() REPRESENTATION_CONTEXT('2D SPACE',''
  ) );
#1825 = ORIENTED_EDGE('',*,*,#1779,.F.);
#1826 = ADVANCED_FACE('',(#1827,#1856),#456,.T.);
#1827 = FACE_BOUND('',#1828,.T.);
#1828 = EDGE_LOOP('',(#1829,#1830,#1831,#1852,#1853,#1854,#1855));
#1829 = ORIENTED_EDGE('',*,*,#1805,.F.);
#1830 = ORIENTED_EDGE('',*,*,#442,.F.);
#1831 = ORIENTED_EDGE('',*,*,#1832,.T.);
#1832 = EDGE_CURVE('',#354,#1010,#1833,.T.);
#1833 = SURFACE_CURVE('',#1834,(#1838,#1845),.PCURVE_S1.);
#1834 = LINE('',#1835,#1836);
#1835 = CARTESIAN_POINT('',(-90.82230508962,-55.,3.306E+03));
#1836 = VECTOR('',#1837,1.);
#1837 = DIRECTION('',(1.,0.,-0.));
#1838 = PCURVE('',#456,#1839);
#1839 = DEFINITIONAL_REPRESENTATION('',(#1840),#1844);
#1840 = LINE('',#1841,#1842);
#1841 = CARTESIAN_POINT('',(0.,0.));
#1842 = VECTOR('',#1843,1.);
#1843 = DIRECTION('',(1.,0.));
#1844 = ( GEOMETRIC_REPRESENTATION_CONTEXT(2) 
PARAMETRIC_REPRESENTATION_CONTEXT() REPRESENTATION_CONTEXT('2D SPACE',''
  ) );
#1845 = PCURVE('',#374,#1846);
#1846 = DEFINITIONAL_REPRESENTATION('',(#1847),#1851);
#1847 = LINE('',#1848,#1849);
#1848 = CARTESIAN_POINT('',(40.,0.));
#1849 = VECTOR('',#1850,1.);
#1850 = DIRECTION('',(0.,1.));
#1851 = ( GEOMETRIC_REPRESENTATION_CONTEXT(2) 
PARAMETRIC_REPRESENTATION_CONTEXT() REPRESENTATION_CONTEXT('2D SPACE',''
  ) );
#1852 = ORIENTED_EDGE('',*,*,#1009,.T.);
#1853 = ORIENTED_EDGE('',*,*,#1101,.T.);
#1854 = ORIENTED_EDGE('',*,*,#1703,.F.);
#1855 = ORIENTED_EDGE('',*,*,#1754,.T.);
#1856 = FACE_BOUND('',#1857,.T.);
#1857 = EDGE_LOOP('',(#1858,#1886,#1912,#1938,#1964));
#1858 = ORIENTED_EDGE('',*,*,#1859,.T.);
#1859 = EDGE_CURVE('',#1860,#1862,#1864,.T.);
#1860 = VERTEX_POINT('',#1861);
#1861 = CARTESIAN_POINT('',(-35.47915933911,-51.,3.306E+03));
#1862 = VERTEX_POINT('',#1863);
#1863 = CARTESIAN_POINT('',(-86.82230508962,-51.,3.306E+03));
#1864 = SURFACE_CURVE('',#1865,(#1869,#1875),.PCURVE_S1.);
#1865 = LINE('',#1866,#1867);
#1866 = CARTESIAN_POINT('',(-88.82230508962,-51.,3.306E+03));
#1867 = VECTOR('',#1868,1.);
#1868 = DIRECTION('',(-1.,-0.,0.));
#1869 = PCURVE('',#456,#1870);
#1870 = DEFINITIONAL_REPRESENTATION('',(#1871),#1874);
#1871 = B_SPLINE_CURVE_WITH_KNOTS('',1,(#1872,#1873),.UNSPECIFIED.,.F.,
  .F.,(2,2),(-53.3431457505,-2.),.PIECEWISE_BEZIER_KNOTS.);
#1872 = CARTESIAN_POINT('',(55.343145750508,4.));
#1873 = CARTESIAN_POINT('',(4.,4.));
#1874 = ( GEOMETRIC_REPRESENTATION_CONTEXT(2) 
PARAMETRIC_REPRESENTATION_CONTEXT() REPRESENTATION_CONTEXT('2D SPACE',''
  ) );
#1875 = PCURVE('',#1876,#1881);
#1876 = PLANE('',#1877);
#1877 = AXIS2_PLACEMENT_3D('',#1878,#1879,#1880);
#1878 = CARTESIAN_POINT('',(-86.82230508962,-51.,3.29E+03));
#1879 = DIRECTION('',(-0.,1.,0.));
#1880 = DIRECTION('',(0.,0.,1.));
#1881 = DEFINITIONAL_REPRESENTATION('',(#1882),#1885);
#1882 = B_SPLINE_CURVE_WITH_KNOTS('',1,(#1883,#1884),.UNSPECIFIED.,.F.,
  .F.,(2,2),(-53.3431457505,-2.),.PIECEWISE_BEZIER_KNOTS.);
#1883 = CARTESIAN_POINT('',(16.,51.343145750508));
#1884 = CARTESIAN_POINT('',(16.,0.));
#1885 = ( GEOMETRIC_REPRESENTATION_CONTEXT(2) 
PARAMETRIC_REPRESENTATION_CONTEXT() REPRESENTATION_CONTEXT('2D SPACE',''
  ) );
#1886 = ORIENTED_EDGE('',*,*,#1887,.T.);
#1887 = EDGE_CURVE('',#1862,#1888,#1890,.T.);
#1888 = VERTEX_POINT('',#1889);
#1889 = CARTESIAN_POINT('',(-86.82230508962,51.,3.306E+03));
#1890 = SURFACE_CURVE('',#1891,(#1895,#1901),.PCURVE_S1.);
#1891 = LINE('',#1892,#1893);
#1892 = CARTESIAN_POINT('',(-86.82230508962,-53.,3.306E+03));
#1893 = VECTOR('',#1894,1.);
#1894 = DIRECTION('',(-0.,1.,0.));
#1895 = PCURVE('',#456,#1896);
#1896 = DEFINITIONAL_REPRESENTATION('',(#1897),#1900);
#1897 = B_SPLINE_CURVE_WITH_KNOTS('',1,(#1898,#1899),.UNSPECIFIED.,.F.,
  .F.,(2,2),(2.,104.),.PIECEWISE_BEZIER_KNOTS.);
#1898 = CARTESIAN_POINT('',(4.,4.));
#1899 = CARTESIAN_POINT('',(4.,106.));
#1900 = ( GEOMETRIC_REPRESENTATION_CONTEXT(2) 
PARAMETRIC_REPRESENTATION_CONTEXT() REPRESENTATION_CONTEXT('2D SPACE',''
  ) );
#1901 = PCURVE('',#1902,#1907);
#1902 = PLANE('',#1903);
#1903 = AXIS2_PLACEMENT_3D('',#1904,#1905,#1906);
#1904 = CARTESIAN_POINT('',(-86.82230508962,-51.,3.29E+03));
#1905 = DIRECTION('',(1.,0.,-0.));
#1906 = DIRECTION('',(0.,0.,1.));
#1907 = DEFINITIONAL_REPRESENTATION('',(#1908),#1911);
#1908 = B_SPLINE_CURVE_WITH_KNOTS('',1,(#1909,#1910),.UNSPECIFIED.,.F.,
  .F.,(2,2),(2.,104.),.PIECEWISE_BEZIER_KNOTS.);
#1909 = CARTESIAN_POINT('',(16.,0.));
#1910 = CARTESIAN_POINT('',(16.,-102.));
#1911 = ( GEOMETRIC_REPRESENTATION_CONTEXT(2) 
PARAMETRIC_REPRESENTATION_CONTEXT() REPRESENTATION_CONTEXT('2D SPACE',''
  ) );
#1912 = ORIENTED_EDGE('',*,*,#1913,.F.);
#1913 = EDGE_CURVE('',#1914,#1888,#1916,.T.);
#1914 = VERTEX_POINT('',#1915);
#1915 = CARTESIAN_POINT('',(-35.47915933911,51.,3.306E+03));
#1916 = SURFACE_CURVE('',#1917,(#1921,#1927),.PCURVE_S1.);
#1917 = LINE('',#1918,#1919);
#1918 = CARTESIAN_POINT('',(-88.82230508962,51.,3.306E+03));
#1919 = VECTOR('',#1920,1.);
#1920 = DIRECTION('',(-1.,-0.,0.));
#1921 = PCURVE('',#456,#1922);
#1922 = DEFINITIONAL_REPRESENTATION('',(#1923),#1926);
#1923 = B_SPLINE_CURVE_WITH_KNOTS('',1,(#1924,#1925),.UNSPECIFIED.,.F.,
  .F.,(2,2),(-53.3431457505,-2.),.PIECEWISE_BEZIER_KNOTS.);
#1924 = CARTESIAN_POINT('',(55.343145750508,106.));
#1925 = CARTESIAN_POINT('',(4.,106.));
#1926 = ( GEOMETRIC_REPRESENTATION_CONTEXT(2) 
PARAMETRIC_REPRESENTATION_CONTEXT() REPRESENTATION_CONTEXT('2D SPACE',''
  ) );
#1927 = PCURVE('',#1928,#1933);
#1928 = PLANE('',#1929);
#1929 = AXIS2_PLACEMENT_3D('',#1930,#1931,#1932);
#1930 = CARTESIAN_POINT('',(-86.82230508962,51.,3.29E+03));
#1931 = DIRECTION('',(-0.,1.,0.));
#1932 = DIRECTION('',(0.,0.,1.));
#1933 = DEFINITIONAL_REPRESENTATION('',(#1934),#1937);
#1934 = B_SPLINE_CURVE_WITH_KNOTS('',1,(#1935,#1936),.UNSPECIFIED.,.F.,
  .F.,(2,2),(-53.3431457505,-2.),.PIECEWISE_BEZIER_KNOTS.);
#1935 = CARTESIAN_POINT('',(16.,51.343145750508));
#1936 = CARTESIAN_POINT('',(16.,0.));
#1937 = ( GEOMETRIC_REPRESENTATION_CONTEXT(2) 
PARAMETRIC_REPRESENTATION_CONTEXT() REPRESENTATION_CONTEXT('2D SPACE',''
  ) );
#1938 = ORIENTED_EDGE('',*,*,#1939,.T.);
#1939 = EDGE_CURVE('',#1914,#1940,#1942,.T.);
#1940 = VERTEX_POINT('',#1941);
#1941 = CARTESIAN_POINT('',(-86.47915933911,-2.84217094304E-14,3.306E+03
    ));
#1942 = SURFACE_CURVE('',#1943,(#1947,#1953),.PCURVE_S1.);
#1943 = LINE('',#1944,#1945);
#1944 = CARTESIAN_POINT('',(-101.3149457767,-14.83578643762,3.306E+03));
#1945 = VECTOR('',#1946,1.);
#1946 = DIRECTION('',(-0.707106781187,-0.707106781187,0.));
#1947 = PCURVE('',#456,#1948);
#1948 = DEFINITIONAL_REPRESENTATION('',(#1949),#1952);
#1949 = B_SPLINE_CURVE_WITH_KNOTS('',1,(#1950,#1951),.UNSPECIFIED.,.F.,
  .F.,(2,2),(-93.10586206959,-20.98097038856),.PIECEWISE_BEZIER_KNOTS.);
#1950 = CARTESIAN_POINT('',(55.343145750508,106.));
#1951 = CARTESIAN_POINT('',(4.343145750508,55.));
#1952 = ( GEOMETRIC_REPRESENTATION_CONTEXT(2) 
PARAMETRIC_REPRESENTATION_CONTEXT() REPRESENTATION_CONTEXT('2D SPACE',''
  ) );
#1953 = PCURVE('',#1954,#1959);
#1954 = PLANE('',#1955);
#1955 = AXIS2_PLACEMENT_3D('',#1956,#1957,#1958);
#1956 = CARTESIAN_POINT('',(-86.47915933911,-2.84217094304E-14,3.264E+03
    ));
#1957 = DIRECTION('',(-0.707106781187,0.707106781187,0.));
#1958 = DIRECTION('',(0.,0.,1.));
#1959 = DEFINITIONAL_REPRESENTATION('',(#1960),#1963);
#1960 = B_SPLINE_CURVE_WITH_KNOTS('',1,(#1961,#1962),.UNSPECIFIED.,.F.,
  .F.,(2,2),(-93.10586206959,-20.98097038856),.PIECEWISE_BEZIER_KNOTS.);
#1961 = CARTESIAN_POINT('',(42.,72.124891681028));
#1962 = CARTESIAN_POINT('',(42.,0.));
#1963 = ( GEOMETRIC_REPRESENTATION_CONTEXT(2) 
PARAMETRIC_REPRESENTATION_CONTEXT() REPRESENTATION_CONTEXT('2D SPACE',''
  ) );
#1964 = ORIENTED_EDGE('',*,*,#1965,.F.);
#1965 = EDGE_CURVE('',#1860,#1940,#1966,.T.);
#1966 = SURFACE_CURVE('',#1967,(#1971,#1977),.PCURVE_S1.);
#1967 = LINE('',#1968,#1969);
#1968 = CARTESIAN_POINT('',(-3.104267658087,-83.37489168102,3.306E+03));
#1969 = VECTOR('',#1970,1.);
#1970 = DIRECTION('',(-0.707106781187,0.707106781187,0.));
#1971 = PCURVE('',#456,#1972);
#1972 = DEFINITIONAL_REPRESENTATION('',(#1973),#1976);
#1973 = B_SPLINE_CURVE_WITH_KNOTS('',1,(#1974,#1975),.UNSPECIFIED.,.F.,
  .F.,(2,2),(45.785010895669,117.90990257669),.PIECEWISE_BEZIER_KNOTS.);
#1974 = CARTESIAN_POINT('',(55.343145750508,4.));
#1975 = CARTESIAN_POINT('',(4.343145750508,55.));
#1976 = ( GEOMETRIC_REPRESENTATION_CONTEXT(2) 
PARAMETRIC_REPRESENTATION_CONTEXT() REPRESENTATION_CONTEXT('2D SPACE',''
  ) );
#1977 = PCURVE('',#1978,#1983);
#1978 = PLANE('',#1979);
#1979 = AXIS2_PLACEMENT_3D('',#1980,#1981,#1982);
#1980 = CARTESIAN_POINT('',(54.942196898195,-141.4213562373,3.264E+03));
#1981 = DIRECTION('',(0.707106781187,0.707106781187,0.));
#1982 = DIRECTION('',(0.,0.,1.));
#1983 = DEFINITIONAL_REPRESENTATION('',(#1984),#1987);
#1984 = B_SPLINE_CURVE_WITH_KNOTS('',1,(#1985,#1986),.UNSPECIFIED.,.F.,
  .F.,(2,2),(45.785010895669,117.90990257669),.PIECEWISE_BEZIER_KNOTS.);
#1985 = CARTESIAN_POINT('',(42.,-127.8751083189));
#1986 = CARTESIAN_POINT('',(42.,-200.));
#1987 = ( GEOMETRIC_REPRESENTATION_CONTEXT(2) 
PARAMETRIC_REPRESENTATION_CONTEXT() REPRESENTATION_CONTEXT('2D SPACE',''
  ) );
#1988 = ADVANCED_FACE('',(#1989),#1902,.T.);
#1989 = FACE_BOUND('',#1990,.T.);
#1990 = EDGE_LOOP('',(#1991,#2014,#2042,#2063));
#1991 = ORIENTED_EDGE('',*,*,#1992,.F.);
#1992 = EDGE_CURVE('',#1993,#1862,#1995,.T.);
#1993 = VERTEX_POINT('',#1994);
#1994 = CARTESIAN_POINT('',(-86.82230508962,-51.,3.29E+03));
#1995 = SURFACE_CURVE('',#1996,(#2000,#2007),.PCURVE_S1.);
#1996 = LINE('',#1997,#1998);
#1997 = CARTESIAN_POINT('',(-86.82230508962,-51.,3.29E+03));
#1998 = VECTOR('',#1999,1.);
#1999 = DIRECTION('',(0.,0.,1.));
#2000 = PCURVE('',#1902,#2001);
#2001 = DEFINITIONAL_REPRESENTATION('',(#2002),#2006);
#2002 = LINE('',#2003,#2004);
#2003 = CARTESIAN_POINT('',(0.,0.));
#2004 = VECTOR('',#2005,1.);
#2005 = DIRECTION('',(1.,0.));
#2006 = ( GEOMETRIC_REPRESENTATION_CONTEXT(2) 
PARAMETRIC_REPRESENTATION_CONTEXT() REPRESENTATION_CONTEXT('2D SPACE',''
  ) );
#2007 = PCURVE('',#1876,#2008);
#2008 = DEFINITIONAL_REPRESENTATION('',(#2009),#2013);
#2009 = LINE('',#2010,#2011);
#2010 = CARTESIAN_POINT('',(0.,0.));
#2011 = VECTOR('',#2012,1.);
#2012 = DIRECTION('',(1.,0.));
#2013 = ( GEOMETRIC_REPRESENTATION_CONTEXT(2) 
PARAMETRIC_REPRESENTATION_CONTEXT() REPRESENTATION_CONTEXT('2D SPACE',''
  ) );
#2014 = ORIENTED_EDGE('',*,*,#2015,.T.);
#2015 = EDGE_CURVE('',#1993,#2016,#2018,.T.);
#2016 = VERTEX_POINT('',#2017);
#2017 = CARTESIAN_POINT('',(-86.82230508962,51.,3.29E+03));
#2018 = SURFACE_CURVE('',#2019,(#2023,#2030),.PCURVE_S1.);
#2019 = LINE('',#2020,#2021);
#2020 = CARTESIAN_POINT('',(-86.82230508962,-51.,3.29E+03));
#2021 = VECTOR('',#2022,1.);
#2022 = DIRECTION('',(-0.,1.,0.));
#2023 = PCURVE('',#1902,#2024);
#2024 = DEFINITIONAL_REPRESENTATION('',(#2025),#2029);
#2025 = LINE('',#2026,#2027);
#2026 = CARTESIAN_POINT('',(0.,0.));
#2027 = VECTOR('',#2028,1.);
#2028 = DIRECTION('',(0.,-1.));
#2029 = ( GEOMETRIC_REPRESENTATION_CONTEXT(2) 
PARAMETRIC_REPRESENTATION_CONTEXT() REPRESENTATION_CONTEXT('2D SPACE',''
  ) );
#2030 = PCURVE('',#2031,#2036);
#2031 = PLANE('',#2032);
#2032 = AXIS2_PLACEMENT_3D('',#2033,#2034,#2035);
#2033 = CARTESIAN_POINT('',(-86.82230508962,-51.,3.29E+03));
#2034 = DIRECTION('',(0.,0.,1.));
#2035 = DIRECTION('',(1.,0.,-0.));
#2036 = DEFINITIONAL_REPRESENTATION('',(#2037),#2041);
#2037 = LINE('',#2038,#2039);
#2038 = CARTESIAN_POINT('',(0.,0.));
#2039 = VECTOR('',#2040,1.);
#2040 = DIRECTION('',(0.,1.));
#2041 = ( GEOMETRIC_REPRESENTATION_CONTEXT(2) 
PARAMETRIC_REPRESENTATION_CONTEXT() REPRESENTATION_CONTEXT('2D SPACE',''
  ) );
#2042 = ORIENTED_EDGE('',*,*,#2043,.T.);
#2043 = EDGE_CURVE('',#2016,#1888,#2044,.T.);
#2044 = SURFACE_CURVE('',#2045,(#2049,#2056),.PCURVE_S1.);
#2045 = LINE('',#2046,#2047);
#2046 = CARTESIAN_POINT('',(-86.82230508962,51.,3.29E+03));
#2047 = VECTOR('',#2048,1.);
#2048 = DIRECTION('',(0.,0.,1.));
#2049 = PCURVE('',#1902,#2050);
#2050 = DEFINITIONAL_REPRESENTATION('',(#2051),#2055);
#2051 = LINE('',#2052,#2053);
#2052 = CARTESIAN_POINT('',(0.,-102.));
#2053 = VECTOR('',#2054,1.);
#2054 = DIRECTION('',(1.,0.));
#2055 = ( GEOMETRIC_REPRESENTATION_CONTEXT(2) 
PARAMETRIC_REPRESENTATION_CONTEXT() REPRESENTATION_CONTEXT('2D SPACE',''
  ) );
#2056 = PCURVE('',#1928,#2057);
#2057 = DEFINITIONAL_REPRESENTATION('',(#2058),#2062);
#2058 = LINE('',#2059,#2060);
#2059 = CARTESIAN_POINT('',(0.,0.));
#2060 = VECTOR('',#2061,1.);
#2061 = DIRECTION('',(1.,0.));
#2062 = ( GEOMETRIC_REPRESENTATION_CONTEXT(2) 
PARAMETRIC_REPRESENTATION_CONTEXT() REPRESENTATION_CONTEXT('2D SPACE',''
  ) );
#2063 = ORIENTED_EDGE('',*,*,#1887,.F.);
#2064 = ADVANCED_FACE('',(#2065),#2031,.T.);
#2065 = FACE_BOUND('',#2066,.T.);
#2066 = EDGE_LOOP('',(#2067,#2090,#2091,#2114,#2135));
#2067 = ORIENTED_EDGE('',*,*,#2068,.F.);
#2068 = EDGE_CURVE('',#2016,#2069,#2071,.T.);
#2069 = VERTEX_POINT('',#2070);
#2070 = CARTESIAN_POINT('',(-35.47915933911,51.,3.29E+03));
#2071 = SURFACE_CURVE('',#2072,(#2076,#2083),.PCURVE_S1.);
#2072 = LINE('',#2073,#2074);
#2073 = CARTESIAN_POINT('',(-86.82230508962,51.,3.29E+03));
#2074 = VECTOR('',#2075,1.);
#2075 = DIRECTION('',(1.,0.,-0.));
#2076 = PCURVE('',#2031,#2077);
#2077 = DEFINITIONAL_REPRESENTATION('',(#2078),#2082);
#2078 = LINE('',#2079,#2080);
#2079 = CARTESIAN_POINT('',(0.,102.));
#2080 = VECTOR('',#2081,1.);
#2081 = DIRECTION('',(1.,0.));
#2082 = ( GEOMETRIC_REPRESENTATION_CONTEXT(2) 
PARAMETRIC_REPRESENTATION_CONTEXT() REPRESENTATION_CONTEXT('2D SPACE',''
  ) );
#2083 = PCURVE('',#1928,#2084);
#2084 = DEFINITIONAL_REPRESENTATION('',(#2085),#2089);
#2085 = LINE('',#2086,#2087);
#2086 = CARTESIAN_POINT('',(0.,0.));
#2087 = VECTOR('',#2088,1.);
#2088 = DIRECTION('',(0.,1.));
#2089 = ( GEOMETRIC_REPRESENTATION_CONTEXT(2) 
PARAMETRIC_REPRESENTATION_CONTEXT() REPRESENTATION_CONTEXT('2D SPACE',''
  ) );
#2090 = ORIENTED_EDGE('',*,*,#2015,.F.);
#2091 = ORIENTED_EDGE('',*,*,#2092,.T.);
#2092 = EDGE_CURVE('',#1993,#2093,#2095,.T.);
#2093 = VERTEX_POINT('',#2094);
#2094 = CARTESIAN_POINT('',(-35.47915933911,-51.,3.29E+03));
#2095 = SURFACE_CURVE('',#2096,(#2100,#2107),.PCURVE_S1.);
#2096 = LINE('',#2097,#2098);
#2097 = CARTESIAN_POINT('',(-86.82230508962,-51.,3.29E+03));
#2098 = VECTOR('',#2099,1.);
#2099 = DIRECTION('',(1.,0.,-0.));
#2100 = PCURVE('',#2031,#2101);
#2101 = DEFINITIONAL_REPRESENTATION('',(#2102),#2106);
#2102 = LINE('',#2103,#2104);
#2103 = CARTESIAN_POINT('',(0.,0.));
#2104 = VECTOR('',#2105,1.);
#2105 = DIRECTION('',(1.,0.));
#2106 = ( GEOMETRIC_REPRESENTATION_CONTEXT(2) 
PARAMETRIC_REPRESENTATION_CONTEXT() REPRESENTATION_CONTEXT('2D SPACE',''
  ) );
#2107 = PCURVE('',#1876,#2108);
#2108 = DEFINITIONAL_REPRESENTATION('',(#2109),#2113);
#2109 = LINE('',#2110,#2111);
#2110 = CARTESIAN_POINT('',(0.,0.));
#2111 = VECTOR('',#2112,1.);
#2112 = DIRECTION('',(0.,1.));
#2113 = ( GEOMETRIC_REPRESENTATION_CONTEXT(2) 
PARAMETRIC_REPRESENTATION_CONTEXT() REPRESENTATION_CONTEXT('2D SPACE',''
  ) );
#2114 = ORIENTED_EDGE('',*,*,#2115,.T.);
#2115 = EDGE_CURVE('',#2093,#2116,#2118,.T.);
#2116 = VERTEX_POINT('',#2117);
#2117 = CARTESIAN_POINT('',(-86.47915933911,-2.84217094304E-14,3.29E+03)
  );
#2118 = SURFACE_CURVE('',#2119,(#2123,#2129),.PCURVE_S1.);
#2119 = LINE('',#2120,#2121);
#2120 = CARTESIAN_POINT('',(-3.104267658087,-83.37489168102,3.29E+03));
#2121 = VECTOR('',#2122,1.);
#2122 = DIRECTION('',(-0.707106781187,0.707106781187,0.));
#2123 = PCURVE('',#2031,#2124);
#2124 = DEFINITIONAL_REPRESENTATION('',(#2125),#2128);
#2125 = B_SPLINE_CURVE_WITH_KNOTS('',1,(#2126,#2127),.UNSPECIFIED.,.F.,
  .F.,(2,2),(45.785010895669,117.90990257669),.PIECEWISE_BEZIER_KNOTS.);
#2126 = CARTESIAN_POINT('',(51.343145750508,-7.105427357601E-15));
#2127 = CARTESIAN_POINT('',(0.343145750508,51.));
#2128 = ( GEOMETRIC_REPRESENTATION_CONTEXT(2) 
PARAMETRIC_REPRESENTATION_CONTEXT() REPRESENTATION_CONTEXT('2D SPACE',''
  ) );
#2129 = PCURVE('',#1978,#2130);
#2130 = DEFINITIONAL_REPRESENTATION('',(#2131),#2134);
#2131 = B_SPLINE_CURVE_WITH_KNOTS('',1,(#2132,#2133),.UNSPECIFIED.,.F.,
  .F.,(2,2),(45.785010895669,117.90990257669),.PIECEWISE_BEZIER_KNOTS.);
#2132 = CARTESIAN_POINT('',(26.,-127.8751083189));
#2133 = CARTESIAN_POINT('',(26.,-200.));
#2134 = ( GEOMETRIC_REPRESENTATION_CONTEXT(2) 
PARAMETRIC_REPRESENTATION_CONTEXT() REPRESENTATION_CONTEXT('2D SPACE',''
  ) );
#2135 = ORIENTED_EDGE('',*,*,#2136,.F.);
#2136 = EDGE_CURVE('',#2069,#2116,#2137,.T.);
#2137 = SURFACE_CURVE('',#2138,(#2142,#2148),.PCURVE_S1.);
#2138 = LINE('',#2139,#2140);
#2139 = CARTESIAN_POINT('',(-99.31494577674,-12.83578643762,3.29E+03));
#2140 = VECTOR('',#2141,1.);
#2141 = DIRECTION('',(-0.707106781187,-0.707106781187,0.));
#2142 = PCURVE('',#2031,#2143);
#2143 = DEFINITIONAL_REPRESENTATION('',(#2144),#2147);
#2144 = B_SPLINE_CURVE_WITH_KNOTS('',1,(#2145,#2146),.UNSPECIFIED.,.F.,
  .F.,(2,2),(-90.27743494484,-18.15254326381),.PIECEWISE_BEZIER_KNOTS.);
#2145 = CARTESIAN_POINT('',(51.343145750508,102.));
#2146 = CARTESIAN_POINT('',(0.343145750508,51.));
#2147 = ( GEOMETRIC_REPRESENTATION_CONTEXT(2) 
PARAMETRIC_REPRESENTATION_CONTEXT() REPRESENTATION_CONTEXT('2D SPACE',''
  ) );
#2148 = PCURVE('',#1954,#2149);
#2149 = DEFINITIONAL_REPRESENTATION('',(#2150),#2153);
#2150 = B_SPLINE_CURVE_WITH_KNOTS('',1,(#2151,#2152),.UNSPECIFIED.,.F.,
  .F.,(2,2),(-90.27743494484,-18.15254326381),.PIECEWISE_BEZIER_KNOTS.);
#2151 = CARTESIAN_POINT('',(26.,72.124891681028));
#2152 = CARTESIAN_POINT('',(26.,0.));
#2153 = ( GEOMETRIC_REPRESENTATION_CONTEXT(2) 
PARAMETRIC_REPRESENTATION_CONTEXT() REPRESENTATION_CONTEXT('2D SPACE',''
  ) );
#2154 = ADVANCED_FACE('',(#2155),#1928,.F.);
#2155 = FACE_BOUND('',#2156,.F.);
#2156 = EDGE_LOOP('',(#2157,#2158,#2159,#2160));
#2157 = ORIENTED_EDGE('',*,*,#2068,.F.);
#2158 = ORIENTED_EDGE('',*,*,#2043,.T.);
#2159 = ORIENTED_EDGE('',*,*,#1913,.F.);
#2160 = ORIENTED_EDGE('',*,*,#2161,.F.);
#2161 = EDGE_CURVE('',#2069,#1914,#2162,.T.);
#2162 = SURFACE_CURVE('',#2163,(#2167,#2173),.PCURVE_S1.);
#2163 = LINE('',#2164,#2165);
#2164 = CARTESIAN_POINT('',(-35.47915933911,51.,3.277E+03));
#2165 = VECTOR('',#2166,1.);
#2166 = DIRECTION('',(0.,0.,1.));
#2167 = PCURVE('',#1928,#2168);
#2168 = DEFINITIONAL_REPRESENTATION('',(#2169),#2172);
#2169 = B_SPLINE_CURVE_WITH_KNOTS('',1,(#2170,#2171),.UNSPECIFIED.,.F.,
  .F.,(2,2),(13.,30.),.PIECEWISE_BEZIER_KNOTS.);
#2170 = CARTESIAN_POINT('',(0.,51.343145750508));
#2171 = CARTESIAN_POINT('',(17.,51.343145750508));
#2172 = ( GEOMETRIC_REPRESENTATION_CONTEXT(2) 
PARAMETRIC_REPRESENTATION_CONTEXT() REPRESENTATION_CONTEXT('2D SPACE',''
  ) );
#2173 = PCURVE('',#1954,#2174);
#2174 = DEFINITIONAL_REPRESENTATION('',(#2175),#2178);
#2175 = B_SPLINE_CURVE_WITH_KNOTS('',1,(#2176,#2177),.UNSPECIFIED.,.F.,
  .F.,(2,2),(13.,30.),.PIECEWISE_BEZIER_KNOTS.);
#2176 = CARTESIAN_POINT('',(26.,72.124891681028));
#2177 = CARTESIAN_POINT('',(43.,72.124891681028));
#2178 = ( GEOMETRIC_REPRESENTATION_CONTEXT(2) 
PARAMETRIC_REPRESENTATION_CONTEXT() REPRESENTATION_CONTEXT('2D SPACE',''
  ) );
#2179 = ADVANCED_FACE('',(#2180),#1954,.T.);
#2180 = FACE_BOUND('',#2181,.T.);
#2181 = EDGE_LOOP('',(#2182,#2183,#2184,#2205));
#2182 = ORIENTED_EDGE('',*,*,#2161,.F.);
#2183 = ORIENTED_EDGE('',*,*,#2136,.T.);
#2184 = ORIENTED_EDGE('',*,*,#2185,.T.);
#2185 = EDGE_CURVE('',#2116,#1940,#2186,.T.);
#2186 = SURFACE_CURVE('',#2187,(#2191,#2198),.PCURVE_S1.);
#2187 = LINE('',#2188,#2189);
#2188 = CARTESIAN_POINT('',(-86.47915933911,-2.84217094304E-14,3.264E+03
    ));
#2189 = VECTOR('',#2190,1.);
#2190 = DIRECTION('',(0.,0.,1.));
#2191 = PCURVE('',#1954,#2192);
#2192 = DEFINITIONAL_REPRESENTATION('',(#2193),#2197);
#2193 = LINE('',#2194,#2195);
#2194 = CARTESIAN_POINT('',(0.,0.));
#2195 = VECTOR('',#2196,1.);
#2196 = DIRECTION('',(1.,0.));
#2197 = ( GEOMETRIC_REPRESENTATION_CONTEXT(2) 
PARAMETRIC_REPRESENTATION_CONTEXT() REPRESENTATION_CONTEXT('2D SPACE',''
  ) );
#2198 = PCURVE('',#1978,#2199);
#2199 = DEFINITIONAL_REPRESENTATION('',(#2200),#2204);
#2200 = LINE('',#2201,#2202);
#2201 = CARTESIAN_POINT('',(0.,-200.));
#2202 = VECTOR('',#2203,1.);
#2203 = DIRECTION('',(1.,0.));
#2204 = ( GEOMETRIC_REPRESENTATION_CONTEXT(2) 
PARAMETRIC_REPRESENTATION_CONTEXT() REPRESENTATION_CONTEXT('2D SPACE',''
  ) );
#2205 = ORIENTED_EDGE('',*,*,#1939,.F.);
#2206 = ADVANCED_FACE('',(#2207),#1978,.F.);
#2207 = FACE_BOUND('',#2208,.F.);
#2208 = EDGE_LOOP('',(#2209,#2210,#2211,#2212));
#2209 = ORIENTED_EDGE('',*,*,#2115,.T.);
#2210 = ORIENTED_EDGE('',*,*,#2185,.T.);
#2211 = ORIENTED_EDGE('',*,*,#1965,.F.);
#2212 = ORIENTED_EDGE('',*,*,#2213,.T.);
#2213 = EDGE_CURVE('',#1860,#2093,#2214,.T.);
#2214 = SURFACE_CURVE('',#2215,(#2219,#2225),.PCURVE_S1.);
#2215 = LINE('',#2216,#2217);
#2216 = CARTESIAN_POINT('',(-35.47915933911,-51.,3.277E+03));
#2217 = VECTOR('',#2218,1.);
#2218 = DIRECTION('',(0.,0.,-1.));
#2219 = PCURVE('',#1978,#2220);
#2220 = DEFINITIONAL_REPRESENTATION('',(#2221),#2224);
#2221 = B_SPLINE_CURVE_WITH_KNOTS('',1,(#2222,#2223),.UNSPECIFIED.,.F.,
  .F.,(2,2),(-30.,-13.),.PIECEWISE_BEZIER_KNOTS.);
#2222 = CARTESIAN_POINT('',(43.,-127.8751083189));
#2223 = CARTESIAN_POINT('',(26.,-127.8751083189));
#2224 = ( GEOMETRIC_REPRESENTATION_CONTEXT(2) 
PARAMETRIC_REPRESENTATION_CONTEXT() REPRESENTATION_CONTEXT('2D SPACE',''
  ) );
#2225 = PCURVE('',#1876,#2226);
#2226 = DEFINITIONAL_REPRESENTATION('',(#2227),#2230);
#2227 = B_SPLINE_CURVE_WITH_KNOTS('',1,(#2228,#2229),.UNSPECIFIED.,.F.,
  .F.,(2,2),(-30.,-13.),.PIECEWISE_BEZIER_KNOTS.);
#2228 = CARTESIAN_POINT('',(17.,51.343145750508));
#2229 = CARTESIAN_POINT('',(0.,51.343145750508));
#2230 = ( GEOMETRIC_REPRESENTATION_CONTEXT(2) 
PARAMETRIC_REPRESENTATION_CONTEXT() REPRESENTATION_CONTEXT('2D SPACE',''
  ) );
#2231 = ADVANCED_FACE('',(#2232),#1876,.T.);
#2232 = FACE_BOUND('',#2233,.T.);
#2233 = EDGE_LOOP('',(#2234,#2235,#2236,#2237));
#2234 = ORIENTED_EDGE('',*,*,#2092,.F.);
#2235 = ORIENTED_EDGE('',*,*,#1992,.T.);
#2236 = ORIENTED_EDGE('',*,*,#1859,.F.);
#2237 = ORIENTED_EDGE('',*,*,#2213,.T.);
#2238 = ADVANCED_FACE('',(#2239),#374,.F.);
#2239 = FACE_BOUND('',#2240,.F.);
#2240 = EDGE_LOOP('',(#2241,#2242,#2243,#2244));
#2241 = ORIENTED_EDGE('',*,*,#495,.F.);
#2242 = ORIENTED_EDGE('',*,*,#351,.T.);
#2243 = ORIENTED_EDGE('',*,*,#1832,.T.);
#2244 = ORIENTED_EDGE('',*,*,#1034,.F.);
#2245 = MANIFOLD_SOLID_BREP('',#2246);
#2246 = CLOSED_SHELL('',(#2247,#2367,#2467,#2514,#2561,#2568));
#2247 = ADVANCED_FACE('',(#2248),#2262,.F.);
#2248 = FACE_BOUND('',#2249,.F.);
#2249 = EDGE_LOOP('',(#2250,#2285,#2313,#2341));
#2250 = ORIENTED_EDGE('',*,*,#2251,.F.);
#2251 = EDGE_CURVE('',#2252,#2254,#2256,.T.);
#2252 = VERTEX_POINT('',#2253);
#2253 = CARTESIAN_POINT('',(-88.82230508962,-61.,3.28E+03));
#2254 = VERTEX_POINT('',#2255);
#2255 = CARTESIAN_POINT('',(-88.82230508962,-61.,3.292E+03));
#2256 = SURFACE_CURVE('',#2257,(#2261,#2273),.PCURVE_S1.);
#2257 = LINE('',#2258,#2259);
#2258 = CARTESIAN_POINT('',(-88.82230508962,-61.,3.28E+03));
#2259 = VECTOR('',#2260,1.);
#2260 = DIRECTION('',(0.,0.,1.));
#2261 = PCURVE('',#2262,#2267);
#2262 = PLANE('',#2263);
#2263 = AXIS2_PLACEMENT_3D('',#2264,#2265,#2266);
#2264 = CARTESIAN_POINT('',(-88.82230508962,-61.,3.28E+03));
#2265 = DIRECTION('',(1.,0.,-0.));
#2266 = DIRECTION('',(0.,0.,1.));
#2267 = DEFINITIONAL_REPRESENTATION('',(#2268),#2272);
#2268 = LINE('',#2269,#2270);
#2269 = CARTESIAN_POINT('',(0.,0.));
#2270 = VECTOR('',#2271,1.);
#2271 = DIRECTION('',(1.,0.));
#2272 = ( GEOMETRIC_REPRESENTATION_CONTEXT(2) 
PARAMETRIC_REPRESENTATION_CONTEXT() REPRESENTATION_CONTEXT('2D SPACE',''
  ) );
#2273 = PCURVE('',#2274,#2279);
#2274 = PLANE('',#2275);
#2275 = AXIS2_PLACEMENT_3D('',#2276,#2277,#2278);
#2276 = CARTESIAN_POINT('',(-88.82230508962,-61.,3.28E+03));
#2277 = DIRECTION('',(-0.,1.,0.));
#2278 = DIRECTION('',(0.,0.,1.));
#2279 = DEFINITIONAL_REPRESENTATION('',(#2280),#2284);
#2280 = LINE('',#2281,#2282);
#2281 = CARTESIAN_POINT('',(0.,0.));
#2282 = VECTOR('',#2283,1.);
#2283 = DIRECTION('',(1.,0.));
#2284 = ( GEOMETRIC_REPRESENTATION_CONTEXT(2) 
PARAMETRIC_REPRESENTATION_CONTEXT() REPRESENTATION_CONTEXT('2D SPACE',''
  ) );
#2285 = ORIENTED_EDGE('',*,*,#2286,.T.);
#2286 = EDGE_CURVE('',#2252,#2287,#2289,.T.);
#2287 = VERTEX_POINT('',#2288);
#2288 = CARTESIAN_POINT('',(-88.82230508962,-56.,3.28E+03));
#2289 = SURFACE_CURVE('',#2290,(#2294,#2301),.PCURVE_S1.);
#2290 = LINE('',#2291,#2292);
#2291 = CARTESIAN_POINT('',(-88.82230508962,-61.,3.28E+03));
#2292 = VECTOR('',#2293,1.);
#2293 = DIRECTION('',(-0.,1.,0.));
#2294 = PCURVE('',#2262,#2295);
#2295 = DEFINITIONAL_REPRESENTATION('',(#2296),#2300);
#2296 = LINE('',#2297,#2298);
#2297 = CARTESIAN_POINT('',(0.,0.));
#2298 = VECTOR('',#2299,1.);
#2299 = DIRECTION('',(0.,-1.));
#2300 = ( GEOMETRIC_REPRESENTATION_CONTEXT(2) 
PARAMETRIC_REPRESENTATION_CONTEXT() REPRESENTATION_CONTEXT('2D SPACE',''
  ) );
#2301 = PCURVE('',#2302,#2307);
#2302 = PLANE('',#2303);
#2303 = AXIS2_PLACEMENT_3D('',#2304,#2305,#2306);
#2304 = CARTESIAN_POINT('',(-88.82230508962,-61.,3.28E+03));
#2305 = DIRECTION('',(0.,0.,1.));
#2306 = DIRECTION('',(1.,0.,-0.));
#2307 = DEFINITIONAL_REPRESENTATION('',(#2308),#2312);
#2308 = LINE('',#2309,#2310);
#2309 = CARTESIAN_POINT('',(0.,0.));
#2310 = VECTOR('',#2311,1.);
#2311 = DIRECTION('',(0.,1.));
#2312 = ( GEOMETRIC_REPRESENTATION_CONTEXT(2) 
PARAMETRIC_REPRESENTATION_CONTEXT() REPRESENTATION_CONTEXT('2D SPACE',''
  ) );
#2313 = ORIENTED_EDGE('',*,*,#2314,.T.);
#2314 = EDGE_CURVE('',#2287,#2315,#2317,.T.);
#2315 = VERTEX_POINT('',#2316);
#2316 = CARTESIAN_POINT('',(-88.82230508962,-56.,3.292E+03));
#2317 = SURFACE_CURVE('',#2318,(#2322,#2329),.PCURVE_S1.);
#2318 = LINE('',#2319,#2320);
#2319 = CARTESIAN_POINT('',(-88.82230508962,-56.,3.28E+03));
#2320 = VECTOR('',#2321,1.);
#2321 = DIRECTION('',(0.,0.,1.));
#2322 = PCURVE('',#2262,#2323);
#2323 = DEFINITIONAL_REPRESENTATION('',(#2324),#2328);
#2324 = LINE('',#2325,#2326);
#2325 = CARTESIAN_POINT('',(0.,-5.));
#2326 = VECTOR('',#2327,1.);
#2327 = DIRECTION('',(1.,0.));
#2328 = ( GEOMETRIC_REPRESENTATION_CONTEXT(2) 
PARAMETRIC_REPRESENTATION_CONTEXT() REPRESENTATION_CONTEXT('2D SPACE',''
  ) );
#2329 = PCURVE('',#2330,#2335);
#2330 = PLANE('',#2331);
#2331 = AXIS2_PLACEMENT_3D('',#2332,#2333,#2334);
#2332 = CARTESIAN_POINT('',(-88.82230508962,-56.,3.28E+03));
#2333 = DIRECTION('',(-0.,1.,0.));
#2334 = DIRECTION('',(0.,0.,1.));
#2335 = DEFINITIONAL_REPRESENTATION('',(#2336),#2340);
#2336 = LINE('',#2337,#2338);
#2337 = CARTESIAN_POINT('',(0.,0.));
#2338 = VECTOR('',#2339,1.);
#2339 = DIRECTION('',(1.,0.));
#2340 = ( GEOMETRIC_REPRESENTATION_CONTEXT(2) 
PARAMETRIC_REPRESENTATION_CONTEXT() REPRESENTATION_CONTEXT('2D SPACE',''
  ) );
#2341 = ORIENTED_EDGE('',*,*,#2342,.F.);
#2342 = EDGE_CURVE('',#2254,#2315,#2343,.T.);
#2343 = SURFACE_CURVE('',#2344,(#2348,#2355),.PCURVE_S1.);
#2344 = LINE('',#2345,#2346);
#2345 = CARTESIAN_POINT('',(-88.82230508962,-61.,3.292E+03));
#2346 = VECTOR('',#2347,1.);
#2347 = DIRECTION('',(-0.,1.,0.));
#2348 = PCURVE('',#2262,#2349);
#2349 = DEFINITIONAL_REPRESENTATION('',(#2350),#2354);
#2350 = LINE('',#2351,#2352);
#2351 = CARTESIAN_POINT('',(12.,0.));
#2352 = VECTOR('',#2353,1.);
#2353 = DIRECTION('',(0.,-1.));
#2354 = ( GEOMETRIC_REPRESENTATION_CONTEXT(2) 
PARAMETRIC_REPRESENTATION_CONTEXT() REPRESENTATION_CONTEXT('2D SPACE',''
  ) );
#2355 = PCURVE('',#2356,#2361);
#2356 = PLANE('',#2357);
#2357 = AXIS2_PLACEMENT_3D('',#2358,#2359,#2360);
#2358 = CARTESIAN_POINT('',(-88.82230508962,-61.,3.292E+03));
#2359 = DIRECTION('',(0.,0.,1.));
#2360 = DIRECTION('',(1.,0.,-0.));
#2361 = DEFINITIONAL_REPRESENTATION('',(#2362),#2366);
#2362 = LINE('',#2363,#2364);
#2363 = CARTESIAN_POINT('',(0.,0.));
#2364 = VECTOR('',#2365,1.);
#2365 = DIRECTION('',(0.,1.));
#2366 = ( GEOMETRIC_REPRESENTATION_CONTEXT(2) 
PARAMETRIC_REPRESENTATION_CONTEXT() REPRESENTATION_CONTEXT('2D SPACE',''
  ) );
#2367 = ADVANCED_FACE('',(#2368),#2382,.T.);
#2368 = FACE_BOUND('',#2369,.T.);
#2369 = EDGE_LOOP('',(#2370,#2400,#2423,#2446));
#2370 = ORIENTED_EDGE('',*,*,#2371,.F.);
#2371 = EDGE_CURVE('',#2372,#2374,#2376,.T.);
#2372 = VERTEX_POINT('',#2373);
#2373 = CARTESIAN_POINT('',(-30.82230508962,-61.,3.28E+03));
#2374 = VERTEX_POINT('',#2375);
#2375 = CARTESIAN_POINT('',(-30.82230508962,-61.,3.292E+03));
#2376 = SURFACE_CURVE('',#2377,(#2381,#2393),.PCURVE_S1.);
#2377 = LINE('',#2378,#2379);
#2378 = CARTESIAN_POINT('',(-30.82230508962,-61.,3.28E+03));
#2379 = VECTOR('',#2380,1.);
#2380 = DIRECTION('',(0.,0.,1.));
#2381 = PCURVE('',#2382,#2387);
#2382 = PLANE('',#2383);
#2383 = AXIS2_PLACEMENT_3D('',#2384,#2385,#2386);
#2384 = CARTESIAN_POINT('',(-30.82230508962,-61.,3.28E+03));
#2385 = DIRECTION('',(1.,0.,-0.));
#2386 = DIRECTION('',(0.,0.,1.));
#2387 = DEFINITIONAL_REPRESENTATION('',(#2388),#2392);
#2388 = LINE('',#2389,#2390);
#2389 = CARTESIAN_POINT('',(0.,0.));
#2390 = VECTOR('',#2391,1.);
#2391 = DIRECTION('',(1.,0.));
#2392 = ( GEOMETRIC_REPRESENTATION_CONTEXT(2) 
PARAMETRIC_REPRESENTATION_CONTEXT() REPRESENTATION_CONTEXT('2D SPACE',''
  ) );
#2393 = PCURVE('',#2274,#2394);
#2394 = DEFINITIONAL_REPRESENTATION('',(#2395),#2399);
#2395 = LINE('',#2396,#2397);
#2396 = CARTESIAN_POINT('',(0.,58.));
#2397 = VECTOR('',#2398,1.);
#2398 = DIRECTION('',(1.,0.));
#2399 = ( GEOMETRIC_REPRESENTATION_CONTEXT(2) 
PARAMETRIC_REPRESENTATION_CONTEXT() REPRESENTATION_CONTEXT('2D SPACE',''
  ) );
#2400 = ORIENTED_EDGE('',*,*,#2401,.T.);
#2401 = EDGE_CURVE('',#2372,#2402,#2404,.T.);
#2402 = VERTEX_POINT('',#2403);
#2403 = CARTESIAN_POINT('',(-30.82230508962,-56.,3.28E+03));
#2404 = SURFACE_CURVE('',#2405,(#2409,#2416),.PCURVE_S1.);
#2405 = LINE('',#2406,#2407);
#2406 = CARTESIAN_POINT('',(-30.82230508962,-61.,3.28E+03));
#2407 = VECTOR('',#2408,1.);
#2408 = DIRECTION('',(-0.,1.,0.));
#2409 = PCURVE('',#2382,#2410);
#2410 = DEFINITIONAL_REPRESENTATION('',(#2411),#2415);
#2411 = LINE('',#2412,#2413);
#2412 = CARTESIAN_POINT('',(0.,0.));
#2413 = VECTOR('',#2414,1.);
#2414 = DIRECTION('',(0.,-1.));
#2415 = ( GEOMETRIC_REPRESENTATION_CONTEXT(2) 
PARAMETRIC_REPRESENTATION_CONTEXT() REPRESENTATION_CONTEXT('2D SPACE',''
  ) );
#2416 = PCURVE('',#2302,#2417);
#2417 = DEFINITIONAL_REPRESENTATION('',(#2418),#2422);
#2418 = LINE('',#2419,#2420);
#2419 = CARTESIAN_POINT('',(58.,0.));
#2420 = VECTOR('',#2421,1.);
#2421 = DIRECTION('',(0.,1.));
#2422 = ( GEOMETRIC_REPRESENTATION_CONTEXT(2) 
PARAMETRIC_REPRESENTATION_CONTEXT() REPRESENTATION_CONTEXT('2D SPACE',''
  ) );
#2423 = ORIENTED_EDGE('',*,*,#2424,.T.);
#2424 = EDGE_CURVE('',#2402,#2425,#2427,.T.);
#2425 = VERTEX_POINT('',#2426);
#2426 = CARTESIAN_POINT('',(-30.82230508962,-56.,3.292E+03));
#2427 = SURFACE_CURVE('',#2428,(#2432,#2439),.PCURVE_S1.);
#2428 = LINE('',#2429,#2430);
#2429 = CARTESIAN_POINT('',(-30.82230508962,-56.,3.28E+03));
#2430 = VECTOR('',#2431,1.);
#2431 = DIRECTION('',(0.,0.,1.));
#2432 = PCURVE('',#2382,#2433);
#2433 = DEFINITIONAL_REPRESENTATION('',(#2434),#2438);
#2434 = LINE('',#2435,#2436);
#2435 = CARTESIAN_POINT('',(0.,-5.));
#2436 = VECTOR('',#2437,1.);
#2437 = DIRECTION('',(1.,0.));
#2438 = ( GEOMETRIC_REPRESENTATION_CONTEXT(2) 
PARAMETRIC_REPRESENTATION_CONTEXT() REPRESENTATION_CONTEXT('2D SPACE',''
  ) );
#2439 = PCURVE('',#2330,#2440);
#2440 = DEFINITIONAL_REPRESENTATION('',(#2441),#2445);
#2441 = LINE('',#2442,#2443);
#2442 = CARTESIAN_POINT('',(0.,58.));
#2443 = VECTOR('',#2444,1.);
#2444 = DIRECTION('',(1.,0.));
#2445 = ( GEOMETRIC_REPRESENTATION_CONTEXT(2) 
PARAMETRIC_REPRESENTATION_CONTEXT() REPRESENTATION_CONTEXT('2D SPACE',''
  ) );
#2446 = ORIENTED_EDGE('',*,*,#2447,.F.);
#2447 = EDGE_CURVE('',#2374,#2425,#2448,.T.);
#2448 = SURFACE_CURVE('',#2449,(#2453,#2460),.PCURVE_S1.);
#2449 = LINE('',#2450,#2451);
#2450 = CARTESIAN_POINT('',(-30.82230508962,-61.,3.292E+03));
#2451 = VECTOR('',#2452,1.);
#2452 = DIRECTION('',(-0.,1.,0.));
#2453 = PCURVE('',#2382,#2454);
#2454 = DEFINITIONAL_REPRESENTATION('',(#2455),#2459);
#2455 = LINE('',#2456,#2457);
#2456 = CARTESIAN_POINT('',(12.,0.));
#2457 = VECTOR('',#2458,1.);
#2458 = DIRECTION('',(0.,-1.));
#2459 = ( GEOMETRIC_REPRESENTATION_CONTEXT(2) 
PARAMETRIC_REPRESENTATION_CONTEXT() REPRESENTATION_CONTEXT('2D SPACE',''
  ) );
#2460 = PCURVE('',#2356,#2461);
#2461 = DEFINITIONAL_REPRESENTATION('',(#2462),#2466);
#2462 = LINE('',#2463,#2464);
#2463 = CARTESIAN_POINT('',(58.,0.));
#2464 = VECTOR('',#2465,1.);
#2465 = DIRECTION('',(0.,1.));
#2466 = ( GEOMETRIC_REPRESENTATION_CONTEXT(2) 
PARAMETRIC_REPRESENTATION_CONTEXT() REPRESENTATION_CONTEXT('2D SPACE',''
  ) );
#2467 = ADVANCED_FACE('',(#2468),#2274,.F.);
#2468 = FACE_BOUND('',#2469,.F.);
#2469 = EDGE_LOOP('',(#2470,#2491,#2492,#2513));
#2470 = ORIENTED_EDGE('',*,*,#2471,.F.);
#2471 = EDGE_CURVE('',#2252,#2372,#2472,.T.);
#2472 = SURFACE_CURVE('',#2473,(#2477,#2484),.PCURVE_S1.);
#2473 = LINE('',#2474,#2475);
#2474 = CARTESIAN_POINT('',(-88.82230508962,-61.,3.28E+03));
#2475 = VECTOR('',#2476,1.);
#2476 = DIRECTION('',(1.,0.,-0.));
#2477 = PCURVE('',#2274,#2478);
#2478 = DEFINITIONAL_REPRESENTATION('',(#2479),#2483);
#2479 = LINE('',#2480,#2481);
#2480 = CARTESIAN_POINT('',(0.,0.));
#2481 = VECTOR('',#2482,1.);
#2482 = DIRECTION('',(0.,1.));
#2483 = ( GEOMETRIC_REPRESENTATION_CONTEXT(2) 
PARAMETRIC_REPRESENTATION_CONTEXT() REPRESENTATION_CONTEXT('2D SPACE',''
  ) );
#2484 = PCURVE('',#2302,#2485);
#2485 = DEFINITIONAL_REPRESENTATION('',(#2486),#2490);
#2486 = LINE('',#2487,#2488);
#2487 = CARTESIAN_POINT('',(0.,0.));
#2488 = VECTOR('',#2489,1.);
#2489 = DIRECTION('',(1.,0.));
#2490 = ( GEOMETRIC_REPRESENTATION_CONTEXT(2) 
PARAMETRIC_REPRESENTATION_CONTEXT() REPRESENTATION_CONTEXT('2D SPACE',''
  ) );
#2491 = ORIENTED_EDGE('',*,*,#2251,.T.);
#2492 = ORIENTED_EDGE('',*,*,#2493,.T.);
#2493 = EDGE_CURVE('',#2254,#2374,#2494,.T.);
#2494 = SURFACE_CURVE('',#2495,(#2499,#2506),.PCURVE_S1.);
#2495 = LINE('',#2496,#2497);
#2496 = CARTESIAN_POINT('',(-88.82230508962,-61.,3.292E+03));
#2497 = VECTOR('',#2498,1.);
#2498 = DIRECTION('',(1.,0.,-0.));
#2499 = PCURVE('',#2274,#2500);
#2500 = DEFINITIONAL_REPRESENTATION('',(#2501),#2505);
#2501 = LINE('',#2502,#2503);
#2502 = CARTESIAN_POINT('',(12.,0.));
#2503 = VECTOR('',#2504,1.);
#2504 = DIRECTION('',(0.,1.));
#2505 = ( GEOMETRIC_REPRESENTATION_CONTEXT(2) 
PARAMETRIC_REPRESENTATION_CONTEXT() REPRESENTATION_CONTEXT('2D SPACE',''
  ) );
#2506 = PCURVE('',#2356,#2507);
#2507 = DEFINITIONAL_REPRESENTATION('',(#2508),#2512);
#2508 = LINE('',#2509,#2510);
#2509 = CARTESIAN_POINT('',(0.,0.));
#2510 = VECTOR('',#2511,1.);
#2511 = DIRECTION('',(1.,0.));
#2512 = ( GEOMETRIC_REPRESENTATION_CONTEXT(2) 
PARAMETRIC_REPRESENTATION_CONTEXT() REPRESENTATION_CONTEXT('2D SPACE',''
  ) );
#2513 = ORIENTED_EDGE('',*,*,#2371,.F.);
#2514 = ADVANCED_FACE('',(#2515),#2330,.T.);
#2515 = FACE_BOUND('',#2516,.T.);
#2516 = EDGE_LOOP('',(#2517,#2538,#2539,#2560));
#2517 = ORIENTED_EDGE('',*,*,#2518,.F.);
#2518 = EDGE_CURVE('',#2287,#2402,#2519,.T.);
#2519 = SURFACE_CURVE('',#2520,(#2524,#2531),.PCURVE_S1.);
#2520 = LINE('',#2521,#2522);
#2521 = CARTESIAN_POINT('',(-88.82230508962,-56.,3.28E+03));
#2522 = VECTOR('',#2523,1.);
#2523 = DIRECTION('',(1.,0.,-0.));
#2524 = PCURVE('',#2330,#2525);
#2525 = DEFINITIONAL_REPRESENTATION('',(#2526),#2530);
#2526 = LINE('',#2527,#2528);
#2527 = CARTESIAN_POINT('',(0.,0.));
#2528 = VECTOR('',#2529,1.);
#2529 = DIRECTION('',(0.,1.));
#2530 = ( GEOMETRIC_REPRESENTATION_CONTEXT(2) 
PARAMETRIC_REPRESENTATION_CONTEXT() REPRESENTATION_CONTEXT('2D SPACE',''
  ) );
#2531 = PCURVE('',#2302,#2532);
#2532 = DEFINITIONAL_REPRESENTATION('',(#2533),#2537);
#2533 = LINE('',#2534,#2535);
#2534 = CARTESIAN_POINT('',(0.,5.));
#2535 = VECTOR('',#2536,1.);
#2536 = DIRECTION('',(1.,0.));
#2537 = ( GEOMETRIC_REPRESENTATION_CONTEXT(2) 
PARAMETRIC_REPRESENTATION_CONTEXT() REPRESENTATION_CONTEXT('2D SPACE',''
  ) );
#2538 = ORIENTED_EDGE('',*,*,#2314,.T.);
#2539 = ORIENTED_EDGE('',*,*,#2540,.T.);
#2540 = EDGE_CURVE('',#2315,#2425,#2541,.T.);
#2541 = SURFACE_CURVE('',#2542,(#2546,#2553),.PCURVE_S1.);
#2542 = LINE('',#2543,#2544);
#2543 = CARTESIAN_POINT('',(-88.82230508962,-56.,3.292E+03));
#2544 = VECTOR('',#2545,1.);
#2545 = DIRECTION('',(1.,0.,-0.));
#2546 = PCURVE('',#2330,#2547);
#2547 = DEFINITIONAL_REPRESENTATION('',(#2548),#2552);
#2548 = LINE('',#2549,#2550);
#2549 = CARTESIAN_POINT('',(12.,0.));
#2550 = VECTOR('',#2551,1.);
#2551 = DIRECTION('',(0.,1.));
#2552 = ( GEOMETRIC_REPRESENTATION_CONTEXT(2) 
PARAMETRIC_REPRESENTATION_CONTEXT() REPRESENTATION_CONTEXT('2D SPACE',''
  ) );
#2553 = PCURVE('',#2356,#2554);
#2554 = DEFINITIONAL_REPRESENTATION('',(#2555),#2559);
#2555 = LINE('',#2556,#2557);
#2556 = CARTESIAN_POINT('',(0.,5.));
#2557 = VECTOR('',#2558,1.);
#2558 = DIRECTION('',(1.,0.));
#2559 = ( GEOMETRIC_REPRESENTATION_CONTEXT(2) 
PARAMETRIC_REPRESENTATION_CONTEXT() REPRESENTATION_CONTEXT('2D SPACE',''
  ) );
#2560 = ORIENTED_EDGE('',*,*,#2424,.F.);
#2561 = ADVANCED_FACE('',(#2562),#2302,.F.);
#2562 = FACE_BOUND('',#2563,.F.);
#2563 = EDGE_LOOP('',(#2564,#2565,#2566,#2567));
#2564 = ORIENTED_EDGE('',*,*,#2286,.F.);
#2565 = ORIENTED_EDGE('',*,*,#2471,.T.);
#2566 = ORIENTED_EDGE('',*,*,#2401,.T.);
#2567 = ORIENTED_EDGE('',*,*,#2518,.F.);
#2568 = ADVANCED_FACE('',(#2569),#2356,.T.);
#2569 = FACE_BOUND('',#2570,.T.);
#2570 = EDGE_LOOP('',(#2571,#2572,#2573,#2574));
#2571 = ORIENTED_EDGE('',*,*,#2342,.F.);
#2572 = ORIENTED_EDGE('',*,*,#2493,.T.);
#2573 = ORIENTED_EDGE('',*,*,#2447,.T.);
#2574 = ORIENTED_EDGE('',*,*,#2540,.F.);
#2575 = MANIFOLD_SOLID_BREP('',#2576);
#2576 = CLOSED_SHELL('',(#2577,#2697,#2797,#2844,#2891,#2898));
#2577 = ADVANCED_FACE('',(#2578),#2592,.F.);
#2578 = FACE_BOUND('',#2579,.F.);
#2579 = EDGE_LOOP('',(#2580,#2615,#2643,#2671));
#2580 = ORIENTED_EDGE('',*,*,#2581,.F.);
#2581 = EDGE_CURVE('',#2582,#2584,#2586,.T.);
#2582 = VERTEX_POINT('',#2583);
#2583 = CARTESIAN_POINT('',(-88.82230508962,56.,3.28E+03));
#2584 = VERTEX_POINT('',#2585);
#2585 = CARTESIAN_POINT('',(-88.82230508962,56.,3.292E+03));
#2586 = SURFACE_CURVE('',#2587,(#2591,#2603),.PCURVE_S1.);
#2587 = LINE('',#2588,#2589);
#2588 = CARTESIAN_POINT('',(-88.82230508962,56.,3.28E+03));
#2589 = VECTOR('',#2590,1.);
#2590 = DIRECTION('',(0.,0.,1.));
#2591 = PCURVE('',#2592,#2597);
#2592 = PLANE('',#2593);
#2593 = AXIS2_PLACEMENT_3D('',#2594,#2595,#2596);
#2594 = CARTESIAN_POINT('',(-88.82230508962,56.,3.28E+03));
#2595 = DIRECTION('',(1.,0.,-0.));
#2596 = DIRECTION('',(0.,0.,1.));
#2597 = DEFINITIONAL_REPRESENTATION('',(#2598),#2602);
#2598 = LINE('',#2599,#2600);
#2599 = CARTESIAN_POINT('',(0.,0.));
#2600 = VECTOR('',#2601,1.);
#2601 = DIRECTION('',(1.,0.));
#2602 = ( GEOMETRIC_REPRESENTATION_CONTEXT(2) 
PARAMETRIC_REPRESENTATION_CONTEXT() REPRESENTATION_CONTEXT('2D SPACE',''
  ) );
#2603 = PCURVE('',#2604,#2609);
#2604 = PLANE('',#2605);
#2605 = AXIS2_PLACEMENT_3D('',#2606,#2607,#2608);
#2606 = CARTESIAN_POINT('',(-88.82230508962,56.,3.28E+03));
#2607 = DIRECTION('',(-0.,1.,0.));
#2608 = DIRECTION('',(0.,0.,1.));
#2609 = DEFINITIONAL_REPRESENTATION('',(#2610),#2614);
#2610 = LINE('',#2611,#2612);
#2611 = CARTESIAN_POINT('',(0.,0.));
#2612 = VECTOR('',#2613,1.);
#2613 = DIRECTION('',(1.,0.));
#2614 = ( GEOMETRIC_REPRESENTATION_CONTEXT(2) 
PARAMETRIC_REPRESENTATION_CONTEXT() REPRESENTATION_CONTEXT('2D SPACE',''
  ) );
#2615 = ORIENTED_EDGE('',*,*,#2616,.T.);
#2616 = EDGE_CURVE('',#2582,#2617,#2619,.T.);
#2617 = VERTEX_POINT('',#2618);
#2618 = CARTESIAN_POINT('',(-88.82230508962,61.,3.28E+03));
#2619 = SURFACE_CURVE('',#2620,(#2624,#2631),.PCURVE_S1.);
#2620 = LINE('',#2621,#2622);
#2621 = CARTESIAN_POINT('',(-88.82230508962,56.,3.28E+03));
#2622 = VECTOR('',#2623,1.);
#2623 = DIRECTION('',(-0.,1.,0.));
#2624 = PCURVE('',#2592,#2625);
#2625 = DEFINITIONAL_REPRESENTATION('',(#2626),#2630);
#2626 = LINE('',#2627,#2628);
#2627 = CARTESIAN_POINT('',(0.,0.));
#2628 = VECTOR('',#2629,1.);
#2629 = DIRECTION('',(0.,-1.));
#2630 = ( GEOMETRIC_REPRESENTATION_CONTEXT(2) 
PARAMETRIC_REPRESENTATION_CONTEXT() REPRESENTATION_CONTEXT('2D SPACE',''
  ) );
#2631 = PCURVE('',#2632,#2637);
#2632 = PLANE('',#2633);
#2633 = AXIS2_PLACEMENT_3D('',#2634,#2635,#2636);
#2634 = CARTESIAN_POINT('',(-88.82230508962,56.,3.28E+03));
#2635 = DIRECTION('',(0.,0.,1.));
#2636 = DIRECTION('',(1.,0.,-0.));
#2637 = DEFINITIONAL_REPRESENTATION('',(#2638),#2642);
#2638 = LINE('',#2639,#2640);
#2639 = CARTESIAN_POINT('',(0.,0.));
#2640 = VECTOR('',#2641,1.);
#2641 = DIRECTION('',(0.,1.));
#2642 = ( GEOMETRIC_REPRESENTATION_CONTEXT(2) 
PARAMETRIC_REPRESENTATION_CONTEXT() REPRESENTATION_CONTEXT('2D SPACE',''
  ) );
#2643 = ORIENTED_EDGE('',*,*,#2644,.T.);
#2644 = EDGE_CURVE('',#2617,#2645,#2647,.T.);
#2645 = VERTEX_POINT('',#2646);
#2646 = CARTESIAN_POINT('',(-88.82230508962,61.,3.292E+03));
#2647 = SURFACE_CURVE('',#2648,(#2652,#2659),.PCURVE_S1.);
#2648 = LINE('',#2649,#2650);
#2649 = CARTESIAN_POINT('',(-88.82230508962,61.,3.28E+03));
#2650 = VECTOR('',#2651,1.);
#2651 = DIRECTION('',(0.,0.,1.));
#2652 = PCURVE('',#2592,#2653);
#2653 = DEFINITIONAL_REPRESENTATION('',(#2654),#2658);
#2654 = LINE('',#2655,#2656);
#2655 = CARTESIAN_POINT('',(0.,-5.));
#2656 = VECTOR('',#2657,1.);
#2657 = DIRECTION('',(1.,0.));
#2658 = ( GEOMETRIC_REPRESENTATION_CONTEXT(2) 
PARAMETRIC_REPRESENTATION_CONTEXT() REPRESENTATION_CONTEXT('2D SPACE',''
  ) );
#2659 = PCURVE('',#2660,#2665);
#2660 = PLANE('',#2661);
#2661 = AXIS2_PLACEMENT_3D('',#2662,#2663,#2664);
#2662 = CARTESIAN_POINT('',(-88.82230508962,61.,3.28E+03));
#2663 = DIRECTION('',(-0.,1.,0.));
#2664 = DIRECTION('',(0.,0.,1.));
#2665 = DEFINITIONAL_REPRESENTATION('',(#2666),#2670);
#2666 = LINE('',#2667,#2668);
#2667 = CARTESIAN_POINT('',(0.,0.));
#2668 = VECTOR('',#2669,1.);
#2669 = DIRECTION('',(1.,0.));
#2670 = ( GEOMETRIC_REPRESENTATION_CONTEXT(2) 
PARAMETRIC_REPRESENTATION_CONTEXT() REPRESENTATION_CONTEXT('2D SPACE',''
  ) );
#2671 = ORIENTED_EDGE('',*,*,#2672,.F.);
#2672 = EDGE_CURVE('',#2584,#2645,#2673,.T.);
#2673 = SURFACE_CURVE('',#2674,(#2678,#2685),.PCURVE_S1.);
#2674 = LINE('',#2675,#2676);
#2675 = CARTESIAN_POINT('',(-88.82230508962,56.,3.292E+03));
#2676 = VECTOR('',#2677,1.);
#2677 = DIRECTION('',(-0.,1.,0.));
#2678 = PCURVE('',#2592,#2679);
#2679 = DEFINITIONAL_REPRESENTATION('',(#2680),#2684);
#2680 = LINE('',#2681,#2682);
#2681 = CARTESIAN_POINT('',(12.,0.));
#2682 = VECTOR('',#2683,1.);
#2683 = DIRECTION('',(0.,-1.));
#2684 = ( GEOMETRIC_REPRESENTATION_CONTEXT(2) 
PARAMETRIC_REPRESENTATION_CONTEXT() REPRESENTATION_CONTEXT('2D SPACE',''
  ) );
#2685 = PCURVE('',#2686,#2691);
#2686 = PLANE('',#2687);
#2687 = AXIS2_PLACEMENT_3D('',#2688,#2689,#2690);
#2688 = CARTESIAN_POINT('',(-88.82230508962,56.,3.292E+03));
#2689 = DIRECTION('',(0.,0.,1.));
#2690 = DIRECTION('',(1.,0.,-0.));
#2691 = DEFINITIONAL_REPRESENTATION('',(#2692),#2696);
#2692 = LINE('',#2693,#2694);
#2693 = CARTESIAN_POINT('',(0.,0.));
#2694 = VECTOR('',#2695,1.);
#2695 = DIRECTION('',(0.,1.));
#2696 = ( GEOMETRIC_REPRESENTATION_CONTEXT(2) 
PARAMETRIC_REPRESENTATION_CONTEXT() REPRESENTATION_CONTEXT('2D SPACE',''
  ) );
#2697 = ADVANCED_FACE('',(#2698),#2712,.T.);
#2698 = FACE_BOUND('',#2699,.T.);
#2699 = EDGE_LOOP('',(#2700,#2730,#2753,#2776));
#2700 = ORIENTED_EDGE('',*,*,#2701,.F.);
#2701 = EDGE_CURVE('',#2702,#2704,#2706,.T.);
#2702 = VERTEX_POINT('',#2703);
#2703 = CARTESIAN_POINT('',(-30.82230508962,56.,3.28E+03));
#2704 = VERTEX_POINT('',#2705);
#2705 = CARTESIAN_POINT('',(-30.82230508962,56.,3.292E+03));
#2706 = SURFACE_CURVE('',#2707,(#2711,#2723),.PCURVE_S1.);
#2707 = LINE('',#2708,#2709);
#2708 = CARTESIAN_POINT('',(-30.82230508962,56.,3.28E+03));
#2709 = VECTOR('',#2710,1.);
#2710 = DIRECTION('',(0.,0.,1.));
#2711 = PCURVE('',#2712,#2717);
#2712 = PLANE('',#2713);
#2713 = AXIS2_PLACEMENT_3D('',#2714,#2715,#2716);
#2714 = CARTESIAN_POINT('',(-30.82230508962,56.,3.28E+03));
#2715 = DIRECTION('',(1.,0.,-0.));
#2716 = DIRECTION('',(0.,0.,1.));
#2717 = DEFINITIONAL_REPRESENTATION('',(#2718),#2722);
#2718 = LINE('',#2719,#2720);
#2719 = CARTESIAN_POINT('',(0.,0.));
#2720 = VECTOR('',#2721,1.);
#2721 = DIRECTION('',(1.,0.));
#2722 = ( GEOMETRIC_REPRESENTATION_CONTEXT(2) 
PARAMETRIC_REPRESENTATION_CONTEXT() REPRESENTATION_CONTEXT('2D SPACE',''
  ) );
#2723 = PCURVE('',#2604,#2724);
#2724 = DEFINITIONAL_REPRESENTATION('',(#2725),#2729);
#2725 = LINE('',#2726,#2727);
#2726 = CARTESIAN_POINT('',(0.,58.));
#2727 = VECTOR('',#2728,1.);
#2728 = DIRECTION('',(1.,0.));
#2729 = ( GEOMETRIC_REPRESENTATION_CONTEXT(2) 
PARAMETRIC_REPRESENTATION_CONTEXT() REPRESENTATION_CONTEXT('2D SPACE',''
  ) );
#2730 = ORIENTED_EDGE('',*,*,#2731,.T.);
#2731 = EDGE_CURVE('',#2702,#2732,#2734,.T.);
#2732 = VERTEX_POINT('',#2733);
#2733 = CARTESIAN_POINT('',(-30.82230508962,61.,3.28E+03));
#2734 = SURFACE_CURVE('',#2735,(#2739,#2746),.PCURVE_S1.);
#2735 = LINE('',#2736,#2737);
#2736 = CARTESIAN_POINT('',(-30.82230508962,56.,3.28E+03));
#2737 = VECTOR('',#2738,1.);
#2738 = DIRECTION('',(-0.,1.,0.));
#2739 = PCURVE('',#2712,#2740);
#2740 = DEFINITIONAL_REPRESENTATION('',(#2741),#2745);
#2741 = LINE('',#2742,#2743);
#2742 = CARTESIAN_POINT('',(0.,0.));
#2743 = VECTOR('',#2744,1.);
#2744 = DIRECTION('',(0.,-1.));
#2745 = ( GEOMETRIC_REPRESENTATION_CONTEXT(2) 
PARAMETRIC_REPRESENTATION_CONTEXT() REPRESENTATION_CONTEXT('2D SPACE',''
  ) );
#2746 = PCURVE('',#2632,#2747);
#2747 = DEFINITIONAL_REPRESENTATION('',(#2748),#2752);
#2748 = LINE('',#2749,#2750);
#2749 = CARTESIAN_POINT('',(58.,0.));
#2750 = VECTOR('',#2751,1.);
#2751 = DIRECTION('',(0.,1.));
#2752 = ( GEOMETRIC_REPRESENTATION_CONTEXT(2) 
PARAMETRIC_REPRESENTATION_CONTEXT() REPRESENTATION_CONTEXT('2D SPACE',''
  ) );
#2753 = ORIENTED_EDGE('',*,*,#2754,.T.);
#2754 = EDGE_CURVE('',#2732,#2755,#2757,.T.);
#2755 = VERTEX_POINT('',#2756);
#2756 = CARTESIAN_POINT('',(-30.82230508962,61.,3.292E+03));
#2757 = SURFACE_CURVE('',#2758,(#2762,#2769),.PCURVE_S1.);
#2758 = LINE('',#2759,#2760);
#2759 = CARTESIAN_POINT('',(-30.82230508962,61.,3.28E+03));
#2760 = VECTOR('',#2761,1.);
#2761 = DIRECTION('',(0.,0.,1.));
#2762 = PCURVE('',#2712,#2763);
#2763 = DEFINITIONAL_REPRESENTATION('',(#2764),#2768);
#2764 = LINE('',#2765,#2766);
#2765 = CARTESIAN_POINT('',(0.,-5.));
#2766 = VECTOR('',#2767,1.);
#2767 = DIRECTION('',(1.,0.));
#2768 = ( GEOMETRIC_REPRESENTATION_CONTEXT(2) 
PARAMETRIC_REPRESENTATION_CONTEXT() REPRESENTATION_CONTEXT('2D SPACE',''
  ) );
#2769 = PCURVE('',#2660,#2770);
#2770 = DEFINITIONAL_REPRESENTATION('',(#2771),#2775);
#2771 = LINE('',#2772,#2773);
#2772 = CARTESIAN_POINT('',(0.,58.));
#2773 = VECTOR('',#2774,1.);
#2774 = DIRECTION('',(1.,0.));
#2775 = ( GEOMETRIC_REPRESENTATION_CONTEXT(2) 
PARAMETRIC_REPRESENTATION_CONTEXT() REPRESENTATION_CONTEXT('2D SPACE',''
  ) );
#2776 = ORIENTED_EDGE('',*,*,#2777,.F.);
#2777 = EDGE_CURVE('',#2704,#2755,#2778,.T.);
#2778 = SURFACE_CURVE('',#2779,(#2783,#2790),.PCURVE_S1.);
#2779 = LINE('',#2780,#2781);
#2780 = CARTESIAN_POINT('',(-30.82230508962,56.,3.292E+03));
#2781 = VECTOR('',#2782,1.);
#2782 = DIRECTION('',(-0.,1.,0.));
#2783 = PCURVE('',#2712,#2784);
#2784 = DEFINITIONAL_REPRESENTATION('',(#2785),#2789);
#2785 = LINE('',#2786,#2787);
#2786 = CARTESIAN_POINT('',(12.,0.));
#2787 = VECTOR('',#2788,1.);
#2788 = DIRECTION('',(0.,-1.));
#2789 = ( GEOMETRIC_REPRESENTATION_CONTEXT(2) 
PARAMETRIC_REPRESENTATION_CONTEXT() REPRESENTATION_CONTEXT('2D SPACE',''
  ) );
#2790 = PCURVE('',#2686,#2791);
#2791 = DEFINITIONAL_REPRESENTATION('',(#2792),#2796);
#2792 = LINE('',#2793,#2794);
#2793 = CARTESIAN_POINT('',(58.,0.));
#2794 = VECTOR('',#2795,1.);
#2795 = DIRECTION('',(0.,1.));
#2796 = ( GEOMETRIC_REPRESENTATION_CONTEXT(2) 
PARAMETRIC_REPRESENTATION_CONTEXT() REPRESENTATION_CONTEXT('2D SPACE',''
  ) );
#2797 = ADVANCED_FACE('',(#2798),#2604,.F.);
#2798 = FACE_BOUND('',#2799,.F.);
#2799 = EDGE_LOOP('',(#2800,#2821,#2822,#2843));
#2800 = ORIENTED_EDGE('',*,*,#2801,.F.);
#2801 = EDGE_CURVE('',#2582,#2702,#2802,.T.);
#2802 = SURFACE_CURVE('',#2803,(#2807,#2814),.PCURVE_S1.);
#2803 = LINE('',#2804,#2805);
#2804 = CARTESIAN_POINT('',(-88.82230508962,56.,3.28E+03));
#2805 = VECTOR('',#2806,1.);
#2806 = DIRECTION('',(1.,0.,-0.));
#2807 = PCURVE('',#2604,#2808);
#2808 = DEFINITIONAL_REPRESENTATION('',(#2809),#2813);
#2809 = LINE('',#2810,#2811);
#2810 = CARTESIAN_POINT('',(0.,0.));
#2811 = VECTOR('',#2812,1.);
#2812 = DIRECTION('',(0.,1.));
#2813 = ( GEOMETRIC_REPRESENTATION_CONTEXT(2) 
PARAMETRIC_REPRESENTATION_CONTEXT() REPRESENTATION_CONTEXT('2D SPACE',''
  ) );
#2814 = PCURVE('',#2632,#2815);
#2815 = DEFINITIONAL_REPRESENTATION('',(#2816),#2820);
#2816 = LINE('',#2817,#2818);
#2817 = CARTESIAN_POINT('',(0.,0.));
#2818 = VECTOR('',#2819,1.);
#2819 = DIRECTION('',(1.,0.));
#2820 = ( GEOMETRIC_REPRESENTATION_CONTEXT(2) 
PARAMETRIC_REPRESENTATION_CONTEXT() REPRESENTATION_CONTEXT('2D SPACE',''
  ) );
#2821 = ORIENTED_EDGE('',*,*,#2581,.T.);
#2822 = ORIENTED_EDGE('',*,*,#2823,.T.);
#2823 = EDGE_CURVE('',#2584,#2704,#2824,.T.);
#2824 = SURFACE_CURVE('',#2825,(#2829,#2836),.PCURVE_S1.);
#2825 = LINE('',#2826,#2827);
#2826 = CARTESIAN_POINT('',(-88.82230508962,56.,3.292E+03));
#2827 = VECTOR('',#2828,1.);
#2828 = DIRECTION('',(1.,0.,-0.));
#2829 = PCURVE('',#2604,#2830);
#2830 = DEFINITIONAL_REPRESENTATION('',(#2831),#2835);
#2831 = LINE('',#2832,#2833);
#2832 = CARTESIAN_POINT('',(12.,0.));
#2833 = VECTOR('',#2834,1.);
#2834 = DIRECTION('',(0.,1.));
#2835 = ( GEOMETRIC_REPRESENTATION_CONTEXT(2) 
PARAMETRIC_REPRESENTATION_CONTEXT() REPRESENTATION_CONTEXT('2D SPACE',''
  ) );
#2836 = PCURVE('',#2686,#2837);
#2837 = DEFINITIONAL_REPRESENTATION('',(#2838),#2842);
#2838 = LINE('',#2839,#2840);
#2839 = CARTESIAN_POINT('',(0.,0.));
#2840 = VECTOR('',#2841,1.);
#2841 = DIRECTION('',(1.,0.));
#2842 = ( GEOMETRIC_REPRESENTATION_CONTEXT(2) 
PARAMETRIC_REPRESENTATION_CONTEXT() REPRESENTATION_CONTEXT('2D SPACE',''
  ) );
#2843 = ORIENTED_EDGE('',*,*,#2701,.F.);
#2844 = ADVANCED_FACE('',(#2845),#2660,.T.);
#2845 = FACE_BOUND('',#2846,.T.);
#2846 = EDGE_LOOP('',(#2847,#2868,#2869,#2890));
#2847 = ORIENTED_EDGE('',*,*,#2848,.F.);
#2848 = EDGE_CURVE('',#2617,#2732,#2849,.T.);
#2849 = SURFACE_CURVE('',#2850,(#2854,#2861),.PCURVE_S1.);
#2850 = LINE('',#2851,#2852);
#2851 = CARTESIAN_POINT('',(-88.82230508962,61.,3.28E+03));
#2852 = VECTOR('',#2853,1.);
#2853 = DIRECTION('',(1.,0.,-0.));
#2854 = PCURVE('',#2660,#2855);
#2855 = DEFINITIONAL_REPRESENTATION('',(#2856),#2860);
#2856 = LINE('',#2857,#2858);
#2857 = CARTESIAN_POINT('',(0.,0.));
#2858 = VECTOR('',#2859,1.);
#2859 = DIRECTION('',(0.,1.));
#2860 = ( GEOMETRIC_REPRESENTATION_CONTEXT(2) 
PARAMETRIC_REPRESENTATION_CONTEXT() REPRESENTATION_CONTEXT('2D SPACE',''
  ) );
#2861 = PCURVE('',#2632,#2862);
#2862 = DEFINITIONAL_REPRESENTATION('',(#2863),#2867);
#2863 = LINE('',#2864,#2865);
#2864 = CARTESIAN_POINT('',(0.,5.));
#2865 = VECTOR('',#2866,1.);
#2866 = DIRECTION('',(1.,0.));
#2867 = ( GEOMETRIC_REPRESENTATION_CONTEXT(2) 
PARAMETRIC_REPRESENTATION_CONTEXT() REPRESENTATION_CONTEXT('2D SPACE',''
  ) );
#2868 = ORIENTED_EDGE('',*,*,#2644,.T.);
#2869 = ORIENTED_EDGE('',*,*,#2870,.T.);
#2870 = EDGE_CURVE('',#2645,#2755,#2871,.T.);
#2871 = SURFACE_CURVE('',#2872,(#2876,#2883),.PCURVE_S1.);
#2872 = LINE('',#2873,#2874);
#2873 = CARTESIAN_POINT('',(-88.82230508962,61.,3.292E+03));
#2874 = VECTOR('',#2875,1.);
#2875 = DIRECTION('',(1.,0.,-0.));
#2876 = PCURVE('',#2660,#2877);
#2877 = DEFINITIONAL_REPRESENTATION('',(#2878),#2882);
#2878 = LINE('',#2879,#2880);
#2879 = CARTESIAN_POINT('',(12.,0.));
#2880 = VECTOR('',#2881,1.);
#2881 = DIRECTION('',(0.,1.));
#2882 = ( GEOMETRIC_REPRESENTATION_CONTEXT(2) 
PARAMETRIC_REPRESENTATION_CONTEXT() REPRESENTATION_CONTEXT('2D SPACE',''
  ) );
#2883 = PCURVE('',#2686,#2884);
#2884 = DEFINITIONAL_REPRESENTATION('',(#2885),#2889);
#2885 = LINE('',#2886,#2887);
#2886 = CARTESIAN_POINT('',(0.,5.));
#2887 = VECTOR('',#2888,1.);
#2888 = DIRECTION('',(1.,0.));
#2889 = ( GEOMETRIC_REPRESENTATION_CONTEXT(2) 
PARAMETRIC_REPRESENTATION_CONTEXT() REPRESENTATION_CONTEXT('2D SPACE',''
  ) );
#2890 = ORIENTED_EDGE('',*,*,#2754,.F.);
#2891 = ADVANCED_FACE('',(#2892),#2632,.F.);
#2892 = FACE_BOUND('',#2893,.F.);
#2893 = EDGE_LOOP('',(#2894,#2895,#2896,#2897));
#2894 = ORIENTED_EDGE('',*,*,#2616,.F.);
#2895 = ORIENTED_EDGE('',*,*,#2801,.T.);
#2896 = ORIENTED_EDGE('',*,*,#2731,.T.);
#2897 = ORIENTED_EDGE('',*,*,#2848,.F.);
#2898 = ADVANCED_FACE('',(#2899),#2686,.T.);
#2899 = FACE_BOUND('',#2900,.T.);
#2900 = EDGE_LOOP('',(#2901,#2902,#2903,#2904));
#2901 = ORIENTED_EDGE('',*,*,#2672,.F.);
#2902 = ORIENTED_EDGE('',*,*,#2823,.T.);
#2903 = ORIENTED_EDGE('',*,*,#2777,.T.);
#2904 = ORIENTED_EDGE('',*,*,#2870,.F.);
#2905 = MANIFOLD_SOLID_BREP('',#2906);
#2906 = CLOSED_SHELL('',(#2907,#3027,#3315,#3391,#3481,#3506,#3533,#3558
    ,#3565,#3634,#3839,#3914,#3991,#4110,#4158,#4206,#4231,#4257,#4310,
    #4359,#4386,#4548,#4624,#4714,#4739,#4766,#4791,#4798));
#2907 = ADVANCED_FACE('',(#2908),#2922,.F.);
#2908 = FACE_BOUND('',#2909,.F.);
#2909 = EDGE_LOOP('',(#2910,#2945,#2973,#3001));
#2910 = ORIENTED_EDGE('',*,*,#2911,.F.);
#2911 = EDGE_CURVE('',#2912,#2914,#2916,.T.);
#2912 = VERTEX_POINT('',#2913);
#2913 = CARTESIAN_POINT('',(-90.82230508962,-55.,3.516E+03));
#2914 = VERTEX_POINT('',#2915);
#2915 = CARTESIAN_POINT('',(-90.82230508962,-55.,3.556E+03));
#2916 = SURFACE_CURVE('',#2917,(#2921,#2933),.PCURVE_S1.);
#2917 = LINE('',#2918,#2919);
#2918 = CARTESIAN_POINT('',(-90.82230508962,-55.,3.516E+03));
#2919 = VECTOR('',#2920,1.);
#2920 = DIRECTION('',(0.,0.,1.));
#2921 = PCURVE('',#2922,#2927);
#2922 = PLANE('',#2923);
#2923 = AXIS2_PLACEMENT_3D('',#2924,#2925,#2926);
#2924 = CARTESIAN_POINT('',(-90.82230508962,-55.,3.516E+03));
#2925 = DIRECTION('',(1.,0.,-0.));
#2926 = DIRECTION('',(0.,0.,1.));
#2927 = DEFINITIONAL_REPRESENTATION('',(#2928),#2932);
#2928 = LINE('',#2929,#2930);
#2929 = CARTESIAN_POINT('',(0.,0.));
#2930 = VECTOR('',#2931,1.);
#2931 = DIRECTION('',(1.,0.));
#2932 = ( GEOMETRIC_REPRESENTATION_CONTEXT(2) 
PARAMETRIC_REPRESENTATION_CONTEXT() REPRESENTATION_CONTEXT('2D SPACE',''
  ) );
#2933 = PCURVE('',#2934,#2939);
#2934 = PLANE('',#2935);
#2935 = AXIS2_PLACEMENT_3D('',#2936,#2937,#2938);
#2936 = CARTESIAN_POINT('',(-90.82230508962,-55.,3.516E+03));
#2937 = DIRECTION('',(-0.,1.,0.));
#2938 = DIRECTION('',(0.,0.,1.));
#2939 = DEFINITIONAL_REPRESENTATION('',(#2940),#2944);
#2940 = LINE('',#2941,#2942);
#2941 = CARTESIAN_POINT('',(0.,0.));
#2942 = VECTOR('',#2943,1.);
#2943 = DIRECTION('',(1.,0.));
#2944 = ( GEOMETRIC_REPRESENTATION_CONTEXT(2) 
PARAMETRIC_REPRESENTATION_CONTEXT() REPRESENTATION_CONTEXT('2D SPACE',''
  ) );
#2945 = ORIENTED_EDGE('',*,*,#2946,.T.);
#2946 = EDGE_CURVE('',#2912,#2947,#2949,.T.);
#2947 = VERTEX_POINT('',#2948);
#2948 = CARTESIAN_POINT('',(-90.82230508962,55.,3.516E+03));
#2949 = SURFACE_CURVE('',#2950,(#2954,#2961),.PCURVE_S1.);
#2950 = LINE('',#2951,#2952);
#2951 = CARTESIAN_POINT('',(-90.82230508962,-55.,3.516E+03));
#2952 = VECTOR('',#2953,1.);
#2953 = DIRECTION('',(-0.,1.,0.));
#2954 = PCURVE('',#2922,#2955);
#2955 = DEFINITIONAL_REPRESENTATION('',(#2956),#2960);
#2956 = LINE('',#2957,#2958);
#2957 = CARTESIAN_POINT('',(0.,0.));
#2958 = VECTOR('',#2959,1.);
#2959 = DIRECTION('',(0.,-1.));
#2960 = ( GEOMETRIC_REPRESENTATION_CONTEXT(2) 
PARAMETRIC_REPRESENTATION_CONTEXT() REPRESENTATION_CONTEXT('2D SPACE',''
  ) );
#2961 = PCURVE('',#2962,#2967);
#2962 = PLANE('',#2963);
#2963 = AXIS2_PLACEMENT_3D('',#2964,#2965,#2966);
#2964 = CARTESIAN_POINT('',(-90.82230508962,-55.,3.516E+03));
#2965 = DIRECTION('',(0.,0.,1.));
#2966 = DIRECTION('',(1.,0.,-0.));
#2967 = DEFINITIONAL_REPRESENTATION('',(#2968),#2972);
#2968 = LINE('',#2969,#2970);
#2969 = CARTESIAN_POINT('',(0.,0.));
#2970 = VECTOR('',#2971,1.);
#2971 = DIRECTION('',(0.,1.));
#2972 = ( GEOMETRIC_REPRESENTATION_CONTEXT(2) 
PARAMETRIC_REPRESENTATION_CONTEXT() REPRESENTATION_CONTEXT('2D SPACE',''
  ) );
#2973 = ORIENTED_EDGE('',*,*,#2974,.T.);
#2974 = EDGE_CURVE('',#2947,#2975,#2977,.T.);
#2975 = VERTEX_POINT('',#2976);
#2976 = CARTESIAN_POINT('',(-90.82230508962,55.,3.556E+03));
#2977 = SURFACE_CURVE('',#2978,(#2982,#2989),.PCURVE_S1.);
#2978 = LINE('',#2979,#2980);
#2979 = CARTESIAN_POINT('',(-90.82230508962,55.,3.516E+03));
#2980 = VECTOR('',#2981,1.);
#2981 = DIRECTION('',(0.,0.,1.));
#2982 = PCURVE('',#2922,#2983);
#2983 = DEFINITIONAL_REPRESENTATION('',(#2984),#2988);
#2984 = LINE('',#2985,#2986);
#2985 = CARTESIAN_POINT('',(0.,-110.));
#2986 = VECTOR('',#2987,1.);
#2987 = DIRECTION('',(1.,0.));
#2988 = ( GEOMETRIC_REPRESENTATION_CONTEXT(2) 
PARAMETRIC_REPRESENTATION_CONTEXT() REPRESENTATION_CONTEXT('2D SPACE',''
  ) );
#2989 = PCURVE('',#2990,#2995);
#2990 = PLANE('',#2991);
#2991 = AXIS2_PLACEMENT_3D('',#2992,#2993,#2994);
#2992 = CARTESIAN_POINT('',(-90.82230508962,55.,3.516E+03));
#2993 = DIRECTION('',(-0.,1.,0.));
#2994 = DIRECTION('',(0.,0.,1.));
#2995 = DEFINITIONAL_REPRESENTATION('',(#2996),#3000);
#2996 = LINE('',#2997,#2998);
#2997 = CARTESIAN_POINT('',(0.,0.));
#2998 = VECTOR('',#2999,1.);
#2999 = DIRECTION('',(1.,0.));
#3000 = ( GEOMETRIC_REPRESENTATION_CONTEXT(2) 
PARAMETRIC_REPRESENTATION_CONTEXT() REPRESENTATION_CONTEXT('2D SPACE',''
  ) );
#3001 = ORIENTED_EDGE('',*,*,#3002,.F.);
#3002 = EDGE_CURVE('',#2914,#2975,#3003,.T.);
#3003 = SURFACE_CURVE('',#3004,(#3008,#3015),.PCURVE_S1.);
#3004 = LINE('',#3005,#3006);
#3005 = CARTESIAN_POINT('',(-90.82230508962,-55.,3.556E+03));
#3006 = VECTOR('',#3007,1.);
#3007 = DIRECTION('',(-0.,1.,0.));
#3008 = PCURVE('',#2922,#3009);
#3009 = DEFINITIONAL_REPRESENTATION('',(#3010),#3014);
#3010 = LINE('',#3011,#3012);
#3011 = CARTESIAN_POINT('',(40.,0.));
#3012 = VECTOR('',#3013,1.);
#3013 = DIRECTION('',(0.,-1.));
#3014 = ( GEOMETRIC_REPRESENTATION_CONTEXT(2) 
PARAMETRIC_REPRESENTATION_CONTEXT() REPRESENTATION_CONTEXT('2D SPACE',''
  ) );
#3015 = PCURVE('',#3016,#3021);
#3016 = PLANE('',#3017);
#3017 = AXIS2_PLACEMENT_3D('',#3018,#3019,#3020);
#3018 = CARTESIAN_POINT('',(-90.82230508962,-55.,3.556E+03));
#3019 = DIRECTION('',(0.,0.,1.));
#3020 = DIRECTION('',(1.,0.,-0.));
#3021 = DEFINITIONAL_REPRESENTATION('',(#3022),#3026);
#3022 = LINE('',#3023,#3024);
#3023 = CARTESIAN_POINT('',(0.,0.));
#3024 = VECTOR('',#3025,1.);
#3025 = DIRECTION('',(0.,1.));
#3026 = ( GEOMETRIC_REPRESENTATION_CONTEXT(2) 
PARAMETRIC_REPRESENTATION_CONTEXT() REPRESENTATION_CONTEXT('2D SPACE',''
  ) );
#3027 = ADVANCED_FACE('',(#3028,#3183),#2962,.F.);
#3028 = FACE_BOUND('',#3029,.F.);
#3029 = EDGE_LOOP('',(#3030,#3053,#3054,#3077,#3105,#3131,#3157));
#3030 = ORIENTED_EDGE('',*,*,#3031,.F.);
#3031 = EDGE_CURVE('',#2947,#3032,#3034,.T.);
#3032 = VERTEX_POINT('',#3033);
#3033 = CARTESIAN_POINT('',(-30.82230508962,55.,3.516E+03));
#3034 = SURFACE_CURVE('',#3035,(#3039,#3046),.PCURVE_S1.);
#3035 = LINE('',#3036,#3037);
#3036 = CARTESIAN_POINT('',(-90.82230508962,55.,3.516E+03));
#3037 = VECTOR('',#3038,1.);
#3038 = DIRECTION('',(1.,0.,-0.));
#3039 = PCURVE('',#2962,#3040);
#3040 = DEFINITIONAL_REPRESENTATION('',(#3041),#3045);
#3041 = LINE('',#3042,#3043);
#3042 = CARTESIAN_POINT('',(0.,110.));
#3043 = VECTOR('',#3044,1.);
#3044 = DIRECTION('',(1.,0.));
#3045 = ( GEOMETRIC_REPRESENTATION_CONTEXT(2) 
PARAMETRIC_REPRESENTATION_CONTEXT() REPRESENTATION_CONTEXT('2D SPACE',''
  ) );
#3046 = PCURVE('',#2990,#3047);
#3047 = DEFINITIONAL_REPRESENTATION('',(#3048),#3052);
#3048 = LINE('',#3049,#3050);
#3049 = CARTESIAN_POINT('',(0.,0.));
#3050 = VECTOR('',#3051,1.);
#3051 = DIRECTION('',(0.,1.));
#3052 = ( GEOMETRIC_REPRESENTATION_CONTEXT(2) 
PARAMETRIC_REPRESENTATION_CONTEXT() REPRESENTATION_CONTEXT('2D SPACE',''
  ) );
#3053 = ORIENTED_EDGE('',*,*,#2946,.F.);
#3054 = ORIENTED_EDGE('',*,*,#3055,.T.);
#3055 = EDGE_CURVE('',#2912,#3056,#3058,.T.);
#3056 = VERTEX_POINT('',#3057);
#3057 = CARTESIAN_POINT('',(-30.82230508962,-55.,3.516E+03));
#3058 = SURFACE_CURVE('',#3059,(#3063,#3070),.PCURVE_S1.);
#3059 = LINE('',#3060,#3061);
#3060 = CARTESIAN_POINT('',(-90.82230508962,-55.,3.516E+03));
#3061 = VECTOR('',#3062,1.);
#3062 = DIRECTION('',(1.,0.,-0.));
#3063 = PCURVE('',#2962,#3064);
#3064 = DEFINITIONAL_REPRESENTATION('',(#3065),#3069);
#3065 = LINE('',#3066,#3067);
#3066 = CARTESIAN_POINT('',(0.,0.));
#3067 = VECTOR('',#3068,1.);
#3068 = DIRECTION('',(1.,0.));
#3069 = ( GEOMETRIC_REPRESENTATION_CONTEXT(2) 
PARAMETRIC_REPRESENTATION_CONTEXT() REPRESENTATION_CONTEXT('2D SPACE',''
  ) );
#3070 = PCURVE('',#2934,#3071);
#3071 = DEFINITIONAL_REPRESENTATION('',(#3072),#3076);
#3072 = LINE('',#3073,#3074);
#3073 = CARTESIAN_POINT('',(0.,0.));
#3074 = VECTOR('',#3075,1.);
#3075 = DIRECTION('',(0.,1.));
#3076 = ( GEOMETRIC_REPRESENTATION_CONTEXT(2) 
PARAMETRIC_REPRESENTATION_CONTEXT() REPRESENTATION_CONTEXT('2D SPACE',''
  ) );
#3077 = ORIENTED_EDGE('',*,*,#3078,.T.);
#3078 = EDGE_CURVE('',#3056,#3079,#3081,.T.);
#3079 = VERTEX_POINT('',#3080);
#3080 = CARTESIAN_POINT('',(-30.82230508962,-50.,3.516E+03));
#3081 = SURFACE_CURVE('',#3082,(#3086,#3093),.PCURVE_S1.);
#3082 = LINE('',#3083,#3084);
#3083 = CARTESIAN_POINT('',(-30.82230508962,-55.,3.516E+03));
#3084 = VECTOR('',#3085,1.);
#3085 = DIRECTION('',(-0.,1.,0.));
#3086 = PCURVE('',#2962,#3087);
#3087 = DEFINITIONAL_REPRESENTATION('',(#3088),#3092);
#3088 = LINE('',#3089,#3090);
#3089 = CARTESIAN_POINT('',(60.,0.));
#3090 = VECTOR('',#3091,1.);
#3091 = DIRECTION('',(0.,1.));
#3092 = ( GEOMETRIC_REPRESENTATION_CONTEXT(2) 
PARAMETRIC_REPRESENTATION_CONTEXT() REPRESENTATION_CONTEXT('2D SPACE',''
  ) );
#3093 = PCURVE('',#3094,#3099);
#3094 = PLANE('',#3095);
#3095 = AXIS2_PLACEMENT_3D('',#3096,#3097,#3098);
#3096 = CARTESIAN_POINT('',(-30.82230508962,-55.,3.516E+03));
#3097 = DIRECTION('',(1.,0.,-0.));
#3098 = DIRECTION('',(0.,0.,1.));
#3099 = DEFINITIONAL_REPRESENTATION('',(#3100),#3104);
#3100 = LINE('',#3101,#3102);
#3101 = CARTESIAN_POINT('',(0.,0.));
#3102 = VECTOR('',#3103,1.);
#3103 = DIRECTION('',(0.,-1.));
#3104 = ( GEOMETRIC_REPRESENTATION_CONTEXT(2) 
PARAMETRIC_REPRESENTATION_CONTEXT() REPRESENTATION_CONTEXT('2D SPACE',''
  ) );
#3105 = ORIENTED_EDGE('',*,*,#3106,.T.);
#3106 = EDGE_CURVE('',#3079,#3107,#3109,.T.);
#3107 = VERTEX_POINT('',#3108);
#3108 = CARTESIAN_POINT('',(-80.82230508962,-2.84217094304E-14,3.516E+03
    ));
#3109 = SURFACE_CURVE('',#3110,(#3114,#3120),.PCURVE_S1.);
#3110 = LINE('',#3111,#3112);
#3111 = CARTESIAN_POINT('',(1.138373029032,-81.96067811865,3.516E+03));
#3112 = VECTOR('',#3113,1.);
#3113 = DIRECTION('',(-0.707106781187,0.707106781187,0.));
#3114 = PCURVE('',#2962,#3115);
#3115 = DEFINITIONAL_REPRESENTATION('',(#3116),#3119);
#3116 = B_SPLINE_CURVE_WITH_KNOTS('',1,(#3117,#3118),.UNSPECIFIED.,.F.,
  .F.,(2,2),(45.199224458043,115.90990257669),.PIECEWISE_BEZIER_KNOTS.);
#3117 = CARTESIAN_POINT('',(60.,5.));
#3118 = CARTESIAN_POINT('',(10.,55.));
#3119 = ( GEOMETRIC_REPRESENTATION_CONTEXT(2) 
PARAMETRIC_REPRESENTATION_CONTEXT() REPRESENTATION_CONTEXT('2D SPACE',''
  ) );
#3120 = PCURVE('',#3121,#3126);
#3121 = PLANE('',#3122);
#3122 = AXIS2_PLACEMENT_3D('',#3123,#3124,#3125);
#3123 = CARTESIAN_POINT('',(60.599051147687,-141.4213562373,3.515E+03));
#3124 = DIRECTION('',(0.707106781187,0.707106781187,0.));
#3125 = DIRECTION('',(0.,0.,1.));
#3126 = DEFINITIONAL_REPRESENTATION('',(#3127),#3130);
#3127 = B_SPLINE_CURVE_WITH_KNOTS('',1,(#3128,#3129),.UNSPECIFIED.,.F.,
  .F.,(2,2),(45.199224458043,115.90990257669),.PIECEWISE_BEZIER_KNOTS.);
#3128 = CARTESIAN_POINT('',(1.,-129.2893218813));
#3129 = CARTESIAN_POINT('',(1.,-200.));
#3130 = ( GEOMETRIC_REPRESENTATION_CONTEXT(2) 
PARAMETRIC_REPRESENTATION_CONTEXT() REPRESENTATION_CONTEXT('2D SPACE',''
  ) );
#3131 = ORIENTED_EDGE('',*,*,#3132,.F.);
#3132 = EDGE_CURVE('',#3133,#3107,#3135,.T.);
#3133 = VERTEX_POINT('',#3134);
#3134 = CARTESIAN_POINT('',(-30.82230508962,50.,3.516E+03));
#3135 = SURFACE_CURVE('',#3136,(#3140,#3146),.PCURVE_S1.);
#3136 = LINE('',#3137,#3138);
#3137 = CARTESIAN_POINT('',(-97.07230508962,-16.25,3.516E+03));
#3138 = VECTOR('',#3139,1.);
#3139 = DIRECTION('',(-0.707106781187,-0.707106781187,0.));
#3140 = PCURVE('',#2962,#3141);
#3141 = DEFINITIONAL_REPRESENTATION('',(#3142),#3145);
#3142 = B_SPLINE_CURVE_WITH_KNOTS('',1,(#3143,#3144),.UNSPECIFIED.,.F.,
  .F.,(2,2),(-93.69164850721,-22.98097038856),.PIECEWISE_BEZIER_KNOTS.);
#3143 = CARTESIAN_POINT('',(60.,105.));
#3144 = CARTESIAN_POINT('',(10.,55.));
#3145 = ( GEOMETRIC_REPRESENTATION_CONTEXT(2) 
PARAMETRIC_REPRESENTATION_CONTEXT() REPRESENTATION_CONTEXT('2D SPACE',''
  ) );
#3146 = PCURVE('',#3147,#3152);
#3147 = PLANE('',#3148);
#3148 = AXIS2_PLACEMENT_3D('',#3149,#3150,#3151);
#3149 = CARTESIAN_POINT('',(-80.82230508962,-2.84217094304E-14,3.515E+03
    ));
#3150 = DIRECTION('',(-0.707106781187,0.707106781187,0.));
#3151 = DIRECTION('',(0.,0.,1.));
#3152 = DEFINITIONAL_REPRESENTATION('',(#3153),#3156);
#3153 = B_SPLINE_CURVE_WITH_KNOTS('',1,(#3154,#3155),.UNSPECIFIED.,.F.,
  .F.,(2,2),(-93.69164850721,-22.98097038856),.PIECEWISE_BEZIER_KNOTS.);
#3154 = CARTESIAN_POINT('',(1.,70.710678118655));
#3155 = CARTESIAN_POINT('',(1.,0.));
#3156 = ( GEOMETRIC_REPRESENTATION_CONTEXT(2) 
PARAMETRIC_REPRESENTATION_CONTEXT() REPRESENTATION_CONTEXT('2D SPACE',''
  ) );
#3157 = ORIENTED_EDGE('',*,*,#3158,.T.);
#3158 = EDGE_CURVE('',#3133,#3032,#3159,.T.);
#3159 = SURFACE_CURVE('',#3160,(#3164,#3171),.PCURVE_S1.);
#3160 = LINE('',#3161,#3162);
#3161 = CARTESIAN_POINT('',(-30.82230508962,-55.,3.516E+03));
#3162 = VECTOR('',#3163,1.);
#3163 = DIRECTION('',(-0.,1.,0.));
#3164 = PCURVE('',#2962,#3165);
#3165 = DEFINITIONAL_REPRESENTATION('',(#3166),#3170);
#3166 = LINE('',#3167,#3168);
#3167 = CARTESIAN_POINT('',(60.,0.));
#3168 = VECTOR('',#3169,1.);
#3169 = DIRECTION('',(0.,1.));
#3170 = ( GEOMETRIC_REPRESENTATION_CONTEXT(2) 
PARAMETRIC_REPRESENTATION_CONTEXT() REPRESENTATION_CONTEXT('2D SPACE',''
  ) );
#3171 = PCURVE('',#3172,#3177);
#3172 = PLANE('',#3173);
#3173 = AXIS2_PLACEMENT_3D('',#3174,#3175,#3176);
#3174 = CARTESIAN_POINT('',(-30.82230508962,-55.,3.516E+03));
#3175 = DIRECTION('',(1.,0.,-0.));
#3176 = DIRECTION('',(0.,0.,1.));
#3177 = DEFINITIONAL_REPRESENTATION('',(#3178),#3182);
#3178 = LINE('',#3179,#3180);
#3179 = CARTESIAN_POINT('',(0.,0.));
#3180 = VECTOR('',#3181,1.);
#3181 = DIRECTION('',(0.,-1.));
#3182 = ( GEOMETRIC_REPRESENTATION_CONTEXT(2) 
PARAMETRIC_REPRESENTATION_CONTEXT() REPRESENTATION_CONTEXT('2D SPACE',''
  ) );
#3183 = FACE_BOUND('',#3184,.F.);
#3184 = EDGE_LOOP('',(#3185,#3213,#3239,#3265,#3291));
#3185 = ORIENTED_EDGE('',*,*,#3186,.T.);
#3186 = EDGE_CURVE('',#3187,#3189,#3191,.T.);
#3187 = VERTEX_POINT('',#3188);
#3188 = CARTESIAN_POINT('',(-35.47915933911,-51.,3.516E+03));
#3189 = VERTEX_POINT('',#3190);
#3190 = CARTESIAN_POINT('',(-86.82230508962,-51.,3.516E+03));
#3191 = SURFACE_CURVE('',#3192,(#3196,#3202),.PCURVE_S1.);
#3192 = LINE('',#3193,#3194);
#3193 = CARTESIAN_POINT('',(-88.82230508962,-51.,3.516E+03));
#3194 = VECTOR('',#3195,1.);
#3195 = DIRECTION('',(-1.,-0.,0.));
#3196 = PCURVE('',#2962,#3197);
#3197 = DEFINITIONAL_REPRESENTATION('',(#3198),#3201);
#3198 = B_SPLINE_CURVE_WITH_KNOTS('',1,(#3199,#3200),.UNSPECIFIED.,.F.,
  .F.,(2,2),(-53.3431457505,-2.),.PIECEWISE_BEZIER_KNOTS.);
#3199 = CARTESIAN_POINT('',(55.343145750508,4.));
#3200 = CARTESIAN_POINT('',(4.,4.));
#3201 = ( GEOMETRIC_REPRESENTATION_CONTEXT(2) 
PARAMETRIC_REPRESENTATION_CONTEXT() REPRESENTATION_CONTEXT('2D SPACE',''
  ) );
#3202 = PCURVE('',#3203,#3208);
#3203 = PLANE('',#3204);
#3204 = AXIS2_PLACEMENT_3D('',#3205,#3206,#3207);
#3205 = CARTESIAN_POINT('',(-86.82230508962,-51.,3.515E+03));
#3206 = DIRECTION('',(-0.,1.,0.));
#3207 = DIRECTION('',(0.,0.,1.));
#3208 = DEFINITIONAL_REPRESENTATION('',(#3209),#3212);
#3209 = B_SPLINE_CURVE_WITH_KNOTS('',1,(#3210,#3211),.UNSPECIFIED.,.F.,
  .F.,(2,2),(-53.3431457505,-2.),.PIECEWISE_BEZIER_KNOTS.);
#3210 = CARTESIAN_POINT('',(1.,51.343145750508));
#3211 = CARTESIAN_POINT('',(1.,0.));
#3212 = ( GEOMETRIC_REPRESENTATION_CONTEXT(2) 
PARAMETRIC_REPRESENTATION_CONTEXT() REPRESENTATION_CONTEXT('2D SPACE',''
  ) );
#3213 = ORIENTED_EDGE('',*,*,#3214,.T.);
#3214 = EDGE_CURVE('',#3189,#3215,#3217,.T.);
#3215 = VERTEX_POINT('',#3216);
#3216 = CARTESIAN_POINT('',(-86.82230508962,51.,3.516E+03));
#3217 = SURFACE_CURVE('',#3218,(#3222,#3228),.PCURVE_S1.);
#3218 = LINE('',#3219,#3220);
#3219 = CARTESIAN_POINT('',(-86.82230508962,-53.,3.516E+03));
#3220 = VECTOR('',#3221,1.);
#3221 = DIRECTION('',(-0.,1.,0.));
#3222 = PCURVE('',#2962,#3223);
#3223 = DEFINITIONAL_REPRESENTATION('',(#3224),#3227);
#3224 = B_SPLINE_CURVE_WITH_KNOTS('',1,(#3225,#3226),.UNSPECIFIED.,.F.,
  .F.,(2,2),(2.,104.),.PIECEWISE_BEZIER_KNOTS.);
#3225 = CARTESIAN_POINT('',(4.,4.));
#3226 = CARTESIAN_POINT('',(4.,106.));
#3227 = ( GEOMETRIC_REPRESENTATION_CONTEXT(2) 
PARAMETRIC_REPRESENTATION_CONTEXT() REPRESENTATION_CONTEXT('2D SPACE',''
  ) );
#3228 = PCURVE('',#3229,#3234);
#3229 = PLANE('',#3230);
#3230 = AXIS2_PLACEMENT_3D('',#3231,#3232,#3233);
#3231 = CARTESIAN_POINT('',(-86.82230508962,-51.,3.515E+03));
#3232 = DIRECTION('',(1.,0.,-0.));
#3233 = DIRECTION('',(0.,0.,1.));
#3234 = DEFINITIONAL_REPRESENTATION('',(#3235),#3238);
#3235 = B_SPLINE_CURVE_WITH_KNOTS('',1,(#3236,#3237),.UNSPECIFIED.,.F.,
  .F.,(2,2),(2.,104.),.PIECEWISE_BEZIER_KNOTS.);
#3236 = CARTESIAN_POINT('',(1.,0.));
#3237 = CARTESIAN_POINT('',(1.,-102.));
#3238 = ( GEOMETRIC_REPRESENTATION_CONTEXT(2) 
PARAMETRIC_REPRESENTATION_CONTEXT() REPRESENTATION_CONTEXT('2D SPACE',''
  ) );
#3239 = ORIENTED_EDGE('',*,*,#3240,.F.);
#3240 = EDGE_CURVE('',#3241,#3215,#3243,.T.);
#3241 = VERTEX_POINT('',#3242);
#3242 = CARTESIAN_POINT('',(-35.47915933911,51.,3.516E+03));
#3243 = SURFACE_CURVE('',#3244,(#3248,#3254),.PCURVE_S1.);
#3244 = LINE('',#3245,#3246);
#3245 = CARTESIAN_POINT('',(-88.82230508962,51.,3.516E+03));
#3246 = VECTOR('',#3247,1.);
#3247 = DIRECTION('',(-1.,-0.,0.));
#3248 = PCURVE('',#2962,#3249);
#3249 = DEFINITIONAL_REPRESENTATION('',(#3250),#3253);
#3250 = B_SPLINE_CURVE_WITH_KNOTS('',1,(#3251,#3252),.UNSPECIFIED.,.F.,
  .F.,(2,2),(-53.3431457505,-2.),.PIECEWISE_BEZIER_KNOTS.);
#3251 = CARTESIAN_POINT('',(55.343145750508,106.));
#3252 = CARTESIAN_POINT('',(4.,106.));
#3253 = ( GEOMETRIC_REPRESENTATION_CONTEXT(2) 
PARAMETRIC_REPRESENTATION_CONTEXT() REPRESENTATION_CONTEXT('2D SPACE',''
  ) );
#3254 = PCURVE('',#3255,#3260);
#3255 = PLANE('',#3256);
#3256 = AXIS2_PLACEMENT_3D('',#3257,#3258,#3259);
#3257 = CARTESIAN_POINT('',(-86.82230508962,51.,3.515E+03));
#3258 = DIRECTION('',(-0.,1.,0.));
#3259 = DIRECTION('',(0.,0.,1.));
#3260 = DEFINITIONAL_REPRESENTATION('',(#3261),#3264);
#3261 = B_SPLINE_CURVE_WITH_KNOTS('',1,(#3262,#3263),.UNSPECIFIED.,.F.,
  .F.,(2,2),(-53.3431457505,-2.),.PIECEWISE_BEZIER_KNOTS.);
#3262 = CARTESIAN_POINT('',(1.,51.343145750508));
#3263 = CARTESIAN_POINT('',(1.,0.));
#3264 = ( GEOMETRIC_REPRESENTATION_CONTEXT(2) 
PARAMETRIC_REPRESENTATION_CONTEXT() REPRESENTATION_CONTEXT('2D SPACE',''
  ) );
#3265 = ORIENTED_EDGE('',*,*,#3266,.T.);
#3266 = EDGE_CURVE('',#3241,#3267,#3269,.T.);
#3267 = VERTEX_POINT('',#3268);
#3268 = CARTESIAN_POINT('',(-86.47915933911,-2.84217094304E-14,3.516E+03
    ));
#3269 = SURFACE_CURVE('',#3270,(#3274,#3280),.PCURVE_S1.);
#3270 = LINE('',#3271,#3272);
#3271 = CARTESIAN_POINT('',(-101.3149457767,-14.83578643762,3.516E+03));
#3272 = VECTOR('',#3273,1.);
#3273 = DIRECTION('',(-0.707106781187,-0.707106781187,0.));
#3274 = PCURVE('',#2962,#3275);
#3275 = DEFINITIONAL_REPRESENTATION('',(#3276),#3279);
#3276 = B_SPLINE_CURVE_WITH_KNOTS('',1,(#3277,#3278),.UNSPECIFIED.,.F.,
  .F.,(2,2),(-93.10586206959,-20.98097038856),.PIECEWISE_BEZIER_KNOTS.);
#3277 = CARTESIAN_POINT('',(55.343145750508,106.));
#3278 = CARTESIAN_POINT('',(4.343145750508,55.));
#3279 = ( GEOMETRIC_REPRESENTATION_CONTEXT(2) 
PARAMETRIC_REPRESENTATION_CONTEXT() REPRESENTATION_CONTEXT('2D SPACE',''
  ) );
#3280 = PCURVE('',#3281,#3286);
#3281 = PLANE('',#3282);
#3282 = AXIS2_PLACEMENT_3D('',#3283,#3284,#3285);
#3283 = CARTESIAN_POINT('',(-86.47915933911,-2.84217094304E-14,3.514E+03
    ));
#3284 = DIRECTION('',(-0.707106781187,0.707106781187,0.));
#3285 = DIRECTION('',(0.,0.,1.));
#3286 = DEFINITIONAL_REPRESENTATION('',(#3287),#3290);
#3287 = B_SPLINE_CURVE_WITH_KNOTS('',1,(#3288,#3289),.UNSPECIFIED.,.F.,
  .F.,(2,2),(-93.10586206959,-20.98097038856),.PIECEWISE_BEZIER_KNOTS.);
#3288 = CARTESIAN_POINT('',(2.,72.124891681028));
#3289 = CARTESIAN_POINT('',(2.,0.));
#3290 = ( GEOMETRIC_REPRESENTATION_CONTEXT(2) 
PARAMETRIC_REPRESENTATION_CONTEXT() REPRESENTATION_CONTEXT('2D SPACE',''
  ) );
#3291 = ORIENTED_EDGE('',*,*,#3292,.F.);
#3292 = EDGE_CURVE('',#3187,#3267,#3293,.T.);
#3293 = SURFACE_CURVE('',#3294,(#3298,#3304),.PCURVE_S1.);
#3294 = LINE('',#3295,#3296);
#3295 = CARTESIAN_POINT('',(-3.104267658087,-83.37489168102,3.516E+03));
#3296 = VECTOR('',#3297,1.);
#3297 = DIRECTION('',(-0.707106781187,0.707106781187,0.));
#3298 = PCURVE('',#2962,#3299);
#3299 = DEFINITIONAL_REPRESENTATION('',(#3300),#3303);
#3300 = B_SPLINE_CURVE_WITH_KNOTS('',1,(#3301,#3302),.UNSPECIFIED.,.F.,
  .F.,(2,2),(45.785010895669,117.90990257669),.PIECEWISE_BEZIER_KNOTS.);
#3301 = CARTESIAN_POINT('',(55.343145750508,4.));
#3302 = CARTESIAN_POINT('',(4.343145750508,55.));
#3303 = ( GEOMETRIC_REPRESENTATION_CONTEXT(2) 
PARAMETRIC_REPRESENTATION_CONTEXT() REPRESENTATION_CONTEXT('2D SPACE',''
  ) );
#3304 = PCURVE('',#3305,#3310);
#3305 = PLANE('',#3306);
#3306 = AXIS2_PLACEMENT_3D('',#3307,#3308,#3309);
#3307 = CARTESIAN_POINT('',(54.942196898195,-141.4213562373,3.514E+03));
#3308 = DIRECTION('',(0.707106781187,0.707106781187,0.));
#3309 = DIRECTION('',(0.,0.,1.));
#3310 = DEFINITIONAL_REPRESENTATION('',(#3311),#3314);
#3311 = B_SPLINE_CURVE_WITH_KNOTS('',1,(#3312,#3313),.UNSPECIFIED.,.F.,
  .F.,(2,2),(45.785010895669,117.90990257669),.PIECEWISE_BEZIER_KNOTS.);
#3312 = CARTESIAN_POINT('',(2.,-127.8751083189));
#3313 = CARTESIAN_POINT('',(2.,-200.));
#3314 = ( GEOMETRIC_REPRESENTATION_CONTEXT(2) 
PARAMETRIC_REPRESENTATION_CONTEXT() REPRESENTATION_CONTEXT('2D SPACE',''
  ) );
#3315 = ADVANCED_FACE('',(#3316),#3229,.T.);
#3316 = FACE_BOUND('',#3317,.T.);
#3317 = EDGE_LOOP('',(#3318,#3341,#3342,#3365));
#3318 = ORIENTED_EDGE('',*,*,#3319,.F.);
#3319 = EDGE_CURVE('',#3189,#3320,#3322,.T.);
#3320 = VERTEX_POINT('',#3321);
#3321 = CARTESIAN_POINT('',(-86.82230508962,-51.,3.532E+03));
#3322 = SURFACE_CURVE('',#3323,(#3327,#3334),.PCURVE_S1.);
#3323 = LINE('',#3324,#3325);
#3324 = CARTESIAN_POINT('',(-86.82230508962,-51.,3.515E+03));
#3325 = VECTOR('',#3326,1.);
#3326 = DIRECTION('',(0.,0.,1.));
#3327 = PCURVE('',#3229,#3328);
#3328 = DEFINITIONAL_REPRESENTATION('',(#3329),#3333);
#3329 = LINE('',#3330,#3331);
#3330 = CARTESIAN_POINT('',(0.,0.));
#3331 = VECTOR('',#3332,1.);
#3332 = DIRECTION('',(1.,0.));
#3333 = ( GEOMETRIC_REPRESENTATION_CONTEXT(2) 
PARAMETRIC_REPRESENTATION_CONTEXT() REPRESENTATION_CONTEXT('2D SPACE',''
  ) );
#3334 = PCURVE('',#3203,#3335);
#3335 = DEFINITIONAL_REPRESENTATION('',(#3336),#3340);
#3336 = LINE('',#3337,#3338);
#3337 = CARTESIAN_POINT('',(0.,0.));
#3338 = VECTOR('',#3339,1.);
#3339 = DIRECTION('',(1.,0.));
#3340 = ( GEOMETRIC_REPRESENTATION_CONTEXT(2) 
PARAMETRIC_REPRESENTATION_CONTEXT() REPRESENTATION_CONTEXT('2D SPACE',''
  ) );
#3341 = ORIENTED_EDGE('',*,*,#3214,.T.);
#3342 = ORIENTED_EDGE('',*,*,#3343,.T.);
#3343 = EDGE_CURVE('',#3215,#3344,#3346,.T.);
#3344 = VERTEX_POINT('',#3345);
#3345 = CARTESIAN_POINT('',(-86.82230508962,51.,3.532E+03));
#3346 = SURFACE_CURVE('',#3347,(#3351,#3358),.PCURVE_S1.);
#3347 = LINE('',#3348,#3349);
#3348 = CARTESIAN_POINT('',(-86.82230508962,51.,3.515E+03));
#3349 = VECTOR('',#3350,1.);
#3350 = DIRECTION('',(0.,0.,1.));
#3351 = PCURVE('',#3229,#3352);
#3352 = DEFINITIONAL_REPRESENTATION('',(#3353),#3357);
#3353 = LINE('',#3354,#3355);
#3354 = CARTESIAN_POINT('',(0.,-102.));
#3355 = VECTOR('',#3356,1.);
#3356 = DIRECTION('',(1.,0.));
#3357 = ( GEOMETRIC_REPRESENTATION_CONTEXT(2) 
PARAMETRIC_REPRESENTATION_CONTEXT() REPRESENTATION_CONTEXT('2D SPACE',''
  ) );
#3358 = PCURVE('',#3255,#3359);
#3359 = DEFINITIONAL_REPRESENTATION('',(#3360),#3364);
#3360 = LINE('',#3361,#3362);
#3361 = CARTESIAN_POINT('',(0.,0.));
#3362 = VECTOR('',#3363,1.);
#3363 = DIRECTION('',(1.,0.));
#3364 = ( GEOMETRIC_REPRESENTATION_CONTEXT(2) 
PARAMETRIC_REPRESENTATION_CONTEXT() REPRESENTATION_CONTEXT('2D SPACE',''
  ) );
#3365 = ORIENTED_EDGE('',*,*,#3366,.F.);
#3366 = EDGE_CURVE('',#3320,#3344,#3367,.T.);
#3367 = SURFACE_CURVE('',#3368,(#3372,#3379),.PCURVE_S1.);
#3368 = LINE('',#3369,#3370);
#3369 = CARTESIAN_POINT('',(-86.82230508962,-51.,3.532E+03));
#3370 = VECTOR('',#3371,1.);
#3371 = DIRECTION('',(-0.,1.,0.));
#3372 = PCURVE('',#3229,#3373);
#3373 = DEFINITIONAL_REPRESENTATION('',(#3374),#3378);
#3374 = LINE('',#3375,#3376);
#3375 = CARTESIAN_POINT('',(17.,0.));
#3376 = VECTOR('',#3377,1.);
#3377 = DIRECTION('',(0.,-1.));
#3378 = ( GEOMETRIC_REPRESENTATION_CONTEXT(2) 
PARAMETRIC_REPRESENTATION_CONTEXT() REPRESENTATION_CONTEXT('2D SPACE',''
  ) );
#3379 = PCURVE('',#3380,#3385);
#3380 = PLANE('',#3381);
#3381 = AXIS2_PLACEMENT_3D('',#3382,#3383,#3384);
#3382 = CARTESIAN_POINT('',(-86.82230508962,-51.,3.532E+03));
#3383 = DIRECTION('',(0.,0.,1.));
#3384 = DIRECTION('',(1.,0.,-0.));
#3385 = DEFINITIONAL_REPRESENTATION('',(#3386),#3390);
#3386 = LINE('',#3387,#3388);
#3387 = CARTESIAN_POINT('',(0.,0.));
#3388 = VECTOR('',#3389,1.);
#3389 = DIRECTION('',(0.,1.));
#3390 = ( GEOMETRIC_REPRESENTATION_CONTEXT(2) 
PARAMETRIC_REPRESENTATION_CONTEXT() REPRESENTATION_CONTEXT('2D SPACE',''
  ) );
#3391 = ADVANCED_FACE('',(#3392),#3380,.F.);
#3392 = FACE_BOUND('',#3393,.F.);
#3393 = EDGE_LOOP('',(#3394,#3417,#3418,#3441,#3462));
#3394 = ORIENTED_EDGE('',*,*,#3395,.F.);
#3395 = EDGE_CURVE('',#3344,#3396,#3398,.T.);
#3396 = VERTEX_POINT('',#3397);
#3397 = CARTESIAN_POINT('',(-35.47915933911,51.,3.532E+03));
#3398 = SURFACE_CURVE('',#3399,(#3403,#3410),.PCURVE_S1.);
#3399 = LINE('',#3400,#3401);
#3400 = CARTESIAN_POINT('',(-86.82230508962,51.,3.532E+03));
#3401 = VECTOR('',#3402,1.);
#3402 = DIRECTION('',(1.,0.,-0.));
#3403 = PCURVE('',#3380,#3404);
#3404 = DEFINITIONAL_REPRESENTATION('',(#3405),#3409);
#3405 = LINE('',#3406,#3407);
#3406 = CARTESIAN_POINT('',(0.,102.));
#3407 = VECTOR('',#3408,1.);
#3408 = DIRECTION('',(1.,0.));
#3409 = ( GEOMETRIC_REPRESENTATION_CONTEXT(2) 
PARAMETRIC_REPRESENTATION_CONTEXT() REPRESENTATION_CONTEXT('2D SPACE',''
  ) );
#3410 = PCURVE('',#3255,#3411);
#3411 = DEFINITIONAL_REPRESENTATION('',(#3412),#3416);
#3412 = LINE('',#3413,#3414);
#3413 = CARTESIAN_POINT('',(17.,0.));
#3414 = VECTOR('',#3415,1.);
#3415 = DIRECTION('',(0.,1.));
#3416 = ( GEOMETRIC_REPRESENTATION_CONTEXT(2) 
PARAMETRIC_REPRESENTATION_CONTEXT() REPRESENTATION_CONTEXT('2D SPACE',''
  ) );
#3417 = ORIENTED_EDGE('',*,*,#3366,.F.);
#3418 = ORIENTED_EDGE('',*,*,#3419,.T.);
#3419 = EDGE_CURVE('',#3320,#3420,#3422,.T.);
#3420 = VERTEX_POINT('',#3421);
#3421 = CARTESIAN_POINT('',(-35.47915933911,-51.,3.532E+03));
#3422 = SURFACE_CURVE('',#3423,(#3427,#3434),.PCURVE_S1.);
#3423 = LINE('',#3424,#3425);
#3424 = CARTESIAN_POINT('',(-86.82230508962,-51.,3.532E+03));
#3425 = VECTOR('',#3426,1.);
#3426 = DIRECTION('',(1.,0.,-0.));
#3427 = PCURVE('',#3380,#3428);
#3428 = DEFINITIONAL_REPRESENTATION('',(#3429),#3433);
#3429 = LINE('',#3430,#3431);
#3430 = CARTESIAN_POINT('',(0.,0.));
#3431 = VECTOR('',#3432,1.);
#3432 = DIRECTION('',(1.,0.));
#3433 = ( GEOMETRIC_REPRESENTATION_CONTEXT(2) 
PARAMETRIC_REPRESENTATION_CONTEXT() REPRESENTATION_CONTEXT('2D SPACE',''
  ) );
#3434 = PCURVE('',#3203,#3435);
#3435 = DEFINITIONAL_REPRESENTATION('',(#3436),#3440);
#3436 = LINE('',#3437,#3438);
#3437 = CARTESIAN_POINT('',(17.,0.));
#3438 = VECTOR('',#3439,1.);
#3439 = DIRECTION('',(0.,1.));
#3440 = ( GEOMETRIC_REPRESENTATION_CONTEXT(2) 
PARAMETRIC_REPRESENTATION_CONTEXT() REPRESENTATION_CONTEXT('2D SPACE',''
  ) );
#3441 = ORIENTED_EDGE('',*,*,#3442,.T.);
#3442 = EDGE_CURVE('',#3420,#3443,#3445,.T.);
#3443 = VERTEX_POINT('',#3444);
#3444 = CARTESIAN_POINT('',(-86.47915933911,-2.84217094304E-14,3.532E+03
    ));
#3445 = SURFACE_CURVE('',#3446,(#3450,#3456),.PCURVE_S1.);
#3446 = LINE('',#3447,#3448);
#3447 = CARTESIAN_POINT('',(-3.104267658087,-83.37489168102,3.532E+03));
#3448 = VECTOR('',#3449,1.);
#3449 = DIRECTION('',(-0.707106781187,0.707106781187,0.));
#3450 = PCURVE('',#3380,#3451);
#3451 = DEFINITIONAL_REPRESENTATION('',(#3452),#3455);
#3452 = B_SPLINE_CURVE_WITH_KNOTS('',1,(#3453,#3454),.UNSPECIFIED.,.F.,
  .F.,(2,2),(45.785010895669,117.90990257669),.PIECEWISE_BEZIER_KNOTS.);
#3453 = CARTESIAN_POINT('',(51.343145750508,-7.105427357601E-15));
#3454 = CARTESIAN_POINT('',(0.343145750508,51.));
#3455 = ( GEOMETRIC_REPRESENTATION_CONTEXT(2) 
PARAMETRIC_REPRESENTATION_CONTEXT() REPRESENTATION_CONTEXT('2D SPACE',''
  ) );
#3456 = PCURVE('',#3305,#3457);
#3457 = DEFINITIONAL_REPRESENTATION('',(#3458),#3461);
#3458 = B_SPLINE_CURVE_WITH_KNOTS('',1,(#3459,#3460),.UNSPECIFIED.,.F.,
  .F.,(2,2),(45.785010895669,117.90990257669),.PIECEWISE_BEZIER_KNOTS.);
#3459 = CARTESIAN_POINT('',(18.,-127.8751083189));
#3460 = CARTESIAN_POINT('',(18.,-200.));
#3461 = ( GEOMETRIC_REPRESENTATION_CONTEXT(2) 
PARAMETRIC_REPRESENTATION_CONTEXT() REPRESENTATION_CONTEXT('2D SPACE',''
  ) );
#3462 = ORIENTED_EDGE('',*,*,#3463,.F.);
#3463 = EDGE_CURVE('',#3396,#3443,#3464,.T.);
#3464 = SURFACE_CURVE('',#3465,(#3469,#3475),.PCURVE_S1.);
#3465 = LINE('',#3466,#3467);
#3466 = CARTESIAN_POINT('',(-99.31494577674,-12.83578643762,3.532E+03));
#3467 = VECTOR('',#3468,1.);
#3468 = DIRECTION('',(-0.707106781187,-0.707106781187,0.));
#3469 = PCURVE('',#3380,#3470);
#3470 = DEFINITIONAL_REPRESENTATION('',(#3471),#3474);
#3471 = B_SPLINE_CURVE_WITH_KNOTS('',1,(#3472,#3473),.UNSPECIFIED.,.F.,
  .F.,(2,2),(-90.27743494484,-18.15254326381),.PIECEWISE_BEZIER_KNOTS.);
#3472 = CARTESIAN_POINT('',(51.343145750508,102.));
#3473 = CARTESIAN_POINT('',(0.343145750508,51.));
#3474 = ( GEOMETRIC_REPRESENTATION_CONTEXT(2) 
PARAMETRIC_REPRESENTATION_CONTEXT() REPRESENTATION_CONTEXT('2D SPACE',''
  ) );
#3475 = PCURVE('',#3281,#3476);
#3476 = DEFINITIONAL_REPRESENTATION('',(#3477),#3480);
#3477 = B_SPLINE_CURVE_WITH_KNOTS('',1,(#3478,#3479),.UNSPECIFIED.,.F.,
  .F.,(2,2),(-90.27743494484,-18.15254326381),.PIECEWISE_BEZIER_KNOTS.);
#3478 = CARTESIAN_POINT('',(18.,72.124891681028));
#3479 = CARTESIAN_POINT('',(18.,0.));
#3480 = ( GEOMETRIC_REPRESENTATION_CONTEXT(2) 
PARAMETRIC_REPRESENTATION_CONTEXT() REPRESENTATION_CONTEXT('2D SPACE',''
  ) );
#3481 = ADVANCED_FACE('',(#3482),#3255,.F.);
#3482 = FACE_BOUND('',#3483,.F.);
#3483 = EDGE_LOOP('',(#3484,#3485,#3486,#3487));
#3484 = ORIENTED_EDGE('',*,*,#3240,.T.);
#3485 = ORIENTED_EDGE('',*,*,#3343,.T.);
#3486 = ORIENTED_EDGE('',*,*,#3395,.T.);
#3487 = ORIENTED_EDGE('',*,*,#3488,.F.);
#3488 = EDGE_CURVE('',#3241,#3396,#3489,.T.);
#3489 = SURFACE_CURVE('',#3490,(#3494,#3500),.PCURVE_S1.);
#3490 = LINE('',#3491,#3492);
#3491 = CARTESIAN_POINT('',(-35.47915933911,51.,3.5145E+03));
#3492 = VECTOR('',#3493,1.);
#3493 = DIRECTION('',(0.,0.,1.));
#3494 = PCURVE('',#3255,#3495);
#3495 = DEFINITIONAL_REPRESENTATION('',(#3496),#3499);
#3496 = B_SPLINE_CURVE_WITH_KNOTS('',1,(#3497,#3498),.UNSPECIFIED.,.F.,
  .F.,(2,2),(0.5,17.5),.PIECEWISE_BEZIER_KNOTS.);
#3497 = CARTESIAN_POINT('',(0.,51.343145750508));
#3498 = CARTESIAN_POINT('',(17.,51.343145750508));
#3499 = ( GEOMETRIC_REPRESENTATION_CONTEXT(2) 
PARAMETRIC_REPRESENTATION_CONTEXT() REPRESENTATION_CONTEXT('2D SPACE',''
  ) );
#3500 = PCURVE('',#3281,#3501);
#3501 = DEFINITIONAL_REPRESENTATION('',(#3502),#3505);
#3502 = B_SPLINE_CURVE_WITH_KNOTS('',1,(#3503,#3504),.UNSPECIFIED.,.F.,
  .F.,(2,2),(0.5,17.5),.PIECEWISE_BEZIER_KNOTS.);
#3503 = CARTESIAN_POINT('',(1.,72.124891681028));
#3504 = CARTESIAN_POINT('',(18.,72.124891681028));
#3505 = ( GEOMETRIC_REPRESENTATION_CONTEXT(2) 
PARAMETRIC_REPRESENTATION_CONTEXT() REPRESENTATION_CONTEXT('2D SPACE',''
  ) );
#3506 = ADVANCED_FACE('',(#3507),#3281,.T.);
#3507 = FACE_BOUND('',#3508,.T.);
#3508 = EDGE_LOOP('',(#3509,#3510,#3511,#3532));
#3509 = ORIENTED_EDGE('',*,*,#3488,.F.);
#3510 = ORIENTED_EDGE('',*,*,#3266,.T.);
#3511 = ORIENTED_EDGE('',*,*,#3512,.T.);
#3512 = EDGE_CURVE('',#3267,#3443,#3513,.T.);
#3513 = SURFACE_CURVE('',#3514,(#3518,#3525),.PCURVE_S1.);
#3514 = LINE('',#3515,#3516);
#3515 = CARTESIAN_POINT('',(-86.47915933911,-2.84217094304E-14,3.514E+03
    ));
#3516 = VECTOR('',#3517,1.);
#3517 = DIRECTION('',(0.,0.,1.));
#3518 = PCURVE('',#3281,#3519);
#3519 = DEFINITIONAL_REPRESENTATION('',(#3520),#3524);
#3520 = LINE('',#3521,#3522);
#3521 = CARTESIAN_POINT('',(0.,0.));
#3522 = VECTOR('',#3523,1.);
#3523 = DIRECTION('',(1.,0.));
#3524 = ( GEOMETRIC_REPRESENTATION_CONTEXT(2) 
PARAMETRIC_REPRESENTATION_CONTEXT() REPRESENTATION_CONTEXT('2D SPACE',''
  ) );
#3525 = PCURVE('',#3305,#3526);
#3526 = DEFINITIONAL_REPRESENTATION('',(#3527),#3531);
#3527 = LINE('',#3528,#3529);
#3528 = CARTESIAN_POINT('',(0.,-200.));
#3529 = VECTOR('',#3530,1.);
#3530 = DIRECTION('',(1.,0.));
#3531 = ( GEOMETRIC_REPRESENTATION_CONTEXT(2) 
PARAMETRIC_REPRESENTATION_CONTEXT() REPRESENTATION_CONTEXT('2D SPACE',''
  ) );
#3532 = ORIENTED_EDGE('',*,*,#3463,.F.);
#3533 = ADVANCED_FACE('',(#3534),#3305,.F.);
#3534 = FACE_BOUND('',#3535,.F.);
#3535 = EDGE_LOOP('',(#3536,#3537,#3538,#3539));
#3536 = ORIENTED_EDGE('',*,*,#3292,.T.);
#3537 = ORIENTED_EDGE('',*,*,#3512,.T.);
#3538 = ORIENTED_EDGE('',*,*,#3442,.F.);
#3539 = ORIENTED_EDGE('',*,*,#3540,.T.);
#3540 = EDGE_CURVE('',#3420,#3187,#3541,.T.);
#3541 = SURFACE_CURVE('',#3542,(#3546,#3552),.PCURVE_S1.);
#3542 = LINE('',#3543,#3544);
#3543 = CARTESIAN_POINT('',(-35.47915933911,-51.,3.5145E+03));
#3544 = VECTOR('',#3545,1.);
#3545 = DIRECTION('',(0.,0.,-1.));
#3546 = PCURVE('',#3305,#3547);
#3547 = DEFINITIONAL_REPRESENTATION('',(#3548),#3551);
#3548 = B_SPLINE_CURVE_WITH_KNOTS('',1,(#3549,#3550),.UNSPECIFIED.,.F.,
  .F.,(2,2),(-17.5,-0.5),.PIECEWISE_BEZIER_KNOTS.);
#3549 = CARTESIAN_POINT('',(18.,-127.8751083189));
#3550 = CARTESIAN_POINT('',(1.,-127.8751083189));
#3551 = ( GEOMETRIC_REPRESENTATION_CONTEXT(2) 
PARAMETRIC_REPRESENTATION_CONTEXT() REPRESENTATION_CONTEXT('2D SPACE',''
  ) );
#3552 = PCURVE('',#3203,#3553);
#3553 = DEFINITIONAL_REPRESENTATION('',(#3554),#3557);
#3554 = B_SPLINE_CURVE_WITH_KNOTS('',1,(#3555,#3556),.UNSPECIFIED.,.F.,
  .F.,(2,2),(-17.5,-0.5),.PIECEWISE_BEZIER_KNOTS.);
#3555 = CARTESIAN_POINT('',(17.,51.343145750508));
#3556 = CARTESIAN_POINT('',(0.,51.343145750508));
#3557 = ( GEOMETRIC_REPRESENTATION_CONTEXT(2) 
PARAMETRIC_REPRESENTATION_CONTEXT() REPRESENTATION_CONTEXT('2D SPACE',''
  ) );
#3558 = ADVANCED_FACE('',(#3559),#3203,.T.);
#3559 = FACE_BOUND('',#3560,.T.);
#3560 = EDGE_LOOP('',(#3561,#3562,#3563,#3564));
#3561 = ORIENTED_EDGE('',*,*,#3186,.T.);
#3562 = ORIENTED_EDGE('',*,*,#3319,.T.);
#3563 = ORIENTED_EDGE('',*,*,#3419,.T.);
#3564 = ORIENTED_EDGE('',*,*,#3540,.T.);
#3565 = ADVANCED_FACE('',(#3566),#3094,.T.);
#3566 = FACE_BOUND('',#3567,.T.);
#3567 = EDGE_LOOP('',(#3568,#3593,#3614,#3615));
#3568 = ORIENTED_EDGE('',*,*,#3569,.F.);
#3569 = EDGE_CURVE('',#3570,#3572,#3574,.T.);
#3570 = VERTEX_POINT('',#3571);
#3571 = CARTESIAN_POINT('',(-30.82230508962,-55.,3.556E+03));
#3572 = VERTEX_POINT('',#3573);
#3573 = CARTESIAN_POINT('',(-30.82230508962,-50.,3.556E+03));
#3574 = SURFACE_CURVE('',#3575,(#3579,#3586),.PCURVE_S1.);
#3575 = LINE('',#3576,#3577);
#3576 = CARTESIAN_POINT('',(-30.82230508962,-55.,3.556E+03));
#3577 = VECTOR('',#3578,1.);
#3578 = DIRECTION('',(-0.,1.,0.));
#3579 = PCURVE('',#3094,#3580);
#3580 = DEFINITIONAL_REPRESENTATION('',(#3581),#3585);
#3581 = LINE('',#3582,#3583);
#3582 = CARTESIAN_POINT('',(40.,0.));
#3583 = VECTOR('',#3584,1.);
#3584 = DIRECTION('',(0.,-1.));
#3585 = ( GEOMETRIC_REPRESENTATION_CONTEXT(2) 
PARAMETRIC_REPRESENTATION_CONTEXT() REPRESENTATION_CONTEXT('2D SPACE',''
  ) );
#3586 = PCURVE('',#3016,#3587);
#3587 = DEFINITIONAL_REPRESENTATION('',(#3588),#3592);
#3588 = LINE('',#3589,#3590);
#3589 = CARTESIAN_POINT('',(60.,0.));
#3590 = VECTOR('',#3591,1.);
#3591 = DIRECTION('',(0.,1.));
#3592 = ( GEOMETRIC_REPRESENTATION_CONTEXT(2) 
PARAMETRIC_REPRESENTATION_CONTEXT() REPRESENTATION_CONTEXT('2D SPACE',''
  ) );
#3593 = ORIENTED_EDGE('',*,*,#3594,.F.);
#3594 = EDGE_CURVE('',#3056,#3570,#3595,.T.);
#3595 = SURFACE_CURVE('',#3596,(#3600,#3607),.PCURVE_S1.);
#3596 = LINE('',#3597,#3598);
#3597 = CARTESIAN_POINT('',(-30.82230508962,-55.,3.516E+03));
#3598 = VECTOR('',#3599,1.);
#3599 = DIRECTION('',(0.,0.,1.));
#3600 = PCURVE('',#3094,#3601);
#3601 = DEFINITIONAL_REPRESENTATION('',(#3602),#3606);
#3602 = LINE('',#3603,#3604);
#3603 = CARTESIAN_POINT('',(0.,0.));
#3604 = VECTOR('',#3605,1.);
#3605 = DIRECTION('',(1.,0.));
#3606 = ( GEOMETRIC_REPRESENTATION_CONTEXT(2) 
PARAMETRIC_REPRESENTATION_CONTEXT() REPRESENTATION_CONTEXT('2D SPACE',''
  ) );
#3607 = PCURVE('',#2934,#3608);
#3608 = DEFINITIONAL_REPRESENTATION('',(#3609),#3613);
#3609 = LINE('',#3610,#3611);
#3610 = CARTESIAN_POINT('',(0.,60.));
#3611 = VECTOR('',#3612,1.);
#3612 = DIRECTION('',(1.,0.));
#3613 = ( GEOMETRIC_REPRESENTATION_CONTEXT(2) 
PARAMETRIC_REPRESENTATION_CONTEXT() REPRESENTATION_CONTEXT('2D SPACE',''
  ) );
#3614 = ORIENTED_EDGE('',*,*,#3078,.T.);
#3615 = ORIENTED_EDGE('',*,*,#3616,.T.);
#3616 = EDGE_CURVE('',#3079,#3572,#3617,.T.);
#3617 = SURFACE_CURVE('',#3618,(#3622,#3628),.PCURVE_S1.);
#3618 = LINE('',#3619,#3620);
#3619 = CARTESIAN_POINT('',(-30.82230508962,-50.,3.5155E+03));
#3620 = VECTOR('',#3621,1.);
#3621 = DIRECTION('',(0.,-0.,1.));
#3622 = PCURVE('',#3094,#3623);
#3623 = DEFINITIONAL_REPRESENTATION('',(#3624),#3627);
#3624 = B_SPLINE_CURVE_WITH_KNOTS('',1,(#3625,#3626),.UNSPECIFIED.,.F.,
  .F.,(2,2),(0.5,40.5),.PIECEWISE_BEZIER_KNOTS.);
#3625 = CARTESIAN_POINT('',(0.,-5.));
#3626 = CARTESIAN_POINT('',(40.,-5.));
#3627 = ( GEOMETRIC_REPRESENTATION_CONTEXT(2) 
PARAMETRIC_REPRESENTATION_CONTEXT() REPRESENTATION_CONTEXT('2D SPACE',''
  ) );
#3628 = PCURVE('',#3121,#3629);
#3629 = DEFINITIONAL_REPRESENTATION('',(#3630),#3633);
#3630 = B_SPLINE_CURVE_WITH_KNOTS('',1,(#3631,#3632),.UNSPECIFIED.,.F.,
  .F.,(2,2),(0.5,40.5),.PIECEWISE_BEZIER_KNOTS.);
#3631 = CARTESIAN_POINT('',(1.,-129.2893218813));
#3632 = CARTESIAN_POINT('',(41.,-129.2893218813));
#3633 = ( GEOMETRIC_REPRESENTATION_CONTEXT(2) 
PARAMETRIC_REPRESENTATION_CONTEXT() REPRESENTATION_CONTEXT('2D SPACE',''
  ) );
#3634 = ADVANCED_FACE('',(#3635,#3681),#3121,.T.);
#3635 = FACE_BOUND('',#3636,.T.);
#3636 = EDGE_LOOP('',(#3637,#3660,#3679,#3680));
#3637 = ORIENTED_EDGE('',*,*,#3638,.T.);
#3638 = EDGE_CURVE('',#3107,#3639,#3641,.T.);
#3639 = VERTEX_POINT('',#3640);
#3640 = CARTESIAN_POINT('',(-80.82230508962,-2.84217094304E-14,3.556E+03
    ));
#3641 = SURFACE_CURVE('',#3642,(#3646,#3653),.PCURVE_S1.);
#3642 = LINE('',#3643,#3644);
#3643 = CARTESIAN_POINT('',(-80.82230508962,-2.84217094304E-14,3.515E+03
    ));
#3644 = VECTOR('',#3645,1.);
#3645 = DIRECTION('',(0.,0.,1.));
#3646 = PCURVE('',#3121,#3647);
#3647 = DEFINITIONAL_REPRESENTATION('',(#3648),#3652);
#3648 = LINE('',#3649,#3650);
#3649 = CARTESIAN_POINT('',(0.,-200.));
#3650 = VECTOR('',#3651,1.);
#3651 = DIRECTION('',(1.,0.));
#3652 = ( GEOMETRIC_REPRESENTATION_CONTEXT(2) 
PARAMETRIC_REPRESENTATION_CONTEXT() REPRESENTATION_CONTEXT('2D SPACE',''
  ) );
#3653 = PCURVE('',#3147,#3654);
#3654 = DEFINITIONAL_REPRESENTATION('',(#3655),#3659);
#3655 = LINE('',#3656,#3657);
#3656 = CARTESIAN_POINT('',(0.,0.));
#3657 = VECTOR('',#3658,1.);
#3658 = DIRECTION('',(1.,0.));
#3659 = ( GEOMETRIC_REPRESENTATION_CONTEXT(2) 
PARAMETRIC_REPRESENTATION_CONTEXT() REPRESENTATION_CONTEXT('2D SPACE',''
  ) );
#3660 = ORIENTED_EDGE('',*,*,#3661,.F.);
#3661 = EDGE_CURVE('',#3572,#3639,#3662,.T.);
#3662 = SURFACE_CURVE('',#3663,(#3667,#3673),.PCURVE_S1.);
#3663 = LINE('',#3664,#3665);
#3664 = CARTESIAN_POINT('',(1.138373029032,-81.96067811865,3.556E+03));
#3665 = VECTOR('',#3666,1.);
#3666 = DIRECTION('',(-0.707106781187,0.707106781187,0.));
#3667 = PCURVE('',#3121,#3668);
#3668 = DEFINITIONAL_REPRESENTATION('',(#3669),#3672);
#3669 = B_SPLINE_CURVE_WITH_KNOTS('',1,(#3670,#3671),.UNSPECIFIED.,.F.,
  .F.,(2,2),(45.199224458043,115.90990257669),.PIECEWISE_BEZIER_KNOTS.);
#3670 = CARTESIAN_POINT('',(41.,-129.2893218813));
#3671 = CARTESIAN_POINT('',(41.,-200.));
#3672 = ( GEOMETRIC_REPRESENTATION_CONTEXT(2) 
PARAMETRIC_REPRESENTATION_CONTEXT() REPRESENTATION_CONTEXT('2D SPACE',''
  ) );
#3673 = PCURVE('',#3016,#3674);
#3674 = DEFINITIONAL_REPRESENTATION('',(#3675),#3678);
#3675 = B_SPLINE_CURVE_WITH_KNOTS('',1,(#3676,#3677),.UNSPECIFIED.,.F.,
  .F.,(2,2),(45.199224458043,115.90990257669),.PIECEWISE_BEZIER_KNOTS.);
#3676 = CARTESIAN_POINT('',(60.,5.));
#3677 = CARTESIAN_POINT('',(10.,55.));
#3678 = ( GEOMETRIC_REPRESENTATION_CONTEXT(2) 
PARAMETRIC_REPRESENTATION_CONTEXT() REPRESENTATION_CONTEXT('2D SPACE',''
  ) );
#3679 = ORIENTED_EDGE('',*,*,#3616,.F.);
#3680 = ORIENTED_EDGE('',*,*,#3106,.T.);
#3681 = FACE_BOUND('',#3682,.T.);
#3682 = EDGE_LOOP('',(#3683,#3711,#3737,#3763,#3789,#3815));
#3683 = ORIENTED_EDGE('',*,*,#3684,.T.);
#3684 = EDGE_CURVE('',#3685,#3687,#3689,.T.);
#3685 = VERTEX_POINT('',#3686);
#3686 = CARTESIAN_POINT('',(-40.41115254481,-40.41115254481,3.524E+03));
#3687 = VERTEX_POINT('',#3688);
#3688 = CARTESIAN_POINT('',(-33.62587436333,-47.19643072628,3.524E+03));
#3689 = SURFACE_CURVE('',#3690,(#3694,#3700),.PCURVE_S1.);
#3690 = LINE('',#3691,#3692);
#3691 = CARTESIAN_POINT('',(10.093949301438,-90.91625439106,3.524E+03));
#3692 = VECTOR('',#3693,1.);
#3693 = DIRECTION('',(0.707106781187,-0.707106781187,0.));
#3694 = PCURVE('',#3121,#3695);
#3695 = DEFINITIONAL_REPRESENTATION('',(#3696),#3699);
#3696 = B_SPLINE_CURVE_WITH_KNOTS('',1,(#3697,#3698),.UNSPECIFIED.,.F.,
  .F.,(2,2),(-96.22867593952,-57.86432188134),.PIECEWISE_BEZIER_KNOTS.);
#3697 = CARTESIAN_POINT('',(9.,-167.6536759395));
#3698 = CARTESIAN_POINT('',(9.,-129.2893218813));
#3699 = ( GEOMETRIC_REPRESENTATION_CONTEXT(2) 
PARAMETRIC_REPRESENTATION_CONTEXT() REPRESENTATION_CONTEXT('2D SPACE',''
  ) );
#3700 = PCURVE('',#3701,#3706);
#3701 = PLANE('',#3702);
#3702 = AXIS2_PLACEMENT_3D('',#3703,#3704,#3705);
#3703 = CARTESIAN_POINT('',(0.,0.,3.524E+03));
#3704 = DIRECTION('',(0.,0.,1.));
#3705 = DIRECTION('',(1.,0.,-0.));
#3706 = DEFINITIONAL_REPRESENTATION('',(#3707),#3710);
#3707 = B_SPLINE_CURVE_WITH_KNOTS('',1,(#3708,#3709),.UNSPECIFIED.,.F.,
  .F.,(2,2),(-96.22867593952,-57.86432188134),.PIECEWISE_BEZIER_KNOTS.);
#3708 = CARTESIAN_POINT('',(-57.95,-22.87230508962));
#3709 = CARTESIAN_POINT('',(-30.82230508962,-50.));
#3710 = ( GEOMETRIC_REPRESENTATION_CONTEXT(2) 
PARAMETRIC_REPRESENTATION_CONTEXT() REPRESENTATION_CONTEXT('2D SPACE',''
  ) );
#3711 = ORIENTED_EDGE('',*,*,#3712,.T.);
#3712 = EDGE_CURVE('',#3687,#3713,#3715,.T.);
#3713 = VERTEX_POINT('',#3714);
#3714 = CARTESIAN_POINT('',(-33.62587436333,-47.19643072628,3.536E+03));
#3715 = SURFACE_CURVE('',#3716,(#3720,#3726),.PCURVE_S1.);
#3716 = LINE('',#3717,#3718);
#3717 = CARTESIAN_POINT('',(-33.62587436333,-47.19643072628,3.524E+03));
#3718 = VECTOR('',#3719,1.);
#3719 = DIRECTION('',(0.,0.,1.));
#3720 = PCURVE('',#3121,#3721);
#3721 = DEFINITIONAL_REPRESENTATION('',(#3722),#3725);
#3722 = B_SPLINE_CURVE_WITH_KNOTS('',1,(#3723,#3724),.UNSPECIFIED.,.F.,
  .F.,(2,2),(-2.40000008489E-06,12.0000024),.PIECEWISE_BEZIER_KNOTS.);
#3723 = CARTESIAN_POINT('',(8.9999976,-133.2541675712));
#3724 = CARTESIAN_POINT('',(21.0000024,-133.2541675712));
#3725 = ( GEOMETRIC_REPRESENTATION_CONTEXT(2) 
PARAMETRIC_REPRESENTATION_CONTEXT() REPRESENTATION_CONTEXT('2D SPACE',''
  ) );
#3726 = PCURVE('',#3727,#3732);
#3727 = CYLINDRICAL_SURFACE('',#3728,57.95);
#3728 = AXIS2_PLACEMENT_3D('',#3729,#3730,#3731);
#3729 = CARTESIAN_POINT('',(0.,0.,3.524E+03));
#3730 = DIRECTION('',(0.,0.,1.));
#3731 = DIRECTION('',(1.,0.,-0.));
#3732 = DEFINITIONAL_REPRESENTATION('',(#3733),#3736);
#3733 = B_SPLINE_CURVE_WITH_KNOTS('',1,(#3734,#3735),.UNSPECIFIED.,.F.,
  .F.,(2,2),(0.,12.),.PIECEWISE_BEZIER_KNOTS.);
#3734 = CARTESIAN_POINT('',(4.093345166433,0.));
#3735 = CARTESIAN_POINT('',(4.093345166433,12.));
#3736 = ( GEOMETRIC_REPRESENTATION_CONTEXT(2) 
PARAMETRIC_REPRESENTATION_CONTEXT() REPRESENTATION_CONTEXT('2D SPACE',''
  ) );
#3737 = ORIENTED_EDGE('',*,*,#3738,.F.);
#3738 = EDGE_CURVE('',#3739,#3713,#3741,.T.);
#3739 = VERTEX_POINT('',#3740);
#3740 = CARTESIAN_POINT('',(-40.41115254481,-40.41115254481,3.536E+03));
#3741 = SURFACE_CURVE('',#3742,(#3746,#3752),.PCURVE_S1.);
#3742 = LINE('',#3743,#3744);
#3743 = CARTESIAN_POINT('',(10.093949301438,-90.91625439106,3.536E+03));
#3744 = VECTOR('',#3745,1.);
#3745 = DIRECTION('',(0.707106781187,-0.707106781187,0.));
#3746 = PCURVE('',#3121,#3747);
#3747 = DEFINITIONAL_REPRESENTATION('',(#3748),#3751);
#3748 = B_SPLINE_CURVE_WITH_KNOTS('',1,(#3749,#3750),.UNSPECIFIED.,.F.,
  .F.,(2,2),(-96.22867593952,-57.86432188134),.PIECEWISE_BEZIER_KNOTS.);
#3749 = CARTESIAN_POINT('',(21.,-167.6536759395));
#3750 = CARTESIAN_POINT('',(21.,-129.2893218813));
#3751 = ( GEOMETRIC_REPRESENTATION_CONTEXT(2) 
PARAMETRIC_REPRESENTATION_CONTEXT() REPRESENTATION_CONTEXT('2D SPACE',''
  ) );
#3752 = PCURVE('',#3753,#3758);
#3753 = PLANE('',#3754);
#3754 = AXIS2_PLACEMENT_3D('',#3755,#3756,#3757);
#3755 = CARTESIAN_POINT('',(0.,0.,3.536E+03));
#3756 = DIRECTION('',(0.,0.,1.));
#3757 = DIRECTION('',(1.,0.,-0.));
#3758 = DEFINITIONAL_REPRESENTATION('',(#3759),#3762);
#3759 = B_SPLINE_CURVE_WITH_KNOTS('',1,(#3760,#3761),.UNSPECIFIED.,.F.,
  .F.,(2,2),(-96.22867593952,-57.86432188134),.PIECEWISE_BEZIER_KNOTS.);
#3760 = CARTESIAN_POINT('',(-57.95,-22.87230508962));
#3761 = CARTESIAN_POINT('',(-30.82230508962,-50.));
#3762 = ( GEOMETRIC_REPRESENTATION_CONTEXT(2) 
PARAMETRIC_REPRESENTATION_CONTEXT() REPRESENTATION_CONTEXT('2D SPACE',''
  ) );
#3763 = ORIENTED_EDGE('',*,*,#3764,.F.);
#3764 = EDGE_CURVE('',#3765,#3739,#3767,.T.);
#3765 = VERTEX_POINT('',#3766);
#3766 = CARTESIAN_POINT('',(-47.19643072628,-33.62587436333,3.536E+03));
#3767 = SURFACE_CURVE('',#3768,(#3772,#3778),.PCURVE_S1.);
#3768 = LINE('',#3769,#3770);
#3769 = CARTESIAN_POINT('',(10.093949301438,-90.91625439106,3.536E+03));
#3770 = VECTOR('',#3771,1.);
#3771 = DIRECTION('',(0.707106781187,-0.707106781187,0.));
#3772 = PCURVE('',#3121,#3773);
#3773 = DEFINITIONAL_REPRESENTATION('',(#3774),#3777);
#3774 = B_SPLINE_CURVE_WITH_KNOTS('',1,(#3775,#3776),.UNSPECIFIED.,.F.,
  .F.,(2,2),(-96.22867593952,-57.86432188134),.PIECEWISE_BEZIER_KNOTS.);
#3775 = CARTESIAN_POINT('',(21.,-167.6536759395));
#3776 = CARTESIAN_POINT('',(21.,-129.2893218813));
#3777 = ( GEOMETRIC_REPRESENTATION_CONTEXT(2) 
PARAMETRIC_REPRESENTATION_CONTEXT() REPRESENTATION_CONTEXT('2D SPACE',''
  ) );
#3778 = PCURVE('',#3779,#3784);
#3779 = PLANE('',#3780);
#3780 = AXIS2_PLACEMENT_3D('',#3781,#3782,#3783);
#3781 = CARTESIAN_POINT('',(0.,0.,3.536E+03));
#3782 = DIRECTION('',(0.,0.,1.));
#3783 = DIRECTION('',(1.,0.,-0.));
#3784 = DEFINITIONAL_REPRESENTATION('',(#3785),#3788);
#3785 = B_SPLINE_CURVE_WITH_KNOTS('',1,(#3786,#3787),.UNSPECIFIED.,.F.,
  .F.,(2,2),(-96.22867593952,-57.86432188134),.PIECEWISE_BEZIER_KNOTS.);
#3786 = CARTESIAN_POINT('',(-57.95,-22.87230508962));
#3787 = CARTESIAN_POINT('',(-30.82230508962,-50.));
#3788 = ( GEOMETRIC_REPRESENTATION_CONTEXT(2) 
PARAMETRIC_REPRESENTATION_CONTEXT() REPRESENTATION_CONTEXT('2D SPACE',''
  ) );
#3789 = ORIENTED_EDGE('',*,*,#3790,.F.);
#3790 = EDGE_CURVE('',#3791,#3765,#3793,.T.);
#3791 = VERTEX_POINT('',#3792);
#3792 = CARTESIAN_POINT('',(-47.19643072628,-33.62587436333,3.524E+03));
#3793 = SURFACE_CURVE('',#3794,(#3798,#3804),.PCURVE_S1.);
#3794 = LINE('',#3795,#3796);
#3795 = CARTESIAN_POINT('',(-47.19643072628,-33.62587436333,3.524E+03));
#3796 = VECTOR('',#3797,1.);
#3797 = DIRECTION('',(0.,0.,1.));
#3798 = PCURVE('',#3121,#3799);
#3799 = DEFINITIONAL_REPRESENTATION('',(#3800),#3803);
#3800 = B_SPLINE_CURVE_WITH_KNOTS('',1,(#3801,#3802),.UNSPECIFIED.,.F.,
  .F.,(2,2),(-2.40000008489E-06,12.0000024),.PIECEWISE_BEZIER_KNOTS.);
#3801 = CARTESIAN_POINT('',(8.9999976,-152.4458324287));
#3802 = CARTESIAN_POINT('',(21.0000024,-152.4458324287));
#3803 = ( GEOMETRIC_REPRESENTATION_CONTEXT(2) 
PARAMETRIC_REPRESENTATION_CONTEXT() REPRESENTATION_CONTEXT('2D SPACE',''
  ) );
#3804 = PCURVE('',#3805,#3810);
#3805 = CYLINDRICAL_SURFACE('',#3806,57.95);
#3806 = AXIS2_PLACEMENT_3D('',#3807,#3808,#3809);
#3807 = CARTESIAN_POINT('',(0.,0.,3.524E+03));
#3808 = DIRECTION('',(0.,0.,1.));
#3809 = DIRECTION('',(1.,0.,-0.));
#3810 = DEFINITIONAL_REPRESENTATION('',(#3811),#3814);
#3811 = B_SPLINE_CURVE_WITH_KNOTS('',1,(#3812,#3813),.UNSPECIFIED.,.F.,
  .F.,(2,2),(-2.40000008489E-06,12.0000024),.PIECEWISE_BEZIER_KNOTS.);
#3812 = CARTESIAN_POINT('',(3.760636467541,-2.40000008489E-06));
#3813 = CARTESIAN_POINT('',(3.760636467541,12.0000024));
#3814 = ( GEOMETRIC_REPRESENTATION_CONTEXT(2) 
PARAMETRIC_REPRESENTATION_CONTEXT() REPRESENTATION_CONTEXT('2D SPACE',''
  ) );
#3815 = ORIENTED_EDGE('',*,*,#3816,.T.);
#3816 = EDGE_CURVE('',#3791,#3685,#3817,.T.);
#3817 = SURFACE_CURVE('',#3818,(#3822,#3828),.PCURVE_S1.);
#3818 = LINE('',#3819,#3820);
#3819 = CARTESIAN_POINT('',(10.093949301438,-90.91625439106,3.524E+03));
#3820 = VECTOR('',#3821,1.);
#3821 = DIRECTION('',(0.707106781187,-0.707106781187,0.));
#3822 = PCURVE('',#3121,#3823);
#3823 = DEFINITIONAL_REPRESENTATION('',(#3824),#3827);
#3824 = B_SPLINE_CURVE_WITH_KNOTS('',1,(#3825,#3826),.UNSPECIFIED.,.F.,
  .F.,(2,2),(-96.22867593952,-57.86432188134),.PIECEWISE_BEZIER_KNOTS.);
#3825 = CARTESIAN_POINT('',(9.,-167.6536759395));
#3826 = CARTESIAN_POINT('',(9.,-129.2893218813));
#3827 = ( GEOMETRIC_REPRESENTATION_CONTEXT(2) 
PARAMETRIC_REPRESENTATION_CONTEXT() REPRESENTATION_CONTEXT('2D SPACE',''
  ) );
#3828 = PCURVE('',#3829,#3834);
#3829 = PLANE('',#3830);
#3830 = AXIS2_PLACEMENT_3D('',#3831,#3832,#3833);
#3831 = CARTESIAN_POINT('',(0.,0.,3.524E+03));
#3832 = DIRECTION('',(0.,0.,1.));
#3833 = DIRECTION('',(1.,0.,-0.));
#3834 = DEFINITIONAL_REPRESENTATION('',(#3835),#3838);
#3835 = B_SPLINE_CURVE_WITH_KNOTS('',1,(#3836,#3837),.UNSPECIFIED.,.F.,
  .F.,(2,2),(-96.22867593952,-57.86432188134),.PIECEWISE_BEZIER_KNOTS.);
#3836 = CARTESIAN_POINT('',(-57.95,-22.87230508962));
#3837 = CARTESIAN_POINT('',(-30.82230508962,-50.));
#3838 = ( GEOMETRIC_REPRESENTATION_CONTEXT(2) 
PARAMETRIC_REPRESENTATION_CONTEXT() REPRESENTATION_CONTEXT('2D SPACE',''
  ) );
#3839 = ADVANCED_FACE('',(#3840),#3727,.T.);
#3840 = FACE_BOUND('',#3841,.T.);
#3841 = EDGE_LOOP('',(#3842,#3866,#3867,#3895));
#3842 = ORIENTED_EDGE('',*,*,#3843,.F.);
#3843 = EDGE_CURVE('',#3713,#3844,#3846,.T.);
#3844 = VERTEX_POINT('',#3845);
#3845 = CARTESIAN_POINT('',(-33.62587436333,47.196430726286,3.536E+03));
#3846 = SURFACE_CURVE('',#3847,(#3852,#3859),.PCURVE_S1.);
#3847 = CIRCLE('',#3848,57.95);
#3848 = AXIS2_PLACEMENT_3D('',#3849,#3850,#3851);
#3849 = CARTESIAN_POINT('',(0.,0.,3.536E+03));
#3850 = DIRECTION('',(0.,0.,1.));
#3851 = DIRECTION('',(-0.580256675813,-0.814433662231,0.));
#3852 = PCURVE('',#3727,#3853);
#3853 = DEFINITIONAL_REPRESENTATION('',(#3854),#3858);
#3854 = LINE('',#3855,#3856);
#3855 = CARTESIAN_POINT('',(4.093345166433,12.));
#3856 = VECTOR('',#3857,1.);
#3857 = DIRECTION('',(1.,0.));
#3858 = ( GEOMETRIC_REPRESENTATION_CONTEXT(2) 
PARAMETRIC_REPRESENTATION_CONTEXT() REPRESENTATION_CONTEXT('2D SPACE',''
  ) );
#3859 = PCURVE('',#3753,#3860);
#3860 = DEFINITIONAL_REPRESENTATION('',(#3861),#3865);
#3861 = CIRCLE('',#3862,57.95);
#3862 = AXIS2_PLACEMENT_2D('',#3863,#3864);
#3863 = CARTESIAN_POINT('',(0.,0.));
#3864 = DIRECTION('',(-0.580256675813,-0.814433662231));
#3865 = ( GEOMETRIC_REPRESENTATION_CONTEXT(2) 
PARAMETRIC_REPRESENTATION_CONTEXT() REPRESENTATION_CONTEXT('2D SPACE',''
  ) );
#3866 = ORIENTED_EDGE('',*,*,#3712,.F.);
#3867 = ORIENTED_EDGE('',*,*,#3868,.F.);
#3868 = EDGE_CURVE('',#3869,#3687,#3871,.T.);
#3869 = VERTEX_POINT('',#3870);
#3870 = CARTESIAN_POINT('',(-33.62587436333,47.196430726286,3.524E+03));
#3871 = SURFACE_CURVE('',#3872,(#3877,#3884),.PCURVE_S1.);
#3872 = CIRCLE('',#3873,57.95);
#3873 = AXIS2_PLACEMENT_3D('',#3874,#3875,#3876);
#3874 = CARTESIAN_POINT('',(0.,0.,3.524E+03));
#3875 = DIRECTION('',(0.,0.,-1.));
#3876 = DIRECTION('',(-0.580256675813,0.814433662231,0.));
#3877 = PCURVE('',#3727,#3878);
#3878 = DEFINITIONAL_REPRESENTATION('',(#3879),#3883);
#3879 = LINE('',#3880,#3881);
#3880 = CARTESIAN_POINT('',(8.473025447926,0.));
#3881 = VECTOR('',#3882,1.);
#3882 = DIRECTION('',(-1.,-0.));
#3883 = ( GEOMETRIC_REPRESENTATION_CONTEXT(2) 
PARAMETRIC_REPRESENTATION_CONTEXT() REPRESENTATION_CONTEXT('2D SPACE',''
  ) );
#3884 = PCURVE('',#3701,#3885);
#3885 = DEFINITIONAL_REPRESENTATION('',(#3886),#3894);
#3886 = ( BOUNDED_CURVE() B_SPLINE_CURVE(2,(#3887,#3888,#3889,#3890,
#3891,#3892,#3893),.UNSPECIFIED.,.T.,.F.) B_SPLINE_CURVE_WITH_KNOTS((1,2
    ,2,2,2,1),(-2.094395102393,0.,2.094395102393,4.188790204786,
6.28318530718,8.377580409573),.UNSPECIFIED.) CURVE() 
GEOMETRIC_REPRESENTATION_ITEM() RATIONAL_B_SPLINE_CURVE((1.,0.5,1.,0.5,
1.,0.5,1.)) REPRESENTATION_ITEM('') );
#3887 = CARTESIAN_POINT('',(-33.62587436333,47.196430726286));
#3888 = CARTESIAN_POINT('',(48.120741590496,105.43815357251));
#3889 = CARTESIAN_POINT('',(57.686245158584,5.52264605997));
#3890 = CARTESIAN_POINT('',(67.251748726672,-94.39286145257));
#3891 = CARTESIAN_POINT('',(-24.06037079524,-52.71907678625));
#3892 = CARTESIAN_POINT('',(-115.3724903171,-11.04529211994));
#3893 = CARTESIAN_POINT('',(-33.62587436333,47.196430726286));
#3894 = ( GEOMETRIC_REPRESENTATION_CONTEXT(2) 
PARAMETRIC_REPRESENTATION_CONTEXT() REPRESENTATION_CONTEXT('2D SPACE',''
  ) );
#3895 = ORIENTED_EDGE('',*,*,#3896,.T.);
#3896 = EDGE_CURVE('',#3869,#3844,#3897,.T.);
#3897 = SURFACE_CURVE('',#3898,(#3902,#3908),.PCURVE_S1.);
#3898 = LINE('',#3899,#3900);
#3899 = CARTESIAN_POINT('',(-33.62587436333,47.196430726286,3.524E+03));
#3900 = VECTOR('',#3901,1.);
#3901 = DIRECTION('',(0.,0.,1.));
#3902 = PCURVE('',#3727,#3903);
#3903 = DEFINITIONAL_REPRESENTATION('',(#3904),#3907);
#3904 = B_SPLINE_CURVE_WITH_KNOTS('',1,(#3905,#3906),.UNSPECIFIED.,.F.,
  .F.,(2,2),(0.,12.),.PIECEWISE_BEZIER_KNOTS.);
#3905 = CARTESIAN_POINT('',(8.473025447926,0.));
#3906 = CARTESIAN_POINT('',(8.473025447926,12.));
#3907 = ( GEOMETRIC_REPRESENTATION_CONTEXT(2) 
PARAMETRIC_REPRESENTATION_CONTEXT() REPRESENTATION_CONTEXT('2D SPACE',''
  ) );
#3908 = PCURVE('',#3147,#3909);
#3909 = DEFINITIONAL_REPRESENTATION('',(#3910),#3913);
#3910 = B_SPLINE_CURVE_WITH_KNOTS('',1,(#3911,#3912),.UNSPECIFIED.,.F.,
  .F.,(2,2),(-2.40000008489E-06,12.0000024),.PIECEWISE_BEZIER_KNOTS.);
#3911 = CARTESIAN_POINT('',(8.9999976,66.745832428716));
#3912 = CARTESIAN_POINT('',(21.0000024,66.745832428716));
#3913 = ( GEOMETRIC_REPRESENTATION_CONTEXT(2) 
PARAMETRIC_REPRESENTATION_CONTEXT() REPRESENTATION_CONTEXT('2D SPACE',''
  ) );
#3914 = ADVANCED_FACE('',(#3915),#3753,.T.);
#3915 = FACE_BOUND('',#3916,.T.);
#3916 = EDGE_LOOP('',(#3917,#3918,#3939,#3968,#3990));
#3917 = ORIENTED_EDGE('',*,*,#3843,.T.);
#3918 = ORIENTED_EDGE('',*,*,#3919,.F.);
#3919 = EDGE_CURVE('',#3920,#3844,#3922,.T.);
#3920 = VERTEX_POINT('',#3921);
#3921 = CARTESIAN_POINT('',(-40.41115371281,40.411151376803,3.536E+03));
#3922 = SURFACE_CURVE('',#3923,(#3927,#3933),.PCURVE_S1.);
#3923 = LINE('',#3924,#3925);
#3924 = CARTESIAN_POINT('',(-60.61672881721,20.205576272406,3.536E+03));
#3925 = VECTOR('',#3926,1.);
#3926 = DIRECTION('',(0.707106781187,0.707106781187,-0.));
#3927 = PCURVE('',#3753,#3928);
#3928 = DEFINITIONAL_REPRESENTATION('',(#3929),#3932);
#3929 = B_SPLINE_CURVE_WITH_KNOTS('',1,(#3930,#3931),.UNSPECIFIED.,.F.,
  .F.,(2,2),(3.771324060479,42.135678118655),.PIECEWISE_BEZIER_KNOTS.);
#3930 = CARTESIAN_POINT('',(-57.95,22.872305089622));
#3931 = CARTESIAN_POINT('',(-30.82230508962,50.));
#3932 = ( GEOMETRIC_REPRESENTATION_CONTEXT(2) 
PARAMETRIC_REPRESENTATION_CONTEXT() REPRESENTATION_CONTEXT('2D SPACE',''
  ) );
#3933 = PCURVE('',#3147,#3934);
#3934 = DEFINITIONAL_REPRESENTATION('',(#3935),#3938);
#3935 = B_SPLINE_CURVE_WITH_KNOTS('',1,(#3936,#3937),.UNSPECIFIED.,.F.,
  .F.,(2,2),(3.771324060479,42.135678118655),.PIECEWISE_BEZIER_KNOTS.);
#3936 = CARTESIAN_POINT('',(21.,32.346324060479));
#3937 = CARTESIAN_POINT('',(21.,70.710678118655));
#3938 = ( GEOMETRIC_REPRESENTATION_CONTEXT(2) 
PARAMETRIC_REPRESENTATION_CONTEXT() REPRESENTATION_CONTEXT('2D SPACE',''
  ) );
#3939 = ORIENTED_EDGE('',*,*,#3940,.F.);
#3940 = EDGE_CURVE('',#3941,#3920,#3943,.T.);
#3941 = VERTEX_POINT('',#3942);
#3942 = CARTESIAN_POINT('',(57.15,-1.399771291425E-14,3.536E+03));
#3943 = SURFACE_CURVE('',#3944,(#3949,#3956),.PCURVE_S1.);
#3944 = CIRCLE('',#3945,57.15);
#3945 = AXIS2_PLACEMENT_3D('',#3946,#3947,#3948);
#3946 = CARTESIAN_POINT('',(0.,0.,3.536E+03));
#3947 = DIRECTION('',(0.,0.,1.));
#3948 = DIRECTION('',(1.,0.,-0.));
#3949 = PCURVE('',#3753,#3950);
#3950 = DEFINITIONAL_REPRESENTATION('',(#3951),#3955);
#3951 = CIRCLE('',#3952,57.15);
#3952 = AXIS2_PLACEMENT_2D('',#3953,#3954);
#3953 = CARTESIAN_POINT('',(0.,0.));
#3954 = DIRECTION('',(1.,0.));
#3955 = ( GEOMETRIC_REPRESENTATION_CONTEXT(2) 
PARAMETRIC_REPRESENTATION_CONTEXT() REPRESENTATION_CONTEXT('2D SPACE',''
  ) );
#3956 = PCURVE('',#3957,#3962);
#3957 = CYLINDRICAL_SURFACE('',#3958,57.15);
#3958 = AXIS2_PLACEMENT_3D('',#3959,#3960,#3961);
#3959 = CARTESIAN_POINT('',(0.,0.,3.523E+03));
#3960 = DIRECTION('',(0.,0.,1.));
#3961 = DIRECTION('',(1.,0.,-0.));
#3962 = DEFINITIONAL_REPRESENTATION('',(#3963),#3967);
#3963 = LINE('',#3964,#3965);
#3964 = CARTESIAN_POINT('',(0.,13.));
#3965 = VECTOR('',#3966,1.);
#3966 = DIRECTION('',(1.,0.));
#3967 = ( GEOMETRIC_REPRESENTATION_CONTEXT(2) 
PARAMETRIC_REPRESENTATION_CONTEXT() REPRESENTATION_CONTEXT('2D SPACE',''
  ) );
#3968 = ORIENTED_EDGE('',*,*,#3969,.F.);
#3969 = EDGE_CURVE('',#3739,#3941,#3970,.T.);
#3970 = SURFACE_CURVE('',#3971,(#3976,#3983),.PCURVE_S1.);
#3971 = CIRCLE('',#3972,57.15);
#3972 = AXIS2_PLACEMENT_3D('',#3973,#3974,#3975);
#3973 = CARTESIAN_POINT('',(0.,0.,3.536E+03));
#3974 = DIRECTION('',(0.,0.,1.));
#3975 = DIRECTION('',(1.,0.,-0.));
#3976 = PCURVE('',#3753,#3977);
#3977 = DEFINITIONAL_REPRESENTATION('',(#3978),#3982);
#3978 = CIRCLE('',#3979,57.15);
#3979 = AXIS2_PLACEMENT_2D('',#3980,#3981);
#3980 = CARTESIAN_POINT('',(0.,0.));
#3981 = DIRECTION('',(1.,0.));
#3982 = ( GEOMETRIC_REPRESENTATION_CONTEXT(2) 
PARAMETRIC_REPRESENTATION_CONTEXT() REPRESENTATION_CONTEXT('2D SPACE',''
  ) );
#3983 = PCURVE('',#3957,#3984);
#3984 = DEFINITIONAL_REPRESENTATION('',(#3985),#3989);
#3985 = LINE('',#3986,#3987);
#3986 = CARTESIAN_POINT('',(0.,13.));
#3987 = VECTOR('',#3988,1.);
#3988 = DIRECTION('',(1.,0.));
#3989 = ( GEOMETRIC_REPRESENTATION_CONTEXT(2) 
PARAMETRIC_REPRESENTATION_CONTEXT() REPRESENTATION_CONTEXT('2D SPACE',''
  ) );
#3990 = ORIENTED_EDGE('',*,*,#3738,.T.);
#3991 = ADVANCED_FACE('',(#3992),#3957,.F.);
#3992 = FACE_BOUND('',#3993,.F.);
#3993 = EDGE_LOOP('',(#3994,#4018,#4039,#4040,#4062,#4063,#4064,#4088));
#3994 = ORIENTED_EDGE('',*,*,#3995,.T.);
#3995 = EDGE_CURVE('',#3685,#3996,#3998,.T.);
#3996 = VERTEX_POINT('',#3997);
#3997 = CARTESIAN_POINT('',(57.15,-1.399771291425E-14,3.524E+03));
#3998 = SURFACE_CURVE('',#3999,(#4004,#4011),.PCURVE_S1.);
#3999 = CIRCLE('',#4000,57.15);
#4000 = AXIS2_PLACEMENT_3D('',#4001,#4002,#4003);
#4001 = CARTESIAN_POINT('',(0.,0.,3.524E+03));
#4002 = DIRECTION('',(0.,0.,1.));
#4003 = DIRECTION('',(1.,0.,-0.));
#4004 = PCURVE('',#3957,#4005);
#4005 = DEFINITIONAL_REPRESENTATION('',(#4006),#4010);
#4006 = LINE('',#4007,#4008);
#4007 = CARTESIAN_POINT('',(0.,1.));
#4008 = VECTOR('',#4009,1.);
#4009 = DIRECTION('',(1.,0.));
#4010 = ( GEOMETRIC_REPRESENTATION_CONTEXT(2) 
PARAMETRIC_REPRESENTATION_CONTEXT() REPRESENTATION_CONTEXT('2D SPACE',''
  ) );
#4011 = PCURVE('',#3701,#4012);
#4012 = DEFINITIONAL_REPRESENTATION('',(#4013),#4017);
#4013 = CIRCLE('',#4014,57.15);
#4014 = AXIS2_PLACEMENT_2D('',#4015,#4016);
#4015 = CARTESIAN_POINT('',(0.,0.));
#4016 = DIRECTION('',(1.,0.));
#4017 = ( GEOMETRIC_REPRESENTATION_CONTEXT(2) 
PARAMETRIC_REPRESENTATION_CONTEXT() REPRESENTATION_CONTEXT('2D SPACE',''
  ) );
#4018 = ORIENTED_EDGE('',*,*,#4019,.T.);
#4019 = EDGE_CURVE('',#3996,#3941,#4020,.T.);
#4020 = SEAM_CURVE('',#4021,(#4025,#4032),.PCURVE_S1.);
#4021 = LINE('',#4022,#4023);
#4022 = CARTESIAN_POINT('',(57.15,-1.399771291425E-14,3.523E+03));
#4023 = VECTOR('',#4024,1.);
#4024 = DIRECTION('',(0.,0.,1.));
#4025 = PCURVE('',#3957,#4026);
#4026 = DEFINITIONAL_REPRESENTATION('',(#4027),#4031);
#4027 = LINE('',#4028,#4029);
#4028 = CARTESIAN_POINT('',(6.28318530718,-0.));
#4029 = VECTOR('',#4030,1.);
#4030 = DIRECTION('',(0.,1.));
#4031 = ( GEOMETRIC_REPRESENTATION_CONTEXT(2) 
PARAMETRIC_REPRESENTATION_CONTEXT() REPRESENTATION_CONTEXT('2D SPACE',''
  ) );
#4032 = PCURVE('',#3957,#4033);
#4033 = DEFINITIONAL_REPRESENTATION('',(#4034),#4038);
#4034 = LINE('',#4035,#4036);
#4035 = CARTESIAN_POINT('',(0.,-0.));
#4036 = VECTOR('',#4037,1.);
#4037 = DIRECTION('',(0.,1.));
#4038 = ( GEOMETRIC_REPRESENTATION_CONTEXT(2) 
PARAMETRIC_REPRESENTATION_CONTEXT() REPRESENTATION_CONTEXT('2D SPACE',''
  ) );
#4039 = ORIENTED_EDGE('',*,*,#3969,.F.);
#4040 = ORIENTED_EDGE('',*,*,#4041,.F.);
#4041 = EDGE_CURVE('',#3920,#3739,#4042,.T.);
#4042 = SURFACE_CURVE('',#4043,(#4048,#4055),.PCURVE_S1.);
#4043 = CIRCLE('',#4044,57.15);
#4044 = AXIS2_PLACEMENT_3D('',#4045,#4046,#4047);
#4045 = CARTESIAN_POINT('',(0.,0.,3.536E+03));
#4046 = DIRECTION('',(0.,0.,1.));
#4047 = DIRECTION('',(1.,0.,-0.));
#4048 = PCURVE('',#3957,#4049);
#4049 = DEFINITIONAL_REPRESENTATION('',(#4050),#4054);
#4050 = LINE('',#4051,#4052);
#4051 = CARTESIAN_POINT('',(0.,13.));
#4052 = VECTOR('',#4053,1.);
#4053 = DIRECTION('',(1.,0.));
#4054 = ( GEOMETRIC_REPRESENTATION_CONTEXT(2) 
PARAMETRIC_REPRESENTATION_CONTEXT() REPRESENTATION_CONTEXT('2D SPACE',''
  ) );
#4055 = PCURVE('',#3779,#4056);
#4056 = DEFINITIONAL_REPRESENTATION('',(#4057),#4061);
#4057 = CIRCLE('',#4058,57.15);
#4058 = AXIS2_PLACEMENT_2D('',#4059,#4060);
#4059 = CARTESIAN_POINT('',(0.,0.));
#4060 = DIRECTION('',(1.,0.));
#4061 = ( GEOMETRIC_REPRESENTATION_CONTEXT(2) 
PARAMETRIC_REPRESENTATION_CONTEXT() REPRESENTATION_CONTEXT('2D SPACE',''
  ) );
#4062 = ORIENTED_EDGE('',*,*,#3940,.F.);
#4063 = ORIENTED_EDGE('',*,*,#4019,.F.);
#4064 = ORIENTED_EDGE('',*,*,#4065,.T.);
#4065 = EDGE_CURVE('',#3996,#4066,#4068,.T.);
#4066 = VERTEX_POINT('',#4067);
#4067 = CARTESIAN_POINT('',(-40.41115371281,40.411151376803,3.524E+03));
#4068 = SURFACE_CURVE('',#4069,(#4074,#4081),.PCURVE_S1.);
#4069 = CIRCLE('',#4070,57.15);
#4070 = AXIS2_PLACEMENT_3D('',#4071,#4072,#4073);
#4071 = CARTESIAN_POINT('',(0.,0.,3.524E+03));
#4072 = DIRECTION('',(0.,0.,1.));
#4073 = DIRECTION('',(1.,0.,-0.));
#4074 = PCURVE('',#3957,#4075);
#4075 = DEFINITIONAL_REPRESENTATION('',(#4076),#4080);
#4076 = LINE('',#4077,#4078);
#4077 = CARTESIAN_POINT('',(0.,1.));
#4078 = VECTOR('',#4079,1.);
#4079 = DIRECTION('',(1.,0.));
#4080 = ( GEOMETRIC_REPRESENTATION_CONTEXT(2) 
PARAMETRIC_REPRESENTATION_CONTEXT() REPRESENTATION_CONTEXT('2D SPACE',''
  ) );
#4081 = PCURVE('',#3701,#4082);
#4082 = DEFINITIONAL_REPRESENTATION('',(#4083),#4087);
#4083 = CIRCLE('',#4084,57.15);
#4084 = AXIS2_PLACEMENT_2D('',#4085,#4086);
#4085 = CARTESIAN_POINT('',(0.,0.));
#4086 = DIRECTION('',(1.,0.));
#4087 = ( GEOMETRIC_REPRESENTATION_CONTEXT(2) 
PARAMETRIC_REPRESENTATION_CONTEXT() REPRESENTATION_CONTEXT('2D SPACE',''
  ) );
#4088 = ORIENTED_EDGE('',*,*,#4089,.T.);
#4089 = EDGE_CURVE('',#4066,#3685,#4090,.T.);
#4090 = SURFACE_CURVE('',#4091,(#4096,#4103),.PCURVE_S1.);
#4091 = CIRCLE('',#4092,57.15);
#4092 = AXIS2_PLACEMENT_3D('',#4093,#4094,#4095);
#4093 = CARTESIAN_POINT('',(0.,0.,3.524E+03));
#4094 = DIRECTION('',(0.,0.,1.));
#4095 = DIRECTION('',(1.,0.,-0.));
#4096 = PCURVE('',#3957,#4097);
#4097 = DEFINITIONAL_REPRESENTATION('',(#4098),#4102);
#4098 = LINE('',#4099,#4100);
#4099 = CARTESIAN_POINT('',(0.,1.));
#4100 = VECTOR('',#4101,1.);
#4101 = DIRECTION('',(1.,0.));
#4102 = ( GEOMETRIC_REPRESENTATION_CONTEXT(2) 
PARAMETRIC_REPRESENTATION_CONTEXT() REPRESENTATION_CONTEXT('2D SPACE',''
  ) );
#4103 = PCURVE('',#3829,#4104);
#4104 = DEFINITIONAL_REPRESENTATION('',(#4105),#4109);
#4105 = CIRCLE('',#4106,57.15);
#4106 = AXIS2_PLACEMENT_2D('',#4107,#4108);
#4107 = CARTESIAN_POINT('',(0.,0.));
#4108 = DIRECTION('',(1.,0.));
#4109 = ( GEOMETRIC_REPRESENTATION_CONTEXT(2) 
PARAMETRIC_REPRESENTATION_CONTEXT() REPRESENTATION_CONTEXT('2D SPACE',''
  ) );
#4110 = ADVANCED_FACE('',(#4111),#3779,.T.);
#4111 = FACE_BOUND('',#4112,.T.);
#4112 = EDGE_LOOP('',(#4113,#4134,#4156,#4157));
#4113 = ORIENTED_EDGE('',*,*,#4114,.F.);
#4114 = EDGE_CURVE('',#4115,#3920,#4117,.T.);
#4115 = VERTEX_POINT('',#4116);
#4116 = CARTESIAN_POINT('',(-47.19643072628,33.625874363336,3.536E+03));
#4117 = SURFACE_CURVE('',#4118,(#4122,#4128),.PCURVE_S1.);
#4118 = LINE('',#4119,#4120);
#4119 = CARTESIAN_POINT('',(-60.61672881721,20.205576272406,3.536E+03));
#4120 = VECTOR('',#4121,1.);
#4121 = DIRECTION('',(0.707106781187,0.707106781187,-0.));
#4122 = PCURVE('',#3779,#4123);
#4123 = DEFINITIONAL_REPRESENTATION('',(#4124),#4127);
#4124 = B_SPLINE_CURVE_WITH_KNOTS('',1,(#4125,#4126),.UNSPECIFIED.,.F.,
  .F.,(2,2),(3.771324060479,42.135678118655),.PIECEWISE_BEZIER_KNOTS.);
#4125 = CARTESIAN_POINT('',(-57.95,22.872305089622));
#4126 = CARTESIAN_POINT('',(-30.82230508962,50.));
#4127 = ( GEOMETRIC_REPRESENTATION_CONTEXT(2) 
PARAMETRIC_REPRESENTATION_CONTEXT() REPRESENTATION_CONTEXT('2D SPACE',''
  ) );
#4128 = PCURVE('',#3147,#4129);
#4129 = DEFINITIONAL_REPRESENTATION('',(#4130),#4133);
#4130 = B_SPLINE_CURVE_WITH_KNOTS('',1,(#4131,#4132),.UNSPECIFIED.,.F.,
  .F.,(2,2),(3.771324060479,42.135678118655),.PIECEWISE_BEZIER_KNOTS.);
#4131 = CARTESIAN_POINT('',(21.,32.346324060479));
#4132 = CARTESIAN_POINT('',(21.,70.710678118655));
#4133 = ( GEOMETRIC_REPRESENTATION_CONTEXT(2) 
PARAMETRIC_REPRESENTATION_CONTEXT() REPRESENTATION_CONTEXT('2D SPACE',''
  ) );
#4134 = ORIENTED_EDGE('',*,*,#4135,.T.);
#4135 = EDGE_CURVE('',#4115,#3765,#4136,.T.);
#4136 = SURFACE_CURVE('',#4137,(#4142,#4149),.PCURVE_S1.);
#4137 = CIRCLE('',#4138,57.95);
#4138 = AXIS2_PLACEMENT_3D('',#4139,#4140,#4141);
#4139 = CARTESIAN_POINT('',(0.,0.,3.536E+03));
#4140 = DIRECTION('',(0.,0.,1.));
#4141 = DIRECTION('',(1.,0.,-0.));
#4142 = PCURVE('',#3779,#4143);
#4143 = DEFINITIONAL_REPRESENTATION('',(#4144),#4148);
#4144 = CIRCLE('',#4145,57.95);
#4145 = AXIS2_PLACEMENT_2D('',#4146,#4147);
#4146 = CARTESIAN_POINT('',(0.,0.));
#4147 = DIRECTION('',(1.,0.));
#4148 = ( GEOMETRIC_REPRESENTATION_CONTEXT(2) 
PARAMETRIC_REPRESENTATION_CONTEXT() REPRESENTATION_CONTEXT('2D SPACE',''
  ) );
#4149 = PCURVE('',#3805,#4150);
#4150 = DEFINITIONAL_REPRESENTATION('',(#4151),#4155);
#4151 = LINE('',#4152,#4153);
#4152 = CARTESIAN_POINT('',(0.,12.));
#4153 = VECTOR('',#4154,1.);
#4154 = DIRECTION('',(1.,0.));
#4155 = ( GEOMETRIC_REPRESENTATION_CONTEXT(2) 
PARAMETRIC_REPRESENTATION_CONTEXT() REPRESENTATION_CONTEXT('2D SPACE',''
  ) );
#4156 = ORIENTED_EDGE('',*,*,#3764,.T.);
#4157 = ORIENTED_EDGE('',*,*,#4041,.F.);
#4158 = ADVANCED_FACE('',(#4159),#3805,.T.);
#4159 = FACE_BOUND('',#4160,.T.);
#4160 = EDGE_LOOP('',(#4161,#4162,#4183,#4205));
#4161 = ORIENTED_EDGE('',*,*,#4135,.F.);
#4162 = ORIENTED_EDGE('',*,*,#4163,.F.);
#4163 = EDGE_CURVE('',#4164,#4115,#4166,.T.);
#4164 = VERTEX_POINT('',#4165);
#4165 = CARTESIAN_POINT('',(-47.19643072628,33.625874363336,3.524E+03));
#4166 = SURFACE_CURVE('',#4167,(#4171,#4177),.PCURVE_S1.);
#4167 = LINE('',#4168,#4169);
#4168 = CARTESIAN_POINT('',(-47.19643072628,33.625874363336,3.524E+03));
#4169 = VECTOR('',#4170,1.);
#4170 = DIRECTION('',(0.,0.,1.));
#4171 = PCURVE('',#3805,#4172);
#4172 = DEFINITIONAL_REPRESENTATION('',(#4173),#4176);
#4173 = B_SPLINE_CURVE_WITH_KNOTS('',1,(#4174,#4175),.UNSPECIFIED.,.F.,
  .F.,(2,2),(-2.40000008489E-06,12.0000024),.PIECEWISE_BEZIER_KNOTS.);
#4174 = CARTESIAN_POINT('',(2.522548839638,-2.40000008489E-06));
#4175 = CARTESIAN_POINT('',(2.522548839638,12.0000024));
#4176 = ( GEOMETRIC_REPRESENTATION_CONTEXT(2) 
PARAMETRIC_REPRESENTATION_CONTEXT() REPRESENTATION_CONTEXT('2D SPACE',''
  ) );
#4177 = PCURVE('',#3147,#4178);
#4178 = DEFINITIONAL_REPRESENTATION('',(#4179),#4182);
#4179 = B_SPLINE_CURVE_WITH_KNOTS('',1,(#4180,#4181),.UNSPECIFIED.,.F.,
  .F.,(2,2),(-2.40000008489E-06,12.0000024),.PIECEWISE_BEZIER_KNOTS.);
#4180 = CARTESIAN_POINT('',(8.9999976,47.554167571284));
#4181 = CARTESIAN_POINT('',(21.0000024,47.554167571284));
#4182 = ( GEOMETRIC_REPRESENTATION_CONTEXT(2) 
PARAMETRIC_REPRESENTATION_CONTEXT() REPRESENTATION_CONTEXT('2D SPACE',''
  ) );
#4183 = ORIENTED_EDGE('',*,*,#4184,.T.);
#4184 = EDGE_CURVE('',#4164,#3791,#4185,.T.);
#4185 = SURFACE_CURVE('',#4186,(#4191,#4198),.PCURVE_S1.);
#4186 = CIRCLE('',#4187,57.95);
#4187 = AXIS2_PLACEMENT_3D('',#4188,#4189,#4190);
#4188 = CARTESIAN_POINT('',(0.,0.,3.524E+03));
#4189 = DIRECTION('',(0.,0.,1.));
#4190 = DIRECTION('',(1.,0.,-0.));
#4191 = PCURVE('',#3805,#4192);
#4192 = DEFINITIONAL_REPRESENTATION('',(#4193),#4197);
#4193 = LINE('',#4194,#4195);
#4194 = CARTESIAN_POINT('',(0.,0.));
#4195 = VECTOR('',#4196,1.);
#4196 = DIRECTION('',(1.,0.));
#4197 = ( GEOMETRIC_REPRESENTATION_CONTEXT(2) 
PARAMETRIC_REPRESENTATION_CONTEXT() REPRESENTATION_CONTEXT('2D SPACE',''
  ) );
#4198 = PCURVE('',#3829,#4199);
#4199 = DEFINITIONAL_REPRESENTATION('',(#4200),#4204);
#4200 = CIRCLE('',#4201,57.95);
#4201 = AXIS2_PLACEMENT_2D('',#4202,#4203);
#4202 = CARTESIAN_POINT('',(0.,0.));
#4203 = DIRECTION('',(1.,0.));
#4204 = ( GEOMETRIC_REPRESENTATION_CONTEXT(2) 
PARAMETRIC_REPRESENTATION_CONTEXT() REPRESENTATION_CONTEXT('2D SPACE',''
  ) );
#4205 = ORIENTED_EDGE('',*,*,#3790,.T.);
#4206 = ADVANCED_FACE('',(#4207),#3829,.F.);
#4207 = FACE_BOUND('',#4208,.F.);
#4208 = EDGE_LOOP('',(#4209,#4228,#4229,#4230));
#4209 = ORIENTED_EDGE('',*,*,#4210,.F.);
#4210 = EDGE_CURVE('',#4164,#4066,#4211,.T.);
#4211 = SURFACE_CURVE('',#4212,(#4216,#4222),.PCURVE_S1.);
#4212 = LINE('',#4213,#4214);
#4213 = CARTESIAN_POINT('',(-60.61672881721,20.205576272406,3.524E+03));
#4214 = VECTOR('',#4215,1.);
#4215 = DIRECTION('',(0.707106781187,0.707106781187,-0.));
#4216 = PCURVE('',#3829,#4217);
#4217 = DEFINITIONAL_REPRESENTATION('',(#4218),#4221);
#4218 = B_SPLINE_CURVE_WITH_KNOTS('',1,(#4219,#4220),.UNSPECIFIED.,.F.,
  .F.,(2,2),(3.771324060479,42.135678118655),.PIECEWISE_BEZIER_KNOTS.);
#4219 = CARTESIAN_POINT('',(-57.95,22.872305089622));
#4220 = CARTESIAN_POINT('',(-30.82230508962,50.));
#4221 = ( GEOMETRIC_REPRESENTATION_CONTEXT(2) 
PARAMETRIC_REPRESENTATION_CONTEXT() REPRESENTATION_CONTEXT('2D SPACE',''
  ) );
#4222 = PCURVE('',#3147,#4223);
#4223 = DEFINITIONAL_REPRESENTATION('',(#4224),#4227);
#4224 = B_SPLINE_CURVE_WITH_KNOTS('',1,(#4225,#4226),.UNSPECIFIED.,.F.,
  .F.,(2,2),(3.771324060479,42.135678118655),.PIECEWISE_BEZIER_KNOTS.);
#4225 = CARTESIAN_POINT('',(9.,32.346324060479));
#4226 = CARTESIAN_POINT('',(9.,70.710678118655));
#4227 = ( GEOMETRIC_REPRESENTATION_CONTEXT(2) 
PARAMETRIC_REPRESENTATION_CONTEXT() REPRESENTATION_CONTEXT('2D SPACE',''
  ) );
#4228 = ORIENTED_EDGE('',*,*,#4184,.T.);
#4229 = ORIENTED_EDGE('',*,*,#3816,.T.);
#4230 = ORIENTED_EDGE('',*,*,#4089,.F.);
#4231 = ADVANCED_FACE('',(#4232),#3701,.F.);
#4232 = FACE_BOUND('',#4233,.F.);
#4233 = EDGE_LOOP('',(#4234,#4235,#4236,#4255,#4256));
#4234 = ORIENTED_EDGE('',*,*,#3684,.T.);
#4235 = ORIENTED_EDGE('',*,*,#3868,.F.);
#4236 = ORIENTED_EDGE('',*,*,#4237,.F.);
#4237 = EDGE_CURVE('',#4066,#3869,#4238,.T.);
#4238 = SURFACE_CURVE('',#4239,(#4243,#4249),.PCURVE_S1.);
#4239 = LINE('',#4240,#4241);
#4240 = CARTESIAN_POINT('',(-60.61672881721,20.205576272406,3.524E+03));
#4241 = VECTOR('',#4242,1.);
#4242 = DIRECTION('',(0.707106781187,0.707106781187,-0.));
#4243 = PCURVE('',#3701,#4244);
#4244 = DEFINITIONAL_REPRESENTATION('',(#4245),#4248);
#4245 = B_SPLINE_CURVE_WITH_KNOTS('',1,(#4246,#4247),.UNSPECIFIED.,.F.,
  .F.,(2,2),(3.771324060479,42.135678118655),.PIECEWISE_BEZIER_KNOTS.);
#4246 = CARTESIAN_POINT('',(-57.95,22.872305089622));
#4247 = CARTESIAN_POINT('',(-30.82230508962,50.));
#4248 = ( GEOMETRIC_REPRESENTATION_CONTEXT(2) 
PARAMETRIC_REPRESENTATION_CONTEXT() REPRESENTATION_CONTEXT('2D SPACE',''
  ) );
#4249 = PCURVE('',#3147,#4250);
#4250 = DEFINITIONAL_REPRESENTATION('',(#4251),#4254);
#4251 = B_SPLINE_CURVE_WITH_KNOTS('',1,(#4252,#4253),.UNSPECIFIED.,.F.,
  .F.,(2,2),(3.771324060479,42.135678118655),.PIECEWISE_BEZIER_KNOTS.);
#4252 = CARTESIAN_POINT('',(9.,32.346324060479));
#4253 = CARTESIAN_POINT('',(9.,70.710678118655));
#4254 = ( GEOMETRIC_REPRESENTATION_CONTEXT(2) 
PARAMETRIC_REPRESENTATION_CONTEXT() REPRESENTATION_CONTEXT('2D SPACE',''
  ) );
#4255 = ORIENTED_EDGE('',*,*,#4065,.F.);
#4256 = ORIENTED_EDGE('',*,*,#3995,.F.);
#4257 = ADVANCED_FACE('',(#4258,#4302),#3147,.F.);
#4258 = FACE_BOUND('',#4259,.F.);
#4259 = EDGE_LOOP('',(#4260,#4261,#4262,#4283));
#4260 = ORIENTED_EDGE('',*,*,#3132,.T.);
#4261 = ORIENTED_EDGE('',*,*,#3638,.T.);
#4262 = ORIENTED_EDGE('',*,*,#4263,.F.);
#4263 = EDGE_CURVE('',#4264,#3639,#4266,.T.);
#4264 = VERTEX_POINT('',#4265);
#4265 = CARTESIAN_POINT('',(-30.82230508962,50.,3.556E+03));
#4266 = SURFACE_CURVE('',#4267,(#4271,#4277),.PCURVE_S1.);
#4267 = LINE('',#4268,#4269);
#4268 = CARTESIAN_POINT('',(-97.07230508962,-16.25,3.556E+03));
#4269 = VECTOR('',#4270,1.);
#4270 = DIRECTION('',(-0.707106781187,-0.707106781187,0.));
#4271 = PCURVE('',#3147,#4272);
#4272 = DEFINITIONAL_REPRESENTATION('',(#4273),#4276);
#4273 = B_SPLINE_CURVE_WITH_KNOTS('',1,(#4274,#4275),.UNSPECIFIED.,.F.,
  .F.,(2,2),(-93.69164850721,-22.98097038856),.PIECEWISE_BEZIER_KNOTS.);
#4274 = CARTESIAN_POINT('',(41.,70.710678118655));
#4275 = CARTESIAN_POINT('',(41.,0.));
#4276 = ( GEOMETRIC_REPRESENTATION_CONTEXT(2) 
PARAMETRIC_REPRESENTATION_CONTEXT() REPRESENTATION_CONTEXT('2D SPACE',''
  ) );
#4277 = PCURVE('',#3016,#4278);
#4278 = DEFINITIONAL_REPRESENTATION('',(#4279),#4282);
#4279 = B_SPLINE_CURVE_WITH_KNOTS('',1,(#4280,#4281),.UNSPECIFIED.,.F.,
  .F.,(2,2),(-93.69164850721,-22.98097038856),.PIECEWISE_BEZIER_KNOTS.);
#4280 = CARTESIAN_POINT('',(60.,105.));
#4281 = CARTESIAN_POINT('',(10.,55.));
#4282 = ( GEOMETRIC_REPRESENTATION_CONTEXT(2) 
PARAMETRIC_REPRESENTATION_CONTEXT() REPRESENTATION_CONTEXT('2D SPACE',''
  ) );
#4283 = ORIENTED_EDGE('',*,*,#4284,.F.);
#4284 = EDGE_CURVE('',#3133,#4264,#4285,.T.);
#4285 = SURFACE_CURVE('',#4286,(#4290,#4296),.PCURVE_S1.);
#4286 = LINE('',#4287,#4288);
#4287 = CARTESIAN_POINT('',(-30.82230508962,50.,3.5155E+03));
#4288 = VECTOR('',#4289,1.);
#4289 = DIRECTION('',(0.,0.,1.));
#4290 = PCURVE('',#3147,#4291);
#4291 = DEFINITIONAL_REPRESENTATION('',(#4292),#4295);
#4292 = B_SPLINE_CURVE_WITH_KNOTS('',1,(#4293,#4294),.UNSPECIFIED.,.F.,
  .F.,(2,2),(0.5,40.5),.PIECEWISE_BEZIER_KNOTS.);
#4293 = CARTESIAN_POINT('',(1.,70.710678118655));
#4294 = CARTESIAN_POINT('',(41.,70.710678118655));
#4295 = ( GEOMETRIC_REPRESENTATION_CONTEXT(2) 
PARAMETRIC_REPRESENTATION_CONTEXT() REPRESENTATION_CONTEXT('2D SPACE',''
  ) );
#4296 = PCURVE('',#3172,#4297);
#4297 = DEFINITIONAL_REPRESENTATION('',(#4298),#4301);
#4298 = B_SPLINE_CURVE_WITH_KNOTS('',1,(#4299,#4300),.UNSPECIFIED.,.F.,
  .F.,(2,2),(0.5,40.5),.PIECEWISE_BEZIER_KNOTS.);
#4299 = CARTESIAN_POINT('',(0.,-105.));
#4300 = CARTESIAN_POINT('',(40.,-105.));
#4301 = ( GEOMETRIC_REPRESENTATION_CONTEXT(2) 
PARAMETRIC_REPRESENTATION_CONTEXT() REPRESENTATION_CONTEXT('2D SPACE',''
  ) );
#4302 = FACE_BOUND('',#4303,.F.);
#4303 = EDGE_LOOP('',(#4304,#4305,#4306,#4307,#4308,#4309));
#4304 = ORIENTED_EDGE('',*,*,#4237,.T.);
#4305 = ORIENTED_EDGE('',*,*,#3896,.T.);
#4306 = ORIENTED_EDGE('',*,*,#3919,.F.);
#4307 = ORIENTED_EDGE('',*,*,#4114,.F.);
#4308 = ORIENTED_EDGE('',*,*,#4163,.F.);
#4309 = ORIENTED_EDGE('',*,*,#4210,.T.);
#4310 = ADVANCED_FACE('',(#4311),#3172,.T.);
#4311 = FACE_BOUND('',#4312,.T.);
#4312 = EDGE_LOOP('',(#4313,#4336,#4337,#4338));
#4313 = ORIENTED_EDGE('',*,*,#4314,.F.);
#4314 = EDGE_CURVE('',#4264,#4315,#4317,.T.);
#4315 = VERTEX_POINT('',#4316);
#4316 = CARTESIAN_POINT('',(-30.82230508962,55.,3.556E+03));
#4317 = SURFACE_CURVE('',#4318,(#4322,#4329),.PCURVE_S1.);
#4318 = LINE('',#4319,#4320);
#4319 = CARTESIAN_POINT('',(-30.82230508962,-55.,3.556E+03));
#4320 = VECTOR('',#4321,1.);
#4321 = DIRECTION('',(-0.,1.,0.));
#4322 = PCURVE('',#3172,#4323);
#4323 = DEFINITIONAL_REPRESENTATION('',(#4324),#4328);
#4324 = LINE('',#4325,#4326);
#4325 = CARTESIAN_POINT('',(40.,0.));
#4326 = VECTOR('',#4327,1.);
#4327 = DIRECTION('',(0.,-1.));
#4328 = ( GEOMETRIC_REPRESENTATION_CONTEXT(2) 
PARAMETRIC_REPRESENTATION_CONTEXT() REPRESENTATION_CONTEXT('2D SPACE',''
  ) );
#4329 = PCURVE('',#3016,#4330);
#4330 = DEFINITIONAL_REPRESENTATION('',(#4331),#4335);
#4331 = LINE('',#4332,#4333);
#4332 = CARTESIAN_POINT('',(60.,0.));
#4333 = VECTOR('',#4334,1.);
#4334 = DIRECTION('',(0.,1.));
#4335 = ( GEOMETRIC_REPRESENTATION_CONTEXT(2) 
PARAMETRIC_REPRESENTATION_CONTEXT() REPRESENTATION_CONTEXT('2D SPACE',''
  ) );
#4336 = ORIENTED_EDGE('',*,*,#4284,.F.);
#4337 = ORIENTED_EDGE('',*,*,#3158,.T.);
#4338 = ORIENTED_EDGE('',*,*,#4339,.T.);
#4339 = EDGE_CURVE('',#3032,#4315,#4340,.T.);
#4340 = SURFACE_CURVE('',#4341,(#4345,#4352),.PCURVE_S1.);
#4341 = LINE('',#4342,#4343);
#4342 = CARTESIAN_POINT('',(-30.82230508962,55.,3.516E+03));
#4343 = VECTOR('',#4344,1.);
#4344 = DIRECTION('',(0.,0.,1.));
#4345 = PCURVE('',#3172,#4346);
#4346 = DEFINITIONAL_REPRESENTATION('',(#4347),#4351);
#4347 = LINE('',#4348,#4349);
#4348 = CARTESIAN_POINT('',(0.,-110.));
#4349 = VECTOR('',#4350,1.);
#4350 = DIRECTION('',(1.,0.));
#4351 = ( GEOMETRIC_REPRESENTATION_CONTEXT(2) 
PARAMETRIC_REPRESENTATION_CONTEXT() REPRESENTATION_CONTEXT('2D SPACE',''
  ) );
#4352 = PCURVE('',#2990,#4353);
#4353 = DEFINITIONAL_REPRESENTATION('',(#4354),#4358);
#4354 = LINE('',#4355,#4356);
#4355 = CARTESIAN_POINT('',(0.,60.));
#4356 = VECTOR('',#4357,1.);
#4357 = DIRECTION('',(1.,0.));
#4358 = ( GEOMETRIC_REPRESENTATION_CONTEXT(2) 
PARAMETRIC_REPRESENTATION_CONTEXT() REPRESENTATION_CONTEXT('2D SPACE',''
  ) );
#4359 = ADVANCED_FACE('',(#4360),#2990,.T.);
#4360 = FACE_BOUND('',#4361,.T.);
#4361 = EDGE_LOOP('',(#4362,#4363,#4364,#4385));
#4362 = ORIENTED_EDGE('',*,*,#3031,.F.);
#4363 = ORIENTED_EDGE('',*,*,#2974,.T.);
#4364 = ORIENTED_EDGE('',*,*,#4365,.T.);
#4365 = EDGE_CURVE('',#2975,#4315,#4366,.T.);
#4366 = SURFACE_CURVE('',#4367,(#4371,#4378),.PCURVE_S1.);
#4367 = LINE('',#4368,#4369);
#4368 = CARTESIAN_POINT('',(-90.82230508962,55.,3.556E+03));
#4369 = VECTOR('',#4370,1.);
#4370 = DIRECTION('',(1.,0.,-0.));
#4371 = PCURVE('',#2990,#4372);
#4372 = DEFINITIONAL_REPRESENTATION('',(#4373),#4377);
#4373 = LINE('',#4374,#4375);
#4374 = CARTESIAN_POINT('',(40.,0.));
#4375 = VECTOR('',#4376,1.);
#4376 = DIRECTION('',(0.,1.));
#4377 = ( GEOMETRIC_REPRESENTATION_CONTEXT(2) 
PARAMETRIC_REPRESENTATION_CONTEXT() REPRESENTATION_CONTEXT('2D SPACE',''
  ) );
#4378 = PCURVE('',#3016,#4379);
#4379 = DEFINITIONAL_REPRESENTATION('',(#4380),#4384);
#4380 = LINE('',#4381,#4382);
#4381 = CARTESIAN_POINT('',(0.,110.));
#4382 = VECTOR('',#4383,1.);
#4383 = DIRECTION('',(1.,0.));
#4384 = ( GEOMETRIC_REPRESENTATION_CONTEXT(2) 
PARAMETRIC_REPRESENTATION_CONTEXT() REPRESENTATION_CONTEXT('2D SPACE',''
  ) );
#4385 = ORIENTED_EDGE('',*,*,#4339,.F.);
#4386 = ADVANCED_FACE('',(#4387,#4416),#3016,.T.);
#4387 = FACE_BOUND('',#4388,.T.);
#4388 = EDGE_LOOP('',(#4389,#4390,#4391,#4412,#4413,#4414,#4415));
#4389 = ORIENTED_EDGE('',*,*,#4365,.F.);
#4390 = ORIENTED_EDGE('',*,*,#3002,.F.);
#4391 = ORIENTED_EDGE('',*,*,#4392,.T.);
#4392 = EDGE_CURVE('',#2914,#3570,#4393,.T.);
#4393 = SURFACE_CURVE('',#4394,(#4398,#4405),.PCURVE_S1.);
#4394 = LINE('',#4395,#4396);
#4395 = CARTESIAN_POINT('',(-90.82230508962,-55.,3.556E+03));
#4396 = VECTOR('',#4397,1.);
#4397 = DIRECTION('',(1.,0.,-0.));
#4398 = PCURVE('',#3016,#4399);
#4399 = DEFINITIONAL_REPRESENTATION('',(#4400),#4404);
#4400 = LINE('',#4401,#4402);
#4401 = CARTESIAN_POINT('',(0.,0.));
#4402 = VECTOR('',#4403,1.);
#4403 = DIRECTION('',(1.,0.));
#4404 = ( GEOMETRIC_REPRESENTATION_CONTEXT(2) 
PARAMETRIC_REPRESENTATION_CONTEXT() REPRESENTATION_CONTEXT('2D SPACE',''
  ) );
#4405 = PCURVE('',#2934,#4406);
#4406 = DEFINITIONAL_REPRESENTATION('',(#4407),#4411);
#4407 = LINE('',#4408,#4409);
#4408 = CARTESIAN_POINT('',(40.,0.));
#4409 = VECTOR('',#4410,1.);
#4410 = DIRECTION('',(0.,1.));
#4411 = ( GEOMETRIC_REPRESENTATION_CONTEXT(2) 
PARAMETRIC_REPRESENTATION_CONTEXT() REPRESENTATION_CONTEXT('2D SPACE',''
  ) );
#4412 = ORIENTED_EDGE('',*,*,#3569,.T.);
#4413 = ORIENTED_EDGE('',*,*,#3661,.T.);
#4414 = ORIENTED_EDGE('',*,*,#4263,.F.);
#4415 = ORIENTED_EDGE('',*,*,#4314,.T.);
#4416 = FACE_BOUND('',#4417,.T.);
#4417 = EDGE_LOOP('',(#4418,#4446,#4472,#4498,#4524));
#4418 = ORIENTED_EDGE('',*,*,#4419,.T.);
#4419 = EDGE_CURVE('',#4420,#4422,#4424,.T.);
#4420 = VERTEX_POINT('',#4421);
#4421 = CARTESIAN_POINT('',(-35.47915933911,-51.,3.556E+03));
#4422 = VERTEX_POINT('',#4423);
#4423 = CARTESIAN_POINT('',(-86.82230508962,-51.,3.556E+03));
#4424 = SURFACE_CURVE('',#4425,(#4429,#4435),.PCURVE_S1.);
#4425 = LINE('',#4426,#4427);
#4426 = CARTESIAN_POINT('',(-88.82230508962,-51.,3.556E+03));
#4427 = VECTOR('',#4428,1.);
#4428 = DIRECTION('',(-1.,-0.,0.));
#4429 = PCURVE('',#3016,#4430);
#4430 = DEFINITIONAL_REPRESENTATION('',(#4431),#4434);
#4431 = B_SPLINE_CURVE_WITH_KNOTS('',1,(#4432,#4433),.UNSPECIFIED.,.F.,
  .F.,(2,2),(-53.3431457505,-2.),.PIECEWISE_BEZIER_KNOTS.);
#4432 = CARTESIAN_POINT('',(55.343145750508,4.));
#4433 = CARTESIAN_POINT('',(4.,4.));
#4434 = ( GEOMETRIC_REPRESENTATION_CONTEXT(2) 
PARAMETRIC_REPRESENTATION_CONTEXT() REPRESENTATION_CONTEXT('2D SPACE',''
  ) );
#4435 = PCURVE('',#4436,#4441);
#4436 = PLANE('',#4437);
#4437 = AXIS2_PLACEMENT_3D('',#4438,#4439,#4440);
#4438 = CARTESIAN_POINT('',(-86.82230508962,-51.,3.54E+03));
#4439 = DIRECTION('',(-0.,1.,0.));
#4440 = DIRECTION('',(0.,0.,1.));
#4441 = DEFINITIONAL_REPRESENTATION('',(#4442),#4445);
#4442 = B_SPLINE_CURVE_WITH_KNOTS('',1,(#4443,#4444),.UNSPECIFIED.,.F.,
  .F.,(2,2),(-53.3431457505,-2.),.PIECEWISE_BEZIER_KNOTS.);
#4443 = CARTESIAN_POINT('',(16.,51.343145750508));
#4444 = CARTESIAN_POINT('',(16.,0.));
#4445 = ( GEOMETRIC_REPRESENTATION_CONTEXT(2) 
PARAMETRIC_REPRESENTATION_CONTEXT() REPRESENTATION_CONTEXT('2D SPACE',''
  ) );
#4446 = ORIENTED_EDGE('',*,*,#4447,.T.);
#4447 = EDGE_CURVE('',#4422,#4448,#4450,.T.);
#4448 = VERTEX_POINT('',#4449);
#4449 = CARTESIAN_POINT('',(-86.82230508962,51.,3.556E+03));
#4450 = SURFACE_CURVE('',#4451,(#4455,#4461),.PCURVE_S1.);
#4451 = LINE('',#4452,#4453);
#4452 = CARTESIAN_POINT('',(-86.82230508962,-53.,3.556E+03));
#4453 = VECTOR('',#4454,1.);
#4454 = DIRECTION('',(-0.,1.,0.));
#4455 = PCURVE('',#3016,#4456);
#4456 = DEFINITIONAL_REPRESENTATION('',(#4457),#4460);
#4457 = B_SPLINE_CURVE_WITH_KNOTS('',1,(#4458,#4459),.UNSPECIFIED.,.F.,
  .F.,(2,2),(2.,104.),.PIECEWISE_BEZIER_KNOTS.);
#4458 = CARTESIAN_POINT('',(4.,4.));
#4459 = CARTESIAN_POINT('',(4.,106.));
#4460 = ( GEOMETRIC_REPRESENTATION_CONTEXT(2) 
PARAMETRIC_REPRESENTATION_CONTEXT() REPRESENTATION_CONTEXT('2D SPACE',''
  ) );
#4461 = PCURVE('',#4462,#4467);
#4462 = PLANE('',#4463);
#4463 = AXIS2_PLACEMENT_3D('',#4464,#4465,#4466);
#4464 = CARTESIAN_POINT('',(-86.82230508962,-51.,3.54E+03));
#4465 = DIRECTION('',(1.,0.,-0.));
#4466 = DIRECTION('',(0.,0.,1.));
#4467 = DEFINITIONAL_REPRESENTATION('',(#4468),#4471);
#4468 = B_SPLINE_CURVE_WITH_KNOTS('',1,(#4469,#4470),.UNSPECIFIED.,.F.,
  .F.,(2,2),(2.,104.),.PIECEWISE_BEZIER_KNOTS.);
#4469 = CARTESIAN_POINT('',(16.,0.));
#4470 = CARTESIAN_POINT('',(16.,-102.));
#4471 = ( GEOMETRIC_REPRESENTATION_CONTEXT(2) 
PARAMETRIC_REPRESENTATION_CONTEXT() REPRESENTATION_CONTEXT('2D SPACE',''
  ) );
#4472 = ORIENTED_EDGE('',*,*,#4473,.F.);
#4473 = EDGE_CURVE('',#4474,#4448,#4476,.T.);
#4474 = VERTEX_POINT('',#4475);
#4475 = CARTESIAN_POINT('',(-35.47915933911,51.,3.556E+03));
#4476 = SURFACE_CURVE('',#4477,(#4481,#4487),.PCURVE_S1.);
#4477 = LINE('',#4478,#4479);
#4478 = CARTESIAN_POINT('',(-88.82230508962,51.,3.556E+03));
#4479 = VECTOR('',#4480,1.);
#4480 = DIRECTION('',(-1.,-0.,0.));
#4481 = PCURVE('',#3016,#4482);
#4482 = DEFINITIONAL_REPRESENTATION('',(#4483),#4486);
#4483 = B_SPLINE_CURVE_WITH_KNOTS('',1,(#4484,#4485),.UNSPECIFIED.,.F.,
  .F.,(2,2),(-53.3431457505,-2.),.PIECEWISE_BEZIER_KNOTS.);
#4484 = CARTESIAN_POINT('',(55.343145750508,106.));
#4485 = CARTESIAN_POINT('',(4.,106.));
#4486 = ( GEOMETRIC_REPRESENTATION_CONTEXT(2) 
PARAMETRIC_REPRESENTATION_CONTEXT() REPRESENTATION_CONTEXT('2D SPACE',''
  ) );
#4487 = PCURVE('',#4488,#4493);
#4488 = PLANE('',#4489);
#4489 = AXIS2_PLACEMENT_3D('',#4490,#4491,#4492);
#4490 = CARTESIAN_POINT('',(-86.82230508962,51.,3.54E+03));
#4491 = DIRECTION('',(-0.,1.,0.));
#4492 = DIRECTION('',(0.,0.,1.));
#4493 = DEFINITIONAL_REPRESENTATION('',(#4494),#4497);
#4494 = B_SPLINE_CURVE_WITH_KNOTS('',1,(#4495,#4496),.UNSPECIFIED.,.F.,
  .F.,(2,2),(-53.3431457505,-2.),.PIECEWISE_BEZIER_KNOTS.);
#4495 = CARTESIAN_POINT('',(16.,51.343145750508));
#4496 = CARTESIAN_POINT('',(16.,0.));
#4497 = ( GEOMETRIC_REPRESENTATION_CONTEXT(2) 
PARAMETRIC_REPRESENTATION_CONTEXT() REPRESENTATION_CONTEXT('2D SPACE',''
  ) );
#4498 = ORIENTED_EDGE('',*,*,#4499,.T.);
#4499 = EDGE_CURVE('',#4474,#4500,#4502,.T.);
#4500 = VERTEX_POINT('',#4501);
#4501 = CARTESIAN_POINT('',(-86.47915933911,-2.84217094304E-14,3.556E+03
    ));
#4502 = SURFACE_CURVE('',#4503,(#4507,#4513),.PCURVE_S1.);
#4503 = LINE('',#4504,#4505);
#4504 = CARTESIAN_POINT('',(-101.3149457767,-14.83578643762,3.556E+03));
#4505 = VECTOR('',#4506,1.);
#4506 = DIRECTION('',(-0.707106781187,-0.707106781187,0.));
#4507 = PCURVE('',#3016,#4508);
#4508 = DEFINITIONAL_REPRESENTATION('',(#4509),#4512);
#4509 = B_SPLINE_CURVE_WITH_KNOTS('',1,(#4510,#4511),.UNSPECIFIED.,.F.,
  .F.,(2,2),(-93.10586206959,-20.98097038856),.PIECEWISE_BEZIER_KNOTS.);
#4510 = CARTESIAN_POINT('',(55.343145750508,106.));
#4511 = CARTESIAN_POINT('',(4.343145750508,55.));
#4512 = ( GEOMETRIC_REPRESENTATION_CONTEXT(2) 
PARAMETRIC_REPRESENTATION_CONTEXT() REPRESENTATION_CONTEXT('2D SPACE',''
  ) );
#4513 = PCURVE('',#4514,#4519);
#4514 = PLANE('',#4515);
#4515 = AXIS2_PLACEMENT_3D('',#4516,#4517,#4518);
#4516 = CARTESIAN_POINT('',(-86.47915933911,-2.84217094304E-14,3.514E+03
    ));
#4517 = DIRECTION('',(-0.707106781187,0.707106781187,0.));
#4518 = DIRECTION('',(0.,0.,1.));
#4519 = DEFINITIONAL_REPRESENTATION('',(#4520),#4523);
#4520 = B_SPLINE_CURVE_WITH_KNOTS('',1,(#4521,#4522),.UNSPECIFIED.,.F.,
  .F.,(2,2),(-93.10586206959,-20.98097038856),.PIECEWISE_BEZIER_KNOTS.);
#4521 = CARTESIAN_POINT('',(42.,72.124891681028));
#4522 = CARTESIAN_POINT('',(42.,0.));
#4523 = ( GEOMETRIC_REPRESENTATION_CONTEXT(2) 
PARAMETRIC_REPRESENTATION_CONTEXT() REPRESENTATION_CONTEXT('2D SPACE',''
  ) );
#4524 = ORIENTED_EDGE('',*,*,#4525,.F.);
#4525 = EDGE_CURVE('',#4420,#4500,#4526,.T.);
#4526 = SURFACE_CURVE('',#4527,(#4531,#4537),.PCURVE_S1.);
#4527 = LINE('',#4528,#4529);
#4528 = CARTESIAN_POINT('',(-3.104267658087,-83.37489168102,3.556E+03));
#4529 = VECTOR('',#4530,1.);
#4530 = DIRECTION('',(-0.707106781187,0.707106781187,0.));
#4531 = PCURVE('',#3016,#4532);
#4532 = DEFINITIONAL_REPRESENTATION('',(#4533),#4536);
#4533 = B_SPLINE_CURVE_WITH_KNOTS('',1,(#4534,#4535),.UNSPECIFIED.,.F.,
  .F.,(2,2),(45.785010895669,117.90990257669),.PIECEWISE_BEZIER_KNOTS.);
#4534 = CARTESIAN_POINT('',(55.343145750508,4.));
#4535 = CARTESIAN_POINT('',(4.343145750508,55.));
#4536 = ( GEOMETRIC_REPRESENTATION_CONTEXT(2) 
PARAMETRIC_REPRESENTATION_CONTEXT() REPRESENTATION_CONTEXT('2D SPACE',''
  ) );
#4537 = PCURVE('',#4538,#4543);
#4538 = PLANE('',#4539);
#4539 = AXIS2_PLACEMENT_3D('',#4540,#4541,#4542);
#4540 = CARTESIAN_POINT('',(54.942196898195,-141.4213562373,3.514E+03));
#4541 = DIRECTION('',(0.707106781187,0.707106781187,0.));
#4542 = DIRECTION('',(0.,0.,1.));
#4543 = DEFINITIONAL_REPRESENTATION('',(#4544),#4547);
#4544 = B_SPLINE_CURVE_WITH_KNOTS('',1,(#4545,#4546),.UNSPECIFIED.,.F.,
  .F.,(2,2),(45.785010895669,117.90990257669),.PIECEWISE_BEZIER_KNOTS.);
#4545 = CARTESIAN_POINT('',(42.,-127.8751083189));
#4546 = CARTESIAN_POINT('',(42.,-200.));
#4547 = ( GEOMETRIC_REPRESENTATION_CONTEXT(2) 
PARAMETRIC_REPRESENTATION_CONTEXT() REPRESENTATION_CONTEXT('2D SPACE',''
  ) );
#4548 = ADVANCED_FACE('',(#4549),#4462,.T.);
#4549 = FACE_BOUND('',#4550,.T.);
#4550 = EDGE_LOOP('',(#4551,#4574,#4602,#4623));
#4551 = ORIENTED_EDGE('',*,*,#4552,.F.);
#4552 = EDGE_CURVE('',#4553,#4422,#4555,.T.);
#4553 = VERTEX_POINT('',#4554);
#4554 = CARTESIAN_POINT('',(-86.82230508962,-51.,3.54E+03));
#4555 = SURFACE_CURVE('',#4556,(#4560,#4567),.PCURVE_S1.);
#4556 = LINE('',#4557,#4558);
#4557 = CARTESIAN_POINT('',(-86.82230508962,-51.,3.54E+03));
#4558 = VECTOR('',#4559,1.);
#4559 = DIRECTION('',(0.,0.,1.));
#4560 = PCURVE('',#4462,#4561);
#4561 = DEFINITIONAL_REPRESENTATION('',(#4562),#4566);
#4562 = LINE('',#4563,#4564);
#4563 = CARTESIAN_POINT('',(0.,0.));
#4564 = VECTOR('',#4565,1.);
#4565 = DIRECTION('',(1.,0.));
#4566 = ( GEOMETRIC_REPRESENTATION_CONTEXT(2) 
PARAMETRIC_REPRESENTATION_CONTEXT() REPRESENTATION_CONTEXT('2D SPACE',''
  ) );
#4567 = PCURVE('',#4436,#4568);
#4568 = DEFINITIONAL_REPRESENTATION('',(#4569),#4573);
#4569 = LINE('',#4570,#4571);
#4570 = CARTESIAN_POINT('',(0.,0.));
#4571 = VECTOR('',#4572,1.);
#4572 = DIRECTION('',(1.,0.));
#4573 = ( GEOMETRIC_REPRESENTATION_CONTEXT(2) 
PARAMETRIC_REPRESENTATION_CONTEXT() REPRESENTATION_CONTEXT('2D SPACE',''
  ) );
#4574 = ORIENTED_EDGE('',*,*,#4575,.T.);
#4575 = EDGE_CURVE('',#4553,#4576,#4578,.T.);
#4576 = VERTEX_POINT('',#4577);
#4577 = CARTESIAN_POINT('',(-86.82230508962,51.,3.54E+03));
#4578 = SURFACE_CURVE('',#4579,(#4583,#4590),.PCURVE_S1.);
#4579 = LINE('',#4580,#4581);
#4580 = CARTESIAN_POINT('',(-86.82230508962,-51.,3.54E+03));
#4581 = VECTOR('',#4582,1.);
#4582 = DIRECTION('',(-0.,1.,0.));
#4583 = PCURVE('',#4462,#4584);
#4584 = DEFINITIONAL_REPRESENTATION('',(#4585),#4589);
#4585 = LINE('',#4586,#4587);
#4586 = CARTESIAN_POINT('',(0.,0.));
#4587 = VECTOR('',#4588,1.);
#4588 = DIRECTION('',(0.,-1.));
#4589 = ( GEOMETRIC_REPRESENTATION_CONTEXT(2) 
PARAMETRIC_REPRESENTATION_CONTEXT() REPRESENTATION_CONTEXT('2D SPACE',''
  ) );
#4590 = PCURVE('',#4591,#4596);
#4591 = PLANE('',#4592);
#4592 = AXIS2_PLACEMENT_3D('',#4593,#4594,#4595);
#4593 = CARTESIAN_POINT('',(-86.82230508962,-51.,3.54E+03));
#4594 = DIRECTION('',(0.,0.,1.));
#4595 = DIRECTION('',(1.,0.,-0.));
#4596 = DEFINITIONAL_REPRESENTATION('',(#4597),#4601);
#4597 = LINE('',#4598,#4599);
#4598 = CARTESIAN_POINT('',(0.,0.));
#4599 = VECTOR('',#4600,1.);
#4600 = DIRECTION('',(0.,1.));
#4601 = ( GEOMETRIC_REPRESENTATION_CONTEXT(2) 
PARAMETRIC_REPRESENTATION_CONTEXT() REPRESENTATION_CONTEXT('2D SPACE',''
  ) );
#4602 = ORIENTED_EDGE('',*,*,#4603,.T.);
#4603 = EDGE_CURVE('',#4576,#4448,#4604,.T.);
#4604 = SURFACE_CURVE('',#4605,(#4609,#4616),.PCURVE_S1.);
#4605 = LINE('',#4606,#4607);
#4606 = CARTESIAN_POINT('',(-86.82230508962,51.,3.54E+03));
#4607 = VECTOR('',#4608,1.);
#4608 = DIRECTION('',(0.,0.,1.));
#4609 = PCURVE('',#4462,#4610);
#4610 = DEFINITIONAL_REPRESENTATION('',(#4611),#4615);
#4611 = LINE('',#4612,#4613);
#4612 = CARTESIAN_POINT('',(0.,-102.));
#4613 = VECTOR('',#4614,1.);
#4614 = DIRECTION('',(1.,0.));
#4615 = ( GEOMETRIC_REPRESENTATION_CONTEXT(2) 
PARAMETRIC_REPRESENTATION_CONTEXT() REPRESENTATION_CONTEXT('2D SPACE',''
  ) );
#4616 = PCURVE('',#4488,#4617);
#4617 = DEFINITIONAL_REPRESENTATION('',(#4618),#4622);
#4618 = LINE('',#4619,#4620);
#4619 = CARTESIAN_POINT('',(0.,0.));
#4620 = VECTOR('',#4621,1.);
#4621 = DIRECTION('',(1.,0.));
#4622 = ( GEOMETRIC_REPRESENTATION_CONTEXT(2) 
PARAMETRIC_REPRESENTATION_CONTEXT() REPRESENTATION_CONTEXT('2D SPACE',''
  ) );
#4623 = ORIENTED_EDGE('',*,*,#4447,.F.);
#4624 = ADVANCED_FACE('',(#4625),#4591,.T.);
#4625 = FACE_BOUND('',#4626,.T.);
#4626 = EDGE_LOOP('',(#4627,#4650,#4651,#4674,#4695));
#4627 = ORIENTED_EDGE('',*,*,#4628,.F.);
#4628 = EDGE_CURVE('',#4576,#4629,#4631,.T.);
#4629 = VERTEX_POINT('',#4630);
#4630 = CARTESIAN_POINT('',(-35.47915933911,51.,3.54E+03));
#4631 = SURFACE_CURVE('',#4632,(#4636,#4643),.PCURVE_S1.);
#4632 = LINE('',#4633,#4634);
#4633 = CARTESIAN_POINT('',(-86.82230508962,51.,3.54E+03));
#4634 = VECTOR('',#4635,1.);
#4635 = DIRECTION('',(1.,0.,-0.));
#4636 = PCURVE('',#4591,#4637);
#4637 = DEFINITIONAL_REPRESENTATION('',(#4638),#4642);
#4638 = LINE('',#4639,#4640);
#4639 = CARTESIAN_POINT('',(0.,102.));
#4640 = VECTOR('',#4641,1.);
#4641 = DIRECTION('',(1.,0.));
#4642 = ( GEOMETRIC_REPRESENTATION_CONTEXT(2) 
PARAMETRIC_REPRESENTATION_CONTEXT() REPRESENTATION_CONTEXT('2D SPACE',''
  ) );
#4643 = PCURVE('',#4488,#4644);
#4644 = DEFINITIONAL_REPRESENTATION('',(#4645),#4649);
#4645 = LINE('',#4646,#4647);
#4646 = CARTESIAN_POINT('',(0.,0.));
#4647 = VECTOR('',#4648,1.);
#4648 = DIRECTION('',(0.,1.));
#4649 = ( GEOMETRIC_REPRESENTATION_CONTEXT(2) 
PARAMETRIC_REPRESENTATION_CONTEXT() REPRESENTATION_CONTEXT('2D SPACE',''
  ) );
#4650 = ORIENTED_EDGE('',*,*,#4575,.F.);
#4651 = ORIENTED_EDGE('',*,*,#4652,.T.);
#4652 = EDGE_CURVE('',#4553,#4653,#4655,.T.);
#4653 = VERTEX_POINT('',#4654);
#4654 = CARTESIAN_POINT('',(-35.47915933911,-51.,3.54E+03));
#4655 = SURFACE_CURVE('',#4656,(#4660,#4667),.PCURVE_S1.);
#4656 = LINE('',#4657,#4658);
#4657 = CARTESIAN_POINT('',(-86.82230508962,-51.,3.54E+03));
#4658 = VECTOR('',#4659,1.);
#4659 = DIRECTION('',(1.,0.,-0.));
#4660 = PCURVE('',#4591,#4661);
#4661 = DEFINITIONAL_REPRESENTATION('',(#4662),#4666);
#4662 = LINE('',#4663,#4664);
#4663 = CARTESIAN_POINT('',(0.,0.));
#4664 = VECTOR('',#4665,1.);
#4665 = DIRECTION('',(1.,0.));
#4666 = ( GEOMETRIC_REPRESENTATION_CONTEXT(2) 
PARAMETRIC_REPRESENTATION_CONTEXT() REPRESENTATION_CONTEXT('2D SPACE',''
  ) );
#4667 = PCURVE('',#4436,#4668);
#4668 = DEFINITIONAL_REPRESENTATION('',(#4669),#4673);
#4669 = LINE('',#4670,#4671);
#4670 = CARTESIAN_POINT('',(0.,0.));
#4671 = VECTOR('',#4672,1.);
#4672 = DIRECTION('',(0.,1.));
#4673 = ( GEOMETRIC_REPRESENTATION_CONTEXT(2) 
PARAMETRIC_REPRESENTATION_CONTEXT() REPRESENTATION_CONTEXT('2D SPACE',''
  ) );
#4674 = ORIENTED_EDGE('',*,*,#4675,.T.);
#4675 = EDGE_CURVE('',#4653,#4676,#4678,.T.);
#4676 = VERTEX_POINT('',#4677);
#4677 = CARTESIAN_POINT('',(-86.47915933911,-2.84217094304E-14,3.54E+03)
  );
#4678 = SURFACE_CURVE('',#4679,(#4683,#4689),.PCURVE_S1.);
#4679 = LINE('',#4680,#4681);
#4680 = CARTESIAN_POINT('',(-3.104267658087,-83.37489168102,3.54E+03));
#4681 = VECTOR('',#4682,1.);
#4682 = DIRECTION('',(-0.707106781187,0.707106781187,0.));
#4683 = PCURVE('',#4591,#4684);
#4684 = DEFINITIONAL_REPRESENTATION('',(#4685),#4688);
#4685 = B_SPLINE_CURVE_WITH_KNOTS('',1,(#4686,#4687),.UNSPECIFIED.,.F.,
  .F.,(2,2),(45.785010895669,117.90990257669),.PIECEWISE_BEZIER_KNOTS.);
#4686 = CARTESIAN_POINT('',(51.343145750508,-7.105427357601E-15));
#4687 = CARTESIAN_POINT('',(0.343145750508,51.));
#4688 = ( GEOMETRIC_REPRESENTATION_CONTEXT(2) 
PARAMETRIC_REPRESENTATION_CONTEXT() REPRESENTATION_CONTEXT('2D SPACE',''
  ) );
#4689 = PCURVE('',#4538,#4690);
#4690 = DEFINITIONAL_REPRESENTATION('',(#4691),#4694);
#4691 = B_SPLINE_CURVE_WITH_KNOTS('',1,(#4692,#4693),.UNSPECIFIED.,.F.,
  .F.,(2,2),(45.785010895669,117.90990257669),.PIECEWISE_BEZIER_KNOTS.);
#4692 = CARTESIAN_POINT('',(26.,-127.8751083189));
#4693 = CARTESIAN_POINT('',(26.,-200.));
#4694 = ( GEOMETRIC_REPRESENTATION_CONTEXT(2) 
PARAMETRIC_REPRESENTATION_CONTEXT() REPRESENTATION_CONTEXT('2D SPACE',''
  ) );
#4695 = ORIENTED_EDGE('',*,*,#4696,.F.);
#4696 = EDGE_CURVE('',#4629,#4676,#4697,.T.);
#4697 = SURFACE_CURVE('',#4698,(#4702,#4708),.PCURVE_S1.);
#4698 = LINE('',#4699,#4700);
#4699 = CARTESIAN_POINT('',(-99.31494577674,-12.83578643762,3.54E+03));
#4700 = VECTOR('',#4701,1.);
#4701 = DIRECTION('',(-0.707106781187,-0.707106781187,0.));
#4702 = PCURVE('',#4591,#4703);
#4703 = DEFINITIONAL_REPRESENTATION('',(#4704),#4707);
#4704 = B_SPLINE_CURVE_WITH_KNOTS('',1,(#4705,#4706),.UNSPECIFIED.,.F.,
  .F.,(2,2),(-90.27743494484,-18.15254326381),.PIECEWISE_BEZIER_KNOTS.);
#4705 = CARTESIAN_POINT('',(51.343145750508,102.));
#4706 = CARTESIAN_POINT('',(0.343145750508,51.));
#4707 = ( GEOMETRIC_REPRESENTATION_CONTEXT(2) 
PARAMETRIC_REPRESENTATION_CONTEXT() REPRESENTATION_CONTEXT('2D SPACE',''
  ) );
#4708 = PCURVE('',#4514,#4709);
#4709 = DEFINITIONAL_REPRESENTATION('',(#4710),#4713);
#4710 = B_SPLINE_CURVE_WITH_KNOTS('',1,(#4711,#4712),.UNSPECIFIED.,.F.,
  .F.,(2,2),(-90.27743494484,-18.15254326381),.PIECEWISE_BEZIER_KNOTS.);
#4711 = CARTESIAN_POINT('',(26.,72.124891681028));
#4712 = CARTESIAN_POINT('',(26.,0.));
#4713 = ( GEOMETRIC_REPRESENTATION_CONTEXT(2) 
PARAMETRIC_REPRESENTATION_CONTEXT() REPRESENTATION_CONTEXT('2D SPACE',''
  ) );
#4714 = ADVANCED_FACE('',(#4715),#4488,.F.);
#4715 = FACE_BOUND('',#4716,.F.);
#4716 = EDGE_LOOP('',(#4717,#4718,#4719,#4720));
#4717 = ORIENTED_EDGE('',*,*,#4628,.F.);
#4718 = ORIENTED_EDGE('',*,*,#4603,.T.);
#4719 = ORIENTED_EDGE('',*,*,#4473,.F.);
#4720 = ORIENTED_EDGE('',*,*,#4721,.F.);
#4721 = EDGE_CURVE('',#4629,#4474,#4722,.T.);
#4722 = SURFACE_CURVE('',#4723,(#4727,#4733),.PCURVE_S1.);
#4723 = LINE('',#4724,#4725);
#4724 = CARTESIAN_POINT('',(-35.47915933911,51.,3.527E+03));
#4725 = VECTOR('',#4726,1.);
#4726 = DIRECTION('',(0.,0.,1.));
#4727 = PCURVE('',#4488,#4728);
#4728 = DEFINITIONAL_REPRESENTATION('',(#4729),#4732);
#4729 = B_SPLINE_CURVE_WITH_KNOTS('',1,(#4730,#4731),.UNSPECIFIED.,.F.,
  .F.,(2,2),(13.,30.),.PIECEWISE_BEZIER_KNOTS.);
#4730 = CARTESIAN_POINT('',(0.,51.343145750508));
#4731 = CARTESIAN_POINT('',(17.,51.343145750508));
#4732 = ( GEOMETRIC_REPRESENTATION_CONTEXT(2) 
PARAMETRIC_REPRESENTATION_CONTEXT() REPRESENTATION_CONTEXT('2D SPACE',''
  ) );
#4733 = PCURVE('',#4514,#4734);
#4734 = DEFINITIONAL_REPRESENTATION('',(#4735),#4738);
#4735 = B_SPLINE_CURVE_WITH_KNOTS('',1,(#4736,#4737),.UNSPECIFIED.,.F.,
  .F.,(2,2),(13.,30.),.PIECEWISE_BEZIER_KNOTS.);
#4736 = CARTESIAN_POINT('',(26.,72.124891681028));
#4737 = CARTESIAN_POINT('',(43.,72.124891681028));
#4738 = ( GEOMETRIC_REPRESENTATION_CONTEXT(2) 
PARAMETRIC_REPRESENTATION_CONTEXT() REPRESENTATION_CONTEXT('2D SPACE',''
  ) );
#4739 = ADVANCED_FACE('',(#4740),#4514,.T.);
#4740 = FACE_BOUND('',#4741,.T.);
#4741 = EDGE_LOOP('',(#4742,#4743,#4744,#4765));
#4742 = ORIENTED_EDGE('',*,*,#4721,.F.);
#4743 = ORIENTED_EDGE('',*,*,#4696,.T.);
#4744 = ORIENTED_EDGE('',*,*,#4745,.T.);
#4745 = EDGE_CURVE('',#4676,#4500,#4746,.T.);
#4746 = SURFACE_CURVE('',#4747,(#4751,#4758),.PCURVE_S1.);
#4747 = LINE('',#4748,#4749);
#4748 = CARTESIAN_POINT('',(-86.47915933911,-2.84217094304E-14,3.514E+03
    ));
#4749 = VECTOR('',#4750,1.);
#4750 = DIRECTION('',(0.,0.,1.));
#4751 = PCURVE('',#4514,#4752);
#4752 = DEFINITIONAL_REPRESENTATION('',(#4753),#4757);
#4753 = LINE('',#4754,#4755);
#4754 = CARTESIAN_POINT('',(0.,0.));
#4755 = VECTOR('',#4756,1.);
#4756 = DIRECTION('',(1.,0.));
#4757 = ( GEOMETRIC_REPRESENTATION_CONTEXT(2) 
PARAMETRIC_REPRESENTATION_CONTEXT() REPRESENTATION_CONTEXT('2D SPACE',''
  ) );
#4758 = PCURVE('',#4538,#4759);
#4759 = DEFINITIONAL_REPRESENTATION('',(#4760),#4764);
#4760 = LINE('',#4761,#4762);
#4761 = CARTESIAN_POINT('',(0.,-200.));
#4762 = VECTOR('',#4763,1.);
#4763 = DIRECTION('',(1.,0.));
#4764 = ( GEOMETRIC_REPRESENTATION_CONTEXT(2) 
PARAMETRIC_REPRESENTATION_CONTEXT() REPRESENTATION_CONTEXT('2D SPACE',''
  ) );
#4765 = ORIENTED_EDGE('',*,*,#4499,.F.);
#4766 = ADVANCED_FACE('',(#4767),#4538,.F.);
#4767 = FACE_BOUND('',#4768,.F.);
#4768 = EDGE_LOOP('',(#4769,#4770,#4771,#4772));
#4769 = ORIENTED_EDGE('',*,*,#4675,.T.);
#4770 = ORIENTED_EDGE('',*,*,#4745,.T.);
#4771 = ORIENTED_EDGE('',*,*,#4525,.F.);
#4772 = ORIENTED_EDGE('',*,*,#4773,.T.);
#4773 = EDGE_CURVE('',#4420,#4653,#4774,.T.);
#4774 = SURFACE_CURVE('',#4775,(#4779,#4785),.PCURVE_S1.);
#4775 = LINE('',#4776,#4777);
#4776 = CARTESIAN_POINT('',(-35.47915933911,-51.,3.527E+03));
#4777 = VECTOR('',#4778,1.);
#4778 = DIRECTION('',(0.,0.,-1.));
#4779 = PCURVE('',#4538,#4780);
#4780 = DEFINITIONAL_REPRESENTATION('',(#4781),#4784);
#4781 = B_SPLINE_CURVE_WITH_KNOTS('',1,(#4782,#4783),.UNSPECIFIED.,.F.,
  .F.,(2,2),(-30.,-13.),.PIECEWISE_BEZIER_KNOTS.);
#4782 = CARTESIAN_POINT('',(43.,-127.8751083189));
#4783 = CARTESIAN_POINT('',(26.,-127.8751083189));
#4784 = ( GEOMETRIC_REPRESENTATION_CONTEXT(2) 
PARAMETRIC_REPRESENTATION_CONTEXT() REPRESENTATION_CONTEXT('2D SPACE',''
  ) );
#4785 = PCURVE('',#4436,#4786);
#4786 = DEFINITIONAL_REPRESENTATION('',(#4787),#4790);
#4787 = B_SPLINE_CURVE_WITH_KNOTS('',1,(#4788,#4789),.UNSPECIFIED.,.F.,
  .F.,(2,2),(-30.,-13.),.PIECEWISE_BEZIER_KNOTS.);
#4788 = CARTESIAN_POINT('',(17.,51.343145750508));
#4789 = CARTESIAN_POINT('',(0.,51.343145750508));
#4790 = ( GEOMETRIC_REPRESENTATION_CONTEXT(2) 
PARAMETRIC_REPRESENTATION_CONTEXT() REPRESENTATION_CONTEXT('2D SPACE',''
  ) );
#4791 = ADVANCED_FACE('',(#4792),#4436,.T.);
#4792 = FACE_BOUND('',#4793,.T.);
#4793 = EDGE_LOOP('',(#4794,#4795,#4796,#4797));
#4794 = ORIENTED_EDGE('',*,*,#4652,.F.);
#4795 = ORIENTED_EDGE('',*,*,#4552,.T.);
#4796 = ORIENTED_EDGE('',*,*,#4419,.F.);
#4797 = ORIENTED_EDGE('',*,*,#4773,.T.);
#4798 = ADVANCED_FACE('',(#4799),#2934,.F.);
#4799 = FACE_BOUND('',#4800,.F.);
#4800 = EDGE_LOOP('',(#4801,#4802,#4803,#4804));
#4801 = ORIENTED_EDGE('',*,*,#3055,.F.);
#4802 = ORIENTED_EDGE('',*,*,#2911,.T.);
#4803 = ORIENTED_EDGE('',*,*,#4392,.T.);
#4804 = ORIENTED_EDGE('',*,*,#3594,.F.);
#4805 = MANIFOLD_SOLID_BREP('',#4806);
#4806 = CLOSED_SHELL('',(#4807,#4927,#5027,#5074,#5121,#5128));
#4807 = ADVANCED_FACE('',(#4808),#4822,.F.);
#4808 = FACE_BOUND('',#4809,.F.);
#4809 = EDGE_LOOP('',(#4810,#4845,#4873,#4901));
#4810 = ORIENTED_EDGE('',*,*,#4811,.F.);
#4811 = EDGE_CURVE('',#4812,#4814,#4816,.T.);
#4812 = VERTEX_POINT('',#4813);
#4813 = CARTESIAN_POINT('',(-88.82230508962,-61.,3.53E+03));
#4814 = VERTEX_POINT('',#4815);
#4815 = CARTESIAN_POINT('',(-88.82230508962,-61.,3.542E+03));
#4816 = SURFACE_CURVE('',#4817,(#4821,#4833),.PCURVE_S1.);
#4817 = LINE('',#4818,#4819);
#4818 = CARTESIAN_POINT('',(-88.82230508962,-61.,3.53E+03));
#4819 = VECTOR('',#4820,1.);
#4820 = DIRECTION('',(0.,0.,1.));
#4821 = PCURVE('',#4822,#4827);
#4822 = PLANE('',#4823);
#4823 = AXIS2_PLACEMENT_3D('',#4824,#4825,#4826);
#4824 = CARTESIAN_POINT('',(-88.82230508962,-61.,3.53E+03));
#4825 = DIRECTION('',(1.,0.,-0.));
#4826 = DIRECTION('',(0.,0.,1.));
#4827 = DEFINITIONAL_REPRESENTATION('',(#4828),#4832);
#4828 = LINE('',#4829,#4830);
#4829 = CARTESIAN_POINT('',(0.,0.));
#4830 = VECTOR('',#4831,1.);
#4831 = DIRECTION('',(1.,0.));
#4832 = ( GEOMETRIC_REPRESENTATION_CONTEXT(2) 
PARAMETRIC_REPRESENTATION_CONTEXT() REPRESENTATION_CONTEXT('2D SPACE',''
  ) );
#4833 = PCURVE('',#4834,#4839);
#4834 = PLANE('',#4835);
#4835 = AXIS2_PLACEMENT_3D('',#4836,#4837,#4838);
#4836 = CARTESIAN_POINT('',(-88.82230508962,-61.,3.53E+03));
#4837 = DIRECTION('',(-0.,1.,0.));
#4838 = DIRECTION('',(0.,0.,1.));
#4839 = DEFINITIONAL_REPRESENTATION('',(#4840),#4844);
#4840 = LINE('',#4841,#4842);
#4841 = CARTESIAN_POINT('',(0.,0.));
#4842 = VECTOR('',#4843,1.);
#4843 = DIRECTION('',(1.,0.));
#4844 = ( GEOMETRIC_REPRESENTATION_CONTEXT(2) 
PARAMETRIC_REPRESENTATION_CONTEXT() REPRESENTATION_CONTEXT('2D SPACE',''
  ) );
#4845 = ORIENTED_EDGE('',*,*,#4846,.T.);
#4846 = EDGE_CURVE('',#4812,#4847,#4849,.T.);
#4847 = VERTEX_POINT('',#4848);
#4848 = CARTESIAN_POINT('',(-88.82230508962,-56.,3.53E+03));
#4849 = SURFACE_CURVE('',#4850,(#4854,#4861),.PCURVE_S1.);
#4850 = LINE('',#4851,#4852);
#4851 = CARTESIAN_POINT('',(-88.82230508962,-61.,3.53E+03));
#4852 = VECTOR('',#4853,1.);
#4853 = DIRECTION('',(-0.,1.,0.));
#4854 = PCURVE('',#4822,#4855);
#4855 = DEFINITIONAL_REPRESENTATION('',(#4856),#4860);
#4856 = LINE('',#4857,#4858);
#4857 = CARTESIAN_POINT('',(0.,0.));
#4858 = VECTOR('',#4859,1.);
#4859 = DIRECTION('',(0.,-1.));
#4860 = ( GEOMETRIC_REPRESENTATION_CONTEXT(2) 
PARAMETRIC_REPRESENTATION_CONTEXT() REPRESENTATION_CONTEXT('2D SPACE',''
  ) );
#4861 = PCURVE('',#4862,#4867);
#4862 = PLANE('',#4863);
#4863 = AXIS2_PLACEMENT_3D('',#4864,#4865,#4866);
#4864 = CARTESIAN_POINT('',(-88.82230508962,-61.,3.53E+03));
#4865 = DIRECTION('',(0.,0.,1.));
#4866 = DIRECTION('',(1.,0.,-0.));
#4867 = DEFINITIONAL_REPRESENTATION('',(#4868),#4872);
#4868 = LINE('',#4869,#4870);
#4869 = CARTESIAN_POINT('',(0.,0.));
#4870 = VECTOR('',#4871,1.);
#4871 = DIRECTION('',(0.,1.));
#4872 = ( GEOMETRIC_REPRESENTATION_CONTEXT(2) 
PARAMETRIC_REPRESENTATION_CONTEXT() REPRESENTATION_CONTEXT('2D SPACE',''
  ) );
#4873 = ORIENTED_EDGE('',*,*,#4874,.T.);
#4874 = EDGE_CURVE('',#4847,#4875,#4877,.T.);
#4875 = VERTEX_POINT('',#4876);
#4876 = CARTESIAN_POINT('',(-88.82230508962,-56.,3.542E+03));
#4877 = SURFACE_CURVE('',#4878,(#4882,#4889),.PCURVE_S1.);
#4878 = LINE('',#4879,#4880);
#4879 = CARTESIAN_POINT('',(-88.82230508962,-56.,3.53E+03));
#4880 = VECTOR('',#4881,1.);
#4881 = DIRECTION('',(0.,0.,1.));
#4882 = PCURVE('',#4822,#4883);
#4883 = DEFINITIONAL_REPRESENTATION('',(#4884),#4888);
#4884 = LINE('',#4885,#4886);
#4885 = CARTESIAN_POINT('',(0.,-5.));
#4886 = VECTOR('',#4887,1.);
#4887 = DIRECTION('',(1.,0.));
#4888 = ( GEOMETRIC_REPRESENTATION_CONTEXT(2) 
PARAMETRIC_REPRESENTATION_CONTEXT() REPRESENTATION_CONTEXT('2D SPACE',''
  ) );
#4889 = PCURVE('',#4890,#4895);
#4890 = PLANE('',#4891);
#4891 = AXIS2_PLACEMENT_3D('',#4892,#4893,#4894);
#4892 = CARTESIAN_POINT('',(-88.82230508962,-56.,3.53E+03));
#4893 = DIRECTION('',(-0.,1.,0.));
#4894 = DIRECTION('',(0.,0.,1.));
#4895 = DEFINITIONAL_REPRESENTATION('',(#4896),#4900);
#4896 = LINE('',#4897,#4898);
#4897 = CARTESIAN_POINT('',(0.,0.));
#4898 = VECTOR('',#4899,1.);
#4899 = DIRECTION('',(1.,0.));
#4900 = ( GEOMETRIC_REPRESENTATION_CONTEXT(2) 
PARAMETRIC_REPRESENTATION_CONTEXT() REPRESENTATION_CONTEXT('2D SPACE',''
  ) );
#4901 = ORIENTED_EDGE('',*,*,#4902,.F.);
#4902 = EDGE_CURVE('',#4814,#4875,#4903,.T.);
#4903 = SURFACE_CURVE('',#4904,(#4908,#4915),.PCURVE_S1.);
#4904 = LINE('',#4905,#4906);
#4905 = CARTESIAN_POINT('',(-88.82230508962,-61.,3.542E+03));
#4906 = VECTOR('',#4907,1.);
#4907 = DIRECTION('',(-0.,1.,0.));
#4908 = PCURVE('',#4822,#4909);
#4909 = DEFINITIONAL_REPRESENTATION('',(#4910),#4914);
#4910 = LINE('',#4911,#4912);
#4911 = CARTESIAN_POINT('',(12.,0.));
#4912 = VECTOR('',#4913,1.);
#4913 = DIRECTION('',(0.,-1.));
#4914 = ( GEOMETRIC_REPRESENTATION_CONTEXT(2) 
PARAMETRIC_REPRESENTATION_CONTEXT() REPRESENTATION_CONTEXT('2D SPACE',''
  ) );
#4915 = PCURVE('',#4916,#4921);
#4916 = PLANE('',#4917);
#4917 = AXIS2_PLACEMENT_3D('',#4918,#4919,#4920);
#4918 = CARTESIAN_POINT('',(-88.82230508962,-61.,3.542E+03));
#4919 = DIRECTION('',(0.,0.,1.));
#4920 = DIRECTION('',(1.,0.,-0.));
#4921 = DEFINITIONAL_REPRESENTATION('',(#4922),#4926);
#4922 = LINE('',#4923,#4924);
#4923 = CARTESIAN_POINT('',(0.,0.));
#4924 = VECTOR('',#4925,1.);
#4925 = DIRECTION('',(0.,1.));
#4926 = ( GEOMETRIC_REPRESENTATION_CONTEXT(2) 
PARAMETRIC_REPRESENTATION_CONTEXT() REPRESENTATION_CONTEXT('2D SPACE',''
  ) );
#4927 = ADVANCED_FACE('',(#4928),#4942,.T.);
#4928 = FACE_BOUND('',#4929,.T.);
#4929 = EDGE_LOOP('',(#4930,#4960,#4983,#5006));
#4930 = ORIENTED_EDGE('',*,*,#4931,.F.);
#4931 = EDGE_CURVE('',#4932,#4934,#4936,.T.);
#4932 = VERTEX_POINT('',#4933);
#4933 = CARTESIAN_POINT('',(-30.82230508962,-61.,3.53E+03));
#4934 = VERTEX_POINT('',#4935);
#4935 = CARTESIAN_POINT('',(-30.82230508962,-61.,3.542E+03));
#4936 = SURFACE_CURVE('',#4937,(#4941,#4953),.PCURVE_S1.);
#4937 = LINE('',#4938,#4939);
#4938 = CARTESIAN_POINT('',(-30.82230508962,-61.,3.53E+03));
#4939 = VECTOR('',#4940,1.);
#4940 = DIRECTION('',(0.,0.,1.));
#4941 = PCURVE('',#4942,#4947);
#4942 = PLANE('',#4943);
#4943 = AXIS2_PLACEMENT_3D('',#4944,#4945,#4946);
#4944 = CARTESIAN_POINT('',(-30.82230508962,-61.,3.53E+03));
#4945 = DIRECTION('',(1.,0.,-0.));
#4946 = DIRECTION('',(0.,0.,1.));
#4947 = DEFINITIONAL_REPRESENTATION('',(#4948),#4952);
#4948 = LINE('',#4949,#4950);
#4949 = CARTESIAN_POINT('',(0.,0.));
#4950 = VECTOR('',#4951,1.);
#4951 = DIRECTION('',(1.,0.));
#4952 = ( GEOMETRIC_REPRESENTATION_CONTEXT(2) 
PARAMETRIC_REPRESENTATION_CONTEXT() REPRESENTATION_CONTEXT('2D SPACE',''
  ) );
#4953 = PCURVE('',#4834,#4954);
#4954 = DEFINITIONAL_REPRESENTATION('',(#4955),#4959);
#4955 = LINE('',#4956,#4957);
#4956 = CARTESIAN_POINT('',(0.,58.));
#4957 = VECTOR('',#4958,1.);
#4958 = DIRECTION('',(1.,0.));
#4959 = ( GEOMETRIC_REPRESENTATION_CONTEXT(2) 
PARAMETRIC_REPRESENTATION_CONTEXT() REPRESENTATION_CONTEXT('2D SPACE',''
  ) );
#4960 = ORIENTED_EDGE('',*,*,#4961,.T.);
#4961 = EDGE_CURVE('',#4932,#4962,#4964,.T.);
#4962 = VERTEX_POINT('',#4963);
#4963 = CARTESIAN_POINT('',(-30.82230508962,-56.,3.53E+03));
#4964 = SURFACE_CURVE('',#4965,(#4969,#4976),.PCURVE_S1.);
#4965 = LINE('',#4966,#4967);
#4966 = CARTESIAN_POINT('',(-30.82230508962,-61.,3.53E+03));
#4967 = VECTOR('',#4968,1.);
#4968 = DIRECTION('',(-0.,1.,0.));
#4969 = PCURVE('',#4942,#4970);
#4970 = DEFINITIONAL_REPRESENTATION('',(#4971),#4975);
#4971 = LINE('',#4972,#4973);
#4972 = CARTESIAN_POINT('',(0.,0.));
#4973 = VECTOR('',#4974,1.);
#4974 = DIRECTION('',(0.,-1.));
#4975 = ( GEOMETRIC_REPRESENTATION_CONTEXT(2) 
PARAMETRIC_REPRESENTATION_CONTEXT() REPRESENTATION_CONTEXT('2D SPACE',''
  ) );
#4976 = PCURVE('',#4862,#4977);
#4977 = DEFINITIONAL_REPRESENTATION('',(#4978),#4982);
#4978 = LINE('',#4979,#4980);
#4979 = CARTESIAN_POINT('',(58.,0.));
#4980 = VECTOR('',#4981,1.);
#4981 = DIRECTION('',(0.,1.));
#4982 = ( GEOMETRIC_REPRESENTATION_CONTEXT(2) 
PARAMETRIC_REPRESENTATION_CONTEXT() REPRESENTATION_CONTEXT('2D SPACE',''
  ) );
#4983 = ORIENTED_EDGE('',*,*,#4984,.T.);
#4984 = EDGE_CURVE('',#4962,#4985,#4987,.T.);
#4985 = VERTEX_POINT('',#4986);
#4986 = CARTESIAN_POINT('',(-30.82230508962,-56.,3.542E+03));
#4987 = SURFACE_CURVE('',#4988,(#4992,#4999),.PCURVE_S1.);
#4988 = LINE('',#4989,#4990);
#4989 = CARTESIAN_POINT('',(-30.82230508962,-56.,3.53E+03));
#4990 = VECTOR('',#4991,1.);
#4991 = DIRECTION('',(0.,0.,1.));
#4992 = PCURVE('',#4942,#4993);
#4993 = DEFINITIONAL_REPRESENTATION('',(#4994),#4998);
#4994 = LINE('',#4995,#4996);
#4995 = CARTESIAN_POINT('',(0.,-5.));
#4996 = VECTOR('',#4997,1.);
#4997 = DIRECTION('',(1.,0.));
#4998 = ( GEOMETRIC_REPRESENTATION_CONTEXT(2) 
PARAMETRIC_REPRESENTATION_CONTEXT() REPRESENTATION_CONTEXT('2D SPACE',''
  ) );
#4999 = PCURVE('',#4890,#5000);
#5000 = DEFINITIONAL_REPRESENTATION('',(#5001),#5005);
#5001 = LINE('',#5002,#5003);
#5002 = CARTESIAN_POINT('',(0.,58.));
#5003 = VECTOR('',#5004,1.);
#5004 = DIRECTION('',(1.,0.));
#5005 = ( GEOMETRIC_REPRESENTATION_CONTEXT(2) 
PARAMETRIC_REPRESENTATION_CONTEXT() REPRESENTATION_CONTEXT('2D SPACE',''
  ) );
#5006 = ORIENTED_EDGE('',*,*,#5007,.F.);
#5007 = EDGE_CURVE('',#4934,#4985,#5008,.T.);
#5008 = SURFACE_CURVE('',#5009,(#5013,#5020),.PCURVE_S1.);
#5009 = LINE('',#5010,#5011);
#5010 = CARTESIAN_POINT('',(-30.82230508962,-61.,3.542E+03));
#5011 = VECTOR('',#5012,1.);
#5012 = DIRECTION('',(-0.,1.,0.));
#5013 = PCURVE('',#4942,#5014);
#5014 = DEFINITIONAL_REPRESENTATION('',(#5015),#5019);
#5015 = LINE('',#5016,#5017);
#5016 = CARTESIAN_POINT('',(12.,0.));
#5017 = VECTOR('',#5018,1.);
#5018 = DIRECTION('',(0.,-1.));
#5019 = ( GEOMETRIC_REPRESENTATION_CONTEXT(2) 
PARAMETRIC_REPRESENTATION_CONTEXT() REPRESENTATION_CONTEXT('2D SPACE',''
  ) );
#5020 = PCURVE('',#4916,#5021);
#5021 = DEFINITIONAL_REPRESENTATION('',(#5022),#5026);
#5022 = LINE('',#5023,#5024);
#5023 = CARTESIAN_POINT('',(58.,0.));
#5024 = VECTOR('',#5025,1.);
#5025 = DIRECTION('',(0.,1.));
#5026 = ( GEOMETRIC_REPRESENTATION_CONTEXT(2) 
PARAMETRIC_REPRESENTATION_CONTEXT() REPRESENTATION_CONTEXT('2D SPACE',''
  ) );
#5027 = ADVANCED_FACE('',(#5028),#4834,.F.);
#5028 = FACE_BOUND('',#5029,.F.);
#5029 = EDGE_LOOP('',(#5030,#5051,#5052,#5073));
#5030 = ORIENTED_EDGE('',*,*,#5031,.F.);
#5031 = EDGE_CURVE('',#4812,#4932,#5032,.T.);
#5032 = SURFACE_CURVE('',#5033,(#5037,#5044),.PCURVE_S1.);
#5033 = LINE('',#5034,#5035);
#5034 = CARTESIAN_POINT('',(-88.82230508962,-61.,3.53E+03));
#5035 = VECTOR('',#5036,1.);
#5036 = DIRECTION('',(1.,0.,-0.));
#5037 = PCURVE('',#4834,#5038);
#5038 = DEFINITIONAL_REPRESENTATION('',(#5039),#5043);
#5039 = LINE('',#5040,#5041);
#5040 = CARTESIAN_POINT('',(0.,0.));
#5041 = VECTOR('',#5042,1.);
#5042 = DIRECTION('',(0.,1.));
#5043 = ( GEOMETRIC_REPRESENTATION_CONTEXT(2) 
PARAMETRIC_REPRESENTATION_CONTEXT() REPRESENTATION_CONTEXT('2D SPACE',''
  ) );
#5044 = PCURVE('',#4862,#5045);
#5045 = DEFINITIONAL_REPRESENTATION('',(#5046),#5050);
#5046 = LINE('',#5047,#5048);
#5047 = CARTESIAN_POINT('',(0.,0.));
#5048 = VECTOR('',#5049,1.);
#5049 = DIRECTION('',(1.,0.));
#5050 = ( GEOMETRIC_REPRESENTATION_CONTEXT(2) 
PARAMETRIC_REPRESENTATION_CONTEXT() REPRESENTATION_CONTEXT('2D SPACE',''
  ) );
#5051 = ORIENTED_EDGE('',*,*,#4811,.T.);
#5052 = ORIENTED_EDGE('',*,*,#5053,.T.);
#5053 = EDGE_CURVE('',#4814,#4934,#5054,.T.);
#5054 = SURFACE_CURVE('',#5055,(#5059,#5066),.PCURVE_S1.);
#5055 = LINE('',#5056,#5057);
#5056 = CARTESIAN_POINT('',(-88.82230508962,-61.,3.542E+03));
#5057 = VECTOR('',#5058,1.);
#5058 = DIRECTION('',(1.,0.,-0.));
#5059 = PCURVE('',#4834,#5060);
#5060 = DEFINITIONAL_REPRESENTATION('',(#5061),#5065);
#5061 = LINE('',#5062,#5063);
#5062 = CARTESIAN_POINT('',(12.,0.));
#5063 = VECTOR('',#5064,1.);
#5064 = DIRECTION('',(0.,1.));
#5065 = ( GEOMETRIC_REPRESENTATION_CONTEXT(2) 
PARAMETRIC_REPRESENTATION_CONTEXT() REPRESENTATION_CONTEXT('2D SPACE',''
  ) );
#5066 = PCURVE('',#4916,#5067);
#5067 = DEFINITIONAL_REPRESENTATION('',(#5068),#5072);
#5068 = LINE('',#5069,#5070);
#5069 = CARTESIAN_POINT('',(0.,0.));
#5070 = VECTOR('',#5071,1.);
#5071 = DIRECTION('',(1.,0.));
#5072 = ( GEOMETRIC_REPRESENTATION_CONTEXT(2) 
PARAMETRIC_REPRESENTATION_CONTEXT() REPRESENTATION_CONTEXT('2D SPACE',''
  ) );
#5073 = ORIENTED_EDGE('',*,*,#4931,.F.);
#5074 = ADVANCED_FACE('',(#5075),#4890,.T.);
#5075 = FACE_BOUND('',#5076,.T.);
#5076 = EDGE_LOOP('',(#5077,#5098,#5099,#5120));
#5077 = ORIENTED_EDGE('',*,*,#5078,.F.);
#5078 = EDGE_CURVE('',#4847,#4962,#5079,.T.);
#5079 = SURFACE_CURVE('',#5080,(#5084,#5091),.PCURVE_S1.);
#5080 = LINE('',#5081,#5082);
#5081 = CARTESIAN_POINT('',(-88.82230508962,-56.,3.53E+03));
#5082 = VECTOR('',#5083,1.);
#5083 = DIRECTION('',(1.,0.,-0.));
#5084 = PCURVE('',#4890,#5085);
#5085 = DEFINITIONAL_REPRESENTATION('',(#5086),#5090);
#5086 = LINE('',#5087,#5088);
#5087 = CARTESIAN_POINT('',(0.,0.));
#5088 = VECTOR('',#5089,1.);
#5089 = DIRECTION('',(0.,1.));
#5090 = ( GEOMETRIC_REPRESENTATION_CONTEXT(2) 
PARAMETRIC_REPRESENTATION_CONTEXT() REPRESENTATION_CONTEXT('2D SPACE',''
  ) );
#5091 = PCURVE('',#4862,#5092);
#5092 = DEFINITIONAL_REPRESENTATION('',(#5093),#5097);
#5093 = LINE('',#5094,#5095);
#5094 = CARTESIAN_POINT('',(0.,5.));
#5095 = VECTOR('',#5096,1.);
#5096 = DIRECTION('',(1.,0.));
#5097 = ( GEOMETRIC_REPRESENTATION_CONTEXT(2) 
PARAMETRIC_REPRESENTATION_CONTEXT() REPRESENTATION_CONTEXT('2D SPACE',''
  ) );
#5098 = ORIENTED_EDGE('',*,*,#4874,.T.);
#5099 = ORIENTED_EDGE('',*,*,#5100,.T.);
#5100 = EDGE_CURVE('',#4875,#4985,#5101,.T.);
#5101 = SURFACE_CURVE('',#5102,(#5106,#5113),.PCURVE_S1.);
#5102 = LINE('',#5103,#5104);
#5103 = CARTESIAN_POINT('',(-88.82230508962,-56.,3.542E+03));
#5104 = VECTOR('',#5105,1.);
#5105 = DIRECTION('',(1.,0.,-0.));
#5106 = PCURVE('',#4890,#5107);
#5107 = DEFINITIONAL_REPRESENTATION('',(#5108),#5112);
#5108 = LINE('',#5109,#5110);
#5109 = CARTESIAN_POINT('',(12.,0.));
#5110 = VECTOR('',#5111,1.);
#5111 = DIRECTION('',(0.,1.));
#5112 = ( GEOMETRIC_REPRESENTATION_CONTEXT(2) 
PARAMETRIC_REPRESENTATION_CONTEXT() REPRESENTATION_CONTEXT('2D SPACE',''
  ) );
#5113 = PCURVE('',#4916,#5114);
#5114 = DEFINITIONAL_REPRESENTATION('',(#5115),#5119);
#5115 = LINE('',#5116,#5117);
#5116 = CARTESIAN_POINT('',(0.,5.));
#5117 = VECTOR('',#5118,1.);
#5118 = DIRECTION('',(1.,0.));
#5119 = ( GEOMETRIC_REPRESENTATION_CONTEXT(2) 
PARAMETRIC_REPRESENTATION_CONTEXT() REPRESENTATION_CONTEXT('2D SPACE',''
  ) );
#5120 = ORIENTED_EDGE('',*,*,#4984,.F.);
#5121 = ADVANCED_FACE('',(#5122),#4862,.F.);
#5122 = FACE_BOUND('',#5123,.F.);
#5123 = EDGE_LOOP('',(#5124,#5125,#5126,#5127));
#5124 = ORIENTED_EDGE('',*,*,#4846,.F.);
#5125 = ORIENTED_EDGE('',*,*,#5031,.T.);
#5126 = ORIENTED_EDGE('',*,*,#4961,.T.);
#5127 = ORIENTED_EDGE('',*,*,#5078,.F.);
#5128 = ADVANCED_FACE('',(#5129),#4916,.T.);
#5129 = FACE_BOUND('',#5130,.T.);
#5130 = EDGE_LOOP('',(#5131,#5132,#5133,#5134));
#5131 = ORIENTED_EDGE('',*,*,#4902,.F.);
#5132 = ORIENTED_EDGE('',*,*,#5053,.T.);
#5133 = ORIENTED_EDGE('',*,*,#5007,.T.);
#5134 = ORIENTED_EDGE('',*,*,#5100,.F.);
#5135 = MANIFOLD_SOLID_BREP('',#5136);
#5136 = CLOSED_SHELL('',(#5137,#5257,#5357,#5404,#5451,#5458));
#5137 = ADVANCED_FACE('',(#5138),#5152,.F.);
#5138 = FACE_BOUND('',#5139,.F.);
#5139 = EDGE_LOOP('',(#5140,#5175,#5203,#5231));
#5140 = ORIENTED_EDGE('',*,*,#5141,.F.);
#5141 = EDGE_CURVE('',#5142,#5144,#5146,.T.);
#5142 = VERTEX_POINT('',#5143);
#5143 = CARTESIAN_POINT('',(-88.82230508962,56.,3.53E+03));
#5144 = VERTEX_POINT('',#5145);
#5145 = CARTESIAN_POINT('',(-88.82230508962,56.,3.542E+03));
#5146 = SURFACE_CURVE('',#5147,(#5151,#5163),.PCURVE_S1.);
#5147 = LINE('',#5148,#5149);
#5148 = CARTESIAN_POINT('',(-88.82230508962,56.,3.53E+03));
#5149 = VECTOR('',#5150,1.);
#5150 = DIRECTION('',(0.,0.,1.));
#5151 = PCURVE('',#5152,#5157);
#5152 = PLANE('',#5153);
#5153 = AXIS2_PLACEMENT_3D('',#5154,#5155,#5156);
#5154 = CARTESIAN_POINT('',(-88.82230508962,56.,3.53E+03));
#5155 = DIRECTION('',(1.,0.,-0.));
#5156 = DIRECTION('',(0.,0.,1.));
#5157 = DEFINITIONAL_REPRESENTATION('',(#5158),#5162);
#5158 = LINE('',#5159,#5160);
#5159 = CARTESIAN_POINT('',(0.,0.));
#5160 = VECTOR('',#5161,1.);
#5161 = DIRECTION('',(1.,0.));
#5162 = ( GEOMETRIC_REPRESENTATION_CONTEXT(2) 
PARAMETRIC_REPRESENTATION_CONTEXT() REPRESENTATION_CONTEXT('2D SPACE',''
  ) );
#5163 = PCURVE('',#5164,#5169);
#5164 = PLANE('',#5165);
#5165 = AXIS2_PLACEMENT_3D('',#5166,#5167,#5168);
#5166 = CARTESIAN_POINT('',(-88.82230508962,56.,3.53E+03));
#5167 = DIRECTION('',(-0.,1.,0.));
#5168 = DIRECTION('',(0.,0.,1.));
#5169 = DEFINITIONAL_REPRESENTATION('',(#5170),#5174);
#5170 = LINE('',#5171,#5172);
#5171 = CARTESIAN_POINT('',(0.,0.));
#5172 = VECTOR('',#5173,1.);
#5173 = DIRECTION('',(1.,0.));
#5174 = ( GEOMETRIC_REPRESENTATION_CONTEXT(2) 
PARAMETRIC_REPRESENTATION_CONTEXT() REPRESENTATION_CONTEXT('2D SPACE',''
  ) );
#5175 = ORIENTED_EDGE('',*,*,#5176,.T.);
#5176 = EDGE_CURVE('',#5142,#5177,#5179,.T.);
#5177 = VERTEX_POINT('',#5178);
#5178 = CARTESIAN_POINT('',(-88.82230508962,61.,3.53E+03));
#5179 = SURFACE_CURVE('',#5180,(#5184,#5191),.PCURVE_S1.);
#5180 = LINE('',#5181,#5182);
#5181 = CARTESIAN_POINT('',(-88.82230508962,56.,3.53E+03));
#5182 = VECTOR('',#5183,1.);
#5183 = DIRECTION('',(-0.,1.,0.));
#5184 = PCURVE('',#5152,#5185);
#5185 = DEFINITIONAL_REPRESENTATION('',(#5186),#5190);
#5186 = LINE('',#5187,#5188);
#5187 = CARTESIAN_POINT('',(0.,0.));
#5188 = VECTOR('',#5189,1.);
#5189 = DIRECTION('',(0.,-1.));
#5190 = ( GEOMETRIC_REPRESENTATION_CONTEXT(2) 
PARAMETRIC_REPRESENTATION_CONTEXT() REPRESENTATION_CONTEXT('2D SPACE',''
  ) );
#5191 = PCURVE('',#5192,#5197);
#5192 = PLANE('',#5193);
#5193 = AXIS2_PLACEMENT_3D('',#5194,#5195,#5196);
#5194 = CARTESIAN_POINT('',(-88.82230508962,56.,3.53E+03));
#5195 = DIRECTION('',(0.,0.,1.));
#5196 = DIRECTION('',(1.,0.,-0.));
#5197 = DEFINITIONAL_REPRESENTATION('',(#5198),#5202);
#5198 = LINE('',#5199,#5200);
#5199 = CARTESIAN_POINT('',(0.,0.));
#5200 = VECTOR('',#5201,1.);
#5201 = DIRECTION('',(0.,1.));
#5202 = ( GEOMETRIC_REPRESENTATION_CONTEXT(2) 
PARAMETRIC_REPRESENTATION_CONTEXT() REPRESENTATION_CONTEXT('2D SPACE',''
  ) );
#5203 = ORIENTED_EDGE('',*,*,#5204,.T.);
#5204 = EDGE_CURVE('',#5177,#5205,#5207,.T.);
#5205 = VERTEX_POINT('',#5206);
#5206 = CARTESIAN_POINT('',(-88.82230508962,61.,3.542E+03));
#5207 = SURFACE_CURVE('',#5208,(#5212,#5219),.PCURVE_S1.);
#5208 = LINE('',#5209,#5210);
#5209 = CARTESIAN_POINT('',(-88.82230508962,61.,3.53E+03));
#5210 = VECTOR('',#5211,1.);
#5211 = DIRECTION('',(0.,0.,1.));
#5212 = PCURVE('',#5152,#5213);
#5213 = DEFINITIONAL_REPRESENTATION('',(#5214),#5218);
#5214 = LINE('',#5215,#5216);
#5215 = CARTESIAN_POINT('',(0.,-5.));
#5216 = VECTOR('',#5217,1.);
#5217 = DIRECTION('',(1.,0.));
#5218 = ( GEOMETRIC_REPRESENTATION_CONTEXT(2) 
PARAMETRIC_REPRESENTATION_CONTEXT() REPRESENTATION_CONTEXT('2D SPACE',''
  ) );
#5219 = PCURVE('',#5220,#5225);
#5220 = PLANE('',#5221);
#5221 = AXIS2_PLACEMENT_3D('',#5222,#5223,#5224);
#5222 = CARTESIAN_POINT('',(-88.82230508962,61.,3.53E+03));
#5223 = DIRECTION('',(-0.,1.,0.));
#5224 = DIRECTION('',(0.,0.,1.));
#5225 = DEFINITIONAL_REPRESENTATION('',(#5226),#5230);
#5226 = LINE('',#5227,#5228);
#5227 = CARTESIAN_POINT('',(0.,0.));
#5228 = VECTOR('',#5229,1.);
#5229 = DIRECTION('',(1.,0.));
#5230 = ( GEOMETRIC_REPRESENTATION_CONTEXT(2) 
PARAMETRIC_REPRESENTATION_CONTEXT() REPRESENTATION_CONTEXT('2D SPACE',''
  ) );
#5231 = ORIENTED_EDGE('',*,*,#5232,.F.);
#5232 = EDGE_CURVE('',#5144,#5205,#5233,.T.);
#5233 = SURFACE_CURVE('',#5234,(#5238,#5245),.PCURVE_S1.);
#5234 = LINE('',#5235,#5236);
#5235 = CARTESIAN_POINT('',(-88.82230508962,56.,3.542E+03));
#5236 = VECTOR('',#5237,1.);
#5237 = DIRECTION('',(-0.,1.,0.));
#5238 = PCURVE('',#5152,#5239);
#5239 = DEFINITIONAL_REPRESENTATION('',(#5240),#5244);
#5240 = LINE('',#5241,#5242);
#5241 = CARTESIAN_POINT('',(12.,0.));
#5242 = VECTOR('',#5243,1.);
#5243 = DIRECTION('',(0.,-1.));
#5244 = ( GEOMETRIC_REPRESENTATION_CONTEXT(2) 
PARAMETRIC_REPRESENTATION_CONTEXT() REPRESENTATION_CONTEXT('2D SPACE',''
  ) );
#5245 = PCURVE('',#5246,#5251);
#5246 = PLANE('',#5247);
#5247 = AXIS2_PLACEMENT_3D('',#5248,#5249,#5250);
#5248 = CARTESIAN_POINT('',(-88.82230508962,56.,3.542E+03));
#5249 = DIRECTION('',(0.,0.,1.));
#5250 = DIRECTION('',(1.,0.,-0.));
#5251 = DEFINITIONAL_REPRESENTATION('',(#5252),#5256);
#5252 = LINE('',#5253,#5254);
#5253 = CARTESIAN_POINT('',(0.,0.));
#5254 = VECTOR('',#5255,1.);
#5255 = DIRECTION('',(0.,1.));
#5256 = ( GEOMETRIC_REPRESENTATION_CONTEXT(2) 
PARAMETRIC_REPRESENTATION_CONTEXT() REPRESENTATION_CONTEXT('2D SPACE',''
  ) );
#5257 = ADVANCED_FACE('',(#5258),#5272,.T.);
#5258 = FACE_BOUND('',#5259,.T.);
#5259 = EDGE_LOOP('',(#5260,#5290,#5313,#5336));
#5260 = ORIENTED_EDGE('',*,*,#5261,.F.);
#5261 = EDGE_CURVE('',#5262,#5264,#5266,.T.);
#5262 = VERTEX_POINT('',#5263);
#5263 = CARTESIAN_POINT('',(-30.82230508962,56.,3.53E+03));
#5264 = VERTEX_POINT('',#5265);
#5265 = CARTESIAN_POINT('',(-30.82230508962,56.,3.542E+03));
#5266 = SURFACE_CURVE('',#5267,(#5271,#5283),.PCURVE_S1.);
#5267 = LINE('',#5268,#5269);
#5268 = CARTESIAN_POINT('',(-30.82230508962,56.,3.53E+03));
#5269 = VECTOR('',#5270,1.);
#5270 = DIRECTION('',(0.,0.,1.));
#5271 = PCURVE('',#5272,#5277);
#5272 = PLANE('',#5273);
#5273 = AXIS2_PLACEMENT_3D('',#5274,#5275,#5276);
#5274 = CARTESIAN_POINT('',(-30.82230508962,56.,3.53E+03));
#5275 = DIRECTION('',(1.,0.,-0.));
#5276 = DIRECTION('',(0.,0.,1.));
#5277 = DEFINITIONAL_REPRESENTATION('',(#5278),#5282);
#5278 = LINE('',#5279,#5280);
#5279 = CARTESIAN_POINT('',(0.,0.));
#5280 = VECTOR('',#5281,1.);
#5281 = DIRECTION('',(1.,0.));
#5282 = ( GEOMETRIC_REPRESENTATION_CONTEXT(2) 
PARAMETRIC_REPRESENTATION_CONTEXT() REPRESENTATION_CONTEXT('2D SPACE',''
  ) );
#5283 = PCURVE('',#5164,#5284);
#5284 = DEFINITIONAL_REPRESENTATION('',(#5285),#5289);
#5285 = LINE('',#5286,#5287);
#5286 = CARTESIAN_POINT('',(0.,58.));
#5287 = VECTOR('',#5288,1.);
#5288 = DIRECTION('',(1.,0.));
#5289 = ( GEOMETRIC_REPRESENTATION_CONTEXT(2) 
PARAMETRIC_REPRESENTATION_CONTEXT() REPRESENTATION_CONTEXT('2D SPACE',''
  ) );
#5290 = ORIENTED_EDGE('',*,*,#5291,.T.);
#5291 = EDGE_CURVE('',#5262,#5292,#5294,.T.);
#5292 = VERTEX_POINT('',#5293);
#5293 = CARTESIAN_POINT('',(-30.82230508962,61.,3.53E+03));
#5294 = SURFACE_CURVE('',#5295,(#5299,#5306),.PCURVE_S1.);
#5295 = LINE('',#5296,#5297);
#5296 = CARTESIAN_POINT('',(-30.82230508962,56.,3.53E+03));
#5297 = VECTOR('',#5298,1.);
#5298 = DIRECTION('',(-0.,1.,0.));
#5299 = PCURVE('',#5272,#5300);
#5300 = DEFINITIONAL_REPRESENTATION('',(#5301),#5305);
#5301 = LINE('',#5302,#5303);
#5302 = CARTESIAN_POINT('',(0.,0.));
#5303 = VECTOR('',#5304,1.);
#5304 = DIRECTION('',(0.,-1.));
#5305 = ( GEOMETRIC_REPRESENTATION_CONTEXT(2) 
PARAMETRIC_REPRESENTATION_CONTEXT() REPRESENTATION_CONTEXT('2D SPACE',''
  ) );
#5306 = PCURVE('',#5192,#5307);
#5307 = DEFINITIONAL_REPRESENTATION('',(#5308),#5312);
#5308 = LINE('',#5309,#5310);
#5309 = CARTESIAN_POINT('',(58.,0.));
#5310 = VECTOR('',#5311,1.);
#5311 = DIRECTION('',(0.,1.));
#5312 = ( GEOMETRIC_REPRESENTATION_CONTEXT(2) 
PARAMETRIC_REPRESENTATION_CONTEXT() REPRESENTATION_CONTEXT('2D SPACE',''
  ) );
#5313 = ORIENTED_EDGE('',*,*,#5314,.T.);
#5314 = EDGE_CURVE('',#5292,#5315,#5317,.T.);
#5315 = VERTEX_POINT('',#5316);
#5316 = CARTESIAN_POINT('',(-30.82230508962,61.,3.542E+03));
#5317 = SURFACE_CURVE('',#5318,(#5322,#5329),.PCURVE_S1.);
#5318 = LINE('',#5319,#5320);
#5319 = CARTESIAN_POINT('',(-30.82230508962,61.,3.53E+03));
#5320 = VECTOR('',#5321,1.);
#5321 = DIRECTION('',(0.,0.,1.));
#5322 = PCURVE('',#5272,#5323);
#5323 = DEFINITIONAL_REPRESENTATION('',(#5324),#5328);
#5324 = LINE('',#5325,#5326);
#5325 = CARTESIAN_POINT('',(0.,-5.));
#5326 = VECTOR('',#5327,1.);
#5327 = DIRECTION('',(1.,0.));
#5328 = ( GEOMETRIC_REPRESENTATION_CONTEXT(2) 
PARAMETRIC_REPRESENTATION_CONTEXT() REPRESENTATION_CONTEXT('2D SPACE',''
  ) );
#5329 = PCURVE('',#5220,#5330);
#5330 = DEFINITIONAL_REPRESENTATION('',(#5331),#5335);
#5331 = LINE('',#5332,#5333);
#5332 = CARTESIAN_POINT('',(0.,58.));
#5333 = VECTOR('',#5334,1.);
#5334 = DIRECTION('',(1.,0.));
#5335 = ( GEOMETRIC_REPRESENTATION_CONTEXT(2) 
PARAMETRIC_REPRESENTATION_CONTEXT() REPRESENTATION_CONTEXT('2D SPACE',''
  ) );
#5336 = ORIENTED_EDGE('',*,*,#5337,.F.);
#5337 = EDGE_CURVE('',#5264,#5315,#5338,.T.);
#5338 = SURFACE_CURVE('',#5339,(#5343,#5350),.PCURVE_S1.);
#5339 = LINE('',#5340,#5341);
#5340 = CARTESIAN_POINT('',(-30.82230508962,56.,3.542E+03));
#5341 = VECTOR('',#5342,1.);
#5342 = DIRECTION('',(-0.,1.,0.));
#5343 = PCURVE('',#5272,#5344);
#5344 = DEFINITIONAL_REPRESENTATION('',(#5345),#5349);
#5345 = LINE('',#5346,#5347);
#5346 = CARTESIAN_POINT('',(12.,0.));
#5347 = VECTOR('',#5348,1.);
#5348 = DIRECTION('',(0.,-1.));
#5349 = ( GEOMETRIC_REPRESENTATION_CONTEXT(2) 
PARAMETRIC_REPRESENTATION_CONTEXT() REPRESENTATION_CONTEXT('2D SPACE',''
  ) );
#5350 = PCURVE('',#5246,#5351);
#5351 = DEFINITIONAL_REPRESENTATION('',(#5352),#5356);
#5352 = LINE('',#5353,#5354);
#5353 = CARTESIAN_POINT('',(58.,0.));
#5354 = VECTOR('',#5355,1.);
#5355 = DIRECTION('',(0.,1.));
#5356 = ( GEOMETRIC_REPRESENTATION_CONTEXT(2) 
PARAMETRIC_REPRESENTATION_CONTEXT() REPRESENTATION_CONTEXT('2D SPACE',''
  ) );
#5357 = ADVANCED_FACE('',(#5358),#5164,.F.);
#5358 = FACE_BOUND('',#5359,.F.);
#5359 = EDGE_LOOP('',(#5360,#5381,#5382,#5403));
#5360 = ORIENTED_EDGE('',*,*,#5361,.F.);
#5361 = EDGE_CURVE('',#5142,#5262,#5362,.T.);
#5362 = SURFACE_CURVE('',#5363,(#5367,#5374),.PCURVE_S1.);
#5363 = LINE('',#5364,#5365);
#5364 = CARTESIAN_POINT('',(-88.82230508962,56.,3.53E+03));
#5365 = VECTOR('',#5366,1.);
#5366 = DIRECTION('',(1.,0.,-0.));
#5367 = PCURVE('',#5164,#5368);
#5368 = DEFINITIONAL_REPRESENTATION('',(#5369),#5373);
#5369 = LINE('',#5370,#5371);
#5370 = CARTESIAN_POINT('',(0.,0.));
#5371 = VECTOR('',#5372,1.);
#5372 = DIRECTION('',(0.,1.));
#5373 = ( GEOMETRIC_REPRESENTATION_CONTEXT(2) 
PARAMETRIC_REPRESENTATION_CONTEXT() REPRESENTATION_CONTEXT('2D SPACE',''
  ) );
#5374 = PCURVE('',#5192,#5375);
#5375 = DEFINITIONAL_REPRESENTATION('',(#5376),#5380);
#5376 = LINE('',#5377,#5378);
#5377 = CARTESIAN_POINT('',(0.,0.));
#5378 = VECTOR('',#5379,1.);
#5379 = DIRECTION('',(1.,0.));
#5380 = ( GEOMETRIC_REPRESENTATION_CONTEXT(2) 
PARAMETRIC_REPRESENTATION_CONTEXT() REPRESENTATION_CONTEXT('2D SPACE',''
  ) );
#5381 = ORIENTED_EDGE('',*,*,#5141,.T.);
#5382 = ORIENTED_EDGE('',*,*,#5383,.T.);
#5383 = EDGE_CURVE('',#5144,#5264,#5384,.T.);
#5384 = SURFACE_CURVE('',#5385,(#5389,#5396),.PCURVE_S1.);
#5385 = LINE('',#5386,#5387);
#5386 = CARTESIAN_POINT('',(-88.82230508962,56.,3.542E+03));
#5387 = VECTOR('',#5388,1.);
#5388 = DIRECTION('',(1.,0.,-0.));
#5389 = PCURVE('',#5164,#5390);
#5390 = DEFINITIONAL_REPRESENTATION('',(#5391),#5395);
#5391 = LINE('',#5392,#5393);
#5392 = CARTESIAN_POINT('',(12.,0.));
#5393 = VECTOR('',#5394,1.);
#5394 = DIRECTION('',(0.,1.));
#5395 = ( GEOMETRIC_REPRESENTATION_CONTEXT(2) 
PARAMETRIC_REPRESENTATION_CONTEXT() REPRESENTATION_CONTEXT('2D SPACE',''
  ) );
#5396 = PCURVE('',#5246,#5397);
#5397 = DEFINITIONAL_REPRESENTATION('',(#5398),#5402);
#5398 = LINE('',#5399,#5400);
#5399 = CARTESIAN_POINT('',(0.,0.));
#5400 = VECTOR('',#5401,1.);
#5401 = DIRECTION('',(1.,0.));
#5402 = ( GEOMETRIC_REPRESENTATION_CONTEXT(2) 
PARAMETRIC_REPRESENTATION_CONTEXT() REPRESENTATION_CONTEXT('2D SPACE',''
  ) );
#5403 = ORIENTED_EDGE('',*,*,#5261,.F.);
#5404 = ADVANCED_FACE('',(#5405),#5220,.T.);
#5405 = FACE_BOUND('',#5406,.T.);
#5406 = EDGE_LOOP('',(#5407,#5428,#5429,#5450));
#5407 = ORIENTED_EDGE('',*,*,#5408,.F.);
#5408 = EDGE_CURVE('',#5177,#5292,#5409,.T.);
#5409 = SURFACE_CURVE('',#5410,(#5414,#5421),.PCURVE_S1.);
#5410 = LINE('',#5411,#5412);
#5411 = CARTESIAN_POINT('',(-88.82230508962,61.,3.53E+03));
#5412 = VECTOR('',#5413,1.);
#5413 = DIRECTION('',(1.,0.,-0.));
#5414 = PCURVE('',#5220,#5415);
#5415 = DEFINITIONAL_REPRESENTATION('',(#5416),#5420);
#5416 = LINE('',#5417,#5418);
#5417 = CARTESIAN_POINT('',(0.,0.));
#5418 = VECTOR('',#5419,1.);
#5419 = DIRECTION('',(0.,1.));
#5420 = ( GEOMETRIC_REPRESENTATION_CONTEXT(2) 
PARAMETRIC_REPRESENTATION_CONTEXT() REPRESENTATION_CONTEXT('2D SPACE',''
  ) );
#5421 = PCURVE('',#5192,#5422);
#5422 = DEFINITIONAL_REPRESENTATION('',(#5423),#5427);
#5423 = LINE('',#5424,#5425);
#5424 = CARTESIAN_POINT('',(0.,5.));
#5425 = VECTOR('',#5426,1.);
#5426 = DIRECTION('',(1.,0.));
#5427 = ( GEOMETRIC_REPRESENTATION_CONTEXT(2) 
PARAMETRIC_REPRESENTATION_CONTEXT() REPRESENTATION_CONTEXT('2D SPACE',''
  ) );
#5428 = ORIENTED_EDGE('',*,*,#5204,.T.);
#5429 = ORIENTED_EDGE('',*,*,#5430,.T.);
#5430 = EDGE_CURVE('',#5205,#5315,#5431,.T.);
#5431 = SURFACE_CURVE('',#5432,(#5436,#5443),.PCURVE_S1.);
#5432 = LINE('',#5433,#5434);
#5433 = CARTESIAN_POINT('',(-88.82230508962,61.,3.542E+03));
#5434 = VECTOR('',#5435,1.);
#5435 = DIRECTION('',(1.,0.,-0.));
#5436 = PCURVE('',#5220,#5437);
#5437 = DEFINITIONAL_REPRESENTATION('',(#5438),#5442);
#5438 = LINE('',#5439,#5440);
#5439 = CARTESIAN_POINT('',(12.,0.));
#5440 = VECTOR('',#5441,1.);
#5441 = DIRECTION('',(0.,1.));
#5442 = ( GEOMETRIC_REPRESENTATION_CONTEXT(2) 
PARAMETRIC_REPRESENTATION_CONTEXT() REPRESENTATION_CONTEXT('2D SPACE',''
  ) );
#5443 = PCURVE('',#5246,#5444);
#5444 = DEFINITIONAL_REPRESENTATION('',(#5445),#5449);
#5445 = LINE('',#5446,#5447);
#5446 = CARTESIAN_POINT('',(0.,5.));
#5447 = VECTOR('',#5448,1.);
#5448 = DIRECTION('',(1.,0.));
#5449 = ( GEOMETRIC_REPRESENTATION_CONTEXT(2) 
PARAMETRIC_REPRESENTATION_CONTEXT() REPRESENTATION_CONTEXT('2D SPACE',''
  ) );
#5450 = ORIENTED_EDGE('',*,*,#5314,.F.);
#5451 = ADVANCED_FACE('',(#5452),#5192,.F.);
#5452 = FACE_BOUND('',#5453,.F.);
#5453 = EDGE_LOOP('',(#5454,#5455,#5456,#5457));
#5454 = ORIENTED_EDGE('',*,*,#5176,.F.);
#5455 = ORIENTED_EDGE('',*,*,#5361,.T.);
#5456 = ORIENTED_EDGE('',*,*,#5291,.T.);
#5457 = ORIENTED_EDGE('',*,*,#5408,.F.);
#5458 = ADVANCED_FACE('',(#5459),#5246,.T.);
#5459 = FACE_BOUND('',#5460,.T.);
#5460 = EDGE_LOOP('',(#5461,#5462,#5463,#5464));
#5461 = ORIENTED_EDGE('',*,*,#5232,.F.);
#5462 = ORIENTED_EDGE('',*,*,#5383,.T.);
#5463 = ORIENTED_EDGE('',*,*,#5337,.T.);
#5464 = ORIENTED_EDGE('',*,*,#5430,.F.);
#5465 = BREP_WITH_VOIDS('',#5466,(#6945));
#5466 = CLOSED_SHELL('',(#5467,#5693,#5769,#5818,#5867,#5894,#5970,#6019
    ,#6068,#6095,#6133,#6140,#6767,#6853,#6888,#6918));
#5467 = ADVANCED_FACE('',(#5468,#5587),#5482,.F.);
#5468 = FACE_BOUND('',#5469,.F.);
#5469 = EDGE_LOOP('',(#5470,#5505,#5533,#5561));
#5470 = ORIENTED_EDGE('',*,*,#5471,.F.);
#5471 = EDGE_CURVE('',#5472,#5474,#5476,.T.);
#5472 = VERTEX_POINT('',#5473);
#5473 = CARTESIAN_POINT('',(57.15,-30.,3.835E+03));
#5474 = VERTEX_POINT('',#5475);
#5475 = CARTESIAN_POINT('',(57.15,-30.,3.925E+03));
#5476 = SURFACE_CURVE('',#5477,(#5481,#5493),.PCURVE_S1.);
#5477 = LINE('',#5478,#5479);
#5478 = CARTESIAN_POINT('',(57.15,-30.,3.835E+03));
#5479 = VECTOR('',#5480,1.);
#5480 = DIRECTION('',(0.,0.,1.));
#5481 = PCURVE('',#5482,#5487);
#5482 = PLANE('',#5483);
#5483 = AXIS2_PLACEMENT_3D('',#5484,#5485,#5486);
#5484 = CARTESIAN_POINT('',(57.15,-30.,3.835E+03));
#5485 = DIRECTION('',(1.,0.,-0.));
#5486 = DIRECTION('',(0.,0.,1.));
#5487 = DEFINITIONAL_REPRESENTATION('',(#5488),#5492);
#5488 = LINE('',#5489,#5490);
#5489 = CARTESIAN_POINT('',(0.,0.));
#5490 = VECTOR('',#5491,1.);
#5491 = DIRECTION('',(1.,0.));
#5492 = ( GEOMETRIC_REPRESENTATION_CONTEXT(2) 
PARAMETRIC_REPRESENTATION_CONTEXT() REPRESENTATION_CONTEXT('2D SPACE',''
  ) );
#5493 = PCURVE('',#5494,#5499);
#5494 = PLANE('',#5495);
#5495 = AXIS2_PLACEMENT_3D('',#5496,#5497,#5498);
#5496 = CARTESIAN_POINT('',(57.15,-30.,3.835E+03));
#5497 = DIRECTION('',(-0.,1.,0.));
#5498 = DIRECTION('',(0.,0.,1.));
#5499 = DEFINITIONAL_REPRESENTATION('',(#5500),#5504);
#5500 = LINE('',#5501,#5502);
#5501 = CARTESIAN_POINT('',(0.,0.));
#5502 = VECTOR('',#5503,1.);
#5503 = DIRECTION('',(1.,0.));
#5504 = ( GEOMETRIC_REPRESENTATION_CONTEXT(2) 
PARAMETRIC_REPRESENTATION_CONTEXT() REPRESENTATION_CONTEXT('2D SPACE',''
  ) );
#5505 = ORIENTED_EDGE('',*,*,#5506,.T.);
#5506 = EDGE_CURVE('',#5472,#5507,#5509,.T.);
#5507 = VERTEX_POINT('',#5508);
#5508 = CARTESIAN_POINT('',(57.15,30.,3.835E+03));
#5509 = SURFACE_CURVE('',#5510,(#5514,#5521),.PCURVE_S1.);
#5510 = LINE('',#5511,#5512);
#5511 = CARTESIAN_POINT('',(57.15,-30.,3.835E+03));
#5512 = VECTOR('',#5513,1.);
#5513 = DIRECTION('',(-0.,1.,0.));
#5514 = PCURVE('',#5482,#5515);
#5515 = DEFINITIONAL_REPRESENTATION('',(#5516),#5520);
#5516 = LINE('',#5517,#5518);
#5517 = CARTESIAN_POINT('',(0.,0.));
#5518 = VECTOR('',#5519,1.);
#5519 = DIRECTION('',(0.,-1.));
#5520 = ( GEOMETRIC_REPRESENTATION_CONTEXT(2) 
PARAMETRIC_REPRESENTATION_CONTEXT() REPRESENTATION_CONTEXT('2D SPACE',''
  ) );
#5521 = PCURVE('',#5522,#5527);
#5522 = PLANE('',#5523);
#5523 = AXIS2_PLACEMENT_3D('',#5524,#5525,#5526);
#5524 = CARTESIAN_POINT('',(57.15,-30.,3.835E+03));
#5525 = DIRECTION('',(0.,0.,1.));
#5526 = DIRECTION('',(1.,0.,-0.));
#5527 = DEFINITIONAL_REPRESENTATION('',(#5528),#5532);
#5528 = LINE('',#5529,#5530);
#5529 = CARTESIAN_POINT('',(0.,0.));
#5530 = VECTOR('',#5531,1.);
#5531 = DIRECTION('',(0.,1.));
#5532 = ( GEOMETRIC_REPRESENTATION_CONTEXT(2) 
PARAMETRIC_REPRESENTATION_CONTEXT() REPRESENTATION_CONTEXT('2D SPACE',''
  ) );
#5533 = ORIENTED_EDGE('',*,*,#5534,.T.);
#5534 = EDGE_CURVE('',#5507,#5535,#5537,.T.);
#5535 = VERTEX_POINT('',#5536);
#5536 = CARTESIAN_POINT('',(57.15,30.,3.925E+03));
#5537 = SURFACE_CURVE('',#5538,(#5542,#5549),.PCURVE_S1.);
#5538 = LINE('',#5539,#5540);
#5539 = CARTESIAN_POINT('',(57.15,30.,3.835E+03));
#5540 = VECTOR('',#5541,1.);
#5541 = DIRECTION('',(0.,0.,1.));
#5542 = PCURVE('',#5482,#5543);
#5543 = DEFINITIONAL_REPRESENTATION('',(#5544),#5548);
#5544 = LINE('',#5545,#5546);
#5545 = CARTESIAN_POINT('',(0.,-60.));
#5546 = VECTOR('',#5547,1.);
#5547 = DIRECTION('',(1.,0.));
#5548 = ( GEOMETRIC_REPRESENTATION_CONTEXT(2) 
PARAMETRIC_REPRESENTATION_CONTEXT() REPRESENTATION_CONTEXT('2D SPACE',''
  ) );
#5549 = PCURVE('',#5550,#5555);
#5550 = PLANE('',#5551);
#5551 = AXIS2_PLACEMENT_3D('',#5552,#5553,#5554);
#5552 = CARTESIAN_POINT('',(57.15,30.,3.835E+03));
#5553 = DIRECTION('',(-0.,1.,0.));
#5554 = DIRECTION('',(0.,0.,1.));
#5555 = DEFINITIONAL_REPRESENTATION('',(#5556),#5560);
#5556 = LINE('',#5557,#5558);
#5557 = CARTESIAN_POINT('',(0.,0.));
#5558 = VECTOR('',#5559,1.);
#5559 = DIRECTION('',(1.,0.));
#5560 = ( GEOMETRIC_REPRESENTATION_CONTEXT(2) 
PARAMETRIC_REPRESENTATION_CONTEXT() REPRESENTATION_CONTEXT('2D SPACE',''
  ) );
#5561 = ORIENTED_EDGE('',*,*,#5562,.F.);
#5562 = EDGE_CURVE('',#5474,#5535,#5563,.T.);
#5563 = SURFACE_CURVE('',#5564,(#5568,#5575),.PCURVE_S1.);
#5564 = LINE('',#5565,#5566);
#5565 = CARTESIAN_POINT('',(57.15,-30.,3.925E+03));
#5566 = VECTOR('',#5567,1.);
#5567 = DIRECTION('',(-0.,1.,0.));
#5568 = PCURVE('',#5482,#5569);
#5569 = DEFINITIONAL_REPRESENTATION('',(#5570),#5574);
#5570 = LINE('',#5571,#5572);
#5571 = CARTESIAN_POINT('',(90.,0.));
#5572 = VECTOR('',#5573,1.);
#5573 = DIRECTION('',(0.,-1.));
#5574 = ( GEOMETRIC_REPRESENTATION_CONTEXT(2) 
PARAMETRIC_REPRESENTATION_CONTEXT() REPRESENTATION_CONTEXT('2D SPACE',''
  ) );
#5575 = PCURVE('',#5576,#5581);
#5576 = PLANE('',#5577);
#5577 = AXIS2_PLACEMENT_3D('',#5578,#5579,#5580);
#5578 = CARTESIAN_POINT('',(57.15,-30.,3.925E+03));
#5579 = DIRECTION('',(0.,0.,1.));
#5580 = DIRECTION('',(1.,0.,-0.));
#5581 = DEFINITIONAL_REPRESENTATION('',(#5582),#5586);
#5582 = LINE('',#5583,#5584);
#5583 = CARTESIAN_POINT('',(0.,0.));
#5584 = VECTOR('',#5585,1.);
#5585 = DIRECTION('',(0.,1.));
#5586 = ( GEOMETRIC_REPRESENTATION_CONTEXT(2) 
PARAMETRIC_REPRESENTATION_CONTEXT() REPRESENTATION_CONTEXT('2D SPACE',''
  ) );
#5587 = FACE_BOUND('',#5588,.F.);
#5588 = EDGE_LOOP('',(#5589,#5617,#5643,#5669));
#5589 = ORIENTED_EDGE('',*,*,#5590,.T.);
#5590 = EDGE_CURVE('',#5591,#5593,#5595,.T.);
#5591 = VERTEX_POINT('',#5592);
#5592 = CARTESIAN_POINT('',(57.15,24.,3.841E+03));
#5593 = VERTEX_POINT('',#5594);
#5594 = CARTESIAN_POINT('',(57.15,-24.,3.841E+03));
#5595 = SURFACE_CURVE('',#5596,(#5600,#5606),.PCURVE_S1.);
#5596 = LINE('',#5597,#5598);
#5597 = CARTESIAN_POINT('',(57.15,-27.,3.841E+03));
#5598 = VECTOR('',#5599,1.);
#5599 = DIRECTION('',(0.,-1.,0.));
#5600 = PCURVE('',#5482,#5601);
#5601 = DEFINITIONAL_REPRESENTATION('',(#5602),#5605);
#5602 = B_SPLINE_CURVE_WITH_KNOTS('',1,(#5603,#5604),.UNSPECIFIED.,.F.,
  .F.,(2,2),(-51.,-3.),.PIECEWISE_BEZIER_KNOTS.);
#5603 = CARTESIAN_POINT('',(6.,-54.));
#5604 = CARTESIAN_POINT('',(6.,-6.));
#5605 = ( GEOMETRIC_REPRESENTATION_CONTEXT(2) 
PARAMETRIC_REPRESENTATION_CONTEXT() REPRESENTATION_CONTEXT('2D SPACE',''
  ) );
#5606 = PCURVE('',#5607,#5612);
#5607 = PLANE('',#5608);
#5608 = AXIS2_PLACEMENT_3D('',#5609,#5610,#5611);
#5609 = CARTESIAN_POINT('',(56.15,-24.,3.841E+03));
#5610 = DIRECTION('',(0.,0.,1.));
#5611 = DIRECTION('',(1.,0.,-0.));
#5612 = DEFINITIONAL_REPRESENTATION('',(#5613),#5616);
#5613 = B_SPLINE_CURVE_WITH_KNOTS('',1,(#5614,#5615),.UNSPECIFIED.,.F.,
  .F.,(2,2),(-51.,-3.),.PIECEWISE_BEZIER_KNOTS.);
#5614 = CARTESIAN_POINT('',(1.,48.));
#5615 = CARTESIAN_POINT('',(1.,0.));
#5616 = ( GEOMETRIC_REPRESENTATION_CONTEXT(2) 
PARAMETRIC_REPRESENTATION_CONTEXT() REPRESENTATION_CONTEXT('2D SPACE',''
  ) );
#5617 = ORIENTED_EDGE('',*,*,#5618,.T.);
#5618 = EDGE_CURVE('',#5593,#5619,#5621,.T.);
#5619 = VERTEX_POINT('',#5620);
#5620 = CARTESIAN_POINT('',(57.15,-24.,3.919E+03));
#5621 = SURFACE_CURVE('',#5622,(#5626,#5632),.PCURVE_S1.);
#5622 = LINE('',#5623,#5624);
#5623 = CARTESIAN_POINT('',(57.15,-24.,3.838E+03));
#5624 = VECTOR('',#5625,1.);
#5625 = DIRECTION('',(0.,0.,1.));
#5626 = PCURVE('',#5482,#5627);
#5627 = DEFINITIONAL_REPRESENTATION('',(#5628),#5631);
#5628 = B_SPLINE_CURVE_WITH_KNOTS('',1,(#5629,#5630),.UNSPECIFIED.,.F.,
  .F.,(2,2),(3.,81.),.PIECEWISE_BEZIER_KNOTS.);
#5629 = CARTESIAN_POINT('',(6.,-6.));
#5630 = CARTESIAN_POINT('',(84.,-6.));
#5631 = ( GEOMETRIC_REPRESENTATION_CONTEXT(2) 
PARAMETRIC_REPRESENTATION_CONTEXT() REPRESENTATION_CONTEXT('2D SPACE',''
  ) );
#5632 = PCURVE('',#5633,#5638);
#5633 = PLANE('',#5634);
#5634 = AXIS2_PLACEMENT_3D('',#5635,#5636,#5637);
#5635 = CARTESIAN_POINT('',(56.15,-24.,3.841E+03));
#5636 = DIRECTION('',(-0.,1.,0.));
#5637 = DIRECTION('',(0.,0.,1.));
#5638 = DEFINITIONAL_REPRESENTATION('',(#5639),#5642);
#5639 = B_SPLINE_CURVE_WITH_KNOTS('',1,(#5640,#5641),.UNSPECIFIED.,.F.,
  .F.,(2,2),(3.,81.),.PIECEWISE_BEZIER_KNOTS.);
#5640 = CARTESIAN_POINT('',(0.,1.));
#5641 = CARTESIAN_POINT('',(78.,1.));
#5642 = ( GEOMETRIC_REPRESENTATION_CONTEXT(2) 
PARAMETRIC_REPRESENTATION_CONTEXT() REPRESENTATION_CONTEXT('2D SPACE',''
  ) );
#5643 = ORIENTED_EDGE('',*,*,#5644,.F.);
#5644 = EDGE_CURVE('',#5645,#5619,#5647,.T.);
#5645 = VERTEX_POINT('',#5646);
#5646 = CARTESIAN_POINT('',(57.15,24.,3.919E+03));
#5647 = SURFACE_CURVE('',#5648,(#5652,#5658),.PCURVE_S1.);
#5648 = LINE('',#5649,#5650);
#5649 = CARTESIAN_POINT('',(57.15,-27.,3.919E+03));
#5650 = VECTOR('',#5651,1.);
#5651 = DIRECTION('',(0.,-1.,0.));
#5652 = PCURVE('',#5482,#5653);
#5653 = DEFINITIONAL_REPRESENTATION('',(#5654),#5657);
#5654 = B_SPLINE_CURVE_WITH_KNOTS('',1,(#5655,#5656),.UNSPECIFIED.,.F.,
  .F.,(2,2),(-51.,-3.),.PIECEWISE_BEZIER_KNOTS.);
#5655 = CARTESIAN_POINT('',(84.,-54.));
#5656 = CARTESIAN_POINT('',(84.,-6.));
#5657 = ( GEOMETRIC_REPRESENTATION_CONTEXT(2) 
PARAMETRIC_REPRESENTATION_CONTEXT() REPRESENTATION_CONTEXT('2D SPACE',''
  ) );
#5658 = PCURVE('',#5659,#5664);
#5659 = PLANE('',#5660);
#5660 = AXIS2_PLACEMENT_3D('',#5661,#5662,#5663);
#5661 = CARTESIAN_POINT('',(56.15,-24.,3.919E+03));
#5662 = DIRECTION('',(0.,0.,1.));
#5663 = DIRECTION('',(1.,0.,-0.));
#5664 = DEFINITIONAL_REPRESENTATION('',(#5665),#5668);
#5665 = B_SPLINE_CURVE_WITH_KNOTS('',1,(#5666,#5667),.UNSPECIFIED.,.F.,
  .F.,(2,2),(-51.,-3.),.PIECEWISE_BEZIER_KNOTS.);
#5666 = CARTESIAN_POINT('',(1.,48.));
#5667 = CARTESIAN_POINT('',(1.,0.));
#5668 = ( GEOMETRIC_REPRESENTATION_CONTEXT(2) 
PARAMETRIC_REPRESENTATION_CONTEXT() REPRESENTATION_CONTEXT('2D SPACE',''
  ) );
#5669 = ORIENTED_EDGE('',*,*,#5670,.F.);
#5670 = EDGE_CURVE('',#5591,#5645,#5671,.T.);
#5671 = SURFACE_CURVE('',#5672,(#5676,#5682),.PCURVE_S1.);
#5672 = LINE('',#5673,#5674);
#5673 = CARTESIAN_POINT('',(57.15,24.,3.838E+03));
#5674 = VECTOR('',#5675,1.);
#5675 = DIRECTION('',(0.,0.,1.));
#5676 = PCURVE('',#5482,#5677);
#5677 = DEFINITIONAL_REPRESENTATION('',(#5678),#5681);
#5678 = B_SPLINE_CURVE_WITH_KNOTS('',1,(#5679,#5680),.UNSPECIFIED.,.F.,
  .F.,(2,2),(3.,81.),.PIECEWISE_BEZIER_KNOTS.);
#5679 = CARTESIAN_POINT('',(6.,-54.));
#5680 = CARTESIAN_POINT('',(84.,-54.));
#5681 = ( GEOMETRIC_REPRESENTATION_CONTEXT(2) 
PARAMETRIC_REPRESENTATION_CONTEXT() REPRESENTATION_CONTEXT('2D SPACE',''
  ) );
#5682 = PCURVE('',#5683,#5688);
#5683 = PLANE('',#5684);
#5684 = AXIS2_PLACEMENT_3D('',#5685,#5686,#5687);
#5685 = CARTESIAN_POINT('',(56.15,24.,3.841E+03));
#5686 = DIRECTION('',(-0.,1.,0.));
#5687 = DIRECTION('',(0.,0.,1.));
#5688 = DEFINITIONAL_REPRESENTATION('',(#5689),#5692);
#5689 = B_SPLINE_CURVE_WITH_KNOTS('',1,(#5690,#5691),.UNSPECIFIED.,.F.,
  .F.,(2,2),(3.,81.),.PIECEWISE_BEZIER_KNOTS.);
#5690 = CARTESIAN_POINT('',(0.,1.));
#5691 = CARTESIAN_POINT('',(78.,1.));
#5692 = ( GEOMETRIC_REPRESENTATION_CONTEXT(2) 
PARAMETRIC_REPRESENTATION_CONTEXT() REPRESENTATION_CONTEXT('2D SPACE',''
  ) );
#5693 = ADVANCED_FACE('',(#5694),#5494,.F.);
#5694 = FACE_BOUND('',#5695,.F.);
#5695 = EDGE_LOOP('',(#5696,#5719,#5720,#5743));
#5696 = ORIENTED_EDGE('',*,*,#5697,.F.);
#5697 = EDGE_CURVE('',#5472,#5698,#5700,.T.);
#5698 = VERTEX_POINT('',#5699);
#5699 = CARTESIAN_POINT('',(67.15,-30.,3.835E+03));
#5700 = SURFACE_CURVE('',#5701,(#5705,#5712),.PCURVE_S1.);
#5701 = LINE('',#5702,#5703);
#5702 = CARTESIAN_POINT('',(57.15,-30.,3.835E+03));
#5703 = VECTOR('',#5704,1.);
#5704 = DIRECTION('',(1.,0.,-0.));
#5705 = PCURVE('',#5494,#5706);
#5706 = DEFINITIONAL_REPRESENTATION('',(#5707),#5711);
#5707 = LINE('',#5708,#5709);
#5708 = CARTESIAN_POINT('',(0.,0.));
#5709 = VECTOR('',#5710,1.);
#5710 = DIRECTION('',(0.,1.));
#5711 = ( GEOMETRIC_REPRESENTATION_CONTEXT(2) 
PARAMETRIC_REPRESENTATION_CONTEXT() REPRESENTATION_CONTEXT('2D SPACE',''
  ) );
#5712 = PCURVE('',#5522,#5713);
#5713 = DEFINITIONAL_REPRESENTATION('',(#5714),#5718);
#5714 = LINE('',#5715,#5716);
#5715 = CARTESIAN_POINT('',(0.,0.));
#5716 = VECTOR('',#5717,1.);
#5717 = DIRECTION('',(1.,0.));
#5718 = ( GEOMETRIC_REPRESENTATION_CONTEXT(2) 
PARAMETRIC_REPRESENTATION_CONTEXT() REPRESENTATION_CONTEXT('2D SPACE',''
  ) );
#5719 = ORIENTED_EDGE('',*,*,#5471,.T.);
#5720 = ORIENTED_EDGE('',*,*,#5721,.T.);
#5721 = EDGE_CURVE('',#5474,#5722,#5724,.T.);
#5722 = VERTEX_POINT('',#5723);
#5723 = CARTESIAN_POINT('',(67.15,-30.,3.925E+03));
#5724 = SURFACE_CURVE('',#5725,(#5729,#5736),.PCURVE_S1.);
#5725 = LINE('',#5726,#5727);
#5726 = CARTESIAN_POINT('',(57.15,-30.,3.925E+03));
#5727 = VECTOR('',#5728,1.);
#5728 = DIRECTION('',(1.,0.,-0.));
#5729 = PCURVE('',#5494,#5730);
#5730 = DEFINITIONAL_REPRESENTATION('',(#5731),#5735);
#5731 = LINE('',#5732,#5733);
#5732 = CARTESIAN_POINT('',(90.,0.));
#5733 = VECTOR('',#5734,1.);
#5734 = DIRECTION('',(0.,1.));
#5735 = ( GEOMETRIC_REPRESENTATION_CONTEXT(2) 
PARAMETRIC_REPRESENTATION_CONTEXT() REPRESENTATION_CONTEXT('2D SPACE',''
  ) );
#5736 = PCURVE('',#5576,#5737);
#5737 = DEFINITIONAL_REPRESENTATION('',(#5738),#5742);
#5738 = LINE('',#5739,#5740);
#5739 = CARTESIAN_POINT('',(0.,0.));
#5740 = VECTOR('',#5741,1.);
#5741 = DIRECTION('',(1.,0.));
#5742 = ( GEOMETRIC_REPRESENTATION_CONTEXT(2) 
PARAMETRIC_REPRESENTATION_CONTEXT() REPRESENTATION_CONTEXT('2D SPACE',''
  ) );
#5743 = ORIENTED_EDGE('',*,*,#5744,.F.);
#5744 = EDGE_CURVE('',#5698,#5722,#5745,.T.);
#5745 = SURFACE_CURVE('',#5746,(#5750,#5757),.PCURVE_S1.);
#5746 = LINE('',#5747,#5748);
#5747 = CARTESIAN_POINT('',(67.15,-30.,3.835E+03));
#5748 = VECTOR('',#5749,1.);
#5749 = DIRECTION('',(0.,0.,1.));
#5750 = PCURVE('',#5494,#5751);
#5751 = DEFINITIONAL_REPRESENTATION('',(#5752),#5756);
#5752 = LINE('',#5753,#5754);
#5753 = CARTESIAN_POINT('',(0.,10.));
#5754 = VECTOR('',#5755,1.);
#5755 = DIRECTION('',(1.,0.));
#5756 = ( GEOMETRIC_REPRESENTATION_CONTEXT(2) 
PARAMETRIC_REPRESENTATION_CONTEXT() REPRESENTATION_CONTEXT('2D SPACE',''
  ) );
#5757 = PCURVE('',#5758,#5763);
#5758 = PLANE('',#5759);
#5759 = AXIS2_PLACEMENT_3D('',#5760,#5761,#5762);
#5760 = CARTESIAN_POINT('',(67.15,-30.,3.835E+03));
#5761 = DIRECTION('',(1.,0.,-0.));
#5762 = DIRECTION('',(0.,0.,1.));
#5763 = DEFINITIONAL_REPRESENTATION('',(#5764),#5768);
#5764 = LINE('',#5765,#5766);
#5765 = CARTESIAN_POINT('',(0.,0.));
#5766 = VECTOR('',#5767,1.);
#5767 = DIRECTION('',(1.,0.));
#5768 = ( GEOMETRIC_REPRESENTATION_CONTEXT(2) 
PARAMETRIC_REPRESENTATION_CONTEXT() REPRESENTATION_CONTEXT('2D SPACE',''
  ) );
#5769 = ADVANCED_FACE('',(#5770),#5576,.T.);
#5770 = FACE_BOUND('',#5771,.T.);
#5771 = EDGE_LOOP('',(#5772,#5773,#5774,#5797));
#5772 = ORIENTED_EDGE('',*,*,#5562,.F.);
#5773 = ORIENTED_EDGE('',*,*,#5721,.T.);
#5774 = ORIENTED_EDGE('',*,*,#5775,.T.);
#5775 = EDGE_CURVE('',#5722,#5776,#5778,.T.);
#5776 = VERTEX_POINT('',#5777);
#5777 = CARTESIAN_POINT('',(67.15,30.,3.925E+03));
#5778 = SURFACE_CURVE('',#5779,(#5783,#5790),.PCURVE_S1.);
#5779 = LINE('',#5780,#5781);
#5780 = CARTESIAN_POINT('',(67.15,-30.,3.925E+03));
#5781 = VECTOR('',#5782,1.);
#5782 = DIRECTION('',(-0.,1.,0.));
#5783 = PCURVE('',#5576,#5784);
#5784 = DEFINITIONAL_REPRESENTATION('',(#5785),#5789);
#5785 = LINE('',#5786,#5787);
#5786 = CARTESIAN_POINT('',(10.,0.));
#5787 = VECTOR('',#5788,1.);
#5788 = DIRECTION('',(0.,1.));
#5789 = ( GEOMETRIC_REPRESENTATION_CONTEXT(2) 
PARAMETRIC_REPRESENTATION_CONTEXT() REPRESENTATION_CONTEXT('2D SPACE',''
  ) );
#5790 = PCURVE('',#5758,#5791);
#5791 = DEFINITIONAL_REPRESENTATION('',(#5792),#5796);
#5792 = LINE('',#5793,#5794);
#5793 = CARTESIAN_POINT('',(90.,0.));
#5794 = VECTOR('',#5795,1.);
#5795 = DIRECTION('',(0.,-1.));
#5796 = ( GEOMETRIC_REPRESENTATION_CONTEXT(2) 
PARAMETRIC_REPRESENTATION_CONTEXT() REPRESENTATION_CONTEXT('2D SPACE',''
  ) );
#5797 = ORIENTED_EDGE('',*,*,#5798,.F.);
#5798 = EDGE_CURVE('',#5535,#5776,#5799,.T.);
#5799 = SURFACE_CURVE('',#5800,(#5804,#5811),.PCURVE_S1.);
#5800 = LINE('',#5801,#5802);
#5801 = CARTESIAN_POINT('',(57.15,30.,3.925E+03));
#5802 = VECTOR('',#5803,1.);
#5803 = DIRECTION('',(1.,0.,-0.));
#5804 = PCURVE('',#5576,#5805);
#5805 = DEFINITIONAL_REPRESENTATION('',(#5806),#5810);
#5806 = LINE('',#5807,#5808);
#5807 = CARTESIAN_POINT('',(0.,60.));
#5808 = VECTOR('',#5809,1.);
#5809 = DIRECTION('',(1.,0.));
#5810 = ( GEOMETRIC_REPRESENTATION_CONTEXT(2) 
PARAMETRIC_REPRESENTATION_CONTEXT() REPRESENTATION_CONTEXT('2D SPACE',''
  ) );
#5811 = PCURVE('',#5550,#5812);
#5812 = DEFINITIONAL_REPRESENTATION('',(#5813),#5817);
#5813 = LINE('',#5814,#5815);
#5814 = CARTESIAN_POINT('',(90.,0.));
#5815 = VECTOR('',#5816,1.);
#5816 = DIRECTION('',(0.,1.));
#5817 = ( GEOMETRIC_REPRESENTATION_CONTEXT(2) 
PARAMETRIC_REPRESENTATION_CONTEXT() REPRESENTATION_CONTEXT('2D SPACE',''
  ) );
#5818 = ADVANCED_FACE('',(#5819),#5522,.F.);
#5819 = FACE_BOUND('',#5820,.F.);
#5820 = EDGE_LOOP('',(#5821,#5822,#5823,#5846));
#5821 = ORIENTED_EDGE('',*,*,#5506,.F.);
#5822 = ORIENTED_EDGE('',*,*,#5697,.T.);
#5823 = ORIENTED_EDGE('',*,*,#5824,.T.);
#5824 = EDGE_CURVE('',#5698,#5825,#5827,.T.);
#5825 = VERTEX_POINT('',#5826);
#5826 = CARTESIAN_POINT('',(67.15,30.,3.835E+03));
#5827 = SURFACE_CURVE('',#5828,(#5832,#5839),.PCURVE_S1.);
#5828 = LINE('',#5829,#5830);
#5829 = CARTESIAN_POINT('',(67.15,-30.,3.835E+03));
#5830 = VECTOR('',#5831,1.);
#5831 = DIRECTION('',(-0.,1.,0.));
#5832 = PCURVE('',#5522,#5833);
#5833 = DEFINITIONAL_REPRESENTATION('',(#5834),#5838);
#5834 = LINE('',#5835,#5836);
#5835 = CARTESIAN_POINT('',(10.,0.));
#5836 = VECTOR('',#5837,1.);
#5837 = DIRECTION('',(0.,1.));
#5838 = ( GEOMETRIC_REPRESENTATION_CONTEXT(2) 
PARAMETRIC_REPRESENTATION_CONTEXT() REPRESENTATION_CONTEXT('2D SPACE',''
  ) );
#5839 = PCURVE('',#5758,#5840);
#5840 = DEFINITIONAL_REPRESENTATION('',(#5841),#5845);
#5841 = LINE('',#5842,#5843);
#5842 = CARTESIAN_POINT('',(0.,0.));
#5843 = VECTOR('',#5844,1.);
#5844 = DIRECTION('',(0.,-1.));
#5845 = ( GEOMETRIC_REPRESENTATION_CONTEXT(2) 
PARAMETRIC_REPRESENTATION_CONTEXT() REPRESENTATION_CONTEXT('2D SPACE',''
  ) );
#5846 = ORIENTED_EDGE('',*,*,#5847,.F.);
#5847 = EDGE_CURVE('',#5507,#5825,#5848,.T.);
#5848 = SURFACE_CURVE('',#5849,(#5853,#5860),.PCURVE_S1.);
#5849 = LINE('',#5850,#5851);
#5850 = CARTESIAN_POINT('',(57.15,30.,3.835E+03));
#5851 = VECTOR('',#5852,1.);
#5852 = DIRECTION('',(1.,0.,-0.));
#5853 = PCURVE('',#5522,#5854);
#5854 = DEFINITIONAL_REPRESENTATION('',(#5855),#5859);
#5855 = LINE('',#5856,#5857);
#5856 = CARTESIAN_POINT('',(0.,60.));
#5857 = VECTOR('',#5858,1.);
#5858 = DIRECTION('',(1.,0.));
#5859 = ( GEOMETRIC_REPRESENTATION_CONTEXT(2) 
PARAMETRIC_REPRESENTATION_CONTEXT() REPRESENTATION_CONTEXT('2D SPACE',''
  ) );
#5860 = PCURVE('',#5550,#5861);
#5861 = DEFINITIONAL_REPRESENTATION('',(#5862),#5866);
#5862 = LINE('',#5863,#5864);
#5863 = CARTESIAN_POINT('',(0.,0.));
#5864 = VECTOR('',#5865,1.);
#5865 = DIRECTION('',(0.,1.));
#5866 = ( GEOMETRIC_REPRESENTATION_CONTEXT(2) 
PARAMETRIC_REPRESENTATION_CONTEXT() REPRESENTATION_CONTEXT('2D SPACE',''
  ) );
#5867 = ADVANCED_FACE('',(#5868),#5550,.T.);
#5868 = FACE_BOUND('',#5869,.T.);
#5869 = EDGE_LOOP('',(#5870,#5871,#5872,#5873));
#5870 = ORIENTED_EDGE('',*,*,#5847,.F.);
#5871 = ORIENTED_EDGE('',*,*,#5534,.T.);
#5872 = ORIENTED_EDGE('',*,*,#5798,.T.);
#5873 = ORIENTED_EDGE('',*,*,#5874,.F.);
#5874 = EDGE_CURVE('',#5825,#5776,#5875,.T.);
#5875 = SURFACE_CURVE('',#5876,(#5880,#5887),.PCURVE_S1.);
#5876 = LINE('',#5877,#5878);
#5877 = CARTESIAN_POINT('',(67.15,30.,3.835E+03));
#5878 = VECTOR('',#5879,1.);
#5879 = DIRECTION('',(0.,0.,1.));
#5880 = PCURVE('',#5550,#5881);
#5881 = DEFINITIONAL_REPRESENTATION('',(#5882),#5886);
#5882 = LINE('',#5883,#5884);
#5883 = CARTESIAN_POINT('',(0.,10.));
#5884 = VECTOR('',#5885,1.);
#5885 = DIRECTION('',(1.,0.));
#5886 = ( GEOMETRIC_REPRESENTATION_CONTEXT(2) 
PARAMETRIC_REPRESENTATION_CONTEXT() REPRESENTATION_CONTEXT('2D SPACE',''
  ) );
#5887 = PCURVE('',#5758,#5888);
#5888 = DEFINITIONAL_REPRESENTATION('',(#5889),#5893);
#5889 = LINE('',#5890,#5891);
#5890 = CARTESIAN_POINT('',(0.,-60.));
#5891 = VECTOR('',#5892,1.);
#5892 = DIRECTION('',(1.,0.));
#5893 = ( GEOMETRIC_REPRESENTATION_CONTEXT(2) 
PARAMETRIC_REPRESENTATION_CONTEXT() REPRESENTATION_CONTEXT('2D SPACE',''
  ) );
#5894 = ADVANCED_FACE('',(#5895),#5607,.T.);
#5895 = FACE_BOUND('',#5896,.T.);
#5896 = EDGE_LOOP('',(#5897,#5920,#5921,#5944));
#5897 = ORIENTED_EDGE('',*,*,#5898,.F.);
#5898 = EDGE_CURVE('',#5591,#5899,#5901,.T.);
#5899 = VERTEX_POINT('',#5900);
#5900 = CARTESIAN_POINT('',(63.15,24.,3.841E+03));
#5901 = SURFACE_CURVE('',#5902,(#5906,#5913),.PCURVE_S1.);
#5902 = LINE('',#5903,#5904);
#5903 = CARTESIAN_POINT('',(56.15,24.,3.841E+03));
#5904 = VECTOR('',#5905,1.);
#5905 = DIRECTION('',(1.,0.,-0.));
#5906 = PCURVE('',#5607,#5907);
#5907 = DEFINITIONAL_REPRESENTATION('',(#5908),#5912);
#5908 = LINE('',#5909,#5910);
#5909 = CARTESIAN_POINT('',(0.,48.));
#5910 = VECTOR('',#5911,1.);
#5911 = DIRECTION('',(1.,0.));
#5912 = ( GEOMETRIC_REPRESENTATION_CONTEXT(2) 
PARAMETRIC_REPRESENTATION_CONTEXT() REPRESENTATION_CONTEXT('2D SPACE',''
  ) );
#5913 = PCURVE('',#5683,#5914);
#5914 = DEFINITIONAL_REPRESENTATION('',(#5915),#5919);
#5915 = LINE('',#5916,#5917);
#5916 = CARTESIAN_POINT('',(0.,0.));
#5917 = VECTOR('',#5918,1.);
#5918 = DIRECTION('',(0.,1.));
#5919 = ( GEOMETRIC_REPRESENTATION_CONTEXT(2) 
PARAMETRIC_REPRESENTATION_CONTEXT() REPRESENTATION_CONTEXT('2D SPACE',''
  ) );
#5920 = ORIENTED_EDGE('',*,*,#5590,.T.);
#5921 = ORIENTED_EDGE('',*,*,#5922,.T.);
#5922 = EDGE_CURVE('',#5593,#5923,#5925,.T.);
#5923 = VERTEX_POINT('',#5924);
#5924 = CARTESIAN_POINT('',(63.15,-24.,3.841E+03));
#5925 = SURFACE_CURVE('',#5926,(#5930,#5937),.PCURVE_S1.);
#5926 = LINE('',#5927,#5928);
#5927 = CARTESIAN_POINT('',(56.15,-24.,3.841E+03));
#5928 = VECTOR('',#5929,1.);
#5929 = DIRECTION('',(1.,0.,-0.));
#5930 = PCURVE('',#5607,#5931);
#5931 = DEFINITIONAL_REPRESENTATION('',(#5932),#5936);
#5932 = LINE('',#5933,#5934);
#5933 = CARTESIAN_POINT('',(0.,0.));
#5934 = VECTOR('',#5935,1.);
#5935 = DIRECTION('',(1.,0.));
#5936 = ( GEOMETRIC_REPRESENTATION_CONTEXT(2) 
PARAMETRIC_REPRESENTATION_CONTEXT() REPRESENTATION_CONTEXT('2D SPACE',''
  ) );
#5937 = PCURVE('',#5633,#5938);
#5938 = DEFINITIONAL_REPRESENTATION('',(#5939),#5943);
#5939 = LINE('',#5940,#5941);
#5940 = CARTESIAN_POINT('',(0.,0.));
#5941 = VECTOR('',#5942,1.);
#5942 = DIRECTION('',(0.,1.));
#5943 = ( GEOMETRIC_REPRESENTATION_CONTEXT(2) 
PARAMETRIC_REPRESENTATION_CONTEXT() REPRESENTATION_CONTEXT('2D SPACE',''
  ) );
#5944 = ORIENTED_EDGE('',*,*,#5945,.T.);
#5945 = EDGE_CURVE('',#5923,#5899,#5946,.T.);
#5946 = SURFACE_CURVE('',#5947,(#5951,#5958),.PCURVE_S1.);
#5947 = LINE('',#5948,#5949);
#5948 = CARTESIAN_POINT('',(63.15,-24.,3.841E+03));
#5949 = VECTOR('',#5950,1.);
#5950 = DIRECTION('',(-0.,1.,0.));
#5951 = PCURVE('',#5607,#5952);
#5952 = DEFINITIONAL_REPRESENTATION('',(#5953),#5957);
#5953 = LINE('',#5954,#5955);
#5954 = CARTESIAN_POINT('',(7.,0.));
#5955 = VECTOR('',#5956,1.);
#5956 = DIRECTION('',(0.,1.));
#5957 = ( GEOMETRIC_REPRESENTATION_CONTEXT(2) 
PARAMETRIC_REPRESENTATION_CONTEXT() REPRESENTATION_CONTEXT('2D SPACE',''
  ) );
#5958 = PCURVE('',#5959,#5964);
#5959 = PLANE('',#5960);
#5960 = AXIS2_PLACEMENT_3D('',#5961,#5962,#5963);
#5961 = CARTESIAN_POINT('',(63.15,-24.,3.841E+03));
#5962 = DIRECTION('',(1.,0.,-0.));
#5963 = DIRECTION('',(0.,0.,1.));
#5964 = DEFINITIONAL_REPRESENTATION('',(#5965),#5969);
#5965 = LINE('',#5966,#5967);
#5966 = CARTESIAN_POINT('',(0.,0.));
#5967 = VECTOR('',#5968,1.);
#5968 = DIRECTION('',(0.,-1.));
#5969 = ( GEOMETRIC_REPRESENTATION_CONTEXT(2) 
PARAMETRIC_REPRESENTATION_CONTEXT() REPRESENTATION_CONTEXT('2D SPACE',''
  ) );
#5970 = ADVANCED_FACE('',(#5971),#5683,.F.);
#5971 = FACE_BOUND('',#5972,.F.);
#5972 = EDGE_LOOP('',(#5973,#5974,#5975,#5998));
#5973 = ORIENTED_EDGE('',*,*,#5898,.F.);
#5974 = ORIENTED_EDGE('',*,*,#5670,.T.);
#5975 = ORIENTED_EDGE('',*,*,#5976,.T.);
#5976 = EDGE_CURVE('',#5645,#5977,#5979,.T.);
#5977 = VERTEX_POINT('',#5978);
#5978 = CARTESIAN_POINT('',(63.15,24.,3.919E+03));
#5979 = SURFACE_CURVE('',#5980,(#5984,#5991),.PCURVE_S1.);
#5980 = LINE('',#5981,#5982);
#5981 = CARTESIAN_POINT('',(56.15,24.,3.919E+03));
#5982 = VECTOR('',#5983,1.);
#5983 = DIRECTION('',(1.,0.,-0.));
#5984 = PCURVE('',#5683,#5985);
#5985 = DEFINITIONAL_REPRESENTATION('',(#5986),#5990);
#5986 = LINE('',#5987,#5988);
#5987 = CARTESIAN_POINT('',(78.,0.));
#5988 = VECTOR('',#5989,1.);
#5989 = DIRECTION('',(0.,1.));
#5990 = ( GEOMETRIC_REPRESENTATION_CONTEXT(2) 
PARAMETRIC_REPRESENTATION_CONTEXT() REPRESENTATION_CONTEXT('2D SPACE',''
  ) );
#5991 = PCURVE('',#5659,#5992);
#5992 = DEFINITIONAL_REPRESENTATION('',(#5993),#5997);
#5993 = LINE('',#5994,#5995);
#5994 = CARTESIAN_POINT('',(0.,48.));
#5995 = VECTOR('',#5996,1.);
#5996 = DIRECTION('',(1.,0.));
#5997 = ( GEOMETRIC_REPRESENTATION_CONTEXT(2) 
PARAMETRIC_REPRESENTATION_CONTEXT() REPRESENTATION_CONTEXT('2D SPACE',''
  ) );
#5998 = ORIENTED_EDGE('',*,*,#5999,.F.);
#5999 = EDGE_CURVE('',#5899,#5977,#6000,.T.);
#6000 = SURFACE_CURVE('',#6001,(#6005,#6012),.PCURVE_S1.);
#6001 = LINE('',#6002,#6003);
#6002 = CARTESIAN_POINT('',(63.15,24.,3.841E+03));
#6003 = VECTOR('',#6004,1.);
#6004 = DIRECTION('',(0.,0.,1.));
#6005 = PCURVE('',#5683,#6006);
#6006 = DEFINITIONAL_REPRESENTATION('',(#6007),#6011);
#6007 = LINE('',#6008,#6009);
#6008 = CARTESIAN_POINT('',(0.,7.));
#6009 = VECTOR('',#6010,1.);
#6010 = DIRECTION('',(1.,0.));
#6011 = ( GEOMETRIC_REPRESENTATION_CONTEXT(2) 
PARAMETRIC_REPRESENTATION_CONTEXT() REPRESENTATION_CONTEXT('2D SPACE',''
  ) );
#6012 = PCURVE('',#5959,#6013);
#6013 = DEFINITIONAL_REPRESENTATION('',(#6014),#6018);
#6014 = LINE('',#6015,#6016);
#6015 = CARTESIAN_POINT('',(0.,-48.));
#6016 = VECTOR('',#6017,1.);
#6017 = DIRECTION('',(1.,0.));
#6018 = ( GEOMETRIC_REPRESENTATION_CONTEXT(2) 
PARAMETRIC_REPRESENTATION_CONTEXT() REPRESENTATION_CONTEXT('2D SPACE',''
  ) );
#6019 = ADVANCED_FACE('',(#6020),#5659,.F.);
#6020 = FACE_BOUND('',#6021,.F.);
#6021 = EDGE_LOOP('',(#6022,#6023,#6024,#6047));
#6022 = ORIENTED_EDGE('',*,*,#5976,.F.);
#6023 = ORIENTED_EDGE('',*,*,#5644,.T.);
#6024 = ORIENTED_EDGE('',*,*,#6025,.T.);
#6025 = EDGE_CURVE('',#5619,#6026,#6028,.T.);
#6026 = VERTEX_POINT('',#6027);
#6027 = CARTESIAN_POINT('',(63.15,-24.,3.919E+03));
#6028 = SURFACE_CURVE('',#6029,(#6033,#6040),.PCURVE_S1.);
#6029 = LINE('',#6030,#6031);
#6030 = CARTESIAN_POINT('',(56.15,-24.,3.919E+03));
#6031 = VECTOR('',#6032,1.);
#6032 = DIRECTION('',(1.,0.,-0.));
#6033 = PCURVE('',#5659,#6034);
#6034 = DEFINITIONAL_REPRESENTATION('',(#6035),#6039);
#6035 = LINE('',#6036,#6037);
#6036 = CARTESIAN_POINT('',(0.,0.));
#6037 = VECTOR('',#6038,1.);
#6038 = DIRECTION('',(1.,0.));
#6039 = ( GEOMETRIC_REPRESENTATION_CONTEXT(2) 
PARAMETRIC_REPRESENTATION_CONTEXT() REPRESENTATION_CONTEXT('2D SPACE',''
  ) );
#6040 = PCURVE('',#5633,#6041);
#6041 = DEFINITIONAL_REPRESENTATION('',(#6042),#6046);
#6042 = LINE('',#6043,#6044);
#6043 = CARTESIAN_POINT('',(78.,0.));
#6044 = VECTOR('',#6045,1.);
#6045 = DIRECTION('',(0.,1.));
#6046 = ( GEOMETRIC_REPRESENTATION_CONTEXT(2) 
PARAMETRIC_REPRESENTATION_CONTEXT() REPRESENTATION_CONTEXT('2D SPACE',''
  ) );
#6047 = ORIENTED_EDGE('',*,*,#6048,.T.);
#6048 = EDGE_CURVE('',#6026,#5977,#6049,.T.);
#6049 = SURFACE_CURVE('',#6050,(#6054,#6061),.PCURVE_S1.);
#6050 = LINE('',#6051,#6052);
#6051 = CARTESIAN_POINT('',(63.15,-24.,3.919E+03));
#6052 = VECTOR('',#6053,1.);
#6053 = DIRECTION('',(-0.,1.,0.));
#6054 = PCURVE('',#5659,#6055);
#6055 = DEFINITIONAL_REPRESENTATION('',(#6056),#6060);
#6056 = LINE('',#6057,#6058);
#6057 = CARTESIAN_POINT('',(7.,0.));
#6058 = VECTOR('',#6059,1.);
#6059 = DIRECTION('',(0.,1.));
#6060 = ( GEOMETRIC_REPRESENTATION_CONTEXT(2) 
PARAMETRIC_REPRESENTATION_CONTEXT() REPRESENTATION_CONTEXT('2D SPACE',''
  ) );
#6061 = PCURVE('',#5959,#6062);
#6062 = DEFINITIONAL_REPRESENTATION('',(#6063),#6067);
#6063 = LINE('',#6064,#6065);
#6064 = CARTESIAN_POINT('',(78.,0.));
#6065 = VECTOR('',#6066,1.);
#6066 = DIRECTION('',(0.,-1.));
#6067 = ( GEOMETRIC_REPRESENTATION_CONTEXT(2) 
PARAMETRIC_REPRESENTATION_CONTEXT() REPRESENTATION_CONTEXT('2D SPACE',''
  ) );
#6068 = ADVANCED_FACE('',(#6069),#5633,.T.);
#6069 = FACE_BOUND('',#6070,.T.);
#6070 = EDGE_LOOP('',(#6071,#6072,#6073,#6074));
#6071 = ORIENTED_EDGE('',*,*,#5922,.F.);
#6072 = ORIENTED_EDGE('',*,*,#5618,.T.);
#6073 = ORIENTED_EDGE('',*,*,#6025,.T.);
#6074 = ORIENTED_EDGE('',*,*,#6075,.F.);
#6075 = EDGE_CURVE('',#5923,#6026,#6076,.T.);
#6076 = SURFACE_CURVE('',#6077,(#6081,#6088),.PCURVE_S1.);
#6077 = LINE('',#6078,#6079);
#6078 = CARTESIAN_POINT('',(63.15,-24.,3.841E+03));
#6079 = VECTOR('',#6080,1.);
#6080 = DIRECTION('',(0.,0.,1.));
#6081 = PCURVE('',#5633,#6082);
#6082 = DEFINITIONAL_REPRESENTATION('',(#6083),#6087);
#6083 = LINE('',#6084,#6085);
#6084 = CARTESIAN_POINT('',(0.,7.));
#6085 = VECTOR('',#6086,1.);
#6086 = DIRECTION('',(1.,0.));
#6087 = ( GEOMETRIC_REPRESENTATION_CONTEXT(2) 
PARAMETRIC_REPRESENTATION_CONTEXT() REPRESENTATION_CONTEXT('2D SPACE',''
  ) );
#6088 = PCURVE('',#5959,#6089);
#6089 = DEFINITIONAL_REPRESENTATION('',(#6090),#6094);
#6090 = LINE('',#6091,#6092);
#6091 = CARTESIAN_POINT('',(0.,0.));
#6092 = VECTOR('',#6093,1.);
#6093 = DIRECTION('',(1.,0.));
#6094 = ( GEOMETRIC_REPRESENTATION_CONTEXT(2) 
PARAMETRIC_REPRESENTATION_CONTEXT() REPRESENTATION_CONTEXT('2D SPACE',''
  ) );
#6095 = ADVANCED_FACE('',(#6096,#6102),#5758,.T.);
#6096 = FACE_BOUND('',#6097,.T.);
#6097 = EDGE_LOOP('',(#6098,#6099,#6100,#6101));
#6098 = ORIENTED_EDGE('',*,*,#5744,.F.);
#6099 = ORIENTED_EDGE('',*,*,#5824,.T.);
#6100 = ORIENTED_EDGE('',*,*,#5874,.T.);
#6101 = ORIENTED_EDGE('',*,*,#5775,.F.);
#6102 = FACE_BOUND('',#6103,.T.);
#6103 = EDGE_LOOP('',(#6104));
#6104 = ORIENTED_EDGE('',*,*,#6105,.F.);
#6105 = EDGE_CURVE('',#6106,#6106,#6108,.T.);
#6106 = VERTEX_POINT('',#6107);
#6107 = CARTESIAN_POINT('',(67.15,3.061616997868E-15,3.8925E+03));
#6108 = SURFACE_CURVE('',#6109,(#6114,#6121),.PCURVE_S1.);
#6109 = CIRCLE('',#6110,12.5);
#6110 = AXIS2_PLACEMENT_3D('',#6111,#6112,#6113);
#6111 = CARTESIAN_POINT('',(67.15,0.,3.88E+03));
#6112 = DIRECTION('',(1.,0.,0.));
#6113 = DIRECTION('',(-0.,0.,1.));
#6114 = PCURVE('',#5758,#6115);
#6115 = DEFINITIONAL_REPRESENTATION('',(#6116),#6120);
#6116 = CIRCLE('',#6117,12.5);
#6117 = AXIS2_PLACEMENT_2D('',#6118,#6119);
#6118 = CARTESIAN_POINT('',(45.,-30.));
#6119 = DIRECTION('',(1.,0.));
#6120 = ( GEOMETRIC_REPRESENTATION_CONTEXT(2) 
PARAMETRIC_REPRESENTATION_CONTEXT() REPRESENTATION_CONTEXT('2D SPACE',''
  ) );
#6121 = PCURVE('',#6122,#6127);
#6122 = CYLINDRICAL_SURFACE('',#6123,12.5);
#6123 = AXIS2_PLACEMENT_3D('',#6124,#6125,#6126);
#6124 = CARTESIAN_POINT('',(67.15,0.,3.88E+03));
#6125 = DIRECTION('',(1.,0.,0.));
#6126 = DIRECTION('',(-0.,0.,1.));
#6127 = DEFINITIONAL_REPRESENTATION('',(#6128),#6132);
#6128 = LINE('',#6129,#6130);
#6129 = CARTESIAN_POINT('',(0.,0.));
#6130 = VECTOR('',#6131,1.);
#6131 = DIRECTION('',(1.,0.));
#6132 = ( GEOMETRIC_REPRESENTATION_CONTEXT(2) 
PARAMETRIC_REPRESENTATION_CONTEXT() REPRESENTATION_CONTEXT('2D SPACE',''
  ) );
#6133 = ADVANCED_FACE('',(#6134),#5959,.F.);
#6134 = FACE_BOUND('',#6135,.F.);
#6135 = EDGE_LOOP('',(#6136,#6137,#6138,#6139));
#6136 = ORIENTED_EDGE('',*,*,#6075,.F.);
#6137 = ORIENTED_EDGE('',*,*,#5945,.T.);
#6138 = ORIENTED_EDGE('',*,*,#5999,.T.);
#6139 = ORIENTED_EDGE('',*,*,#6048,.F.);
#6140 = ADVANCED_FACE('',(#6141),#6122,.T.);
#6141 = FACE_BOUND('',#6142,.T.);
#6142 = EDGE_LOOP('',(#6143,#6744,#6765,#6766));
#6143 = ORIENTED_EDGE('',*,*,#6144,.F.);
#6144 = EDGE_CURVE('',#6145,#6145,#6147,.T.);
#6145 = VERTEX_POINT('',#6146);
#6146 = CARTESIAN_POINT('',(483.14999999999,3.061616997868E-15,
    3.8925E+03));
#6147 = SURFACE_CURVE('',#6148,(#6343,#6541),.PCURVE_S1.);
#6148 = B_SPLINE_CURVE_WITH_KNOTS('',7,(#6149,#6150,#6151,#6152,#6153,
    #6154,#6155,#6156,#6157,#6158,#6159,#6160,#6161,#6162,#6163,#6164,
    #6165,#6166,#6167,#6168,#6169,#6170,#6171,#6172,#6173,#6174,#6175,
    #6176,#6177,#6178,#6179,#6180,#6181,#6182,#6183,#6184,#6185,#6186,
    #6187,#6188,#6189,#6190,#6191,#6192,#6193,#6194,#6195,#6196,#6197,
    #6198,#6199,#6200,#6201,#6202,#6203,#6204,#6205,#6206,#6207,#6208,
    #6209,#6210,#6211,#6212,#6213,#6214,#6215,#6216,#6217,#6218,#6219,
    #6220,#6221,#6222,#6223,#6224,#6225,#6226,#6227,#6228,#6229,#6230,
    #6231,#6232,#6233,#6234,#6235,#6236,#6237,#6238,#6239,#6240,#6241,
    #6242,#6243,#6244,#6245,#6246,#6247,#6248,#6249,#6250,#6251,#6252,
    #6253,#6254,#6255,#6256,#6257,#6258,#6259,#6260,#6261,#6262,#6263,
    #6264,#6265,#6266,#6267,#6268,#6269,#6270,#6271,#6272,#6273,#6274,
    #6275,#6276,#6277,#6278,#6279,#6280,#6281,#6282,#6283,#6284,#6285,
    #6286,#6287,#6288,#6289,#6290,#6291,#6292,#6293,#6294,#6295,#6296,
    #6297,#6298,#6299,#6300,#6301,#6302,#6303,#6304,#6305,#6306,#6307,
    #6308,#6309,#6310,#6311,#6312,#6313,#6314,#6315,#6316,#6317,#6318,
    #6319,#6320,#6321,#6322,#6323,#6324,#6325,#6326,#6327,#6328,#6329,
    #6330,#6331,#6332,#6333,#6334,#6335,#6336,#6337,#6338,#6339,#6340,
    #6341,#6342),.UNSPECIFIED.,.T.,.F.,(8,6,6,6,6,6,6,6,6,6,6,6,6,6,6,6,
    6,6,6,6,6,6,6,6,6,6,6,6,6,6,6,6,8),(0.,3.470814703092E-02,
    5.588259628849E-02,8.276070068946E-02,0.103055419842,0.118320468134,
    0.13037148885,0.163764077399,0.204607215666,0.249725475543,
    0.294749657711,0.335634442275,0.416753434386,0.443458970378,
    0.464699857124,0.47613609979,0.499654365137,0.523157541507,
    0.534435345608,0.555639156235,0.582554530929,0.602877391579,
    0.618163607019,0.630231338179,0.663670230266,0.704570003307,
    0.749750826022,0.794837440577,0.835778917668,0.917010392718,
    0.943752959707,0.96502329994,1.),.UNSPECIFIED.);
#6149 = CARTESIAN_POINT('',(483.15,3.552713678801E-15,3.8925E+03));
#6150 = CARTESIAN_POINT('',(483.15,-0.48671900577,3.8925E+03));
#6151 = CARTESIAN_POINT('',(483.16151577112,-0.97265666005,
    3.892477889708E+03));
#6152 = CARTESIAN_POINT('',(483.18448064238,-1.455341844128,
    3.892433797191E+03));
#6153 = CARTESIAN_POINT('',(483.21851248067,-1.932318219386,
    3.89236827647E+03));
#6154 = CARTESIAN_POINT('',(483.26291805643,-2.401172204346,
    3.89228230536E+03));
#6155 = CARTESIAN_POINT('',(483.31671693667,-2.859560196718,
    3.892177293333E+03));
#6156 = CARTESIAN_POINT('',(483.41648979332,-3.577128534372,
    3.891980552357E+03));
#6157 = CARTESIAN_POINT('',(483.45736724911,-3.844521453991,
    3.891899547047E+03));
#6158 = CARTESIAN_POINT('',(483.50109649192,-4.107233208567,
    3.891812391588E+03));
#6159 = CARTESIAN_POINT('',(483.54744934578,-4.365095223862,
    3.891719400239E+03));
#6160 = CARTESIAN_POINT('',(483.5961919234,-4.617950906134,
    3.891620894149E+03));
#6161 = CARTESIAN_POINT('',(483.64708631,-4.865655606142,
    3.891517202115E+03));
#6162 = CARTESIAN_POINT('',(483.76692225458,-5.415797282269,
    3.891270883486E+03));
#6163 = CARTESIAN_POINT('',(483.83704269057,-5.715052026435,
    3.891125271782E+03));
#6164 = CARTESIAN_POINT('',(483.90982689672,-6.005853603553,
    3.890972381505E+03));
#6165 = CARTESIAN_POINT('',(483.98486640701,-6.288232457654,
    3.890812732724E+03));
#6166 = CARTESIAN_POINT('',(484.0617722805,-6.562236464287,
    3.89064681085E+03));
#6167 = CARTESIAN_POINT('',(484.140176434,-6.827930705923,
    3.890475067188E+03));
#6168 = CARTESIAN_POINT('',(484.27980334389,-7.279801252621,
    3.890164161444E+03));
#6169 = CARTESIAN_POINT('',(484.34053994204,-7.469544492569,
    3.89002730156E+03));
#6170 = CARTESIAN_POINT('',(484.4018019719,-7.654684178934,
    3.889887500982E+03));
#6171 = CARTESIAN_POINT('',(484.46345580897,-7.835279072679,
    3.889744907623E+03));
#6172 = CARTESIAN_POINT('',(484.52537500161,-8.011389483996,
    3.88959965617E+03));
#6173 = CARTESIAN_POINT('',(484.58744027104,-8.18307727231,
    3.88945186808E+03));
#6174 = CARTESIAN_POINT('',(484.69624860321,-8.476265127358,
    3.88918866347E+03));
#6175 = CARTESIAN_POINT('',(484.74297639456,-8.599656975428,
    3.889074302489E+03));
#6176 = CARTESIAN_POINT('',(484.78967490024,-8.720607499021,
    3.888958615197E+03));
#6177 = CARTESIAN_POINT('',(484.83629765475,-8.839141887304,
    3.888841645321E+03));
#6178 = CARTESIAN_POINT('',(484.88279971216,-8.955284410078,
    3.888723433762E+03));
#6179 = CARTESIAN_POINT('',(484.92913764612,-9.069058417776,
    3.888604018595E+03));
#6180 = CARTESIAN_POINT('',(485.011688467,-9.268453322706,
    3.888388240177E+03));
#6181 = CARTESIAN_POINT('',(485.0479788692,-9.354957994934,
    3.888292317361E+03));
#6182 = CARTESIAN_POINT('',(485.08412007462,-9.440011298565,
    3.888195684076E+03));
#6183 = CARTESIAN_POINT('',(485.12009181742,-9.523623662889,
    3.888098357037E+03));
#6184 = CARTESIAN_POINT('',(485.15587424784,-9.605805006072,
    3.888000352213E+03));
#6185 = CARTESIAN_POINT('',(485.1914479322,-9.686564735154,
    3.887901684829E+03));
#6186 = CARTESIAN_POINT('',(485.32473508247,-9.98577711265,
    3.887527172738E+03));
#6187 = CARTESIAN_POINT('',(485.42093777777,-10.19481902571,
    3.887246971409E+03));
#6188 = CARTESIAN_POINT('',(485.51498685212,-10.39320146145,
    3.886962097959E+03));
#6189 = CARTESIAN_POINT('',(485.60649048405,-10.58106838852,
    3.886672849007E+03));
#6190 = CARTESIAN_POINT('',(485.69507900451,-10.75854433596,
    3.886379485203E+03));
#6191 = CARTESIAN_POINT('',(485.78040378417,-10.92573496116,
    3.886082231209E+03));
#6192 = CARTESIAN_POINT('',(485.96210456459,-11.27474845438,
    3.885413171007E+03));
#6193 = CARTESIAN_POINT('',(486.05670895293,-11.45153247678,
    3.885039490946E+03));
#6194 = CARTESIAN_POINT('',(486.14529376118,-11.61313235821,
    3.884660766711E+03));
#6195 = CARTESIAN_POINT('',(486.22725654797,-11.75958988257,
    3.884277493217E+03));
#6196 = CARTESIAN_POINT('',(486.30205245678,-11.89093168718,
    3.883890129421E+03));
#6197 = CARTESIAN_POINT('',(486.36919871765,-12.00716500555,
    3.883499098672E+03));
#6198 = CARTESIAN_POINT('',(486.49354363077,-12.21996500531,
    3.882669206355E+03));
#6199 = CARTESIAN_POINT('',(486.54896308362,-12.31319571498,
    3.882229636481E+03));
#6200 = CARTESIAN_POINT('',(486.593931085,-12.38786580601,
    3.881786908797E+03));
#6201 = CARTESIAN_POINT('',(486.62797940614,-12.4439136709,
    3.881341817912E+03));
#6202 = CARTESIAN_POINT('',(486.65078963039,-12.4813001742,
    3.880895133607E+03));
#6203 = CARTESIAN_POINT('',(486.66219875145,-12.5,3.880447610868E+03));
#6204 = CARTESIAN_POINT('',(486.66219875145,-12.5,3.879553322462E+03));
#6205 = CARTESIAN_POINT('',(486.65083715978,-12.48137807604,
    3.879106732178E+03));
#6206 = CARTESIAN_POINT('',(486.6281218985,-12.44414721926,
    3.878660975035E+03));
#6207 = CARTESIAN_POINT('',(486.59421462806,-12.38833255071,
    3.878216801544E+03));
#6208 = CARTESIAN_POINT('',(486.54943116565,-12.31397295185,
    3.877774976863E+03));
#6209 = CARTESIAN_POINT('',(486.49423595414,-12.22112961516,
    3.877336290727E+03));
#6210 = CARTESIAN_POINT('',(486.37020162106,-12.00889941555,
    3.876506811099E+03));
#6211 = CARTESIAN_POINT('',(486.30308550309,-11.89274123077,
    3.876115335314E+03));
#6212 = CARTESIAN_POINT('',(486.22829906876,-11.76144365799,
    3.875727529188E+03));
#6213 = CARTESIAN_POINT('',(486.14632608199,-11.6149996507,
    3.875343817362E+03));
#6214 = CARTESIAN_POINT('',(486.05771269961,-11.45338270506,
    3.874964660197E+03));
#6215 = CARTESIAN_POINT('',(485.96306294151,-11.27655114646,
    3.874590554119E+03));
#6216 = CARTESIAN_POINT('',(485.66456830254,-10.70331171664,
    3.873490851742E+03));
#6217 = CARTESIAN_POINT('',(485.44519566872,-10.26258536632,
    3.872782643352E+03));
#6218 = CARTESIAN_POINT('',(485.20950872605,-9.760915090097,
    3.872099104127E+03));
#6219 = CARTESIAN_POINT('',(484.96254671278,-9.195784703392,
    3.871443261615E+03));
#6220 = CARTESIAN_POINT('',(484.71016200073,-8.563892875549,
    3.870819910094E+03));
#6221 = CARTESIAN_POINT('',(484.45958602,-7.861598972991,
    3.870236165309E+03));
#6222 = CARTESIAN_POINT('',(484.14086498786,-6.830168191677,
    3.869526463838E+03));
#6223 = CARTESIAN_POINT('',(484.06306018299,-6.566608524575,
    3.869356008882E+03));
#6224 = CARTESIAN_POINT('',(483.98672775372,-6.294869043146,
    3.869191282443E+03));
#6225 = CARTESIAN_POINT('',(483.91222689364,-6.014885455964,
    3.869032724688E+03));
#6226 = CARTESIAN_POINT('',(483.83993705732,-5.726610078132,
    3.86888080895E+03));
#6227 = CARTESIAN_POINT('',(483.77025669294,-5.430012044974,
    3.86873604225E+03));
#6228 = CARTESIAN_POINT('',(483.65058655063,-4.88254056299,
    3.868489938805E+03));
#6229 = CARTESIAN_POINT('',(483.59947817574,-4.634697577955,
    3.868385762449E+03));
#6230 = CARTESIAN_POINT('',(483.55051807085,-4.381680296998,
    3.8682867752E+03));
#6231 = CARTESIAN_POINT('',(483.50394523432,-4.123632426979,
    3.868193307237E+03));
#6232 = CARTESIAN_POINT('',(483.45999475048,-3.860709691279,
    3.868105681232E+03));
#6233 = CARTESIAN_POINT('',(483.41889609792,-3.59307986584,
    3.868024213112E+03));
#6234 = CARTESIAN_POINT('',(483.36039872439,-3.174391546901,
    3.867908832136E+03));
#6235 = CARTESIAN_POINT('',(483.34081971555,-3.026567059808,
    3.867870331659E+03));
#6236 = CARTESIAN_POINT('',(483.322172846,-2.877506882437,
    3.867833766762E+03));
#6237 = CARTESIAN_POINT('',(483.30449444884,-2.727269522745,
    3.867799189698E+03));
#6238 = CARTESIAN_POINT('',(483.28781877559,-2.575914468121,
    3.86776664961E+03));
#6239 = CARTESIAN_POINT('',(483.27217799619,-2.423502185391,
    3.867736192522E+03));
#6240 = CARTESIAN_POINT('',(483.22762754062,-1.954615368342,
    3.867649599193E+03));
#6241 = CARTESIAN_POINT('',(483.20214437908,-1.634798434617,
    3.867600304578E+03));
#6242 = CARTESIAN_POINT('',(483.18144886391,-1.311473568701,
    3.867560418905E+03));
#6243 = CARTESIAN_POINT('',(483.16576813526,-0.98547971707,
    3.867530274446E+03));
#6244 = CARTESIAN_POINT('',(483.15525789869,-0.657664324856,
    3.867510095575E+03));
#6245 = CARTESIAN_POINT('',(483.15,-0.3288831371,3.8675E+03));
#6246 = CARTESIAN_POINT('',(483.15,0.328672130465,3.8675E+03));
#6247 = CARTESIAN_POINT('',(483.15525114797,0.657231331865,
    3.867510082646E+03));
#6248 = CARTESIAN_POINT('',(483.16574726895,0.984819235509,
    3.867530234406E+03));
#6249 = CARTESIAN_POINT('',(483.18140644959,1.31058562313,
    3.867560337348E+03));
#6250 = CARTESIAN_POINT('',(483.20207348021,1.633688647694,
    3.867600167899E+03));
#6251 = CARTESIAN_POINT('',(483.22752229695,1.953295054202,
    3.867649395605E+03));
#6252 = CARTESIAN_POINT('',(483.27182302591,2.419867456996,
    3.867735502097E+03));
#6253 = CARTESIAN_POINT('',(483.2872234893,2.570186969687,
    3.867765489972E+03));
#6254 = CARTESIAN_POINT('',(483.30363096954,2.719479832746,
    3.867797504369E+03));
#6255 = CARTESIAN_POINT('',(483.32101464315,2.867687865155,
    3.867831501179E+03));
#6256 = CARTESIAN_POINT('',(483.33934170771,3.014753810705,
    3.867867433336E+03));
#6257 = CARTESIAN_POINT('',(483.35857738189,3.160621337999,
    3.867905250809E+03));
#6258 = CARTESIAN_POINT('',(483.41648979332,3.577128534372,
    3.868019447643E+03));
#6259 = CARTESIAN_POINT('',(483.45736724911,3.844521453991,
    3.868100452953E+03));
#6260 = CARTESIAN_POINT('',(483.50109649192,4.107233208567,
    3.868187608412E+03));
#6261 = CARTESIAN_POINT('',(483.54744934578,4.365095223862,
    3.868280599761E+03));
#6262 = CARTESIAN_POINT('',(483.5961919234,4.617950906134,
    3.868379105851E+03));
#6263 = CARTESIAN_POINT('',(483.64708631,4.865655606143,
    3.868482797885E+03));
#6264 = CARTESIAN_POINT('',(483.76692225458,5.415797282253,
    3.868729116514E+03));
#6265 = CARTESIAN_POINT('',(483.83704269057,5.715052026434,
    3.868874728218E+03));
#6266 = CARTESIAN_POINT('',(483.90982689672,6.005853603566,
    3.869027618495E+03));
#6267 = CARTESIAN_POINT('',(483.98486640702,6.288232457666,
    3.869187267276E+03));
#6268 = CARTESIAN_POINT('',(484.0617722805,6.562236464286,
    3.86935318915E+03));
#6269 = CARTESIAN_POINT('',(484.140176434,6.827930705911,
    3.869524932812E+03));
#6270 = CARTESIAN_POINT('',(484.27980334389,7.279801252621,
    3.869835838556E+03));
#6271 = CARTESIAN_POINT('',(484.34053994204,7.46954449257,
    3.86997269844E+03));
#6272 = CARTESIAN_POINT('',(484.4018019719,7.654684178935,
    3.870112499018E+03));
#6273 = CARTESIAN_POINT('',(484.46345580897,7.835279072679,
    3.870255092377E+03));
#6274 = CARTESIAN_POINT('',(484.52537500161,8.011389483997,
    3.87040034383E+03));
#6275 = CARTESIAN_POINT('',(484.58744027104,8.183077272311,
    3.87054813192E+03));
#6276 = CARTESIAN_POINT('',(484.69624860321,8.476265127358,
    3.87081133653E+03));
#6277 = CARTESIAN_POINT('',(484.74297639456,8.599656975429,
    3.870925697511E+03));
#6278 = CARTESIAN_POINT('',(484.78967490024,8.720607499022,
    3.871041384803E+03));
#6279 = CARTESIAN_POINT('',(484.83629765475,8.839141887304,
    3.871158354679E+03));
#6280 = CARTESIAN_POINT('',(484.88279971216,8.955284410078,
    3.871276566238E+03));
#6281 = CARTESIAN_POINT('',(484.92913764612,9.069058417777,
    3.871395981405E+03));
#6282 = CARTESIAN_POINT('',(485.011688467,9.268453322707,
    3.871611759823E+03));
#6283 = CARTESIAN_POINT('',(485.0479788692,9.354957994934,
    3.871707682639E+03));
#6284 = CARTESIAN_POINT('',(485.08412007462,9.440011298566,
    3.871804315924E+03));
#6285 = CARTESIAN_POINT('',(485.12009181742,9.52362366289,
    3.871901642963E+03));
#6286 = CARTESIAN_POINT('',(485.15587424784,9.605805006072,
    3.871999647787E+03));
#6287 = CARTESIAN_POINT('',(485.1914479322,9.686564735155,
    3.872098315171E+03));
#6288 = CARTESIAN_POINT('',(485.32473508245,9.985777112605,
    3.872472827262E+03));
#6289 = CARTESIAN_POINT('',(485.42093777777,10.19481902571,
    3.872753028591E+03));
#6290 = CARTESIAN_POINT('',(485.51498685214,10.393201461492,
    3.873037902041E+03));
#6291 = CARTESIAN_POINT('',(485.60649048406,10.581068388558,
    3.873327150993E+03));
#6292 = CARTESIAN_POINT('',(485.69507900451,10.758544335954,
    3.873620514797E+03));
#6293 = CARTESIAN_POINT('',(485.78040378415,10.925734961129,
    3.873917768791E+03));
#6294 = CARTESIAN_POINT('',(485.9621045646,11.274748454411,
    3.874586828993E+03));
#6295 = CARTESIAN_POINT('',(486.05670895293,11.451532476783,
    3.874960509054E+03));
#6296 = CARTESIAN_POINT('',(486.14529376117,11.613132358203,
    3.875339233288E+03));
#6297 = CARTESIAN_POINT('',(486.22725654797,11.759589882565,
    3.875722506783E+03));
#6298 = CARTESIAN_POINT('',(486.30205245678,11.890931687194,
    3.876109870579E+03));
#6299 = CARTESIAN_POINT('',(486.36919871766,12.007165005567,
    3.876500901328E+03));
#6300 = CARTESIAN_POINT('',(486.49354363077,12.219965005317,
    3.877330793645E+03));
#6301 = CARTESIAN_POINT('',(486.54896308362,12.313195714983,
    3.877770363519E+03));
#6302 = CARTESIAN_POINT('',(486.593931085,12.387865806019,
    3.878213091203E+03));
#6303 = CARTESIAN_POINT('',(486.62797940614,12.4439136709,
    3.878658182088E+03));
#6304 = CARTESIAN_POINT('',(486.65078963039,12.481300174207,
    3.879104866393E+03));
#6305 = CARTESIAN_POINT('',(486.66219875145,12.5,3.879552389132E+03));
#6306 = CARTESIAN_POINT('',(486.66219875145,12.5,3.880446677538E+03));
#6307 = CARTESIAN_POINT('',(486.65083715978,12.48137807604,
    3.880893267822E+03));
#6308 = CARTESIAN_POINT('',(486.6281218985,12.444147219267,
    3.881339024965E+03));
#6309 = CARTESIAN_POINT('',(486.59421462806,12.388332550718,
    3.881783198456E+03));
#6310 = CARTESIAN_POINT('',(486.54943116565,12.313972951854,
    3.882225023137E+03));
#6311 = CARTESIAN_POINT('',(486.49423595414,12.221129615162,
    3.882663709273E+03));
#6312 = CARTESIAN_POINT('',(486.37020162106,12.008899415552,
    3.883493188901E+03));
#6313 = CARTESIAN_POINT('',(486.30308550309,11.892741230779,
    3.883884664686E+03));
#6314 = CARTESIAN_POINT('',(486.22829906876,11.761443657994,
    3.884272470812E+03));
#6315 = CARTESIAN_POINT('',(486.14632608199,11.614999650704,
    3.884656182638E+03));
#6316 = CARTESIAN_POINT('',(486.05771269961,11.453382705061,
    3.885035339803E+03));
#6317 = CARTESIAN_POINT('',(485.96306294151,11.276551146464,
    3.885409445881E+03));
#6318 = CARTESIAN_POINT('',(485.66456830254,10.703311716648,
    3.886509148258E+03));
#6319 = CARTESIAN_POINT('',(485.44519566872,10.262585366326,
    3.887217356648E+03));
#6320 = CARTESIAN_POINT('',(485.20950872605,9.760915090093,
    3.887900895873E+03));
#6321 = CARTESIAN_POINT('',(484.96254671278,9.195784703401,
    3.888556738385E+03));
#6322 = CARTESIAN_POINT('',(484.71016200073,8.563892875545,
    3.889180089906E+03));
#6323 = CARTESIAN_POINT('',(484.45958602,7.861598972993,
    3.889763834691E+03));
#6324 = CARTESIAN_POINT('',(484.14086498787,6.83016819168,
    3.890473536162E+03));
#6325 = CARTESIAN_POINT('',(484.06306018299,6.566608524578,
    3.890643991118E+03));
#6326 = CARTESIAN_POINT('',(483.98672775372,6.294869043147,
    3.890808717557E+03));
#6327 = CARTESIAN_POINT('',(483.91222689364,6.014885455965,
    3.890967275312E+03));
#6328 = CARTESIAN_POINT('',(483.83993705732,5.726610078135,
    3.89111919105E+03));
#6329 = CARTESIAN_POINT('',(483.77025669294,5.430012044978,
    3.89126395775E+03));
#6330 = CARTESIAN_POINT('',(483.65058655063,4.882540563002,
    3.891510061195E+03));
#6331 = CARTESIAN_POINT('',(483.59947817574,4.63469757796,
    3.891614237551E+03));
#6332 = CARTESIAN_POINT('',(483.55051807084,4.381680296995,
    3.8917132248E+03));
#6333 = CARTESIAN_POINT('',(483.50394523432,4.123632426975,
    3.891806692763E+03));
#6334 = CARTESIAN_POINT('',(483.45999475048,3.860709691284,
    3.891894318768E+03));
#6335 = CARTESIAN_POINT('',(483.41889609792,3.593079865853,
    3.891975786888E+03));
#6336 = CARTESIAN_POINT('',(483.31834418189,2.873390926868,
    3.892174116788E+03));
#6337 = CARTESIAN_POINT('',(483.26403586523,2.412950330744,
    3.892280141198E+03));
#6338 = CARTESIAN_POINT('',(483.21919593861,1.941886386381,
    3.892366960642E+03));
#6339 = CARTESIAN_POINT('',(483.18482507051,1.462583604218,
    3.892433135892E+03));
#6340 = CARTESIAN_POINT('',(483.16163023671,0.977498562171,
    3.892477669932E+03));
#6341 = CARTESIAN_POINT('',(483.15,0.489131986937,3.8925E+03));
#6342 = CARTESIAN_POINT('',(483.15,3.552713678801E-15,3.8925E+03));
#6343 = PCURVE('',#6122,#6344);
#6344 = DEFINITIONAL_REPRESENTATION('',(#6345),#6540);
#6345 = B_SPLINE_CURVE_WITH_KNOTS('',7,(#6346,#6347,#6348,#6349,#6350,
    #6351,#6352,#6353,#6354,#6355,#6356,#6357,#6358,#6359,#6360,#6361,
    #6362,#6363,#6364,#6365,#6366,#6367,#6368,#6369,#6370,#6371,#6372,
    #6373,#6374,#6375,#6376,#6377,#6378,#6379,#6380,#6381,#6382,#6383,
    #6384,#6385,#6386,#6387,#6388,#6389,#6390,#6391,#6392,#6393,#6394,
    #6395,#6396,#6397,#6398,#6399,#6400,#6401,#6402,#6403,#6404,#6405,
    #6406,#6407,#6408,#6409,#6410,#6411,#6412,#6413,#6414,#6415,#6416,
    #6417,#6418,#6419,#6420,#6421,#6422,#6423,#6424,#6425,#6426,#6427,
    #6428,#6429,#6430,#6431,#6432,#6433,#6434,#6435,#6436,#6437,#6438,
    #6439,#6440,#6441,#6442,#6443,#6444,#6445,#6446,#6447,#6448,#6449,
    #6450,#6451,#6452,#6453,#6454,#6455,#6456,#6457,#6458,#6459,#6460,
    #6461,#6462,#6463,#6464,#6465,#6466,#6467,#6468,#6469,#6470,#6471,
    #6472,#6473,#6474,#6475,#6476,#6477,#6478,#6479,#6480,#6481,#6482,
    #6483,#6484,#6485,#6486,#6487,#6488,#6489,#6490,#6491,#6492,#6493,
    #6494,#6495,#6496,#6497,#6498,#6499,#6500,#6501,#6502,#6503,#6504,
    #6505,#6506,#6507,#6508,#6509,#6510,#6511,#6512,#6513,#6514,#6515,
    #6516,#6517,#6518,#6519,#6520,#6521,#6522,#6523,#6524,#6525,#6526,
    #6527,#6528,#6529,#6530,#6531,#6532,#6533,#6534,#6535,#6536,#6537,
    #6538,#6539),.UNSPECIFIED.,.F.,.F.,(8,6,6,6,6,6,6,6,6,6,6,6,6,6,6,6,
    6,6,6,6,6,6,6,6,6,6,6,6,6,6,6,6,8),(0.,3.470814703092E-02,
    5.588259628849E-02,8.276070068946E-02,0.103055419842,0.118320468134,
    0.13037148885,0.163764077399,0.204607215666,0.249725475543,
    0.294749657711,0.335634442275,0.416753434386,0.443458970378,
    0.464699857124,0.47613609979,0.499654365137,0.523157541507,
    0.534435345608,0.555639156235,0.582554530929,0.602877391579,
    0.618163607019,0.630231338179,0.663670230266,0.704570003307,
    0.749750826022,0.794837440577,0.835778917668,0.917010392718,
    0.943752959707,0.96502329994,1.),.UNSPECIFIED.);
#6346 = CARTESIAN_POINT('',(0.,416.));
#6347 = CARTESIAN_POINT('',(3.893752046164E-02,416.));
#6348 = CARTESIAN_POINT('',(7.781253066852E-02,416.01151577112));
#6349 = CARTESIAN_POINT('',(0.116523776415,416.03448064238));
#6350 = CARTESIAN_POINT('',(0.154969746799,416.06851248067));
#6351 = CARTESIAN_POINT('',(0.193044194685,416.11291805643));
#6352 = CARTESIAN_POINT('',(0.23063140721,416.16671693667));
#6353 = CARTESIAN_POINT('',(0.290155457106,416.26648979332));
#6354 = CARTESIAN_POINT('',(0.31249907384,416.30736724911));
#6355 = CARTESIAN_POINT('',(0.334630357595,416.35109649192));
#6356 = CARTESIAN_POINT('',(0.35654682851,416.39744934578));
#6357 = CARTESIAN_POINT('',(0.378245199786,416.4461919234));
#6358 = CARTESIAN_POINT('',(0.399721331676,416.49708631));
#6359 = CARTESIAN_POINT('',(0.447942736416,416.61692225458));
#6360 = CARTESIAN_POINT('',(0.47455325109,416.68704269057));
#6361 = CARTESIAN_POINT('',(0.500816531774,416.75982689672));
#6362 = CARTESIAN_POINT('',(0.526746019595,416.83486640701));
#6363 = CARTESIAN_POINT('',(0.552354238351,416.9117722805));
#6364 = CARTESIAN_POINT('',(0.577653238317,416.990176434));
#6365 = CARTESIAN_POINT('',(0.62153302851,417.12980334389));
#6366 = CARTESIAN_POINT('',(0.640244558844,417.19053994204));
#6367 = CARTESIAN_POINT('',(0.658796938215,417.2518019719));
#6368 = CARTESIAN_POINT('',(0.677197487681,417.31345580897));
#6369 = CARTESIAN_POINT('',(0.695453542199,417.37537500161));
#6370 = CARTESIAN_POINT('',(0.713572450629,417.43744027104));
#6371 = CARTESIAN_POINT('',(0.745092428815,417.54624860321));
#6372 = CARTESIAN_POINT('',(0.758549775189,417.59297639456));
#6373 = CARTESIAN_POINT('',(0.771936699537,417.63967490024));
#6374 = CARTESIAN_POINT('',(0.78525622063,417.68629765475));
#6375 = CARTESIAN_POINT('',(0.798511291315,417.73279971216));
#6376 = CARTESIAN_POINT('',(0.811704798519,417.77913764612));
#6377 = CARTESIAN_POINT('',(0.835208827649,417.861688467));
#6378 = CARTESIAN_POINT('',(0.845541469686,417.8979788692));
#6379 = CARTESIAN_POINT('',(0.855838871756,417.93412007462));
#6380 = CARTESIAN_POINT('',(0.866102383173,417.97009181742));
#6381 = CARTESIAN_POINT('',(0.876333320171,418.00587424784));
#6382 = CARTESIAN_POINT('',(0.886532965901,418.0414479322));
#6383 = CARTESIAN_POINT('',(0.924881878051,418.17473508247));
#6384 = CARTESIAN_POINT('',(0.952833522631,418.27093777777));
#6385 = CARTESIAN_POINT('',(0.980581431929,418.36498685212));
#6386 = CARTESIAN_POINT('',(1.008148182043,418.45649048405));
#6387 = CARTESIAN_POINT('',(1.035555674302,418.54507900451));
#6388 = CARTESIAN_POINT('',(1.06282581216,418.63040378417));
#6389 = CARTESIAN_POINT('',(1.123195445479,418.81210456459));
#6390 = CARTESIAN_POINT('',(1.15624140322,418.90670895293));
#6391 = CARTESIAN_POINT('',(1.189143181545,418.99529376118));
#6392 = CARTESIAN_POINT('',(1.221924337831,419.07725654797));
#6393 = CARTESIAN_POINT('',(1.254608549924,419.15205245678));
#6394 = CARTESIAN_POINT('',(1.287220309453,419.21919871765));
#6395 = CARTESIAN_POINT('',(1.355759587492,419.34354363077));
#6396 = CARTESIAN_POINT('',(1.391675706566,419.39896308362));
#6397 = CARTESIAN_POINT('',(1.427543770439,419.443931085));
#6398 = CARTESIAN_POINT('',(1.463375891324,419.47797940614));
#6399 = CARTESIAN_POINT('',(1.499185640305,419.50078963039));
#6400 = CARTESIAN_POINT('',(1.534987457378,419.51219875145));
#6401 = CARTESIAN_POINT('',(1.606530529848,419.51219875145));
#6402 = CARTESIAN_POINT('',(1.642257750489,419.50083715978));
#6403 = CARTESIAN_POINT('',(1.677992858302,419.4781218985));
#6404 = CARTESIAN_POINT('',(1.713750185127,419.44421462806));
#6405 = CARTESIAN_POINT('',(1.749543202025,419.39943116565));
#6406 = CARTESIAN_POINT('',(1.78538393452,419.34423595414));
#6407 = CARTESIAN_POINT('',(1.853879919106,419.22020162106));
#6408 = CARTESIAN_POINT('',(1.886524026689,419.15308550309));
#6409 = CARTESIAN_POINT('',(1.9192405059,419.07829906876));
#6410 = CARTESIAN_POINT('',(1.952053908268,418.99632608199));
#6411 = CARTESIAN_POINT('',(1.98498796557,418.90771269961));
#6412 = CARTESIAN_POINT('',(2.018066285609,418.81306294151));
#6413 = CARTESIAN_POINT('',(2.117277535337,418.51456830254));
#6414 = CARTESIAN_POINT('',(2.183815786223,418.29519566872));
#6415 = CARTESIAN_POINT('',(2.251326581651,418.05950872605));
#6416 = CARTESIAN_POINT('',(2.320193250501,417.81254671278));
#6417 = CARTESIAN_POINT('',(2.390804993943,417.56016200073));
#6418 = CARTESIAN_POINT('',(2.463561832067,417.30958602));
#6419 = CARTESIAN_POINT('',(2.563722523268,416.99086498786));
#6420 = CARTESIAN_POINT('',(2.588822386358,416.91306018299));
#6421 = CARTESIAN_POINT('',(2.614226524495,416.83672775372));
#6422 = CARTESIAN_POINT('',(2.639946765682,416.76222689364));
#6423 = CARTESIAN_POINT('',(2.66599539364,416.68993705732));
#6424 = CARTESIAN_POINT('',(2.692385575838,416.62025669294));
#6425 = CARTESIAN_POINT('',(2.740405033843,416.50058655063));
#6426 = CARTESIAN_POINT('',(2.761906332757,416.44947817574));
#6427 = CARTESIAN_POINT('',(2.783630706855,416.40051807085));
#6428 = CARTESIAN_POINT('',(2.805574073679,416.35394523432));
#6429 = CARTESIAN_POINT('',(2.827733205209,416.30999475048));
#6430 = CARTESIAN_POINT('',(2.850105683339,416.26889609792));
#6431 = CARTESIAN_POINT('',(2.884849332255,416.21039872439));
#6432 = CARTESIAN_POINT('',(2.897068579813,416.19081971555));
#6433 = CARTESIAN_POINT('',(2.909344937987,416.172172846));
#6434 = CARTESIAN_POINT('',(2.921675845564,416.15449444884));
#6435 = CARTESIAN_POINT('',(2.93405884017,416.13781877559));
#6436 = CARTESIAN_POINT('',(2.946491558263,416.12217799619));
#6437 = CARTESIAN_POINT('',(2.984636817624,416.07762754062));
#6438 = CARTESIAN_POINT('',(3.010512898934,416.05214437908));
#6439 = CARTESIAN_POINT('',(3.036555859473,416.03144886391));
#6440 = CARTESIAN_POINT('',(3.062724527407,416.01576813526));
#6441 = CARTESIAN_POINT('',(3.088979506277,416.00525789869));
#6442 = CARTESIAN_POINT('',(3.115282002622,416.));
#6443 = CARTESIAN_POINT('',(3.167886424027,416.));
#6444 = CARTESIAN_POINT('',(3.194171161548,416.00525114797));
#6445 = CARTESIAN_POINT('',(3.220407884134,416.01574726895));
#6446 = CARTESIAN_POINT('',(3.246558174291,416.03140644959));
#6447 = CARTESIAN_POINT('',(3.27258302119,416.05207348021));
#6448 = CARTESIAN_POINT('',(3.298441662803,416.07752229695));
#6449 = CARTESIAN_POINT('',(3.336397775153,416.12182302591));
#6450 = CARTESIAN_POINT('',(3.348659017456,416.1372234893));
#6451 = CARTESIAN_POINT('',(3.360871969124,416.15363096954));
#6452 = CARTESIAN_POINT('',(3.373034350816,416.17101464315));
#6453 = CARTESIAN_POINT('',(3.385143789676,416.18934170771));
#6454 = CARTESIAN_POINT('',(3.397197819332,416.20857738189));
#6455 = CARTESIAN_POINT('',(3.431748110696,416.26648979332));
#6456 = CARTESIAN_POINT('',(3.45409172743,416.30736724911));
#6457 = CARTESIAN_POINT('',(3.476223011184,416.35109649192));
#6458 = CARTESIAN_POINT('',(3.4981394821,416.39744934578));
#6459 = CARTESIAN_POINT('',(3.519837853376,416.4461919234));
#6460 = CARTESIAN_POINT('',(3.541313985266,416.49708631));
#6461 = CARTESIAN_POINT('',(3.589535390005,416.61692225458));
#6462 = CARTESIAN_POINT('',(3.61614590468,416.68704269057));
#6463 = CARTESIAN_POINT('',(3.642409185365,416.75982689672));
#6464 = CARTESIAN_POINT('',(3.668338673186,416.83486640702));
#6465 = CARTESIAN_POINT('',(3.693946891941,416.9117722805));
#6466 = CARTESIAN_POINT('',(3.719245891905,416.990176434));
#6467 = CARTESIAN_POINT('',(3.7631256821,417.12980334389));
#6468 = CARTESIAN_POINT('',(3.781837212433,417.19053994204));
#6469 = CARTESIAN_POINT('',(3.800389591804,417.2518019719));
#6470 = CARTESIAN_POINT('',(3.81879014127,417.31345580897));
#6471 = CARTESIAN_POINT('',(3.837046195789,417.37537500161));
#6472 = CARTESIAN_POINT('',(3.855165104219,417.43744027104));
#6473 = CARTESIAN_POINT('',(3.886685082405,417.54624860321));
#6474 = CARTESIAN_POINT('',(3.900142428779,417.59297639456));
#6475 = CARTESIAN_POINT('',(3.913529353127,417.63967490024));
#6476 = CARTESIAN_POINT('',(3.92684887422,417.68629765475));
#6477 = CARTESIAN_POINT('',(3.940103944905,417.73279971216));
#6478 = CARTESIAN_POINT('',(3.953297452109,417.77913764612));
#6479 = CARTESIAN_POINT('',(3.976801481238,417.861688467));
#6480 = CARTESIAN_POINT('',(3.987134123276,417.8979788692));
#6481 = CARTESIAN_POINT('',(3.997431525346,417.93412007462));
#6482 = CARTESIAN_POINT('',(4.007695036763,417.97009181742));
#6483 = CARTESIAN_POINT('',(4.017925973761,418.00587424784));
#6484 = CARTESIAN_POINT('',(4.02812561949,418.0414479322));
#6485 = CARTESIAN_POINT('',(4.066474531635,418.17473508245));
#6486 = CARTESIAN_POINT('',(4.094426176221,418.27093777777));
#6487 = CARTESIAN_POINT('',(4.122174085524,418.36498685214));
#6488 = CARTESIAN_POINT('',(4.149740835637,418.45649048406));
#6489 = CARTESIAN_POINT('',(4.177148327892,418.54507900451));
#6490 = CARTESIAN_POINT('',(4.204418465745,418.63040378415));
#6491 = CARTESIAN_POINT('',(4.264788099073,418.8121045646));
#6492 = CARTESIAN_POINT('',(4.297834056811,418.90670895293));
#6493 = CARTESIAN_POINT('',(4.330735835132,418.99529376117));
#6494 = CARTESIAN_POINT('',(4.363516991418,419.07725654797));
#6495 = CARTESIAN_POINT('',(4.396201203514,419.15205245678));
#6496 = CARTESIAN_POINT('',(4.428812963047,419.21919871766));
#6497 = CARTESIAN_POINT('',(4.497352241082,419.34354363077));
#6498 = CARTESIAN_POINT('',(4.533268360156,419.39896308362));
#6499 = CARTESIAN_POINT('',(4.569136424029,419.443931085));
#6500 = CARTESIAN_POINT('',(4.604968544913,419.47797940614));
#6501 = CARTESIAN_POINT('',(4.640778293895,419.50078963039));
#6502 = CARTESIAN_POINT('',(4.676580110968,419.51219875145));
#6503 = CARTESIAN_POINT('',(4.748123183438,419.51219875145));
#6504 = CARTESIAN_POINT('',(4.783850404079,419.50083715978));
#6505 = CARTESIAN_POINT('',(4.819585511892,419.4781218985));
#6506 = CARTESIAN_POINT('',(4.855342838716,419.44421462806));
#6507 = CARTESIAN_POINT('',(4.891135855615,419.39943116565));
#6508 = CARTESIAN_POINT('',(4.92697658811,419.34423595414));
#6509 = CARTESIAN_POINT('',(4.995472572696,419.22020162106));
#6510 = CARTESIAN_POINT('',(5.028116680279,419.15308550309));
#6511 = CARTESIAN_POINT('',(5.06083315949,419.07829906876));
#6512 = CARTESIAN_POINT('',(5.093646561858,418.99632608199));
#6513 = CARTESIAN_POINT('',(5.12658061916,418.90771269961));
#6514 = CARTESIAN_POINT('',(5.159658939199,418.81306294151));
#6515 = CARTESIAN_POINT('',(5.258870188927,418.51456830254));
#6516 = CARTESIAN_POINT('',(5.325408439812,418.29519566872));
#6517 = CARTESIAN_POINT('',(5.392919235243,418.05950872605));
#6518 = CARTESIAN_POINT('',(5.461785904089,417.81254671278));
#6519 = CARTESIAN_POINT('',(5.532397647534,417.56016200073));
#6520 = CARTESIAN_POINT('',(5.605154485656,417.30958602));
#6521 = CARTESIAN_POINT('',(5.705315176858,416.99086498787));
#6522 = CARTESIAN_POINT('',(5.730415039948,416.91306018299));
#6523 = CARTESIAN_POINT('',(5.755819178084,416.83672775372));
#6524 = CARTESIAN_POINT('',(5.781539419272,416.76222689364));
#6525 = CARTESIAN_POINT('',(5.80758804723,416.68993705732));
#6526 = CARTESIAN_POINT('',(5.833978229427,416.62025669294));
#6527 = CARTESIAN_POINT('',(5.881997687432,416.50058655063));
#6528 = CARTESIAN_POINT('',(5.903498986346,416.44947817574));
#6529 = CARTESIAN_POINT('',(5.925223360445,416.40051807084));
#6530 = CARTESIAN_POINT('',(5.947166727269,416.35394523432));
#6531 = CARTESIAN_POINT('',(5.969325858798,416.30999475048));
#6532 = CARTESIAN_POINT('',(5.991698336928,416.26889609792));
#6533 = CARTESIAN_POINT('',(6.051419658717,416.16834418189));
#6534 = CARTESIAN_POINT('',(6.089184588132,416.11403586523));
#6535 = CARTESIAN_POINT('',(6.127444327653,416.06919593861));
#6536 = CARTESIAN_POINT('',(6.166080748577,416.03482507051));
#6537 = CARTESIAN_POINT('',(6.204985424354,416.01163023671));
#6538 = CARTESIAN_POINT('',(6.244054748225,416.));
#6539 = CARTESIAN_POINT('',(6.28318530718,416.));
#6540 = ( GEOMETRIC_REPRESENTATION_CONTEXT(2) 
PARAMETRIC_REPRESENTATION_CONTEXT() REPRESENTATION_CONTEXT('2D SPACE',''
  ) );
#6541 = PCURVE('',#6542,#6547);
#6542 = CYLINDRICAL_SURFACE('',#6543,24.);
#6543 = AXIS2_PLACEMENT_3D('',#6544,#6545,#6546);
#6544 = CARTESIAN_POINT('',(507.15,0.,3.86E+03));
#6545 = DIRECTION('',(0.,0.,1.));
#6546 = DIRECTION('',(1.,0.,-0.));
#6547 = DEFINITIONAL_REPRESENTATION('',(#6548),#6743);
#6548 = B_SPLINE_CURVE_WITH_KNOTS('',7,(#6549,#6550,#6551,#6552,#6553,
    #6554,#6555,#6556,#6557,#6558,#6559,#6560,#6561,#6562,#6563,#6564,
    #6565,#6566,#6567,#6568,#6569,#6570,#6571,#6572,#6573,#6574,#6575,
    #6576,#6577,#6578,#6579,#6580,#6581,#6582,#6583,#6584,#6585,#6586,
    #6587,#6588,#6589,#6590,#6591,#6592,#6593,#6594,#6595,#6596,#6597,
    #6598,#6599,#6600,#6601,#6602,#6603,#6604,#6605,#6606,#6607,#6608,
    #6609,#6610,#6611,#6612,#6613,#6614,#6615,#6616,#6617,#6618,#6619,
    #6620,#6621,#6622,#6623,#6624,#6625,#6626,#6627,#6628,#6629,#6630,
    #6631,#6632,#6633,#6634,#6635,#6636,#6637,#6638,#6639,#6640,#6641,
    #6642,#6643,#6644,#6645,#6646,#6647,#6648,#6649,#6650,#6651,#6652,
    #6653,#6654,#6655,#6656,#6657,#6658,#6659,#6660,#6661,#6662,#6663,
    #6664,#6665,#6666,#6667,#6668,#6669,#6670,#6671,#6672,#6673,#6674,
    #6675,#6676,#6677,#6678,#6679,#6680,#6681,#6682,#6683,#6684,#6685,
    #6686,#6687,#6688,#6689,#6690,#6691,#6692,#6693,#6694,#6695,#6696,
    #6697,#6698,#6699,#6700,#6701,#6702,#6703,#6704,#6705,#6706,#6707,
    #6708,#6709,#6710,#6711,#6712,#6713,#6714,#6715,#6716,#6717,#6718,
    #6719,#6720,#6721,#6722,#6723,#6724,#6725,#6726,#6727,#6728,#6729,
    #6730,#6731,#6732,#6733,#6734,#6735,#6736,#6737,#6738,#6739,#6740,
    #6741,#6742),.UNSPECIFIED.,.T.,.F.,(8,6,6,6,6,6,6,6,6,6,6,6,6,6,6,6,
    6,6,6,6,6,6,6,6,6,6,6,6,6,6,6,6,8),(0.,3.470814703092E-02,
    5.588259628849E-02,8.276070068946E-02,0.103055419842,0.118320468134,
    0.13037148885,0.163764077399,0.204607215666,0.249725475543,
    0.294749657711,0.335634442275,0.416753434386,0.443458970378,
    0.464699857124,0.47613609979,0.499654365137,0.523157541507,
    0.534435345608,0.555639156235,0.582554530929,0.602877391579,
    0.618163607019,0.630231338179,0.663670230266,0.704570003307,
    0.749750826022,0.794837440577,0.835778917668,0.917010392718,
    0.943752959707,0.96502329994,1.),.UNSPECIFIED.);
#6549 = CARTESIAN_POINT('',(3.14159265359,32.5));
#6550 = CARTESIAN_POINT('',(3.161872612164,32.5));
#6551 = CARTESIAN_POINT('',(3.182120017756,32.477889707697));
#6552 = CARTESIAN_POINT('',(3.202245512311,32.433797191141));
#6553 = CARTESIAN_POINT('',(3.222160215619,32.368276469856));
#6554 = CARTESIAN_POINT('',(3.241775217887,32.28230535969));
#6555 = CARTESIAN_POINT('',(3.261001441466,32.177293332552));
#6556 = CARTESIAN_POINT('',(3.291187753616,31.980552357087));
#6557 = CARTESIAN_POINT('',(3.302457528772,31.899547046576));
#6558 = CARTESIAN_POINT('',(3.313552924493,31.812391587509));
#6559 = CARTESIAN_POINT('',(3.324467791513,31.71940023867));
#6560 = CARTESIAN_POINT('',(3.335196111632,31.620894148628));
#6561 = CARTESIAN_POINT('',(3.345732005328,31.517202114742));
#6562 = CARTESIAN_POINT('',(3.369192096937,31.270883486381));
#6563 = CARTESIAN_POINT('',(3.381997195331,31.125271782053));
#6564 = CARTESIAN_POINT('',(3.394485461375,30.972381505427));
#6565 = CARTESIAN_POINT('',(3.406657400831,30.812732724423));
#6566 = CARTESIAN_POINT('',(3.418513695491,30.646810850149));
#6567 = CARTESIAN_POINT('',(3.430055300262,30.475067188409));
#6568 = CARTESIAN_POINT('',(3.449761592657,30.164161443762));
#6569 = CARTESIAN_POINT('',(3.45806230845,30.027301560195));
#6570 = CARTESIAN_POINT('',(3.466187202429,29.887500982073));
#6571 = CARTESIAN_POINT('',(3.474137785321,29.744907623233));
#6572 = CARTESIAN_POINT('',(3.481915563781,29.599656169771));
#6573 = CARTESIAN_POINT('',(3.489522040403,29.451868080044));
#6574 = CARTESIAN_POINT('',(3.502552345058,29.18866346992));
#6575 = CARTESIAN_POINT('',(3.508049863447,29.074302489047));
#6576 = CARTESIAN_POINT('',(3.513451874048,28.958615196709));
#6577 = CARTESIAN_POINT('',(3.518758930258,28.841645320739));
#6578 = CARTESIAN_POINT('',(3.523971533693,28.723433762138));
#6579 = CARTESIAN_POINT('',(3.529090134194,28.604018595076));
#6580 = CARTESIAN_POINT('',(3.538082121961,28.388240176684));
#6581 = CARTESIAN_POINT('',(3.541990770611,28.292317360611));
#6582 = CARTESIAN_POINT('',(3.545841268065,28.195684076133));
#6583 = CARTESIAN_POINT('',(3.549633781632,28.098357036868));
#6584 = CARTESIAN_POINT('',(3.553368453646,28.00035221259));
#6585 = CARTESIAN_POINT('',(3.557045401465,27.901684829229));
#6586 = CARTESIAN_POINT('',(3.570693604902,27.527172737607));
#6587 = CARTESIAN_POINT('',(3.580281064916,27.246971409283));
#6588 = CARTESIAN_POINT('',(3.589427941757,26.962097959135));
#6589 = CARTESIAN_POINT('',(3.598134075533,26.672849007319));
#6590 = CARTESIAN_POINT('',(3.606398425233,26.379485203099));
#6591 = CARTESIAN_POINT('',(3.614219191756,26.082231209029));
#6592 = CARTESIAN_POINT('',(3.630614143133,25.413171006569));
#6593 = CARTESIAN_POINT('',(3.638968015515,25.039490945918));
#6594 = CARTESIAN_POINT('',(3.646646080227,24.660766711489));
#6595 = CARTESIAN_POINT('',(3.653638703408,24.277493216632));
#6596 = CARTESIAN_POINT('',(3.659936255767,23.890129421106));
#6597 = CARTESIAN_POINT('',(3.665529273162,23.499098672426));
#6598 = CARTESIAN_POINT('',(3.675798690518,22.669206354602));
#6599 = CARTESIAN_POINT('',(3.680317673745,22.229636481018));
#6600 = CARTESIAN_POINT('',(3.683949489762,21.786908797007));
#6601 = CARTESIAN_POINT('',(3.68668195606,21.341817911609));
#6602 = CARTESIAN_POINT('',(3.688506775236,20.895133607211));
#6603 = CARTESIAN_POINT('',(3.689419504557,20.447610867709));
#6604 = CARTESIAN_POINT('',(3.689419504557,19.553322461831));
#6605 = CARTESIAN_POINT('',(3.688510577581,19.10673217808));
#6606 = CARTESIAN_POINT('',(3.686693355462,18.660975035078));
#6607 = CARTESIAN_POINT('',(3.683972244718,18.216801544202));
#6608 = CARTESIAN_POINT('',(3.680355477381,17.774976863362));
#6609 = CARTESIAN_POINT('',(3.675855141161,17.336290726801));
#6610 = CARTESIAN_POINT('',(3.665612751252,16.506811099305));
#6611 = CARTESIAN_POINT('',(3.66002307265,16.115335313997));
#6612 = CARTESIAN_POINT('',(3.653727316723,15.727529188415));
#6613 = CARTESIAN_POINT('',(3.646734977257,15.343817362182));
#6614 = CARTESIAN_POINT('',(3.639055717132,14.964660196746));
#6615 = CARTESIAN_POINT('',(3.630699207215,14.590554118725));
#6616 = CARTESIAN_POINT('',(3.60377007912,13.490851741967));
#6617 = CARTESIAN_POINT('',(3.583260785063,12.782643351829));
#6618 = CARTESIAN_POINT('',(3.560175900862,12.099104126613));
#6619 = CARTESIAN_POINT('',(3.534497715052,11.443261614806));
#6620 = CARTESIAN_POINT('',(3.506174495985,10.819910094319));
#6621 = CARTESIAN_POINT('',(3.475134177314,10.23616530882));
#6622 = CARTESIAN_POINT('',(3.430152843358,9.526463837759));
#6623 = CARTESIAN_POINT('',(3.418703588982,9.356008882374));
#6624 = CARTESIAN_POINT('',(3.406944554552,9.191282442859));
#6625 = CARTESIAN_POINT('',(3.394874778999,9.032724687633));
#6626 = CARTESIAN_POINT('',(3.382493564331,8.88080894959));
#6627 = CARTESIAN_POINT('',(3.369800382161,8.736042249732));
#6628 = CARTESIAN_POINT('',(3.346450463705,8.489938804711));
#6629 = CARTESIAN_POINT('',(3.335907130187,8.385762449116));
#6630 = CARTESIAN_POINT('',(3.325170483022,8.286775200368));
#6631 = CARTESIAN_POINT('',(3.314246373898,8.193307237276));
#6632 = CARTESIAN_POINT('',(3.303140794794,8.105681232211));
#6633 = CARTESIAN_POINT('',(3.291859869923,8.024213112211));
#6634 = CARTESIAN_POINT('',(3.274245075245,7.908832135844));
#6635 = CARTESIAN_POINT('',(3.268032091207,7.870331659483));
#6636 = CARTESIAN_POINT('',(3.261773104997,7.833766761742));
#6637 = CARTESIAN_POINT('',(3.255470331584,7.799189698347));
#6638 = CARTESIAN_POINT('',(3.249125991479,7.766649610006));
#6639 = CARTESIAN_POINT('',(3.242742310726,7.736192522417));
#6640 = CARTESIAN_POINT('',(3.223117373081,7.649599193404));
#6641 = CARTESIAN_POINT('',(3.209750977619,7.600304578086));
#6642 = CARTESIAN_POINT('',(3.196254188359,7.560418905111));
#6643 = CARTESIAN_POINT('',(3.182658512948,7.530274446352));
#6644 = CARTESIAN_POINT('',(3.168995331895,7.510095575033));
#6645 = CARTESIAN_POINT('',(3.155296117636,7.5));
#6646 = CARTESIAN_POINT('',(3.127897981487,7.5));
#6647 = CARTESIAN_POINT('',(3.114208016829,7.510082645644));
#6648 = CARTESIAN_POINT('',(3.10055432247,7.530234405724));
#6649 = CARTESIAN_POINT('',(3.086968150006,7.560337347922));
#6650 = CARTESIAN_POINT('',(3.073480655522,7.600167898982));
#6651 = CARTESIAN_POINT('',(3.060123115347,7.649395604882));
#6652 = CARTESIAN_POINT('',(3.040595163442,7.735502097437));
#6653 = CARTESIAN_POINT('',(3.034299240476,7.765489972151));
#6654 = CARTESIAN_POINT('',(3.028041520354,7.797504368596));
#6655 = CARTESIAN_POINT('',(3.021824145325,7.831501179321));
#6656 = CARTESIAN_POINT('',(3.015649252448,7.867433335961));
#6657 = CARTESIAN_POINT('',(3.009518973591,7.905250809242));
#6658 = CARTESIAN_POINT('',(2.991997553564,8.019447642914));
#6659 = CARTESIAN_POINT('',(2.980727778408,8.100452953424));
#6660 = CARTESIAN_POINT('',(2.969632382687,8.187608412491));
#6661 = CARTESIAN_POINT('',(2.958717515667,8.280599761329));
#6662 = CARTESIAN_POINT('',(2.947989195547,8.379105851372));
#6663 = CARTESIAN_POINT('',(2.937453301852,8.482797885258));
#6664 = CARTESIAN_POINT('',(2.913993210243,8.729116513612));
#6665 = CARTESIAN_POINT('',(2.901188111848,8.874728217946));
#6666 = CARTESIAN_POINT('',(2.888699845804,9.027618494579));
#6667 = CARTESIAN_POINT('',(2.876527906348,9.187267275585));
#6668 = CARTESIAN_POINT('',(2.864671611689,9.353189149851));
#6669 = CARTESIAN_POINT('',(2.853130006918,9.524932811582));
#6670 = CARTESIAN_POINT('',(2.833423714522,9.835838556238));
#6671 = CARTESIAN_POINT('',(2.82512299873,9.972698439806));
#6672 = CARTESIAN_POINT('',(2.81699810475,10.112499017928));
#6673 = CARTESIAN_POINT('',(2.809047521859,10.255092376767));
#6674 = CARTESIAN_POINT('',(2.801269743399,10.400343830229));
#6675 = CARTESIAN_POINT('',(2.793663266777,10.548131919957));
#6676 = CARTESIAN_POINT('',(2.780632962122,10.81133653008));
#6677 = CARTESIAN_POINT('',(2.775135443733,10.925697510954));
#6678 = CARTESIAN_POINT('',(2.769733433131,11.041384803292));
#6679 = CARTESIAN_POINT('',(2.764426376922,11.158354679261));
#6680 = CARTESIAN_POINT('',(2.759213773487,11.276566237862));
#6681 = CARTESIAN_POINT('',(2.754095172985,11.395981404925));
#6682 = CARTESIAN_POINT('',(2.745103185219,11.611759823317));
#6683 = CARTESIAN_POINT('',(2.741194536568,11.70768263939));
#6684 = CARTESIAN_POINT('',(2.737344039114,11.804315923868));
#6685 = CARTESIAN_POINT('',(2.733551525547,11.901642963133));
#6686 = CARTESIAN_POINT('',(2.729816853533,11.999647787411));
#6687 = CARTESIAN_POINT('',(2.726139905715,12.098315170772));
#6688 = CARTESIAN_POINT('',(2.712491702279,12.472827262338));
#6689 = CARTESIAN_POINT('',(2.702904242264,12.75302859071));
#6690 = CARTESIAN_POINT('',(2.693757365421,13.037902040913));
#6691 = CARTESIAN_POINT('',(2.685051231645,13.327150992732));
#6692 = CARTESIAN_POINT('',(2.676786881947,13.620514796897));
#6693 = CARTESIAN_POINT('',(2.668966115425,13.91776879091));
#6694 = CARTESIAN_POINT('',(2.652571164046,14.586828993479));
#6695 = CARTESIAN_POINT('',(2.644217291665,14.960509054092));
#6696 = CARTESIAN_POINT('',(2.636539226954,15.339233288478));
#6697 = CARTESIAN_POINT('',(2.629546603772,15.722506783331));
#6698 = CARTESIAN_POINT('',(2.623249051412,16.109870578899));
#6699 = CARTESIAN_POINT('',(2.617656034017,16.500901327623));
#6700 = CARTESIAN_POINT('',(2.607386616661,17.330793645406));
#6701 = CARTESIAN_POINT('',(2.602867633434,17.770363518987));
#6702 = CARTESIAN_POINT('',(2.599235817418,18.213091202994));
#6703 = CARTESIAN_POINT('',(2.59650335112,18.65818208839));
#6704 = CARTESIAN_POINT('',(2.594678531944,19.10486639279));
#6705 = CARTESIAN_POINT('',(2.593765802623,19.552389132295));
#6706 = CARTESIAN_POINT('',(2.593765802623,20.446677538168));
#6707 = CARTESIAN_POINT('',(2.594674729599,20.89326782192));
#6708 = CARTESIAN_POINT('',(2.596491951718,21.339024964923));
#6709 = CARTESIAN_POINT('',(2.599213062462,21.783198455798));
#6710 = CARTESIAN_POINT('',(2.602829829798,22.225023136638));
#6711 = CARTESIAN_POINT('',(2.607330166018,22.663709273199));
#6712 = CARTESIAN_POINT('',(2.617572555928,23.493188900695));
#6713 = CARTESIAN_POINT('',(2.623162234529,23.884664686003));
#6714 = CARTESIAN_POINT('',(2.629457990457,24.272470811585));
#6715 = CARTESIAN_POINT('',(2.636450329923,24.656182637818));
#6716 = CARTESIAN_POINT('',(2.644129590048,25.035339803254));
#6717 = CARTESIAN_POINT('',(2.652486099965,25.409445881275));
#6718 = CARTESIAN_POINT('',(2.679415228059,26.509148258033));
#6719 = CARTESIAN_POINT('',(2.699924522116,27.217356648172));
#6720 = CARTESIAN_POINT('',(2.723009406317,27.900895873384));
#6721 = CARTESIAN_POINT('',(2.748687592127,28.556738385192));
#6722 = CARTESIAN_POINT('',(2.777010811195,29.180089905682));
#6723 = CARTESIAN_POINT('',(2.808051129866,29.763834691178));
#6724 = CARTESIAN_POINT('',(2.853032463822,30.473536162239));
#6725 = CARTESIAN_POINT('',(2.864481718197,30.643991117624));
#6726 = CARTESIAN_POINT('',(2.876240752628,30.80871755714));
#6727 = CARTESIAN_POINT('',(2.88831052818,30.967275312366));
#6728 = CARTESIAN_POINT('',(2.900691742848,31.119191050409));
#6729 = CARTESIAN_POINT('',(2.913384925018,31.263957750266));
#6730 = CARTESIAN_POINT('',(2.936734843474,31.510061195283));
#6731 = CARTESIAN_POINT('',(2.947278176993,31.614237550883));
#6732 = CARTESIAN_POINT('',(2.958014824158,31.713224799634));
#6733 = CARTESIAN_POINT('',(2.968938933281,31.806692762725));
#6734 = CARTESIAN_POINT('',(2.980044512385,31.894318767787));
#6735 = CARTESIAN_POINT('',(2.991325437256,31.975786887785));
#6736 = CARTESIAN_POINT('',(3.021603742904,32.174116787869));
#6737 = CARTESIAN_POINT('',(3.040917331338,32.280141197594));
#6738 = CARTESIAN_POINT('',(3.060625601072,32.366960641817));
#6739 = CARTESIAN_POINT('',(3.080637851603,32.433135892274));
#6740 = CARTESIAN_POINT('',(3.100863543389,32.477669932395));
#6741 = CARTESIAN_POINT('',(3.121212154134,32.5));
#6742 = CARTESIAN_POINT('',(3.14159265359,32.5));
#6743 = ( GEOMETRIC_REPRESENTATION_CONTEXT(2) 
PARAMETRIC_REPRESENTATION_CONTEXT() REPRESENTATION_CONTEXT('2D SPACE',''
  ) );
#6744 = ORIENTED_EDGE('',*,*,#6745,.F.);
#6745 = EDGE_CURVE('',#6106,#6145,#6746,.T.);
#6746 = SEAM_CURVE('',#6747,(#6751,#6758),.PCURVE_S1.);
#6747 = LINE('',#6748,#6749);
#6748 = CARTESIAN_POINT('',(67.15,3.061616997868E-15,3.8925E+03));
#6749 = VECTOR('',#6750,1.);
#6750 = DIRECTION('',(1.,0.,0.));
#6751 = PCURVE('',#6122,#6752);
#6752 = DEFINITIONAL_REPRESENTATION('',(#6753),#6757);
#6753 = LINE('',#6754,#6755);
#6754 = CARTESIAN_POINT('',(6.28318530718,-0.));
#6755 = VECTOR('',#6756,1.);
#6756 = DIRECTION('',(0.,1.));
#6757 = ( GEOMETRIC_REPRESENTATION_CONTEXT(2) 
PARAMETRIC_REPRESENTATION_CONTEXT() REPRESENTATION_CONTEXT('2D SPACE',''
  ) );
#6758 = PCURVE('',#6122,#6759);
#6759 = DEFINITIONAL_REPRESENTATION('',(#6760),#6764);
#6760 = LINE('',#6761,#6762);
#6761 = CARTESIAN_POINT('',(0.,-0.));
#6762 = VECTOR('',#6763,1.);
#6763 = DIRECTION('',(0.,1.));
#6764 = ( GEOMETRIC_REPRESENTATION_CONTEXT(2) 
PARAMETRIC_REPRESENTATION_CONTEXT() REPRESENTATION_CONTEXT('2D SPACE',''
  ) );
#6765 = ORIENTED_EDGE('',*,*,#6105,.T.);
#6766 = ORIENTED_EDGE('',*,*,#6745,.T.);
#6767 = ADVANCED_FACE('',(#6768,#6850),#6542,.T.);
#6768 = FACE_BOUND('',#6769,.T.);
#6769 = EDGE_LOOP('',(#6770,#6795,#6822,#6823));
#6770 = ORIENTED_EDGE('',*,*,#6771,.T.);
#6771 = EDGE_CURVE('',#6772,#6774,#6776,.T.);
#6772 = VERTEX_POINT('',#6773);
#6773 = CARTESIAN_POINT('',(531.15,-5.878304635907E-15,3.86E+03));
#6774 = VERTEX_POINT('',#6775);
#6775 = CARTESIAN_POINT('',(531.15,-5.878304635907E-15,3.9E+03));
#6776 = SEAM_CURVE('',#6777,(#6781,#6788),.PCURVE_S1.);
#6777 = LINE('',#6778,#6779);
#6778 = CARTESIAN_POINT('',(531.15,-5.878304635907E-15,3.86E+03));
#6779 = VECTOR('',#6780,1.);
#6780 = DIRECTION('',(0.,0.,1.));
#6781 = PCURVE('',#6542,#6782);
#6782 = DEFINITIONAL_REPRESENTATION('',(#6783),#6787);
#6783 = LINE('',#6784,#6785);
#6784 = CARTESIAN_POINT('',(6.28318530718,-0.));
#6785 = VECTOR('',#6786,1.);
#6786 = DIRECTION('',(0.,1.));
#6787 = ( GEOMETRIC_REPRESENTATION_CONTEXT(2) 
PARAMETRIC_REPRESENTATION_CONTEXT() REPRESENTATION_CONTEXT('2D SPACE',''
  ) );
#6788 = PCURVE('',#6542,#6789);
#6789 = DEFINITIONAL_REPRESENTATION('',(#6790),#6794);
#6790 = LINE('',#6791,#6792);
#6791 = CARTESIAN_POINT('',(0.,-0.));
#6792 = VECTOR('',#6793,1.);
#6793 = DIRECTION('',(0.,1.));
#6794 = ( GEOMETRIC_REPRESENTATION_CONTEXT(2) 
PARAMETRIC_REPRESENTATION_CONTEXT() REPRESENTATION_CONTEXT('2D SPACE',''
  ) );
#6795 = ORIENTED_EDGE('',*,*,#6796,.F.);
#6796 = EDGE_CURVE('',#6774,#6774,#6797,.T.);
#6797 = SURFACE_CURVE('',#6798,(#6803,#6810),.PCURVE_S1.);
#6798 = CIRCLE('',#6799,24.);
#6799 = AXIS2_PLACEMENT_3D('',#6800,#6801,#6802);
#6800 = CARTESIAN_POINT('',(507.15,0.,3.9E+03));
#6801 = DIRECTION('',(0.,0.,1.));
#6802 = DIRECTION('',(1.,0.,-0.));
#6803 = PCURVE('',#6542,#6804);
#6804 = DEFINITIONAL_REPRESENTATION('',(#6805),#6809);
#6805 = LINE('',#6806,#6807);
#6806 = CARTESIAN_POINT('',(0.,40.));
#6807 = VECTOR('',#6808,1.);
#6808 = DIRECTION('',(1.,0.));
#6809 = ( GEOMETRIC_REPRESENTATION_CONTEXT(2) 
PARAMETRIC_REPRESENTATION_CONTEXT() REPRESENTATION_CONTEXT('2D SPACE',''
  ) );
#6810 = PCURVE('',#6811,#6816);
#6811 = PLANE('',#6812);
#6812 = AXIS2_PLACEMENT_3D('',#6813,#6814,#6815);
#6813 = CARTESIAN_POINT('',(507.15,0.,3.9E+03));
#6814 = DIRECTION('',(0.,0.,1.));
#6815 = DIRECTION('',(1.,0.,-0.));
#6816 = DEFINITIONAL_REPRESENTATION('',(#6817),#6821);
#6817 = CIRCLE('',#6818,24.);
#6818 = AXIS2_PLACEMENT_2D('',#6819,#6820);
#6819 = CARTESIAN_POINT('',(0.,0.));
#6820 = DIRECTION('',(1.,0.));
#6821 = ( GEOMETRIC_REPRESENTATION_CONTEXT(2) 
PARAMETRIC_REPRESENTATION_CONTEXT() REPRESENTATION_CONTEXT('2D SPACE',''
  ) );
#6822 = ORIENTED_EDGE('',*,*,#6771,.F.);
#6823 = ORIENTED_EDGE('',*,*,#6824,.T.);
#6824 = EDGE_CURVE('',#6772,#6772,#6825,.T.);
#6825 = SURFACE_CURVE('',#6826,(#6831,#6838),.PCURVE_S1.);
#6826 = CIRCLE('',#6827,24.);
#6827 = AXIS2_PLACEMENT_3D('',#6828,#6829,#6830);
#6828 = CARTESIAN_POINT('',(507.15,0.,3.86E+03));
#6829 = DIRECTION('',(0.,0.,1.));
#6830 = DIRECTION('',(1.,0.,-0.));
#6831 = PCURVE('',#6542,#6832);
#6832 = DEFINITIONAL_REPRESENTATION('',(#6833),#6837);
#6833 = LINE('',#6834,#6835);
#6834 = CARTESIAN_POINT('',(0.,0.));
#6835 = VECTOR('',#6836,1.);
#6836 = DIRECTION('',(1.,0.));
#6837 = ( GEOMETRIC_REPRESENTATION_CONTEXT(2) 
PARAMETRIC_REPRESENTATION_CONTEXT() REPRESENTATION_CONTEXT('2D SPACE',''
  ) );
#6838 = PCURVE('',#6839,#6844);
#6839 = PLANE('',#6840);
#6840 = AXIS2_PLACEMENT_3D('',#6841,#6842,#6843);
#6841 = CARTESIAN_POINT('',(507.15,0.,3.86E+03));
#6842 = DIRECTION('',(0.,0.,1.));
#6843 = DIRECTION('',(1.,0.,-0.));
#6844 = DEFINITIONAL_REPRESENTATION('',(#6845),#6849);
#6845 = CIRCLE('',#6846,24.);
#6846 = AXIS2_PLACEMENT_2D('',#6847,#6848);
#6847 = CARTESIAN_POINT('',(0.,0.));
#6848 = DIRECTION('',(1.,0.));
#6849 = ( GEOMETRIC_REPRESENTATION_CONTEXT(2) 
PARAMETRIC_REPRESENTATION_CONTEXT() REPRESENTATION_CONTEXT('2D SPACE',''
  ) );
#6850 = FACE_BOUND('',#6851,.T.);
#6851 = EDGE_LOOP('',(#6852));
#6852 = ORIENTED_EDGE('',*,*,#6144,.T.);
#6853 = ADVANCED_FACE('',(#6854,#6857),#6839,.F.);
#6854 = FACE_BOUND('',#6855,.F.);
#6855 = EDGE_LOOP('',(#6856));
#6856 = ORIENTED_EDGE('',*,*,#6824,.T.);
#6857 = FACE_BOUND('',#6858,.F.);
#6858 = EDGE_LOOP('',(#6859));
#6859 = ORIENTED_EDGE('',*,*,#6860,.F.);
#6860 = EDGE_CURVE('',#6861,#6861,#6863,.T.);
#6861 = VERTEX_POINT('',#6862);
#6862 = CARTESIAN_POINT('',(527.35,-4.947573068555E-15,3.86E+03));
#6863 = SURFACE_CURVE('',#6864,(#6869,#6876),.PCURVE_S1.);
#6864 = CIRCLE('',#6865,20.2);
#6865 = AXIS2_PLACEMENT_3D('',#6866,#6867,#6868);
#6866 = CARTESIAN_POINT('',(507.15,0.,3.86E+03));
#6867 = DIRECTION('',(0.,0.,1.));
#6868 = DIRECTION('',(1.,0.,-0.));
#6869 = PCURVE('',#6839,#6870);
#6870 = DEFINITIONAL_REPRESENTATION('',(#6871),#6875);
#6871 = CIRCLE('',#6872,20.2);
#6872 = AXIS2_PLACEMENT_2D('',#6873,#6874);
#6873 = CARTESIAN_POINT('',(0.,0.));
#6874 = DIRECTION('',(1.,0.));
#6875 = ( GEOMETRIC_REPRESENTATION_CONTEXT(2) 
PARAMETRIC_REPRESENTATION_CONTEXT() REPRESENTATION_CONTEXT('2D SPACE',''
  ) );
#6876 = PCURVE('',#6877,#6882);
#6877 = CYLINDRICAL_SURFACE('',#6878,20.2);
#6878 = AXIS2_PLACEMENT_3D('',#6879,#6880,#6881);
#6879 = CARTESIAN_POINT('',(507.15,0.,3.859E+03));
#6880 = DIRECTION('',(0.,0.,1.));
#6881 = DIRECTION('',(1.,0.,-0.));
#6882 = DEFINITIONAL_REPRESENTATION('',(#6883),#6887);
#6883 = LINE('',#6884,#6885);
#6884 = CARTESIAN_POINT('',(0.,1.));
#6885 = VECTOR('',#6886,1.);
#6886 = DIRECTION('',(1.,0.));
#6887 = ( GEOMETRIC_REPRESENTATION_CONTEXT(2) 
PARAMETRIC_REPRESENTATION_CONTEXT() REPRESENTATION_CONTEXT('2D SPACE',''
  ) );
#6888 = ADVANCED_FACE('',(#6889,#6892),#6811,.T.);
#6889 = FACE_BOUND('',#6890,.T.);
#6890 = EDGE_LOOP('',(#6891));
#6891 = ORIENTED_EDGE('',*,*,#6796,.T.);
#6892 = FACE_BOUND('',#6893,.T.);
#6893 = EDGE_LOOP('',(#6894));
#6894 = ORIENTED_EDGE('',*,*,#6895,.F.);
#6895 = EDGE_CURVE('',#6896,#6896,#6898,.T.);
#6896 = VERTEX_POINT('',#6897);
#6897 = CARTESIAN_POINT('',(527.35,-4.947573068555E-15,3.9E+03));
#6898 = SURFACE_CURVE('',#6899,(#6904,#6911),.PCURVE_S1.);
#6899 = CIRCLE('',#6900,20.2);
#6900 = AXIS2_PLACEMENT_3D('',#6901,#6902,#6903);
#6901 = CARTESIAN_POINT('',(507.15,0.,3.9E+03));
#6902 = DIRECTION('',(0.,0.,1.));
#6903 = DIRECTION('',(1.,0.,-0.));
#6904 = PCURVE('',#6811,#6905);
#6905 = DEFINITIONAL_REPRESENTATION('',(#6906),#6910);
#6906 = CIRCLE('',#6907,20.2);
#6907 = AXIS2_PLACEMENT_2D('',#6908,#6909);
#6908 = CARTESIAN_POINT('',(0.,0.));
#6909 = DIRECTION('',(1.,0.));
#6910 = ( GEOMETRIC_REPRESENTATION_CONTEXT(2) 
PARAMETRIC_REPRESENTATION_CONTEXT() REPRESENTATION_CONTEXT('2D SPACE',''
  ) );
#6911 = PCURVE('',#6877,#6912);
#6912 = DEFINITIONAL_REPRESENTATION('',(#6913),#6917);
#6913 = LINE('',#6914,#6915);
#6914 = CARTESIAN_POINT('',(0.,41.));
#6915 = VECTOR('',#6916,1.);
#6916 = DIRECTION('',(1.,0.));
#6917 = ( GEOMETRIC_REPRESENTATION_CONTEXT(2) 
PARAMETRIC_REPRESENTATION_CONTEXT() REPRESENTATION_CONTEXT('2D SPACE',''
  ) );
#6918 = ADVANCED_FACE('',(#6919),#6877,.F.);
#6919 = FACE_BOUND('',#6920,.F.);
#6920 = EDGE_LOOP('',(#6921,#6922,#6943,#6944));
#6921 = ORIENTED_EDGE('',*,*,#6895,.F.);
#6922 = ORIENTED_EDGE('',*,*,#6923,.F.);
#6923 = EDGE_CURVE('',#6861,#6896,#6924,.T.);
#6924 = SEAM_CURVE('',#6925,(#6929,#6936),.PCURVE_S1.);
#6925 = LINE('',#6926,#6927);
#6926 = CARTESIAN_POINT('',(527.35,-4.947573068555E-15,3.859E+03));
#6927 = VECTOR('',#6928,1.);
#6928 = DIRECTION('',(0.,0.,1.));
#6929 = PCURVE('',#6877,#6930);
#6930 = DEFINITIONAL_REPRESENTATION('',(#6931),#6935);
#6931 = LINE('',#6932,#6933);
#6932 = CARTESIAN_POINT('',(6.28318530718,-0.));
#6933 = VECTOR('',#6934,1.);
#6934 = DIRECTION('',(0.,1.));
#6935 = ( GEOMETRIC_REPRESENTATION_CONTEXT(2) 
PARAMETRIC_REPRESENTATION_CONTEXT() REPRESENTATION_CONTEXT('2D SPACE',''
  ) );
#6936 = PCURVE('',#6877,#6937);
#6937 = DEFINITIONAL_REPRESENTATION('',(#6938),#6942);
#6938 = LINE('',#6939,#6940);
#6939 = CARTESIAN_POINT('',(0.,-0.));
#6940 = VECTOR('',#6941,1.);
#6941 = DIRECTION('',(0.,1.));
#6942 = ( GEOMETRIC_REPRESENTATION_CONTEXT(2) 
PARAMETRIC_REPRESENTATION_CONTEXT() REPRESENTATION_CONTEXT('2D SPACE',''
  ) );
#6943 = ORIENTED_EDGE('',*,*,#6860,.T.);
#6944 = ORIENTED_EDGE('',*,*,#6923,.T.);
#6945 = ORIENTED_CLOSED_SHELL('',*,#6946,.F.);
#6946 = CLOSED_SHELL('',(#6947,#7451,#7455));
#6947 = ADVANCED_FACE('',(#6948),#7099,.T.);
#6948 = FACE_BOUND('',#6949,.T.);
#6949 = EDGE_LOOP('',(#6950,#7400,#7423,#7450));
#6950 = ORIENTED_EDGE('',*,*,#6951,.F.);
#6951 = EDGE_CURVE('',#6952,#6952,#6954,.T.);
#6952 = VERTEX_POINT('',#6953);
#6953 = CARTESIAN_POINT('',(483.14999999999,2.571758278209E-15,
    3.8905E+03));
#6954 = SURFACE_CURVE('',#6955,(#7098,#7249),.PCURVE_S1.);
#6955 = B_SPLINE_CURVE_WITH_KNOTS('',6,(#6956,#6957,#6958,#6959,#6960,
    #6961,#6962,#6963,#6964,#6965,#6966,#6967,#6968,#6969,#6970,#6971,
    #6972,#6973,#6974,#6975,#6976,#6977,#6978,#6979,#6980,#6981,#6982,
    #6983,#6984,#6985,#6986,#6987,#6988,#6989,#6990,#6991,#6992,#6993,
    #6994,#6995,#6996,#6997,#6998,#6999,#7000,#7001,#7002,#7003,#7004,
    #7005,#7006,#7007,#7008,#7009,#7010,#7011,#7012,#7013,#7014,#7015,
    #7016,#7017,#7018,#7019,#7020,#7021,#7022,#7023,#7024,#7025,#7026,
    #7027,#7028,#7029,#7030,#7031,#7032,#7033,#7034,#7035,#7036,#7037,
    #7038,#7039,#7040,#7041,#7042,#7043,#7044,#7045,#7046,#7047,#7048,
    #7049,#7050,#7051,#7052,#7053,#7054,#7055,#7056,#7057,#7058,#7059,
    #7060,#7061,#7062,#7063,#7064,#7065,#7066,#7067,#7068,#7069,#7070,
    #7071,#7072,#7073,#7074,#7075,#7076,#7077,#7078,#7079,#7080,#7081,
    #7082,#7083,#7084,#7085,#7086,#7087,#7088,#7089,#7090,#7091,#7092,
    #7093,#7094,#7095,#7096,#7097),.UNSPECIFIED.,.T.,.F.,(7,5,5,5,5,5,5,
    5,5,5,5,5,5,5,5,5,5,5,5,5,5,5,5,5,5,5,5,5,7),(0.,3.750113110225E-02,
    5.998990224462E-02,8.926748495279E-02,0.111829856787,0.129993531069,
    0.192484268876,0.249991407103,0.307744939888,0.369294336373,
    0.387503896474,0.410594471353,0.43954586928,0.463049405656,
    0.499981346965,0.537485421855,0.559975958331,0.589255839282,
    0.611819982225,0.629985082325,0.692480725552,0.749992377995,
    0.807750444336,0.869304672381,0.887515661921,0.910608049396,
    0.939561719989,0.963067101376,1.),.UNSPECIFIED.);
#6956 = CARTESIAN_POINT('',(483.15,3.552713678801E-15,3.8905E+03));
#6957 = CARTESIAN_POINT('',(483.15,-0.510364591119,3.8905E+03));
#6958 = CARTESIAN_POINT('',(483.16302360441,-1.019728544763,
    3.890470231694E+03));
#6959 = CARTESIAN_POINT('',(483.1889750357,-1.52389582521,
    3.890410914441E+03));
#6960 = CARTESIAN_POINT('',(483.22709808664,-2.018709905863,
    3.890323263501E+03));
#6961 = CARTESIAN_POINT('',(483.2759946414,-2.50017276235,
    3.89020947944E+03));
#6962 = CARTESIAN_POINT('',(483.36846454228,-3.243042754146,
    3.889990843046E+03));
#6963 = CARTESIAN_POINT('',(483.40637192947,-3.515698463455,
    3.889900557445E+03));
#6964 = CARTESIAN_POINT('',(483.44720030857,-3.782234952343,
    3.889802453725E+03));
#6965 = CARTESIAN_POINT('',(483.49061468739,-4.042390149662,
    3.889697049664E+03));
#6966 = CARTESIAN_POINT('',(483.53627278382,-4.295930622753,
    3.889584877056E+03));
#6967 = CARTESIAN_POINT('',(483.64574605243,-4.863851268143,
    3.889312350788E+03));
#6968 = CARTESIAN_POINT('',(483.71089122631,-5.17354234801,
    3.889147651048E+03));
#6969 = CARTESIAN_POINT('',(483.77859951126,-5.471727967218,
    3.888973364694E+03));
#6970 = CARTESIAN_POINT('',(483.84824410738,-5.758454956068,
    3.888790388631E+03));
#6971 = CARTESIAN_POINT('',(483.91924403378,-6.033812651461,
    3.888599538535E+03));
#6972 = CARTESIAN_POINT('',(484.04642110976,-6.501471735548,
    3.888248974081E+03));
#6973 = CARTESIAN_POINT('',(484.10227333192,-6.698375904486,
    3.888092129301E+03));
#6974 = CARTESIAN_POINT('',(484.15839553807,-6.88873989616,
    3.887931319476E+03));
#6975 = CARTESIAN_POINT('',(484.21457386232,-7.072662166696,
    3.88776681574E+03));
#6976 = CARTESIAN_POINT('',(484.2706113645,-7.250244094157,
    3.88759885725E+03));
#6977 = CARTESIAN_POINT('',(484.37118232878,-7.559530743659,
    3.887289822988E+03));
#6978 = CARTESIAN_POINT('',(484.41582792973,-7.693428089089,
    3.887149891953E+03));
#6979 = CARTESIAN_POINT('',(484.46017041437,-7.823334636535,
    3.887007967226E+03));
#6980 = CARTESIAN_POINT('',(484.50412033348,-7.949299981411,
    3.886864149495E+03));
#6981 = CARTESIAN_POINT('',(484.54759320718,-8.071370692835,
    3.886718530997E+03));
#6982 = CARTESIAN_POINT('',(484.73815984711,-8.596315913997,
    3.88606429901E+03));
#6983 = CARTESIAN_POINT('',(484.87931890612,-8.957726467655,
    3.885536747399E+03));
#6984 = CARTESIAN_POINT('',(485.01060426805,-9.275158835293,
    3.884992322524E+03));
#6985 = CARTESIAN_POINT('',(485.12927575439,-9.549755490136,
    3.88443390718E+03));
#6986 = CARTESIAN_POINT('',(485.23311766186,-9.782349045122,
    3.88386374875E+03));
#6987 = CARTESIAN_POINT('',(485.40066147765,-10.14906927215,
    3.882749944284E+03));
#6988 = CARTESIAN_POINT('',(485.46687788628,-10.28951191683,
    3.882207985108E+03));
#6989 = CARTESIAN_POINT('',(485.51755438089,-10.39475803305,
    3.881660034161E+03));
#6990 = CARTESIAN_POINT('',(485.55168447128,-10.4649075095,
    3.881108108795E+03));
#6991 = CARTESIAN_POINT('',(485.56875814509,-10.5,3.880554129502E+03));
#6992 = CARTESIAN_POINT('',(485.56875814509,-10.5,3.87944349628E+03));
#6993 = CARTESIAN_POINT('',(485.55153785077,-10.46460615184,
    3.878887145963E+03));
#6994 = CARTESIAN_POINT('',(485.51711496136,-10.39385486999,
    3.878332876104E+03));
#6995 = CARTESIAN_POINT('',(485.46600818039,-10.28770559717,
    3.877782630877E+03));
#6996 = CARTESIAN_POINT('',(485.39924101212,-10.14605613309,
    3.877238453441E+03));
#6997 = CARTESIAN_POINT('',(485.23204204615,-9.779889884445,
    3.876131459714E+03));
#6998 = CARTESIAN_POINT('',(485.12971414264,-9.550600082026,
    3.87556995591E+03));
#6999 = CARTESIAN_POINT('',(485.01300624592,-9.280557005827,
    3.875019852268E+03));
#7000 = CARTESIAN_POINT('',(484.8840356656,-8.96896966161,
    3.87448329883E+03));
#7001 = CARTESIAN_POINT('',(484.74541222671,-8.614754051027,
    3.873963039444E+03));
#7002 = CARTESIAN_POINT('',(484.55742862875,-8.098853858725,
    3.873314616317E+03));
#7003 = CARTESIAN_POINT('',(484.51393891304,-7.977205798375,
    3.873168289263E+03));
#7004 = CARTESIAN_POINT('',(484.46995716622,-7.85165009061,
    3.873023758636E+03));
#7005 = CARTESIAN_POINT('',(484.42556798846,-7.722140188865,
    3.872881116512E+03));
#7006 = CARTESIAN_POINT('',(484.38086094217,-7.588626419265,
    3.872740463357E+03));
#7007 = CARTESIAN_POINT('',(484.27895671358,-7.276610222602,
    3.872426213391E+03));
#7008 = CARTESIAN_POINT('',(484.22162509138,-7.095644896647,
    3.872253895302E+03));
#7009 = CARTESIAN_POINT('',(484.16412720283,-6.908048128625,
    3.872085173063E+03));
#7010 = CARTESIAN_POINT('',(484.10667308635,-6.713711183161,
    3.871920301006E+03));
#7011 = CARTESIAN_POINT('',(484.04949130153,-6.512528463627,
    3.871759568496E+03));
#7012 = CARTESIAN_POINT('',(483.92178457864,-6.043439002937,
    3.871407367464E+03));
#7013 = CARTESIAN_POINT('',(483.85154026369,-5.771496162065,
    3.871218406149E+03));
#7014 = CARTESIAN_POINT('',(483.78260688903,-5.488440319091,
    3.871037124907E+03));
#7015 = CARTESIAN_POINT('',(483.71554452213,-5.194182011172,
    3.870864309128E+03));
#7016 = CARTESIAN_POINT('',(483.6509572921,-4.888671951894,
    3.870700822383E+03));
#7017 = CARTESIAN_POINT('',(483.53958607103,-4.314739492661,
    3.870423224607E+03));
#7018 = CARTESIAN_POINT('',(483.4917300534,-4.0501100991,
    3.870305589308E+03));
#7019 = CARTESIAN_POINT('',(483.44631274844,-3.778247114543,
    3.870195329556E+03));
#7020 = CARTESIAN_POINT('',(483.40372535966,-3.499417864957,
    3.8700930529E+03));
#7021 = CARTESIAN_POINT('',(483.36435022135,-3.21392386715,
    3.869999349861E+03));
#7022 = CARTESIAN_POINT('',(483.27230416818,-2.463549337475,
    3.869781935289E+03));
#7023 = CARTESIAN_POINT('',(483.22479765907,-1.98861914908,
    3.869671447818E+03));
#7024 = CARTESIAN_POINT('',(483.18779940683,-1.500895809642,
    3.869586398428E+03));
#7025 = CARTESIAN_POINT('',(483.16262927906,-1.004219552239,
    3.869528866983E+03));
#7026 = CARTESIAN_POINT('',(483.15,-0.502578857773,3.8695E+03));
#7027 = CARTESIAN_POINT('',(483.15,0.510364590973,3.8695E+03));
#7028 = CARTESIAN_POINT('',(483.1630236044,1.019728544791,
    3.869529768306E+03));
#7029 = CARTESIAN_POINT('',(483.18897503571,1.523895825348,
    3.869589085559E+03));
#7030 = CARTESIAN_POINT('',(483.22709808665,2.018709905911,
    3.869676736499E+03));
#7031 = CARTESIAN_POINT('',(483.27599464139,2.50017276223,
    3.869790520559E+03));
#7032 = CARTESIAN_POINT('',(483.36846454228,3.243042754154,
    3.870009156954E+03));
#7033 = CARTESIAN_POINT('',(483.40637192947,3.515698463453,
    3.870099442555E+03));
#7034 = CARTESIAN_POINT('',(483.44720030857,3.782234952336,
    3.870197546275E+03));
#7035 = CARTESIAN_POINT('',(483.49061468739,4.04239014966,
    3.870302950336E+03));
#7036 = CARTESIAN_POINT('',(483.53627278382,4.29593062276,
    3.870415122944E+03));
#7037 = CARTESIAN_POINT('',(483.64574605242,4.863851268128,
    3.870687649212E+03));
#7038 = CARTESIAN_POINT('',(483.71089122631,5.173542348015,
    3.870852348952E+03));
#7039 = CARTESIAN_POINT('',(483.77859951127,5.471727967232,
    3.871026635306E+03));
#7040 = CARTESIAN_POINT('',(483.84824410738,5.75845495607,
    3.871209611369E+03));
#7041 = CARTESIAN_POINT('',(483.91924403378,6.03381265145,
    3.871400461465E+03));
#7042 = CARTESIAN_POINT('',(484.04642110976,6.501471735549,
    3.871751025919E+03));
#7043 = CARTESIAN_POINT('',(484.10227333192,6.698375904486,
    3.871907870699E+03));
#7044 = CARTESIAN_POINT('',(484.15839553807,6.88873989616,
    3.872068680524E+03));
#7045 = CARTESIAN_POINT('',(484.21457386232,7.072662166696,
    3.87223318426E+03));
#7046 = CARTESIAN_POINT('',(484.2706113645,7.250244094157,
    3.87240114275E+03));
#7047 = CARTESIAN_POINT('',(484.37118232878,7.55953074366,
    3.872710177012E+03));
#7048 = CARTESIAN_POINT('',(484.41582792973,7.693428089089,
    3.872850108047E+03));
#7049 = CARTESIAN_POINT('',(484.46017041437,7.823334636536,
    3.872992032774E+03));
#7050 = CARTESIAN_POINT('',(484.50412033348,7.949299981411,
    3.873135850505E+03));
#7051 = CARTESIAN_POINT('',(484.54759320718,8.071370692835,
    3.873281469003E+03));
#7052 = CARTESIAN_POINT('',(484.73815984711,8.596315913998,
    3.87393570099E+03));
#7053 = CARTESIAN_POINT('',(484.87931890612,8.957726467656,
    3.874463252601E+03));
#7054 = CARTESIAN_POINT('',(485.01060426805,9.275158835293,
    3.875007677476E+03));
#7055 = CARTESIAN_POINT('',(485.12927575439,9.549755490137,
    3.87556609282E+03));
#7056 = CARTESIAN_POINT('',(485.23311766186,9.782349045122,
    3.87613625125E+03));
#7057 = CARTESIAN_POINT('',(485.40066147765,10.149069272156,
    3.877250055716E+03));
#7058 = CARTESIAN_POINT('',(485.46687788628,10.289511916837,
    3.877792014892E+03));
#7059 = CARTESIAN_POINT('',(485.51755438089,10.394758033059,
    3.878339965839E+03));
#7060 = CARTESIAN_POINT('',(485.55168447128,10.464907509508,
    3.878891891205E+03));
#7061 = CARTESIAN_POINT('',(485.56875814509,10.5,3.879445870498E+03));
#7062 = CARTESIAN_POINT('',(485.56875814509,10.5,3.88055650372E+03));
#7063 = CARTESIAN_POINT('',(485.55153785077,10.464606151849,
    3.881112854037E+03));
#7064 = CARTESIAN_POINT('',(485.51711496136,10.393854869996,
    3.881667123896E+03));
#7065 = CARTESIAN_POINT('',(485.46600818039,10.287705597174,
    3.882217369123E+03));
#7066 = CARTESIAN_POINT('',(485.39924101212,10.146056133092,
    3.882761546559E+03));
#7067 = CARTESIAN_POINT('',(485.2320420461,9.77988988434,
    3.883868540287E+03));
#7068 = CARTESIAN_POINT('',(485.12971414263,9.550600082009,
    3.88443004409E+03));
#7069 = CARTESIAN_POINT('',(485.01300624599,9.280557005977,
    3.884980147731E+03));
#7070 = CARTESIAN_POINT('',(484.88403566563,8.96896966171,
    3.88551670117E+03));
#7071 = CARTESIAN_POINT('',(484.74541222664,8.614754050828,
    3.886036960556E+03));
#7072 = CARTESIAN_POINT('',(484.55742862875,8.098853858726,
    3.886685383683E+03));
#7073 = CARTESIAN_POINT('',(484.51393891304,7.977205798376,
    3.886831710737E+03));
#7074 = CARTESIAN_POINT('',(484.46995716622,7.85165009061,
    3.886976241364E+03));
#7075 = CARTESIAN_POINT('',(484.42556798846,7.722140188866,
    3.887118883488E+03));
#7076 = CARTESIAN_POINT('',(484.38086094218,7.588626419266,
    3.887259536643E+03));
#7077 = CARTESIAN_POINT('',(484.27895671358,7.276610222603,
    3.887573786609E+03));
#7078 = CARTESIAN_POINT('',(484.22162509138,7.095644896647,
    3.887746104698E+03));
#7079 = CARTESIAN_POINT('',(484.16412720283,6.908048128625,
    3.887914826937E+03));
#7080 = CARTESIAN_POINT('',(484.10667308635,6.713711183161,
    3.888079698994E+03));
#7081 = CARTESIAN_POINT('',(484.04949130153,6.512528463628,
    3.888240431504E+03));
#7082 = CARTESIAN_POINT('',(483.92178457864,6.043439002949,
    3.888592632536E+03));
#7083 = CARTESIAN_POINT('',(483.85154026369,5.771496162064,
    3.888781593851E+03));
#7084 = CARTESIAN_POINT('',(483.78260688902,5.488440319079,
    3.888962875094E+03));
#7085 = CARTESIAN_POINT('',(483.71554452213,5.194182011169,
    3.889135690872E+03));
#7086 = CARTESIAN_POINT('',(483.6509572921,4.888671951909,
    3.889299177617E+03));
#7087 = CARTESIAN_POINT('',(483.53958607103,4.314739492675,
    3.889576775393E+03));
#7088 = CARTESIAN_POINT('',(483.4917300534,4.050110099099,
    3.889694410692E+03));
#7089 = CARTESIAN_POINT('',(483.44631274844,3.778247114531,
    3.889804670444E+03));
#7090 = CARTESIAN_POINT('',(483.40372535966,3.499417864954,
    3.8899069471E+03));
#7091 = CARTESIAN_POINT('',(483.36435022135,3.213923867167,
    3.890000650139E+03));
#7092 = CARTESIAN_POINT('',(483.27230712542,2.463573445384,
    3.890218057726E+03));
#7093 = CARTESIAN_POINT('',(483.22479797422,1.988630932755,
    3.890328551623E+03));
#7094 = CARTESIAN_POINT('',(483.18779696367,1.500877905912,
    3.890413607157E+03));
#7095 = CARTESIAN_POINT('',(483.16262698235,1.004175245719,
    3.89047113827E+03));
#7096 = CARTESIAN_POINT('',(483.15,0.502533170996,3.8905E+03));
#7097 = CARTESIAN_POINT('',(483.15,3.552713678801E-15,3.8905E+03));
#7098 = PCURVE('',#7099,#7104);
#7099 = CYLINDRICAL_SURFACE('',#7100,10.5);
#7100 = AXIS2_PLACEMENT_3D('',#7101,#7102,#7103);
#7101 = CARTESIAN_POINT('',(66.15,0.,3.88E+03));
#7102 = DIRECTION('',(1.,0.,0.));
#7103 = DIRECTION('',(-0.,0.,1.));
#7104 = DEFINITIONAL_REPRESENTATION('',(#7105),#7248);
#7105 = B_SPLINE_CURVE_WITH_KNOTS('',6,(#7106,#7107,#7108,#7109,#7110,
    #7111,#7112,#7113,#7114,#7115,#7116,#7117,#7118,#7119,#7120,#7121,
    #7122,#7123,#7124,#7125,#7126,#7127,#7128,#7129,#7130,#7131,#7132,
    #7133,#7134,#7135,#7136,#7137,#7138,#7139,#7140,#7141,#7142,#7143,
    #7144,#7145,#7146,#7147,#7148,#7149,#7150,#7151,#7152,#7153,#7154,
    #7155,#7156,#7157,#7158,#7159,#7160,#7161,#7162,#7163,#7164,#7165,
    #7166,#7167,#7168,#7169,#7170,#7171,#7172,#7173,#7174,#7175,#7176,
    #7177,#7178,#7179,#7180,#7181,#7182,#7183,#7184,#7185,#7186,#7187,
    #7188,#7189,#7190,#7191,#7192,#7193,#7194,#7195,#7196,#7197,#7198,
    #7199,#7200,#7201,#7202,#7203,#7204,#7205,#7206,#7207,#7208,#7209,
    #7210,#7211,#7212,#7213,#7214,#7215,#7216,#7217,#7218,#7219,#7220,
    #7221,#7222,#7223,#7224,#7225,#7226,#7227,#7228,#7229,#7230,#7231,
    #7232,#7233,#7234,#7235,#7236,#7237,#7238,#7239,#7240,#7241,#7242,
    #7243,#7244,#7245,#7246,#7247),.UNSPECIFIED.,.F.,.F.,(7,5,5,5,5,5,5,
    5,5,5,5,5,5,5,5,5,5,5,5,5,5,5,5,5,5,5,5,5,7),(0.,3.750113110225E-02,
    5.998990224462E-02,8.926748495279E-02,0.111829856787,0.129993531069,
    0.192484268876,0.249991407103,0.307744939888,0.369294336373,
    0.387503896474,0.410594471353,0.43954586928,0.463049405656,
    0.499981346965,0.537485421855,0.559975958331,0.589255839282,
    0.611819982225,0.629985082325,0.692480725552,0.749992377995,
    0.807750444336,0.869304672381,0.887515661921,0.910608049396,
    0.939561719989,0.963067101376,1.),.UNSPECIFIED.);
#7106 = CARTESIAN_POINT('',(0.,417.));
#7107 = CARTESIAN_POINT('',(4.860615153519E-02,417.));
#7108 = CARTESIAN_POINT('',(9.711700003534E-02,417.01302360441));
#7109 = CARTESIAN_POINT('',(0.145339656797,417.0389750357));
#7110 = CARTESIAN_POINT('',(0.193080791282,417.07709808664));
#7111 = CARTESIAN_POINT('',(0.240128413598,417.1259946414));
#7112 = CARTESIAN_POINT('',(0.313878478597,417.21846454228));
#7113 = CARTESIAN_POINT('',(0.341216936642,417.25637192947));
#7114 = CARTESIAN_POINT('',(0.368244573134,417.29720030857));
#7115 = CARTESIAN_POINT('',(0.394957344175,417.34061468739));
#7116 = CARTESIAN_POINT('',(0.421349158669,417.38627278382));
#7117 = CARTESIAN_POINT('',(0.481341934242,417.49574605243));
#7118 = CARTESIAN_POINT('',(0.514719355357,417.56089122631));
#7119 = CARTESIAN_POINT('',(0.547574129118,417.62859951126));
#7120 = CARTESIAN_POINT('',(0.579932333534,417.69824410738));
#7121 = CARTESIAN_POINT('',(0.611817964982,417.76924403378));
#7122 = CARTESIAN_POINT('',(0.667481389531,417.89642110976));
#7123 = CARTESIAN_POINT('',(0.691446104347,417.95227333192));
#7124 = CARTESIAN_POINT('',(0.715164291796,418.00839553807));
#7125 = CARTESIAN_POINT('',(0.738651045746,418.06457386232));
#7126 = CARTESIAN_POINT('',(0.761921330384,418.1206113645));
#7127 = CARTESIAN_POINT('',(0.803561229946,418.22118232878));
#7128 = CARTESIAN_POINT('',(0.822001654852,418.26582792973));
#7129 = CARTESIAN_POINT('',(0.840318891075,418.31017041437));
#7130 = CARTESIAN_POINT('',(0.858520284086,418.35412033348));
#7131 = CARTESIAN_POINT('',(0.87661288869,418.39759320718));
#7132 = CARTESIAN_POINT('',(0.956498690287,418.58815984711));
#7133 = CARTESIAN_POINT('',(1.017227345932,418.72931890612));
#7134 = CARTESIAN_POINT('',(1.07701479627,418.86060426805));
#7135 = CARTESIAN_POINT('',(1.136062191104,418.97927575439));
#7136 = CARTESIAN_POINT('',(1.194566956375,419.08311766186));
#7137 = CARTESIAN_POINT('',(1.306245313516,419.25066147765));
#7138 = CARTESIAN_POINT('',(1.359454463171,419.31687788628));
#7139 = CARTESIAN_POINT('',(1.412433270001,419.36755438089));
#7140 = CARTESIAN_POINT('',(1.465262155107,419.40168447128));
#7141 = CARTESIAN_POINT('',(1.518022088498,419.41875814509));
#7142 = CARTESIAN_POINT('',(1.623796681109,419.41875814509));
#7143 = CARTESIAN_POINT('',(1.67678242633,419.40153785077));
#7144 = CARTESIAN_POINT('',(1.729838011588,419.36711496136));
#7145 = CARTESIAN_POINT('',(1.783045546278,419.31600818039));
#7146 = CARTESIAN_POINT('',(1.836486587161,419.24924101212));
#7147 = CARTESIAN_POINT('',(1.947532443338,419.08204204615));
#7148 = CARTESIAN_POINT('',(2.00516137145,418.97971414264));
#7149 = CARTESIAN_POINT('',(2.06331664899,418.86300624592));
#7150 = CARTESIAN_POINT('',(2.122186708423,418.7340356656));
#7151 = CARTESIAN_POINT('',(2.181963715626,418.59541222671));
#7152 = CARTESIAN_POINT('',(2.260879587495,418.40742862875));
#7153 = CARTESIAN_POINT('',(2.278998180789,418.36393891304));
#7154 = CARTESIAN_POINT('',(2.29722506617,418.31995716622));
#7155 = CARTESIAN_POINT('',(2.315567317486,418.27556798846));
#7156 = CARTESIAN_POINT('',(2.334032306026,418.23086094217));
#7157 = CARTESIAN_POINT('',(2.376207531475,418.12895671358));
#7158 = CARTESIAN_POINT('',(2.39999677435,418.07162509138));
#7159 = CARTESIAN_POINT('',(2.424011339462,418.01412720283));
#7160 = CARTESIAN_POINT('',(2.448267260943,417.95667308635));
#7161 = CARTESIAN_POINT('',(2.472780696738,417.89949130153));
#7162 = CARTESIAN_POINT('',(2.52864662704,417.77178457864));
#7163 = CARTESIAN_POINT('',(2.560163254299,417.70154026369));
#7164 = CARTESIAN_POINT('',(2.592141170517,417.63260688903));
#7165 = CARTESIAN_POINT('',(2.624603811915,417.56554452213));
#7166 = CARTESIAN_POINT('',(2.657576579375,417.5009572921));
#7167 = CARTESIAN_POINT('',(2.718294804667,417.38958607103));
#7168 = CARTESIAN_POINT('',(2.745861220738,417.3417300534));
#7169 = CARTESIAN_POINT('',(2.773778224244,417.29631274844));
#7170 = CARTESIAN_POINT('',(2.8020387138,417.25372535966));
#7171 = CARTESIAN_POINT('',(2.830638035578,417.21435022135));
#7172 = CARTESIAN_POINT('',(2.905041546006,417.12230416818));
#7173 = CARTESIAN_POINT('',(2.951414540934,417.07479765907));
#7174 = CARTESIAN_POINT('',(2.99845279252,417.03779940683));
#7175 = CARTESIAN_POINT('',(3.045952699982,417.01262927906));
#7176 = CARTESIAN_POINT('',(3.093728000469,417.));
#7177 = CARTESIAN_POINT('',(3.190198805111,417.));
#7178 = CARTESIAN_POINT('',(3.238709653628,417.0130236044));
#7179 = CARTESIAN_POINT('',(3.286932310399,417.03897503571));
#7180 = CARTESIAN_POINT('',(3.334673444877,417.07709808665));
#7181 = CARTESIAN_POINT('',(3.381721067176,417.12599464139));
#7182 = CARTESIAN_POINT('',(3.455471132188,417.21846454228));
#7183 = CARTESIAN_POINT('',(3.482809590232,417.25637192947));
#7184 = CARTESIAN_POINT('',(3.509837226723,417.29720030857));
#7185 = CARTESIAN_POINT('',(3.536549997765,417.34061468739));
#7186 = CARTESIAN_POINT('',(3.56294181226,417.38627278382));
#7187 = CARTESIAN_POINT('',(3.62293458783,417.49574605242));
#7188 = CARTESIAN_POINT('',(3.656312008947,417.56089122631));
#7189 = CARTESIAN_POINT('',(3.689166782709,417.62859951127));
#7190 = CARTESIAN_POINT('',(3.721524987124,417.69824410738));
#7191 = CARTESIAN_POINT('',(3.753410618571,417.76924403378));
#7192 = CARTESIAN_POINT('',(3.809074043121,417.89642110976));
#7193 = CARTESIAN_POINT('',(3.833038757937,417.95227333192));
#7194 = CARTESIAN_POINT('',(3.856756945386,418.00839553807));
#7195 = CARTESIAN_POINT('',(3.880243699335,418.06457386232));
#7196 = CARTESIAN_POINT('',(3.903513983974,418.1206113645));
#7197 = CARTESIAN_POINT('',(3.945153883535,418.22118232878));
#7198 = CARTESIAN_POINT('',(3.963594308441,418.26582792973));
#7199 = CARTESIAN_POINT('',(3.981911544665,418.31017041437));
#7200 = CARTESIAN_POINT('',(4.000112937676,418.35412033348));
#7201 = CARTESIAN_POINT('',(4.018205542279,418.39759320718));
#7202 = CARTESIAN_POINT('',(4.098091343877,418.58815984711));
#7203 = CARTESIAN_POINT('',(4.158819999522,418.72931890612));
#7204 = CARTESIAN_POINT('',(4.21860744986,418.86060426805));
#7205 = CARTESIAN_POINT('',(4.277654844694,418.97927575439));
#7206 = CARTESIAN_POINT('',(4.336159609965,419.08311766186));
#7207 = CARTESIAN_POINT('',(4.447837967106,419.25066147765));
#7208 = CARTESIAN_POINT('',(4.501047116761,419.31687788628));
#7209 = CARTESIAN_POINT('',(4.55402592359,419.36755438089));
#7210 = CARTESIAN_POINT('',(4.606854808697,419.40168447128));
#7211 = CARTESIAN_POINT('',(4.659614742088,419.41875814509));
#7212 = CARTESIAN_POINT('',(4.765389334699,419.41875814509));
#7213 = CARTESIAN_POINT('',(4.818375079919,419.40153785077));
#7214 = CARTESIAN_POINT('',(4.871430665178,419.36711496136));
#7215 = CARTESIAN_POINT('',(4.924638199868,419.31600818039));
#7216 = CARTESIAN_POINT('',(4.978079240751,419.24924101212));
#7217 = CARTESIAN_POINT('',(5.08912509696,419.0820420461));
#7218 = CARTESIAN_POINT('',(5.146754025032,418.97971414263));
#7219 = CARTESIAN_POINT('',(5.20490930255,418.86300624599));
#7220 = CARTESIAN_POINT('',(5.263779362003,418.73403566563));
#7221 = CARTESIAN_POINT('',(5.323556369246,418.59541222664));
#7222 = CARTESIAN_POINT('',(5.402472241084,418.40742862875));
#7223 = CARTESIAN_POINT('',(5.420590834379,418.36393891304));
#7224 = CARTESIAN_POINT('',(5.43881771976,418.31995716622));
#7225 = CARTESIAN_POINT('',(5.457159971076,418.27556798846));
#7226 = CARTESIAN_POINT('',(5.475624959616,418.23086094218));
#7227 = CARTESIAN_POINT('',(5.517800185065,418.12895671358));
#7228 = CARTESIAN_POINT('',(5.54158942794,418.07162509138));
#7229 = CARTESIAN_POINT('',(5.565603993052,418.01412720283));
#7230 = CARTESIAN_POINT('',(5.589859914533,417.95667308635));
#7231 = CARTESIAN_POINT('',(5.614373350328,417.89949130153));
#7232 = CARTESIAN_POINT('',(5.670239280629,417.77178457864));
#7233 = CARTESIAN_POINT('',(5.701755907889,417.70154026369));
#7234 = CARTESIAN_POINT('',(5.733733824108,417.63260688902));
#7235 = CARTESIAN_POINT('',(5.766196465506,417.56554452213));
#7236 = CARTESIAN_POINT('',(5.799169232963,417.5009572921));
#7237 = CARTESIAN_POINT('',(5.859887458255,417.38958607103));
#7238 = CARTESIAN_POINT('',(5.887453874328,417.3417300534));
#7239 = CARTESIAN_POINT('',(5.915370877835,417.29631274844));
#7240 = CARTESIAN_POINT('',(5.94363136739,417.25372535966));
#7241 = CARTESIAN_POINT('',(5.972230689166,417.21435022135));
#7242 = CARTESIAN_POINT('',(6.046631809172,417.12230712542));
#7243 = CARTESIAN_POINT('',(6.093006101634,417.07479797421));
#7244 = CARTESIAN_POINT('',(6.140047205564,417.03779696367));
#7245 = CARTESIAN_POINT('',(6.187549572926,417.01262698235));
#7246 = CARTESIAN_POINT('',(6.23532500518,417.));
#7247 = CARTESIAN_POINT('',(6.28318530718,417.));
#7248 = ( GEOMETRIC_REPRESENTATION_CONTEXT(2) 
PARAMETRIC_REPRESENTATION_CONTEXT() REPRESENTATION_CONTEXT('2D SPACE',''
  ) );
#7249 = PCURVE('',#7250,#7255);
#7250 = CYLINDRICAL_SURFACE('',#7251,24.);
#7251 = AXIS2_PLACEMENT_3D('',#7252,#7253,#7254);
#7252 = CARTESIAN_POINT('',(507.15,0.,3.86E+03));
#7253 = DIRECTION('',(0.,0.,1.));
#7254 = DIRECTION('',(1.,0.,-0.));
#7255 = DEFINITIONAL_REPRESENTATION('',(#7256),#7399);
#7256 = B_SPLINE_CURVE_WITH_KNOTS('',6,(#7257,#7258,#7259,#7260,#7261,
    #7262,#7263,#7264,#7265,#7266,#7267,#7268,#7269,#7270,#7271,#7272,
    #7273,#7274,#7275,#7276,#7277,#7278,#7279,#7280,#7281,#7282,#7283,
    #7284,#7285,#7286,#7287,#7288,#7289,#7290,#7291,#7292,#7293,#7294,
    #7295,#7296,#7297,#7298,#7299,#7300,#7301,#7302,#7303,#7304,#7305,
    #7306,#7307,#7308,#7309,#7310,#7311,#7312,#7313,#7314,#7315,#7316,
    #7317,#7318,#7319,#7320,#7321,#7322,#7323,#7324,#7325,#7326,#7327,
    #7328,#7329,#7330,#7331,#7332,#7333,#7334,#7335,#7336,#7337,#7338,
    #7339,#7340,#7341,#7342,#7343,#7344,#7345,#7346,#7347,#7348,#7349,
    #7350,#7351,#7352,#7353,#7354,#7355,#7356,#7357,#7358,#7359,#7360,
    #7361,#7362,#7363,#7364,#7365,#7366,#7367,#7368,#7369,#7370,#7371,
    #7372,#7373,#7374,#7375,#7376,#7377,#7378,#7379,#7380,#7381,#7382,
    #7383,#7384,#7385,#7386,#7387,#7388,#7389,#7390,#7391,#7392,#7393,
    #7394,#7395,#7396,#7397,#7398),.UNSPECIFIED.,.T.,.F.,(7,5,5,5,5,5,5,
    5,5,5,5,5,5,5,5,5,5,5,5,5,5,5,5,5,5,5,5,5,7),(0.,3.750113110225E-02,
    5.998990224462E-02,8.926748495279E-02,0.111829856787,0.129993531069,
    0.192484268876,0.249991407103,0.307744939888,0.369294336373,
    0.387503896474,0.410594471353,0.43954586928,0.463049405656,
    0.499981346965,0.537485421855,0.559975958331,0.589255839282,
    0.611819982225,0.629985082325,0.692480725552,0.749992377995,
    0.807750444336,0.869304672381,0.887515661921,0.910608049396,
    0.939561719989,0.963067101376,1.),.UNSPECIFIED.);
#7257 = CARTESIAN_POINT('',(3.14159265359,30.5));
#7258 = CARTESIAN_POINT('',(3.162857844886,30.5));
#7259 = CARTESIAN_POINT('',(3.184081347256,30.470231694407));
#7260 = CARTESIAN_POINT('',(3.20510560585,30.410914441021));
#7261 = CARTESIAN_POINT('',(3.225774503702,30.323263500904));
#7262 = CARTESIAN_POINT('',(3.245933487266,30.209479440492));
#7263 = CARTESIAN_POINT('',(3.277125280482,29.990843046195));
#7264 = CARTESIAN_POINT('',(3.288594032326,29.900557444654));
#7265 = CARTESIAN_POINT('',(3.299827684553,29.802453725227));
#7266 = CARTESIAN_POINT('',(3.310815993489,29.697049663793));
#7267 = CARTESIAN_POINT('',(3.321549304194,29.584877056239));
#7268 = CARTESIAN_POINT('',(3.345648284694,29.312350787553));
#7269 = CARTESIAN_POINT('',(3.35883259753,29.147651048288));
#7270 = CARTESIAN_POINT('',(3.37157095306,28.97336469424));
#7271 = CARTESIAN_POINT('',(3.383863393109,28.790388630972));
#7272 = CARTESIAN_POINT('',(3.395710862387,28.59953853526));
#7273 = CARTESIAN_POINT('',(3.415904328894,28.248974080628));
#7274 = CARTESIAN_POINT('',(3.424431847821,28.092129300561));
#7275 = CARTESIAN_POINT('',(3.432700555031,27.931319476452));
#7276 = CARTESIAN_POINT('',(3.440712960278,27.766815740186));
#7277 = CARTESIAN_POINT('',(3.448471584641,27.59885724977));
#7278 = CARTESIAN_POINT('',(3.462022719178,27.289822988475));
#7279 = CARTESIAN_POINT('',(3.467903574296,27.149891953325));
#7280 = CARTESIAN_POINT('',(3.473622780628,27.007967225935));
#7281 = CARTESIAN_POINT('',(3.479181449057,26.864149495293));
#7282 = CARTESIAN_POINT('',(3.48458054659,26.718530997322));
#7283 = CARTESIAN_POINT('',(3.507849920592,26.064299010359));
#7284 = CARTESIAN_POINT('',(3.524011854409,25.536747399337));
#7285 = CARTESIAN_POINT('',(3.538321500738,24.992322524189));
#7286 = CARTESIAN_POINT('',(3.550784317943,24.433907180145));
#7287 = CARTESIAN_POINT('',(3.561397306691,23.863748749781));
#7288 = CARTESIAN_POINT('',(3.578196501402,22.74994428362));
#7289 = CARTESIAN_POINT('',(3.584665613176,22.207985108272));
#7290 = CARTESIAN_POINT('',(3.589532697388,21.660034160759));
#7291 = CARTESIAN_POINT('',(3.592783184626,21.108108794639));
#7292 = CARTESIAN_POINT('',(3.594409248335,20.554129502116));
#7293 = CARTESIAN_POINT('',(3.594409248335,19.4434962797));
#7294 = CARTESIAN_POINT('',(3.59276922078,18.887145963476));
#7295 = CARTESIAN_POINT('',(3.589490847851,18.332876103762));
#7296 = CARTESIAN_POINT('',(3.584582081174,17.782630877209));
#7297 = CARTESIAN_POINT('',(3.57805771255,17.238453441335));
#7298 = CARTESIAN_POINT('',(3.561285483526,16.131459713683));
#7299 = CARTESIAN_POINT('',(3.550823898544,15.569955909786));
#7300 = CARTESIAN_POINT('',(3.538567641323,15.019852268342));
#7301 = CARTESIAN_POINT('',(3.524519738668,14.483298830331));
#7302 = CARTESIAN_POINT('',(3.508675192245,13.963039444256));
#7303 = CARTESIAN_POINT('',(3.485796783213,13.314616317051));
#7304 = CARTESIAN_POINT('',(3.48041403506,13.168289262891));
#7305 = CARTESIAN_POINT('',(3.474871039419,13.023758636123));
#7306 = CARTESIAN_POINT('',(3.46916683931,12.881116511675));
#7307 = CARTESIAN_POINT('',(3.463300330217,12.740463356894));
#7308 = CARTESIAN_POINT('',(3.449623848808,12.426213391077));
#7309 = CARTESIAN_POINT('',(3.441714567777,12.253895302087));
#7310 = CARTESIAN_POINT('',(3.433539705237,12.085173063023));
#7311 = CARTESIAN_POINT('',(3.425096561815,11.920301005899));
#7312 = CARTESIAN_POINT('',(3.416382450522,11.7595684963));
#7313 = CARTESIAN_POINT('',(3.396125681711,11.40736746429));
#7314 = CARTESIAN_POINT('',(3.384423815597,11.218406149057));
#7315 = CARTESIAN_POINT('',(3.372286940646,11.037124906506));
#7316 = CARTESIAN_POINT('',(3.359714026573,10.864309127678));
#7317 = CARTESIAN_POINT('',(3.346704894801,10.70082238276));
#7318 = CARTESIAN_POINT('',(3.322344962969,10.423224607104));
#7319 = CARTESIAN_POINT('',(3.311140800395,10.305589307522));
#7320 = CARTESIAN_POINT('',(3.299657778213,10.195329555947));
#7321 = CARTESIAN_POINT('',(3.287906964048,10.093052899714));
#7322 = CARTESIAN_POINT('',(3.275900128187,9.999349860771));
#7323 = CARTESIAN_POINT('',(3.244400171985,9.78193528938));
#7324 = CARTESIAN_POINT('',(3.224517628957,9.671447818455));
#7325 = CARTESIAN_POINT('',(3.204146493258,9.586398428214));
#7326 = CARTESIAN_POINT('',(3.183435138723,9.528866982562));
#7327 = CARTESIAN_POINT('',(3.16253343933,9.5));
#7328 = CARTESIAN_POINT('',(3.120327462299,9.5));
#7329 = CARTESIAN_POINT('',(3.099103959923,9.529768305576));
#7330 = CARTESIAN_POINT('',(3.078079701324,9.589085558998));
#7331 = CARTESIAN_POINT('',(3.057410803476,9.676736499124));
#7332 = CARTESIAN_POINT('',(3.037251819919,9.790520559472));
#7333 = CARTESIAN_POINT('',(3.006060026698,10.009156953808));
#7334 = CARTESIAN_POINT('',(2.994591274853,10.099442555346));
#7335 = CARTESIAN_POINT('',(2.983357622627,10.19754627477));
#7336 = CARTESIAN_POINT('',(2.97236931369,10.302950336205));
#7337 = CARTESIAN_POINT('',(2.961636002985,10.415122943764));
#7338 = CARTESIAN_POINT('',(2.937537022487,10.68764921244));
#7339 = CARTESIAN_POINT('',(2.924352709649,10.852348951713));
#7340 = CARTESIAN_POINT('',(2.911614354119,11.026635305768));
#7341 = CARTESIAN_POINT('',(2.89932191407,11.209611369031));
#7342 = CARTESIAN_POINT('',(2.887474444793,11.400461464732));
#7343 = CARTESIAN_POINT('',(2.867280978286,11.751025919372));
#7344 = CARTESIAN_POINT('',(2.858753459358,11.90787069944));
#7345 = CARTESIAN_POINT('',(2.850484752149,12.068680523548));
#7346 = CARTESIAN_POINT('',(2.842472346902,12.233184259814));
#7347 = CARTESIAN_POINT('',(2.834713722539,12.401142750231));
#7348 = CARTESIAN_POINT('',(2.821162588002,12.710177011525));
#7349 = CARTESIAN_POINT('',(2.815281732883,12.850108046675));
#7350 = CARTESIAN_POINT('',(2.809562526551,12.992032774066));
#7351 = CARTESIAN_POINT('',(2.804003858123,13.135850504708));
#7352 = CARTESIAN_POINT('',(2.79860476059,13.281469002678));
#7353 = CARTESIAN_POINT('',(2.775335386587,13.935700989642));
#7354 = CARTESIAN_POINT('',(2.759173452771,14.463252600663));
#7355 = CARTESIAN_POINT('',(2.744863806442,15.007677475813));
#7356 = CARTESIAN_POINT('',(2.732400989237,15.566092819856));
#7357 = CARTESIAN_POINT('',(2.721788000488,16.13625125022));
#7358 = CARTESIAN_POINT('',(2.704988805778,17.250055716382));
#7359 = CARTESIAN_POINT('',(2.698519694004,17.79201489173));
#7360 = CARTESIAN_POINT('',(2.693652609792,18.339965839242));
#7361 = CARTESIAN_POINT('',(2.690402122554,18.891891205362));
#7362 = CARTESIAN_POINT('',(2.688776058845,19.445870497883));
#7363 = CARTESIAN_POINT('',(2.688776058845,20.556503720299));
#7364 = CARTESIAN_POINT('',(2.690416086399,21.112854036525));
#7365 = CARTESIAN_POINT('',(2.693694459329,21.667123896237));
#7366 = CARTESIAN_POINT('',(2.698603226006,22.217369122791));
#7367 = CARTESIAN_POINT('',(2.705127594629,22.761546558665));
#7368 = CARTESIAN_POINT('',(2.721899823658,23.868540286635));
#7369 = CARTESIAN_POINT('',(2.732361408636,24.430044090123));
#7370 = CARTESIAN_POINT('',(2.74461766585,24.980147731372));
#7371 = CARTESIAN_POINT('',(2.758665568507,25.516701169616));
#7372 = CARTESIAN_POINT('',(2.774510114943,26.036960555993));
#7373 = CARTESIAN_POINT('',(2.797388523967,26.685383682948));
#7374 = CARTESIAN_POINT('',(2.80277127212,26.831710737109));
#7375 = CARTESIAN_POINT('',(2.808314267761,26.976241363876));
#7376 = CARTESIAN_POINT('',(2.81401846787,27.118883488324));
#7377 = CARTESIAN_POINT('',(2.819884976963,27.259536643106));
#7378 = CARTESIAN_POINT('',(2.833561458371,27.573786608922));
#7379 = CARTESIAN_POINT('',(2.841470739402,27.746104697912));
#7380 = CARTESIAN_POINT('',(2.849645601942,27.914826936977));
#7381 = CARTESIAN_POINT('',(2.858088745365,28.0796989941));
#7382 = CARTESIAN_POINT('',(2.866802856658,28.240431503699));
#7383 = CARTESIAN_POINT('',(2.887059625468,28.592632535701));
#7384 = CARTESIAN_POINT('',(2.898761491582,28.781593850946));
#7385 = CARTESIAN_POINT('',(2.910898366534,28.962875093501));
#7386 = CARTESIAN_POINT('',(2.923471280607,29.135690872322));
#7387 = CARTESIAN_POINT('',(2.936480412378,29.299177617233));
#7388 = CARTESIAN_POINT('',(2.96084034421,29.57677539289));
#7389 = CARTESIAN_POINT('',(2.972044506785,29.69441069248));
#7390 = CARTESIAN_POINT('',(2.983527528967,29.804670444057));
#7391 = CARTESIAN_POINT('',(2.995278343132,29.906947100285));
#7392 = CARTESIAN_POINT('',(3.007285178991,30.000650139224));
#7393 = CARTESIAN_POINT('',(3.03878412317,30.21805772556));
#7394 = CARTESIAN_POINT('',(3.058667189474,30.328551623145));
#7395 = CARTESIAN_POINT('',(3.079039564204,30.413607157349));
#7396 = CARTESIAN_POINT('',(3.09975201482,30.471138270016));
#7397 = CARTESIAN_POINT('',(3.120653771465,30.5));
#7398 = CARTESIAN_POINT('',(3.14159265359,30.5));
#7399 = ( GEOMETRIC_REPRESENTATION_CONTEXT(2) 
PARAMETRIC_REPRESENTATION_CONTEXT() REPRESENTATION_CONTEXT('2D SPACE',''
  ) );
#7400 = ORIENTED_EDGE('',*,*,#7401,.F.);
#7401 = EDGE_CURVE('',#7402,#6952,#7404,.T.);
#7402 = VERTEX_POINT('',#7403);
#7403 = CARTESIAN_POINT('',(67.15,2.571758278209E-15,3.8905E+03));
#7404 = SEAM_CURVE('',#7405,(#7409,#7416),.PCURVE_S1.);
#7405 = LINE('',#7406,#7407);
#7406 = CARTESIAN_POINT('',(66.15,2.571758278209E-15,3.8905E+03));
#7407 = VECTOR('',#7408,1.);
#7408 = DIRECTION('',(1.,0.,0.));
#7409 = PCURVE('',#7099,#7410);
#7410 = DEFINITIONAL_REPRESENTATION('',(#7411),#7415);
#7411 = LINE('',#7412,#7413);
#7412 = CARTESIAN_POINT('',(6.28318530718,-0.));
#7413 = VECTOR('',#7414,1.);
#7414 = DIRECTION('',(0.,1.));
#7415 = ( GEOMETRIC_REPRESENTATION_CONTEXT(2) 
PARAMETRIC_REPRESENTATION_CONTEXT() REPRESENTATION_CONTEXT('2D SPACE',''
  ) );
#7416 = PCURVE('',#7099,#7417);
#7417 = DEFINITIONAL_REPRESENTATION('',(#7418),#7422);
#7418 = LINE('',#7419,#7420);
#7419 = CARTESIAN_POINT('',(0.,-0.));
#7420 = VECTOR('',#7421,1.);
#7421 = DIRECTION('',(0.,1.));
#7422 = ( GEOMETRIC_REPRESENTATION_CONTEXT(2) 
PARAMETRIC_REPRESENTATION_CONTEXT() REPRESENTATION_CONTEXT('2D SPACE',''
  ) );
#7423 = ORIENTED_EDGE('',*,*,#7424,.T.);
#7424 = EDGE_CURVE('',#7402,#7402,#7425,.T.);
#7425 = SURFACE_CURVE('',#7426,(#7431,#7438),.PCURVE_S1.);
#7426 = CIRCLE('',#7427,10.5);
#7427 = AXIS2_PLACEMENT_3D('',#7428,#7429,#7430);
#7428 = CARTESIAN_POINT('',(67.15,0.,3.88E+03));
#7429 = DIRECTION('',(1.,0.,0.));
#7430 = DIRECTION('',(-0.,0.,1.));
#7431 = PCURVE('',#7099,#7432);
#7432 = DEFINITIONAL_REPRESENTATION('',(#7433),#7437);
#7433 = LINE('',#7434,#7435);
#7434 = CARTESIAN_POINT('',(0.,1.));
#7435 = VECTOR('',#7436,1.);
#7436 = DIRECTION('',(1.,0.));
#7437 = ( GEOMETRIC_REPRESENTATION_CONTEXT(2) 
PARAMETRIC_REPRESENTATION_CONTEXT() REPRESENTATION_CONTEXT('2D SPACE',''
  ) );
#7438 = PCURVE('',#7439,#7444);
#7439 = PLANE('',#7440);
#7440 = AXIS2_PLACEMENT_3D('',#7441,#7442,#7443);
#7441 = CARTESIAN_POINT('',(67.15,-30.,3.835E+03));
#7442 = DIRECTION('',(1.,0.,-0.));
#7443 = DIRECTION('',(0.,0.,1.));
#7444 = DEFINITIONAL_REPRESENTATION('',(#7445),#7449);
#7445 = CIRCLE('',#7446,10.5);
#7446 = AXIS2_PLACEMENT_2D('',#7447,#7448);
#7447 = CARTESIAN_POINT('',(45.,-30.));
#7448 = DIRECTION('',(1.,0.));
#7449 = ( GEOMETRIC_REPRESENTATION_CONTEXT(2) 
PARAMETRIC_REPRESENTATION_CONTEXT() REPRESENTATION_CONTEXT('2D SPACE',''
  ) );
#7450 = ORIENTED_EDGE('',*,*,#7401,.T.);
#7451 = ADVANCED_FACE('',(#7452),#7250,.F.);
#7452 = FACE_BOUND('',#7453,.F.);
#7453 = EDGE_LOOP('',(#7454));
#7454 = ORIENTED_EDGE('',*,*,#6951,.F.);
#7455 = ADVANCED_FACE('',(#7456),#7439,.F.);
#7456 = FACE_BOUND('',#7457,.F.);
#7457 = EDGE_LOOP('',(#7458));
#7458 = ORIENTED_EDGE('',*,*,#7424,.T.);
#7459 = MANIFOLD_SOLID_BREP('',#7460);
#7460 = CLOSED_SHELL('',(#7461,#7579,#7652,#7697,#7745,#7770));
#7461 = ADVANCED_FACE('',(#7462),#7477,.T.);
#7462 = FACE_BOUND('',#7463,.T.);
#7463 = EDGE_LOOP('',(#7464,#7500,#7526,#7555));
#7464 = ORIENTED_EDGE('',*,*,#7465,.F.);
#7465 = EDGE_CURVE('',#7466,#7468,#7470,.T.);
#7466 = VERTEX_POINT('',#7467);
#7467 = CARTESIAN_POINT('',(56.15,14.331085094995,3.88E+03));
#7468 = VERTEX_POINT('',#7469);
#7469 = CARTESIAN_POINT('',(56.15,-14.33108509499,3.88E+03));
#7470 = SURFACE_CURVE('',#7471,(#7476,#7488),.PCURVE_S1.);
#7471 = CIRCLE('',#7472,57.95);
#7472 = AXIS2_PLACEMENT_3D('',#7473,#7474,#7475);
#7473 = CARTESIAN_POINT('',(0.,0.,3.88E+03));
#7474 = DIRECTION('',(0.,0.,1.));
#7475 = DIRECTION('',(1.,0.,-0.));
#7476 = PCURVE('',#7477,#7482);
#7477 = CYLINDRICAL_SURFACE('',#7478,57.95);
#7478 = AXIS2_PLACEMENT_3D('',#7479,#7480,#7481);
#7479 = CARTESIAN_POINT('',(0.,0.,3.868E+03));
#7480 = DIRECTION('',(0.,0.,1.));
#7481 = DIRECTION('',(1.,0.,-0.));
#7482 = DEFINITIONAL_REPRESENTATION('',(#7483),#7487);
#7483 = LINE('',#7484,#7485);
#7484 = CARTESIAN_POINT('',(0.,12.));
#7485 = VECTOR('',#7486,1.);
#7486 = DIRECTION('',(1.,0.));
#7487 = ( GEOMETRIC_REPRESENTATION_CONTEXT(2) 
PARAMETRIC_REPRESENTATION_CONTEXT() REPRESENTATION_CONTEXT('2D SPACE',''
  ) );
#7488 = PCURVE('',#7489,#7494);
#7489 = PLANE('',#7490);
#7490 = AXIS2_PLACEMENT_3D('',#7491,#7492,#7493);
#7491 = CARTESIAN_POINT('',(0.,0.,3.88E+03));
#7492 = DIRECTION('',(0.,0.,1.));
#7493 = DIRECTION('',(1.,0.,-0.));
#7494 = DEFINITIONAL_REPRESENTATION('',(#7495),#7499);
#7495 = CIRCLE('',#7496,57.95);
#7496 = AXIS2_PLACEMENT_2D('',#7497,#7498);
#7497 = CARTESIAN_POINT('',(0.,0.));
#7498 = DIRECTION('',(1.,0.));
#7499 = ( GEOMETRIC_REPRESENTATION_CONTEXT(2) 
PARAMETRIC_REPRESENTATION_CONTEXT() REPRESENTATION_CONTEXT('2D SPACE',''
  ) );
#7500 = ORIENTED_EDGE('',*,*,#7501,.F.);
#7501 = EDGE_CURVE('',#7502,#7466,#7504,.T.);
#7502 = VERTEX_POINT('',#7503);
#7503 = CARTESIAN_POINT('',(56.15,14.331085094995,3.868E+03));
#7504 = SURFACE_CURVE('',#7505,(#7509,#7515),.PCURVE_S1.);
#7505 = LINE('',#7506,#7507);
#7506 = CARTESIAN_POINT('',(56.15,14.331085094995,3.868E+03));
#7507 = VECTOR('',#7508,1.);
#7508 = DIRECTION('',(0.,0.,1.));
#7509 = PCURVE('',#7477,#7510);
#7510 = DEFINITIONAL_REPRESENTATION('',(#7511),#7514);
#7511 = B_SPLINE_CURVE_WITH_KNOTS('',1,(#7512,#7513),.UNSPECIFIED.,.F.,
  .F.,(2,2),(-6.000000212225E-07,12.0000006),.PIECEWISE_BEZIER_KNOTS.);
#7512 = CARTESIAN_POINT('',(0.249893598843,-6.000000212225E-07));
#7513 = CARTESIAN_POINT('',(0.249893598843,12.0000006));
#7514 = ( GEOMETRIC_REPRESENTATION_CONTEXT(2) 
PARAMETRIC_REPRESENTATION_CONTEXT() REPRESENTATION_CONTEXT('2D SPACE',''
  ) );
#7515 = PCURVE('',#7516,#7521);
#7516 = PLANE('',#7517);
#7517 = AXIS2_PLACEMENT_3D('',#7518,#7519,#7520);
#7518 = CARTESIAN_POINT('',(56.15,-30.,3.86E+03));
#7519 = DIRECTION('',(1.,0.,-0.));
#7520 = DIRECTION('',(0.,0.,1.));
#7521 = DEFINITIONAL_REPRESENTATION('',(#7522),#7525);
#7522 = B_SPLINE_CURVE_WITH_KNOTS('',1,(#7523,#7524),.UNSPECIFIED.,.F.,
  .F.,(2,2),(-6.000000212225E-07,12.0000006),.PIECEWISE_BEZIER_KNOTS.);
#7523 = CARTESIAN_POINT('',(7.9999994,-44.33108509499));
#7524 = CARTESIAN_POINT('',(20.0000006,-44.33108509499));
#7525 = ( GEOMETRIC_REPRESENTATION_CONTEXT(2) 
PARAMETRIC_REPRESENTATION_CONTEXT() REPRESENTATION_CONTEXT('2D SPACE',''
  ) );
#7526 = ORIENTED_EDGE('',*,*,#7527,.T.);
#7527 = EDGE_CURVE('',#7502,#7528,#7530,.T.);
#7528 = VERTEX_POINT('',#7529);
#7529 = CARTESIAN_POINT('',(56.15,-14.33108509499,3.868E+03));
#7530 = SURFACE_CURVE('',#7531,(#7536,#7543),.PCURVE_S1.);
#7531 = CIRCLE('',#7532,57.95);
#7532 = AXIS2_PLACEMENT_3D('',#7533,#7534,#7535);
#7533 = CARTESIAN_POINT('',(0.,0.,3.868E+03));
#7534 = DIRECTION('',(0.,0.,1.));
#7535 = DIRECTION('',(1.,0.,-0.));
#7536 = PCURVE('',#7477,#7537);
#7537 = DEFINITIONAL_REPRESENTATION('',(#7538),#7542);
#7538 = LINE('',#7539,#7540);
#7539 = CARTESIAN_POINT('',(0.,0.));
#7540 = VECTOR('',#7541,1.);
#7541 = DIRECTION('',(1.,0.));
#7542 = ( GEOMETRIC_REPRESENTATION_CONTEXT(2) 
PARAMETRIC_REPRESENTATION_CONTEXT() REPRESENTATION_CONTEXT('2D SPACE',''
  ) );
#7543 = PCURVE('',#7544,#7549);
#7544 = PLANE('',#7545);
#7545 = AXIS2_PLACEMENT_3D('',#7546,#7547,#7548);
#7546 = CARTESIAN_POINT('',(0.,0.,3.868E+03));
#7547 = DIRECTION('',(0.,0.,1.));
#7548 = DIRECTION('',(1.,0.,-0.));
#7549 = DEFINITIONAL_REPRESENTATION('',(#7550),#7554);
#7550 = CIRCLE('',#7551,57.95);
#7551 = AXIS2_PLACEMENT_2D('',#7552,#7553);
#7552 = CARTESIAN_POINT('',(0.,0.));
#7553 = DIRECTION('',(1.,0.));
#7554 = ( GEOMETRIC_REPRESENTATION_CONTEXT(2) 
PARAMETRIC_REPRESENTATION_CONTEXT() REPRESENTATION_CONTEXT('2D SPACE',''
  ) );
#7555 = ORIENTED_EDGE('',*,*,#7556,.T.);
#7556 = EDGE_CURVE('',#7528,#7468,#7557,.T.);
#7557 = SURFACE_CURVE('',#7558,(#7562,#7568),.PCURVE_S1.);
#7558 = LINE('',#7559,#7560);
#7559 = CARTESIAN_POINT('',(56.15,-14.33108509499,3.868E+03));
#7560 = VECTOR('',#7561,1.);
#7561 = DIRECTION('',(0.,0.,1.));
#7562 = PCURVE('',#7477,#7563);
#7563 = DEFINITIONAL_REPRESENTATION('',(#7564),#7567);
#7564 = B_SPLINE_CURVE_WITH_KNOTS('',1,(#7565,#7566),.UNSPECIFIED.,.F.,
  .F.,(2,2),(-6.000000212225E-07,12.0000006),.PIECEWISE_BEZIER_KNOTS.);
#7565 = CARTESIAN_POINT('',(6.033291708336,-6.000000212225E-07));
#7566 = CARTESIAN_POINT('',(6.033291708336,12.0000006));
#7567 = ( GEOMETRIC_REPRESENTATION_CONTEXT(2) 
PARAMETRIC_REPRESENTATION_CONTEXT() REPRESENTATION_CONTEXT('2D SPACE',''
  ) );
#7568 = PCURVE('',#7569,#7574);
#7569 = PLANE('',#7570);
#7570 = AXIS2_PLACEMENT_3D('',#7571,#7572,#7573);
#7571 = CARTESIAN_POINT('',(56.15,-30.,3.86E+03));
#7572 = DIRECTION('',(1.,0.,-0.));
#7573 = DIRECTION('',(0.,0.,1.));
#7574 = DEFINITIONAL_REPRESENTATION('',(#7575),#7578);
#7575 = B_SPLINE_CURVE_WITH_KNOTS('',1,(#7576,#7577),.UNSPECIFIED.,.F.,
  .F.,(2,2),(-6.000000212225E-07,12.0000006),.PIECEWISE_BEZIER_KNOTS.);
#7576 = CARTESIAN_POINT('',(7.9999994,-15.668914905));
#7577 = CARTESIAN_POINT('',(20.0000006,-15.668914905));
#7578 = ( GEOMETRIC_REPRESENTATION_CONTEXT(2) 
PARAMETRIC_REPRESENTATION_CONTEXT() REPRESENTATION_CONTEXT('2D SPACE',''
  ) );
#7579 = ADVANCED_FACE('',(#7580),#7489,.T.);
#7580 = FACE_BOUND('',#7581,.T.);
#7581 = EDGE_LOOP('',(#7582,#7603,#7604,#7625));
#7582 = ORIENTED_EDGE('',*,*,#7583,.T.);
#7583 = EDGE_CURVE('',#7584,#7466,#7586,.T.);
#7584 = VERTEX_POINT('',#7585);
#7585 = CARTESIAN_POINT('',(56.15,10.644247272588,3.88E+03));
#7586 = SURFACE_CURVE('',#7587,(#7591,#7597),.PCURVE_S1.);
#7587 = LINE('',#7588,#7589);
#7588 = CARTESIAN_POINT('',(56.15,-15.,3.88E+03));
#7589 = VECTOR('',#7590,1.);
#7590 = DIRECTION('',(-0.,1.,0.));
#7591 = PCURVE('',#7489,#7592);
#7592 = DEFINITIONAL_REPRESENTATION('',(#7593),#7596);
#7593 = B_SPLINE_CURVE_WITH_KNOTS('',1,(#7594,#7595),.UNSPECIFIED.,.F.,
  .F.,(2,2),(-15.,45.),.PIECEWISE_BEZIER_KNOTS.);
#7594 = CARTESIAN_POINT('',(56.15,-30.));
#7595 = CARTESIAN_POINT('',(56.15,30.));
#7596 = ( GEOMETRIC_REPRESENTATION_CONTEXT(2) 
PARAMETRIC_REPRESENTATION_CONTEXT() REPRESENTATION_CONTEXT('2D SPACE',''
  ) );
#7597 = PCURVE('',#7516,#7598);
#7598 = DEFINITIONAL_REPRESENTATION('',(#7599),#7602);
#7599 = B_SPLINE_CURVE_WITH_KNOTS('',1,(#7600,#7601),.UNSPECIFIED.,.F.,
  .F.,(2,2),(-15.,45.),.PIECEWISE_BEZIER_KNOTS.);
#7600 = CARTESIAN_POINT('',(20.,0.));
#7601 = CARTESIAN_POINT('',(20.,-60.));
#7602 = ( GEOMETRIC_REPRESENTATION_CONTEXT(2) 
PARAMETRIC_REPRESENTATION_CONTEXT() REPRESENTATION_CONTEXT('2D SPACE',''
  ) );
#7603 = ORIENTED_EDGE('',*,*,#7465,.T.);
#7604 = ORIENTED_EDGE('',*,*,#7605,.T.);
#7605 = EDGE_CURVE('',#7468,#7606,#7608,.T.);
#7606 = VERTEX_POINT('',#7607);
#7607 = CARTESIAN_POINT('',(56.15,-10.64424727258,3.88E+03));
#7608 = SURFACE_CURVE('',#7609,(#7613,#7619),.PCURVE_S1.);
#7609 = LINE('',#7610,#7611);
#7610 = CARTESIAN_POINT('',(56.15,-15.,3.88E+03));
#7611 = VECTOR('',#7612,1.);
#7612 = DIRECTION('',(-0.,1.,0.));
#7613 = PCURVE('',#7489,#7614);
#7614 = DEFINITIONAL_REPRESENTATION('',(#7615),#7618);
#7615 = B_SPLINE_CURVE_WITH_KNOTS('',1,(#7616,#7617),.UNSPECIFIED.,.F.,
  .F.,(2,2),(-15.,45.),.PIECEWISE_BEZIER_KNOTS.);
#7616 = CARTESIAN_POINT('',(56.15,-30.));
#7617 = CARTESIAN_POINT('',(56.15,30.));
#7618 = ( GEOMETRIC_REPRESENTATION_CONTEXT(2) 
PARAMETRIC_REPRESENTATION_CONTEXT() REPRESENTATION_CONTEXT('2D SPACE',''
  ) );
#7619 = PCURVE('',#7569,#7620);
#7620 = DEFINITIONAL_REPRESENTATION('',(#7621),#7624);
#7621 = B_SPLINE_CURVE_WITH_KNOTS('',1,(#7622,#7623),.UNSPECIFIED.,.F.,
  .F.,(2,2),(-15.,45.),.PIECEWISE_BEZIER_KNOTS.);
#7622 = CARTESIAN_POINT('',(20.,0.));
#7623 = CARTESIAN_POINT('',(20.,-60.));
#7624 = ( GEOMETRIC_REPRESENTATION_CONTEXT(2) 
PARAMETRIC_REPRESENTATION_CONTEXT() REPRESENTATION_CONTEXT('2D SPACE',''
  ) );
#7625 = ORIENTED_EDGE('',*,*,#7626,.F.);
#7626 = EDGE_CURVE('',#7584,#7606,#7627,.T.);
#7627 = SURFACE_CURVE('',#7628,(#7633,#7640),.PCURVE_S1.);
#7628 = CIRCLE('',#7629,57.15);
#7629 = AXIS2_PLACEMENT_3D('',#7630,#7631,#7632);
#7630 = CARTESIAN_POINT('',(0.,0.,3.88E+03));
#7631 = DIRECTION('',(0.,0.,1.));
#7632 = DIRECTION('',(1.,0.,-0.));
#7633 = PCURVE('',#7489,#7634);
#7634 = DEFINITIONAL_REPRESENTATION('',(#7635),#7639);
#7635 = CIRCLE('',#7636,57.15);
#7636 = AXIS2_PLACEMENT_2D('',#7637,#7638);
#7637 = CARTESIAN_POINT('',(0.,0.));
#7638 = DIRECTION('',(1.,0.));
#7639 = ( GEOMETRIC_REPRESENTATION_CONTEXT(2) 
PARAMETRIC_REPRESENTATION_CONTEXT() REPRESENTATION_CONTEXT('2D SPACE',''
  ) );
#7640 = PCURVE('',#7641,#7646);
#7641 = CYLINDRICAL_SURFACE('',#7642,57.15);
#7642 = AXIS2_PLACEMENT_3D('',#7643,#7644,#7645);
#7643 = CARTESIAN_POINT('',(0.,0.,3.867E+03));
#7644 = DIRECTION('',(0.,0.,1.));
#7645 = DIRECTION('',(1.,0.,-0.));
#7646 = DEFINITIONAL_REPRESENTATION('',(#7647),#7651);
#7647 = LINE('',#7648,#7649);
#7648 = CARTESIAN_POINT('',(0.,13.));
#7649 = VECTOR('',#7650,1.);
#7650 = DIRECTION('',(1.,0.));
#7651 = ( GEOMETRIC_REPRESENTATION_CONTEXT(2) 
PARAMETRIC_REPRESENTATION_CONTEXT() REPRESENTATION_CONTEXT('2D SPACE',''
  ) );
#7652 = ADVANCED_FACE('',(#7653),#7569,.T.);
#7653 = FACE_BOUND('',#7654,.T.);
#7654 = EDGE_LOOP('',(#7655,#7656,#7677,#7696));
#7655 = ORIENTED_EDGE('',*,*,#7556,.F.);
#7656 = ORIENTED_EDGE('',*,*,#7657,.T.);
#7657 = EDGE_CURVE('',#7528,#7658,#7660,.T.);
#7658 = VERTEX_POINT('',#7659);
#7659 = CARTESIAN_POINT('',(56.15,-10.64424727258,3.868E+03));
#7660 = SURFACE_CURVE('',#7661,(#7665,#7671),.PCURVE_S1.);
#7661 = LINE('',#7662,#7663);
#7662 = CARTESIAN_POINT('',(56.15,-15.,3.868E+03));
#7663 = VECTOR('',#7664,1.);
#7664 = DIRECTION('',(-0.,1.,0.));
#7665 = PCURVE('',#7569,#7666);
#7666 = DEFINITIONAL_REPRESENTATION('',(#7667),#7670);
#7667 = B_SPLINE_CURVE_WITH_KNOTS('',1,(#7668,#7669),.UNSPECIFIED.,.F.,
  .F.,(2,2),(-15.,45.),.PIECEWISE_BEZIER_KNOTS.);
#7668 = CARTESIAN_POINT('',(8.,0.));
#7669 = CARTESIAN_POINT('',(8.,-60.));
#7670 = ( GEOMETRIC_REPRESENTATION_CONTEXT(2) 
PARAMETRIC_REPRESENTATION_CONTEXT() REPRESENTATION_CONTEXT('2D SPACE',''
  ) );
#7671 = PCURVE('',#7544,#7672);
#7672 = DEFINITIONAL_REPRESENTATION('',(#7673),#7676);
#7673 = B_SPLINE_CURVE_WITH_KNOTS('',1,(#7674,#7675),.UNSPECIFIED.,.F.,
  .F.,(2,2),(-15.,45.),.PIECEWISE_BEZIER_KNOTS.);
#7674 = CARTESIAN_POINT('',(56.15,-30.));
#7675 = CARTESIAN_POINT('',(56.15,30.));
#7676 = ( GEOMETRIC_REPRESENTATION_CONTEXT(2) 
PARAMETRIC_REPRESENTATION_CONTEXT() REPRESENTATION_CONTEXT('2D SPACE',''
  ) );
#7677 = ORIENTED_EDGE('',*,*,#7678,.T.);
#7678 = EDGE_CURVE('',#7658,#7606,#7679,.T.);
#7679 = SURFACE_CURVE('',#7680,(#7684,#7690),.PCURVE_S1.);
#7680 = LINE('',#7681,#7682);
#7681 = CARTESIAN_POINT('',(56.15,-10.64424727258,3.867E+03));
#7682 = VECTOR('',#7683,1.);
#7683 = DIRECTION('',(0.,0.,1.));
#7684 = PCURVE('',#7569,#7685);
#7685 = DEFINITIONAL_REPRESENTATION('',(#7686),#7689);
#7686 = B_SPLINE_CURVE_WITH_KNOTS('',1,(#7687,#7688),.UNSPECIFIED.,.F.,
  .F.,(2,2),(0.9999994,13.0000006),.PIECEWISE_BEZIER_KNOTS.);
#7687 = CARTESIAN_POINT('',(7.9999994,-19.35575272741));
#7688 = CARTESIAN_POINT('',(20.0000006,-19.35575272741));
#7689 = ( GEOMETRIC_REPRESENTATION_CONTEXT(2) 
PARAMETRIC_REPRESENTATION_CONTEXT() REPRESENTATION_CONTEXT('2D SPACE',''
  ) );
#7690 = PCURVE('',#7641,#7691);
#7691 = DEFINITIONAL_REPRESENTATION('',(#7692),#7695);
#7692 = B_SPLINE_CURVE_WITH_KNOTS('',1,(#7693,#7694),.UNSPECIFIED.,.F.,
  .F.,(2,2),(0.9999994,13.0000006),.PIECEWISE_BEZIER_KNOTS.);
#7693 = CARTESIAN_POINT('',(6.095840271832,0.9999994));
#7694 = CARTESIAN_POINT('',(6.095840271832,13.0000006));
#7695 = ( GEOMETRIC_REPRESENTATION_CONTEXT(2) 
PARAMETRIC_REPRESENTATION_CONTEXT() REPRESENTATION_CONTEXT('2D SPACE',''
  ) );
#7696 = ORIENTED_EDGE('',*,*,#7605,.F.);
#7697 = ADVANCED_FACE('',(#7698),#7544,.F.);
#7698 = FACE_BOUND('',#7699,.F.);
#7699 = EDGE_LOOP('',(#7700,#7721,#7722,#7723));
#7700 = ORIENTED_EDGE('',*,*,#7701,.T.);
#7701 = EDGE_CURVE('',#7702,#7502,#7704,.T.);
#7702 = VERTEX_POINT('',#7703);
#7703 = CARTESIAN_POINT('',(56.15,10.644247272588,3.868E+03));
#7704 = SURFACE_CURVE('',#7705,(#7709,#7715),.PCURVE_S1.);
#7705 = LINE('',#7706,#7707);
#7706 = CARTESIAN_POINT('',(56.15,-15.,3.868E+03));
#7707 = VECTOR('',#7708,1.);
#7708 = DIRECTION('',(-0.,1.,0.));
#7709 = PCURVE('',#7544,#7710);
#7710 = DEFINITIONAL_REPRESENTATION('',(#7711),#7714);
#7711 = B_SPLINE_CURVE_WITH_KNOTS('',1,(#7712,#7713),.UNSPECIFIED.,.F.,
  .F.,(2,2),(-15.,45.),.PIECEWISE_BEZIER_KNOTS.);
#7712 = CARTESIAN_POINT('',(56.15,-30.));
#7713 = CARTESIAN_POINT('',(56.15,30.));
#7714 = ( GEOMETRIC_REPRESENTATION_CONTEXT(2) 
PARAMETRIC_REPRESENTATION_CONTEXT() REPRESENTATION_CONTEXT('2D SPACE',''
  ) );
#7715 = PCURVE('',#7516,#7716);
#7716 = DEFINITIONAL_REPRESENTATION('',(#7717),#7720);
#7717 = B_SPLINE_CURVE_WITH_KNOTS('',1,(#7718,#7719),.UNSPECIFIED.,.F.,
  .F.,(2,2),(-15.,45.),.PIECEWISE_BEZIER_KNOTS.);
#7718 = CARTESIAN_POINT('',(8.,0.));
#7719 = CARTESIAN_POINT('',(8.,-60.));
#7720 = ( GEOMETRIC_REPRESENTATION_CONTEXT(2) 
PARAMETRIC_REPRESENTATION_CONTEXT() REPRESENTATION_CONTEXT('2D SPACE',''
  ) );
#7721 = ORIENTED_EDGE('',*,*,#7527,.T.);
#7722 = ORIENTED_EDGE('',*,*,#7657,.T.);
#7723 = ORIENTED_EDGE('',*,*,#7724,.F.);
#7724 = EDGE_CURVE('',#7702,#7658,#7725,.T.);
#7725 = SURFACE_CURVE('',#7726,(#7731,#7738),.PCURVE_S1.);
#7726 = CIRCLE('',#7727,57.15);
#7727 = AXIS2_PLACEMENT_3D('',#7728,#7729,#7730);
#7728 = CARTESIAN_POINT('',(0.,0.,3.868E+03));
#7729 = DIRECTION('',(0.,0.,1.));
#7730 = DIRECTION('',(1.,0.,-0.));
#7731 = PCURVE('',#7544,#7732);
#7732 = DEFINITIONAL_REPRESENTATION('',(#7733),#7737);
#7733 = CIRCLE('',#7734,57.15);
#7734 = AXIS2_PLACEMENT_2D('',#7735,#7736);
#7735 = CARTESIAN_POINT('',(0.,0.));
#7736 = DIRECTION('',(1.,0.));
#7737 = ( GEOMETRIC_REPRESENTATION_CONTEXT(2) 
PARAMETRIC_REPRESENTATION_CONTEXT() REPRESENTATION_CONTEXT('2D SPACE',''
  ) );
#7738 = PCURVE('',#7641,#7739);
#7739 = DEFINITIONAL_REPRESENTATION('',(#7740),#7744);
#7740 = LINE('',#7741,#7742);
#7741 = CARTESIAN_POINT('',(0.,1.));
#7742 = VECTOR('',#7743,1.);
#7743 = DIRECTION('',(1.,0.));
#7744 = ( GEOMETRIC_REPRESENTATION_CONTEXT(2) 
PARAMETRIC_REPRESENTATION_CONTEXT() REPRESENTATION_CONTEXT('2D SPACE',''
  ) );
#7745 = ADVANCED_FACE('',(#7746),#7516,.T.);
#7746 = FACE_BOUND('',#7747,.T.);
#7747 = EDGE_LOOP('',(#7748,#7749,#7750,#7751));
#7748 = ORIENTED_EDGE('',*,*,#7701,.T.);
#7749 = ORIENTED_EDGE('',*,*,#7501,.T.);
#7750 = ORIENTED_EDGE('',*,*,#7583,.F.);
#7751 = ORIENTED_EDGE('',*,*,#7752,.F.);
#7752 = EDGE_CURVE('',#7702,#7584,#7753,.T.);
#7753 = SURFACE_CURVE('',#7754,(#7758,#7764),.PCURVE_S1.);
#7754 = LINE('',#7755,#7756);
#7755 = CARTESIAN_POINT('',(56.15,10.644247272588,3.867E+03));
#7756 = VECTOR('',#7757,1.);
#7757 = DIRECTION('',(0.,0.,1.));
#7758 = PCURVE('',#7516,#7759);
#7759 = DEFINITIONAL_REPRESENTATION('',(#7760),#7763);
#7760 = B_SPLINE_CURVE_WITH_KNOTS('',1,(#7761,#7762),.UNSPECIFIED.,.F.,
  .F.,(2,2),(0.9999994,13.0000006),.PIECEWISE_BEZIER_KNOTS.);
#7761 = CARTESIAN_POINT('',(7.9999994,-40.64424727258));
#7762 = CARTESIAN_POINT('',(20.0000006,-40.64424727258));
#7763 = ( GEOMETRIC_REPRESENTATION_CONTEXT(2) 
PARAMETRIC_REPRESENTATION_CONTEXT() REPRESENTATION_CONTEXT('2D SPACE',''
  ) );
#7764 = PCURVE('',#7641,#7765);
#7765 = DEFINITIONAL_REPRESENTATION('',(#7766),#7769);
#7766 = B_SPLINE_CURVE_WITH_KNOTS('',1,(#7767,#7768),.UNSPECIFIED.,.F.,
  .F.,(2,2),(0.9999994,13.0000006),.PIECEWISE_BEZIER_KNOTS.);
#7767 = CARTESIAN_POINT('',(0.187345035348,0.9999994));
#7768 = CARTESIAN_POINT('',(0.187345035348,13.0000006));
#7769 = ( GEOMETRIC_REPRESENTATION_CONTEXT(2) 
PARAMETRIC_REPRESENTATION_CONTEXT() REPRESENTATION_CONTEXT('2D SPACE',''
  ) );
#7770 = ADVANCED_FACE('',(#7771),#7641,.F.);
#7771 = FACE_BOUND('',#7772,.F.);
#7772 = EDGE_LOOP('',(#7773,#7774,#7775,#7776));
#7773 = ORIENTED_EDGE('',*,*,#7626,.F.);
#7774 = ORIENTED_EDGE('',*,*,#7752,.F.);
#7775 = ORIENTED_EDGE('',*,*,#7724,.T.);
#7776 = ORIENTED_EDGE('',*,*,#7678,.T.);
#7777 = ( GEOMETRIC_REPRESENTATION_CONTEXT(3) 
GLOBAL_UNCERTAINTY_ASSIGNED_CONTEXT((#7781)) 
GLOBAL_UNIT_ASSIGNED_CONTEXT((#7778,#7779,#7780)) REPRESENTATION_CONTEXT
('Context #1','3D Context with UNIT and UNCERTAINTY') );
#7778 = ( LENGTH_UNIT() NAMED_UNIT(*) SI_UNIT(.MILLI.,.METRE.) );
#7779 = ( NAMED_UNIT(*) PLANE_ANGLE_UNIT() SI_UNIT($,.RADIAN.) );
#7780 = ( NAMED_UNIT(*) SI_UNIT($,.STERADIAN.) SOLID_ANGLE_UNIT() );
#7781 = UNCERTAINTY_MEASURE_WITH_UNIT(LENGTH_MEASURE(2.E-07),#7778,
  'distance_accuracy_value','confusion accuracy');
#7782 = PRODUCT_RELATED_PRODUCT_CATEGORY('part',$,(#7));
ENDSEC;
END-ISO-10303-21;
