ISO-10303-21;
HEADER;
FILE_DESCRIPTION(('Open CASCADE Model'),'2;1');
FILE_NAME('Open CASCADE Shape Model','2026-09-26T00:06:16',('Author'),(
    'Open CASCADE'),'Open CASCADE STEP processor 8.0','build123d',
  'Unknown');
FILE_SCHEMA(('AUTOMOTIVE_DESIGN { 1 0 10303 214 1 1 1 1 }'));
ENDSEC;
DATA;
#1 = APPLICATION_PROTOCOL_DEFINITION('international standard',
  'automotive_design',2000,#2);
#2 = APPLICATION_CONTEXT(
  'core data for automotive mechanical design processes');
#3 = SHAPE_DEFINITION_REPRESENTATION(#4,#10);
#4 = PRODUCT_DEFINITION_SHAPE('','',#5);
#5 = PRODUCT_DEFINITION('design','',#6,#9);
#6 = PRODUCT_DEFINITION_FORMATION('','',#7);
#7 = PRODUCT('COMPOUND','COMPOUND','',(#8));
#8 = PRODUCT_CONTEXT('',#2,'mechanical');
#9 = PRODUCT_DEFINITION_CONTEXT('part definition',#2,'design');
#10 = SHAPE_REPRESENTATION('',(#11,#15,#2009,#2327,#2779,#3199,#3529),
  #3738);
#11 = AXIS2_PLACEMENT_3D('',#12,#13,#14);
#12 = CARTESIAN_POINT('',(0.,0.,0.));
#13 = DIRECTION('',(0.,0.,1.));
#14 = DIRECTION('',(1.,0.,-0.));
#15 = BREP_WITH_VOIDS('',#16,(#1495));
#16 = CLOSED_SHELL('',(#17,#243,#319,#368,#417,#444,#520,#569,#618,#645,
    #683,#690,#1317,#1403,#1438,#1468));
#17 = ADVANCED_FACE('',(#18,#137),#32,.F.);
#18 = FACE_BOUND('',#19,.F.);
#19 = EDGE_LOOP('',(#20,#55,#83,#111));
#20 = ORIENTED_EDGE('',*,*,#21,.F.);
#21 = EDGE_CURVE('',#22,#24,#26,.T.);
#22 = VERTEX_POINT('',#23);
#23 = CARTESIAN_POINT('',(57.15,-30.,3.835E+03));
#24 = VERTEX_POINT('',#25);
#25 = CARTESIAN_POINT('',(57.15,-30.,3.925E+03));
#26 = SURFACE_CURVE('',#27,(#31,#43),.PCURVE_S1.);
#27 = LINE('',#28,#29);
#28 = CARTESIAN_POINT('',(57.15,-30.,3.835E+03));
#29 = VECTOR('',#30,1.);
#30 = DIRECTION('',(0.,0.,1.));
#31 = PCURVE('',#32,#37);
#32 = PLANE('',#33);
#33 = AXIS2_PLACEMENT_3D('',#34,#35,#36);
#34 = CARTESIAN_POINT('',(57.15,-30.,3.835E+03));
#35 = DIRECTION('',(1.,0.,-0.));
#36 = DIRECTION('',(0.,0.,1.));
#37 = DEFINITIONAL_REPRESENTATION('',(#38),#42);
#38 = LINE('',#39,#40);
#39 = CARTESIAN_POINT('',(0.,0.));
#40 = VECTOR('',#41,1.);
#41 = DIRECTION('',(1.,0.));
#42 = ( GEOMETRIC_REPRESENTATION_CONTEXT(2) 
PARAMETRIC_REPRESENTATION_CONTEXT() REPRESENTATION_CONTEXT('2D SPACE',''
  ) );
#43 = PCURVE('',#44,#49);
#44 = PLANE('',#45);
#45 = AXIS2_PLACEMENT_3D('',#46,#47,#48);
#46 = CARTESIAN_POINT('',(57.15,-30.,3.835E+03));
#47 = DIRECTION('',(-0.,1.,0.));
#48 = DIRECTION('',(0.,0.,1.));
#49 = DEFINITIONAL_REPRESENTATION('',(#50),#54);
#50 = LINE('',#51,#52);
#51 = CARTESIAN_POINT('',(0.,0.));
#52 = VECTOR('',#53,1.);
#53 = DIRECTION('',(1.,0.));
#54 = ( GEOMETRIC_REPRESENTATION_CONTEXT(2) 
PARAMETRIC_REPRESENTATION_CONTEXT() REPRESENTATION_CONTEXT('2D SPACE',''
  ) );
#55 = ORIENTED_EDGE('',*,*,#56,.T.);
#56 = EDGE_CURVE('',#22,#57,#59,.T.);
#57 = VERTEX_POINT('',#58);
#58 = CARTESIAN_POINT('',(57.15,30.,3.835E+03));
#59 = SURFACE_CURVE('',#60,(#64,#71),.PCURVE_S1.);
#60 = LINE('',#61,#62);
#61 = CARTESIAN_POINT('',(57.15,-30.,3.835E+03));
#62 = VECTOR('',#63,1.);
#63 = DIRECTION('',(-0.,1.,0.));
#64 = PCURVE('',#32,#65);
#65 = DEFINITIONAL_REPRESENTATION('',(#66),#70);
#66 = LINE('',#67,#68);
#67 = CARTESIAN_POINT('',(0.,0.));
#68 = VECTOR('',#69,1.);
#69 = DIRECTION('',(0.,-1.));
#70 = ( GEOMETRIC_REPRESENTATION_CONTEXT(2) 
PARAMETRIC_REPRESENTATION_CONTEXT() REPRESENTATION_CONTEXT('2D SPACE',''
  ) );
#71 = PCURVE('',#72,#77);
#72 = PLANE('',#73);
#73 = AXIS2_PLACEMENT_3D('',#74,#75,#76);
#74 = CARTESIAN_POINT('',(57.15,-30.,3.835E+03));
#75 = DIRECTION('',(0.,0.,1.));
#76 = DIRECTION('',(1.,0.,-0.));
#77 = DEFINITIONAL_REPRESENTATION('',(#78),#82);
#78 = LINE('',#79,#80);
#79 = CARTESIAN_POINT('',(0.,0.));
#80 = VECTOR('',#81,1.);
#81 = DIRECTION('',(0.,1.));
#82 = ( GEOMETRIC_REPRESENTATION_CONTEXT(2) 
PARAMETRIC_REPRESENTATION_CONTEXT() REPRESENTATION_CONTEXT('2D SPACE',''
  ) );
#83 = ORIENTED_EDGE('',*,*,#84,.T.);
#84 = EDGE_CURVE('',#57,#85,#87,.T.);
#85 = VERTEX_POINT('',#86);
#86 = CARTESIAN_POINT('',(57.15,30.,3.925E+03));
#87 = SURFACE_CURVE('',#88,(#92,#99),.PCURVE_S1.);
#88 = LINE('',#89,#90);
#89 = CARTESIAN_POINT('',(57.15,30.,3.835E+03));
#90 = VECTOR('',#91,1.);
#91 = DIRECTION('',(0.,0.,1.));
#92 = PCURVE('',#32,#93);
#93 = DEFINITIONAL_REPRESENTATION('',(#94),#98);
#94 = LINE('',#95,#96);
#95 = CARTESIAN_POINT('',(0.,-60.));
#96 = VECTOR('',#97,1.);
#97 = DIRECTION('',(1.,0.));
#98 = ( GEOMETRIC_REPRESENTATION_CONTEXT(2) 
PARAMETRIC_REPRESENTATION_CONTEXT() REPRESENTATION_CONTEXT('2D SPACE',''
  ) );
#99 = PCURVE('',#100,#105);
#100 = PLANE('',#101);
#101 = AXIS2_PLACEMENT_3D('',#102,#103,#104);
#102 = CARTESIAN_POINT('',(57.15,30.,3.835E+03));
#103 = DIRECTION('',(-0.,1.,0.));
#104 = DIRECTION('',(0.,0.,1.));
#105 = DEFINITIONAL_REPRESENTATION('',(#106),#110);
#106 = LINE('',#107,#108);
#107 = CARTESIAN_POINT('',(0.,0.));
#108 = VECTOR('',#109,1.);
#109 = DIRECTION('',(1.,0.));
#110 = ( GEOMETRIC_REPRESENTATION_CONTEXT(2) 
PARAMETRIC_REPRESENTATION_CONTEXT() REPRESENTATION_CONTEXT('2D SPACE',''
  ) );
#111 = ORIENTED_EDGE('',*,*,#112,.F.);
#112 = EDGE_CURVE('',#24,#85,#113,.T.);
#113 = SURFACE_CURVE('',#114,(#118,#125),.PCURVE_S1.);
#114 = LINE('',#115,#116);
#115 = CARTESIAN_POINT('',(57.15,-30.,3.925E+03));
#116 = VECTOR('',#117,1.);
#117 = DIRECTION('',(-0.,1.,0.));
#118 = PCURVE('',#32,#119);
#119 = DEFINITIONAL_REPRESENTATION('',(#120),#124);
#120 = LINE('',#121,#122);
#121 = CARTESIAN_POINT('',(90.,0.));
#122 = VECTOR('',#123,1.);
#123 = DIRECTION('',(0.,-1.));
#124 = ( GEOMETRIC_REPRESENTATION_CONTEXT(2) 
PARAMETRIC_REPRESENTATION_CONTEXT() REPRESENTATION_CONTEXT('2D SPACE',''
  ) );
#125 = PCURVE('',#126,#131);
#126 = PLANE('',#127);
#127 = AXIS2_PLACEMENT_3D('',#128,#129,#130);
#128 = CARTESIAN_POINT('',(57.15,-30.,3.925E+03));
#129 = DIRECTION('',(0.,0.,1.));
#130 = DIRECTION('',(1.,0.,-0.));
#131 = DEFINITIONAL_REPRESENTATION('',(#132),#136);
#132 = LINE('',#133,#134);
#133 = CARTESIAN_POINT('',(0.,0.));
#134 = VECTOR('',#135,1.);
#135 = DIRECTION('',(0.,1.));
#136 = ( GEOMETRIC_REPRESENTATION_CONTEXT(2) 
PARAMETRIC_REPRESENTATION_CONTEXT() REPRESENTATION_CONTEXT('2D SPACE',''
  ) );
#137 = FACE_BOUND('',#138,.F.);
#138 = EDGE_LOOP('',(#139,#167,#193,#219));
#139 = ORIENTED_EDGE('',*,*,#140,.T.);
#140 = EDGE_CURVE('',#141,#143,#145,.T.);
#141 = VERTEX_POINT('',#142);
#142 = CARTESIAN_POINT('',(57.15,24.,3.841E+03));
#143 = VERTEX_POINT('',#144);
#144 = CARTESIAN_POINT('',(57.15,-24.,3.841E+03));
#145 = SURFACE_CURVE('',#146,(#150,#156),.PCURVE_S1.);
#146 = LINE('',#147,#148);
#147 = CARTESIAN_POINT('',(57.15,-27.,3.841E+03));
#148 = VECTOR('',#149,1.);
#149 = DIRECTION('',(0.,-1.,0.));
#150 = PCURVE('',#32,#151);
#151 = DEFINITIONAL_REPRESENTATION('',(#152),#155);
#152 = B_SPLINE_CURVE_WITH_KNOTS('',1,(#153,#154),.UNSPECIFIED.,.F.,.F.,
  (2,2),(-51.,-3.),.PIECEWISE_BEZIER_KNOTS.);
#153 = CARTESIAN_POINT('',(6.,-54.));
#154 = CARTESIAN_POINT('',(6.,-6.));
#155 = ( GEOMETRIC_REPRESENTATION_CONTEXT(2) 
PARAMETRIC_REPRESENTATION_CONTEXT() REPRESENTATION_CONTEXT('2D SPACE',''
  ) );
#156 = PCURVE('',#157,#162);
#157 = PLANE('',#158);
#158 = AXIS2_PLACEMENT_3D('',#159,#160,#161);
#159 = CARTESIAN_POINT('',(56.15,-24.,3.841E+03));
#160 = DIRECTION('',(0.,0.,1.));
#161 = DIRECTION('',(1.,0.,-0.));
#162 = DEFINITIONAL_REPRESENTATION('',(#163),#166);
#163 = B_SPLINE_CURVE_WITH_KNOTS('',1,(#164,#165),.UNSPECIFIED.,.F.,.F.,
  (2,2),(-51.,-3.),.PIECEWISE_BEZIER_KNOTS.);
#164 = CARTESIAN_POINT('',(1.,48.));
#165 = CARTESIAN_POINT('',(1.,0.));
#166 = ( GEOMETRIC_REPRESENTATION_CONTEXT(2) 
PARAMETRIC_REPRESENTATION_CONTEXT() REPRESENTATION_CONTEXT('2D SPACE',''
  ) );
#167 = ORIENTED_EDGE('',*,*,#168,.T.);
#168 = EDGE_CURVE('',#143,#169,#171,.T.);
#169 = VERTEX_POINT('',#170);
#170 = CARTESIAN_POINT('',(57.15,-24.,3.919E+03));
#171 = SURFACE_CURVE('',#172,(#176,#182),.PCURVE_S1.);
#172 = LINE('',#173,#174);
#173 = CARTESIAN_POINT('',(57.15,-24.,3.838E+03));
#174 = VECTOR('',#175,1.);
#175 = DIRECTION('',(0.,0.,1.));
#176 = PCURVE('',#32,#177);
#177 = DEFINITIONAL_REPRESENTATION('',(#178),#181);
#178 = B_SPLINE_CURVE_WITH_KNOTS('',1,(#179,#180),.UNSPECIFIED.,.F.,.F.,
  (2,2),(3.,81.),.PIECEWISE_BEZIER_KNOTS.);
#179 = CARTESIAN_POINT('',(6.,-6.));
#180 = CARTESIAN_POINT('',(84.,-6.));
#181 = ( GEOMETRIC_REPRESENTATION_CONTEXT(2) 
PARAMETRIC_REPRESENTATION_CONTEXT() REPRESENTATION_CONTEXT('2D SPACE',''
  ) );
#182 = PCURVE('',#183,#188);
#183 = PLANE('',#184);
#184 = AXIS2_PLACEMENT_3D('',#185,#186,#187);
#185 = CARTESIAN_POINT('',(56.15,-24.,3.841E+03));
#186 = DIRECTION('',(-0.,1.,0.));
#187 = DIRECTION('',(0.,0.,1.));
#188 = DEFINITIONAL_REPRESENTATION('',(#189),#192);
#189 = B_SPLINE_CURVE_WITH_KNOTS('',1,(#190,#191),.UNSPECIFIED.,.F.,.F.,
  (2,2),(3.,81.),.PIECEWISE_BEZIER_KNOTS.);
#190 = CARTESIAN_POINT('',(0.,1.));
#191 = CARTESIAN_POINT('',(78.,1.));
#192 = ( GEOMETRIC_REPRESENTATION_CONTEXT(2) 
PARAMETRIC_REPRESENTATION_CONTEXT() REPRESENTATION_CONTEXT('2D SPACE',''
  ) );
#193 = ORIENTED_EDGE('',*,*,#194,.F.);
#194 = EDGE_CURVE('',#195,#169,#197,.T.);
#195 = VERTEX_POINT('',#196);
#196 = CARTESIAN_POINT('',(57.15,24.,3.919E+03));
#197 = SURFACE_CURVE('',#198,(#202,#208),.PCURVE_S1.);
#198 = LINE('',#199,#200);
#199 = CARTESIAN_POINT('',(57.15,-27.,3.919E+03));
#200 = VECTOR('',#201,1.);
#201 = DIRECTION('',(0.,-1.,0.));
#202 = PCURVE('',#32,#203);
#203 = DEFINITIONAL_REPRESENTATION('',(#204),#207);
#204 = B_SPLINE_CURVE_WITH_KNOTS('',1,(#205,#206),.UNSPECIFIED.,.F.,.F.,
  (2,2),(-51.,-3.),.PIECEWISE_BEZIER_KNOTS.);
#205 = CARTESIAN_POINT('',(84.,-54.));
#206 = CARTESIAN_POINT('',(84.,-6.));
#207 = ( GEOMETRIC_REPRESENTATION_CONTEXT(2) 
PARAMETRIC_REPRESENTATION_CONTEXT() REPRESENTATION_CONTEXT('2D SPACE',''
  ) );
#208 = PCURVE('',#209,#214);
#209 = PLANE('',#210);
#210 = AXIS2_PLACEMENT_3D('',#211,#212,#213);
#211 = CARTESIAN_POINT('',(56.15,-24.,3.919E+03));
#212 = DIRECTION('',(0.,0.,1.));
#213 = DIRECTION('',(1.,0.,-0.));
#214 = DEFINITIONAL_REPRESENTATION('',(#215),#218);
#215 = B_SPLINE_CURVE_WITH_KNOTS('',1,(#216,#217),.UNSPECIFIED.,.F.,.F.,
  (2,2),(-51.,-3.),.PIECEWISE_BEZIER_KNOTS.);
#216 = CARTESIAN_POINT('',(1.,48.));
#217 = CARTESIAN_POINT('',(1.,0.));
#218 = ( GEOMETRIC_REPRESENTATION_CONTEXT(2) 
PARAMETRIC_REPRESENTATION_CONTEXT() REPRESENTATION_CONTEXT('2D SPACE',''
  ) );
#219 = ORIENTED_EDGE('',*,*,#220,.F.);
#220 = EDGE_CURVE('',#141,#195,#221,.T.);
#221 = SURFACE_CURVE('',#222,(#226,#232),.PCURVE_S1.);
#222 = LINE('',#223,#224);
#223 = CARTESIAN_POINT('',(57.15,24.,3.838E+03));
#224 = VECTOR('',#225,1.);
#225 = DIRECTION('',(0.,0.,1.));
#226 = PCURVE('',#32,#227);
#227 = DEFINITIONAL_REPRESENTATION('',(#228),#231);
#228 = B_SPLINE_CURVE_WITH_KNOTS('',1,(#229,#230),.UNSPECIFIED.,.F.,.F.,
  (2,2),(3.,81.),.PIECEWISE_BEZIER_KNOTS.);
#229 = CARTESIAN_POINT('',(6.,-54.));
#230 = CARTESIAN_POINT('',(84.,-54.));
#231 = ( GEOMETRIC_REPRESENTATION_CONTEXT(2) 
PARAMETRIC_REPRESENTATION_CONTEXT() REPRESENTATION_CONTEXT('2D SPACE',''
  ) );
#232 = PCURVE('',#233,#238);
#233 = PLANE('',#234);
#234 = AXIS2_PLACEMENT_3D('',#235,#236,#237);
#235 = CARTESIAN_POINT('',(56.15,24.,3.841E+03));
#236 = DIRECTION('',(-0.,1.,0.));
#237 = DIRECTION('',(0.,0.,1.));
#238 = DEFINITIONAL_REPRESENTATION('',(#239),#242);
#239 = B_SPLINE_CURVE_WITH_KNOTS('',1,(#240,#241),.UNSPECIFIED.,.F.,.F.,
  (2,2),(3.,81.),.PIECEWISE_BEZIER_KNOTS.);
#240 = CARTESIAN_POINT('',(0.,1.));
#241 = CARTESIAN_POINT('',(78.,1.));
#242 = ( GEOMETRIC_REPRESENTATION_CONTEXT(2) 
PARAMETRIC_REPRESENTATION_CONTEXT() REPRESENTATION_CONTEXT('2D SPACE',''
  ) );
#243 = ADVANCED_FACE('',(#244),#44,.F.);
#244 = FACE_BOUND('',#245,.F.);
#245 = EDGE_LOOP('',(#246,#269,#270,#293));
#246 = ORIENTED_EDGE('',*,*,#247,.F.);
#247 = EDGE_CURVE('',#22,#248,#250,.T.);
#248 = VERTEX_POINT('',#249);
#249 = CARTESIAN_POINT('',(67.15,-30.,3.835E+03));
#250 = SURFACE_CURVE('',#251,(#255,#262),.PCURVE_S1.);
#251 = LINE('',#252,#253);
#252 = CARTESIAN_POINT('',(57.15,-30.,3.835E+03));
#253 = VECTOR('',#254,1.);
#254 = DIRECTION('',(1.,0.,-0.));
#255 = PCURVE('',#44,#256);
#256 = DEFINITIONAL_REPRESENTATION('',(#257),#261);
#257 = LINE('',#258,#259);
#258 = CARTESIAN_POINT('',(0.,0.));
#259 = VECTOR('',#260,1.);
#260 = DIRECTION('',(0.,1.));
#261 = ( GEOMETRIC_REPRESENTATION_CONTEXT(2) 
PARAMETRIC_REPRESENTATION_CONTEXT() REPRESENTATION_CONTEXT('2D SPACE',''
  ) );
#262 = PCURVE('',#72,#263);
#263 = DEFINITIONAL_REPRESENTATION('',(#264),#268);
#264 = LINE('',#265,#266);
#265 = CARTESIAN_POINT('',(0.,0.));
#266 = VECTOR('',#267,1.);
#267 = DIRECTION('',(1.,0.));
#268 = ( GEOMETRIC_REPRESENTATION_CONTEXT(2) 
PARAMETRIC_REPRESENTATION_CONTEXT() REPRESENTATION_CONTEXT('2D SPACE',''
  ) );
#269 = ORIENTED_EDGE('',*,*,#21,.T.);
#270 = ORIENTED_EDGE('',*,*,#271,.T.);
#271 = EDGE_CURVE('',#24,#272,#274,.T.);
#272 = VERTEX_POINT('',#273);
#273 = CARTESIAN_POINT('',(67.15,-30.,3.925E+03));
#274 = SURFACE_CURVE('',#275,(#279,#286),.PCURVE_S1.);
#275 = LINE('',#276,#277);
#276 = CARTESIAN_POINT('',(57.15,-30.,3.925E+03));
#277 = VECTOR('',#278,1.);
#278 = DIRECTION('',(1.,0.,-0.));
#279 = PCURVE('',#44,#280);
#280 = DEFINITIONAL_REPRESENTATION('',(#281),#285);
#281 = LINE('',#282,#283);
#282 = CARTESIAN_POINT('',(90.,0.));
#283 = VECTOR('',#284,1.);
#284 = DIRECTION('',(0.,1.));
#285 = ( GEOMETRIC_REPRESENTATION_CONTEXT(2) 
PARAMETRIC_REPRESENTATION_CONTEXT() REPRESENTATION_CONTEXT('2D SPACE',''
  ) );
#286 = PCURVE('',#126,#287);
#287 = DEFINITIONAL_REPRESENTATION('',(#288),#292);
#288 = LINE('',#289,#290);
#289 = CARTESIAN_POINT('',(0.,0.));
#290 = VECTOR('',#291,1.);
#291 = DIRECTION('',(1.,0.));
#292 = ( GEOMETRIC_REPRESENTATION_CONTEXT(2) 
PARAMETRIC_REPRESENTATION_CONTEXT() REPRESENTATION_CONTEXT('2D SPACE',''
  ) );
#293 = ORIENTED_EDGE('',*,*,#294,.F.);
#294 = EDGE_CURVE('',#248,#272,#295,.T.);
#295 = SURFACE_CURVE('',#296,(#300,#307),.PCURVE_S1.);
#296 = LINE('',#297,#298);
#297 = CARTESIAN_POINT('',(67.15,-30.,3.835E+03));
#298 = VECTOR('',#299,1.);
#299 = DIRECTION('',(0.,0.,1.));
#300 = PCURVE('',#44,#301);
#301 = DEFINITIONAL_REPRESENTATION('',(#302),#306);
#302 = LINE('',#303,#304);
#303 = CARTESIAN_POINT('',(0.,10.));
#304 = VECTOR('',#305,1.);
#305 = DIRECTION('',(1.,0.));
#306 = ( GEOMETRIC_REPRESENTATION_CONTEXT(2) 
PARAMETRIC_REPRESENTATION_CONTEXT() REPRESENTATION_CONTEXT('2D SPACE',''
  ) );
#307 = PCURVE('',#308,#313);
#308 = PLANE('',#309);
#309 = AXIS2_PLACEMENT_3D('',#310,#311,#312);
#310 = CARTESIAN_POINT('',(67.15,-30.,3.835E+03));
#311 = DIRECTION('',(1.,0.,-0.));
#312 = DIRECTION('',(0.,0.,1.));
#313 = DEFINITIONAL_REPRESENTATION('',(#314),#318);
#314 = LINE('',#315,#316);
#315 = CARTESIAN_POINT('',(0.,0.));
#316 = VECTOR('',#317,1.);
#317 = DIRECTION('',(1.,0.));
#318 = ( GEOMETRIC_REPRESENTATION_CONTEXT(2) 
PARAMETRIC_REPRESENTATION_CONTEXT() REPRESENTATION_CONTEXT('2D SPACE',''
  ) );
#319 = ADVANCED_FACE('',(#320),#126,.T.);
#320 = FACE_BOUND('',#321,.T.);
#321 = EDGE_LOOP('',(#322,#323,#324,#347));
#322 = ORIENTED_EDGE('',*,*,#112,.F.);
#323 = ORIENTED_EDGE('',*,*,#271,.T.);
#324 = ORIENTED_EDGE('',*,*,#325,.T.);
#325 = EDGE_CURVE('',#272,#326,#328,.T.);
#326 = VERTEX_POINT('',#327);
#327 = CARTESIAN_POINT('',(67.15,30.,3.925E+03));
#328 = SURFACE_CURVE('',#329,(#333,#340),.PCURVE_S1.);
#329 = LINE('',#330,#331);
#330 = CARTESIAN_POINT('',(67.15,-30.,3.925E+03));
#331 = VECTOR('',#332,1.);
#332 = DIRECTION('',(-0.,1.,0.));
#333 = PCURVE('',#126,#334);
#334 = DEFINITIONAL_REPRESENTATION('',(#335),#339);
#335 = LINE('',#336,#337);
#336 = CARTESIAN_POINT('',(10.,0.));
#337 = VECTOR('',#338,1.);
#338 = DIRECTION('',(0.,1.));
#339 = ( GEOMETRIC_REPRESENTATION_CONTEXT(2) 
PARAMETRIC_REPRESENTATION_CONTEXT() REPRESENTATION_CONTEXT('2D SPACE',''
  ) );
#340 = PCURVE('',#308,#341);
#341 = DEFINITIONAL_REPRESENTATION('',(#342),#346);
#342 = LINE('',#343,#344);
#343 = CARTESIAN_POINT('',(90.,0.));
#344 = VECTOR('',#345,1.);
#345 = DIRECTION('',(0.,-1.));
#346 = ( GEOMETRIC_REPRESENTATION_CONTEXT(2) 
PARAMETRIC_REPRESENTATION_CONTEXT() REPRESENTATION_CONTEXT('2D SPACE',''
  ) );
#347 = ORIENTED_EDGE('',*,*,#348,.F.);
#348 = EDGE_CURVE('',#85,#326,#349,.T.);
#349 = SURFACE_CURVE('',#350,(#354,#361),.PCURVE_S1.);
#350 = LINE('',#351,#352);
#351 = CARTESIAN_POINT('',(57.15,30.,3.925E+03));
#352 = VECTOR('',#353,1.);
#353 = DIRECTION('',(1.,0.,-0.));
#354 = PCURVE('',#126,#355);
#355 = DEFINITIONAL_REPRESENTATION('',(#356),#360);
#356 = LINE('',#357,#358);
#357 = CARTESIAN_POINT('',(0.,60.));
#358 = VECTOR('',#359,1.);
#359 = DIRECTION('',(1.,0.));
#360 = ( GEOMETRIC_REPRESENTATION_CONTEXT(2) 
PARAMETRIC_REPRESENTATION_CONTEXT() REPRESENTATION_CONTEXT('2D SPACE',''
  ) );
#361 = PCURVE('',#100,#362);
#362 = DEFINITIONAL_REPRESENTATION('',(#363),#367);
#363 = LINE('',#364,#365);
#364 = CARTESIAN_POINT('',(90.,0.));
#365 = VECTOR('',#366,1.);
#366 = DIRECTION('',(0.,1.));
#367 = ( GEOMETRIC_REPRESENTATION_CONTEXT(2) 
PARAMETRIC_REPRESENTATION_CONTEXT() REPRESENTATION_CONTEXT('2D SPACE',''
  ) );
#368 = ADVANCED_FACE('',(#369),#72,.F.);
#369 = FACE_BOUND('',#370,.F.);
#370 = EDGE_LOOP('',(#371,#372,#373,#396));
#371 = ORIENTED_EDGE('',*,*,#56,.F.);
#372 = ORIENTED_EDGE('',*,*,#247,.T.);
#373 = ORIENTED_EDGE('',*,*,#374,.T.);
#374 = EDGE_CURVE('',#248,#375,#377,.T.);
#375 = VERTEX_POINT('',#376);
#376 = CARTESIAN_POINT('',(67.15,30.,3.835E+03));
#377 = SURFACE_CURVE('',#378,(#382,#389),.PCURVE_S1.);
#378 = LINE('',#379,#380);
#379 = CARTESIAN_POINT('',(67.15,-30.,3.835E+03));
#380 = VECTOR('',#381,1.);
#381 = DIRECTION('',(-0.,1.,0.));
#382 = PCURVE('',#72,#383);
#383 = DEFINITIONAL_REPRESENTATION('',(#384),#388);
#384 = LINE('',#385,#386);
#385 = CARTESIAN_POINT('',(10.,0.));
#386 = VECTOR('',#387,1.);
#387 = DIRECTION('',(0.,1.));
#388 = ( GEOMETRIC_REPRESENTATION_CONTEXT(2) 
PARAMETRIC_REPRESENTATION_CONTEXT() REPRESENTATION_CONTEXT('2D SPACE',''
  ) );
#389 = PCURVE('',#308,#390);
#390 = DEFINITIONAL_REPRESENTATION('',(#391),#395);
#391 = LINE('',#392,#393);
#392 = CARTESIAN_POINT('',(0.,0.));
#393 = VECTOR('',#394,1.);
#394 = DIRECTION('',(0.,-1.));
#395 = ( GEOMETRIC_REPRESENTATION_CONTEXT(2) 
PARAMETRIC_REPRESENTATION_CONTEXT() REPRESENTATION_CONTEXT('2D SPACE',''
  ) );
#396 = ORIENTED_EDGE('',*,*,#397,.F.);
#397 = EDGE_CURVE('',#57,#375,#398,.T.);
#398 = SURFACE_CURVE('',#399,(#403,#410),.PCURVE_S1.);
#399 = LINE('',#400,#401);
#400 = CARTESIAN_POINT('',(57.15,30.,3.835E+03));
#401 = VECTOR('',#402,1.);
#402 = DIRECTION('',(1.,0.,-0.));
#403 = PCURVE('',#72,#404);
#404 = DEFINITIONAL_REPRESENTATION('',(#405),#409);
#405 = LINE('',#406,#407);
#406 = CARTESIAN_POINT('',(0.,60.));
#407 = VECTOR('',#408,1.);
#408 = DIRECTION('',(1.,0.));
#409 = ( GEOMETRIC_REPRESENTATION_CONTEXT(2) 
PARAMETRIC_REPRESENTATION_CONTEXT() REPRESENTATION_CONTEXT('2D SPACE',''
  ) );
#410 = PCURVE('',#100,#411);
#411 = DEFINITIONAL_REPRESENTATION('',(#412),#416);
#412 = LINE('',#413,#414);
#413 = CARTESIAN_POINT('',(0.,0.));
#414 = VECTOR('',#415,1.);
#415 = DIRECTION('',(0.,1.));
#416 = ( GEOMETRIC_REPRESENTATION_CONTEXT(2) 
PARAMETRIC_REPRESENTATION_CONTEXT() REPRESENTATION_CONTEXT('2D SPACE',''
  ) );
#417 = ADVANCED_FACE('',(#418),#100,.T.);
#418 = FACE_BOUND('',#419,.T.);
#419 = EDGE_LOOP('',(#420,#421,#422,#423));
#420 = ORIENTED_EDGE('',*,*,#397,.F.);
#421 = ORIENTED_EDGE('',*,*,#84,.T.);
#422 = ORIENTED_EDGE('',*,*,#348,.T.);
#423 = ORIENTED_EDGE('',*,*,#424,.F.);
#424 = EDGE_CURVE('',#375,#326,#425,.T.);
#425 = SURFACE_CURVE('',#426,(#430,#437),.PCURVE_S1.);
#426 = LINE('',#427,#428);
#427 = CARTESIAN_POINT('',(67.15,30.,3.835E+03));
#428 = VECTOR('',#429,1.);
#429 = DIRECTION('',(0.,0.,1.));
#430 = PCURVE('',#100,#431);
#431 = DEFINITIONAL_REPRESENTATION('',(#432),#436);
#432 = LINE('',#433,#434);
#433 = CARTESIAN_POINT('',(0.,10.));
#434 = VECTOR('',#435,1.);
#435 = DIRECTION('',(1.,0.));
#436 = ( GEOMETRIC_REPRESENTATION_CONTEXT(2) 
PARAMETRIC_REPRESENTATION_CONTEXT() REPRESENTATION_CONTEXT('2D SPACE',''
  ) );
#437 = PCURVE('',#308,#438);
#438 = DEFINITIONAL_REPRESENTATION('',(#439),#443);
#439 = LINE('',#440,#441);
#440 = CARTESIAN_POINT('',(0.,-60.));
#441 = VECTOR('',#442,1.);
#442 = DIRECTION('',(1.,0.));
#443 = ( GEOMETRIC_REPRESENTATION_CONTEXT(2) 
PARAMETRIC_REPRESENTATION_CONTEXT() REPRESENTATION_CONTEXT('2D SPACE',''
  ) );
#444 = ADVANCED_FACE('',(#445),#157,.T.);
#445 = FACE_BOUND('',#446,.T.);
#446 = EDGE_LOOP('',(#447,#470,#471,#494));
#447 = ORIENTED_EDGE('',*,*,#448,.F.);
#448 = EDGE_CURVE('',#141,#449,#451,.T.);
#449 = VERTEX_POINT('',#450);
#450 = CARTESIAN_POINT('',(63.15,24.,3.841E+03));
#451 = SURFACE_CURVE('',#452,(#456,#463),.PCURVE_S1.);
#452 = LINE('',#453,#454);
#453 = CARTESIAN_POINT('',(56.15,24.,3.841E+03));
#454 = VECTOR('',#455,1.);
#455 = DIRECTION('',(1.,0.,-0.));
#456 = PCURVE('',#157,#457);
#457 = DEFINITIONAL_REPRESENTATION('',(#458),#462);
#458 = LINE('',#459,#460);
#459 = CARTESIAN_POINT('',(0.,48.));
#460 = VECTOR('',#461,1.);
#461 = DIRECTION('',(1.,0.));
#462 = ( GEOMETRIC_REPRESENTATION_CONTEXT(2) 
PARAMETRIC_REPRESENTATION_CONTEXT() REPRESENTATION_CONTEXT('2D SPACE',''
  ) );
#463 = PCURVE('',#233,#464);
#464 = DEFINITIONAL_REPRESENTATION('',(#465),#469);
#465 = LINE('',#466,#467);
#466 = CARTESIAN_POINT('',(0.,0.));
#467 = VECTOR('',#468,1.);
#468 = DIRECTION('',(0.,1.));
#469 = ( GEOMETRIC_REPRESENTATION_CONTEXT(2) 
PARAMETRIC_REPRESENTATION_CONTEXT() REPRESENTATION_CONTEXT('2D SPACE',''
  ) );
#470 = ORIENTED_EDGE('',*,*,#140,.T.);
#471 = ORIENTED_EDGE('',*,*,#472,.T.);
#472 = EDGE_CURVE('',#143,#473,#475,.T.);
#473 = VERTEX_POINT('',#474);
#474 = CARTESIAN_POINT('',(63.15,-24.,3.841E+03));
#475 = SURFACE_CURVE('',#476,(#480,#487),.PCURVE_S1.);
#476 = LINE('',#477,#478);
#477 = CARTESIAN_POINT('',(56.15,-24.,3.841E+03));
#478 = VECTOR('',#479,1.);
#479 = DIRECTION('',(1.,0.,-0.));
#480 = PCURVE('',#157,#481);
#481 = DEFINITIONAL_REPRESENTATION('',(#482),#486);
#482 = LINE('',#483,#484);
#483 = CARTESIAN_POINT('',(0.,0.));
#484 = VECTOR('',#485,1.);
#485 = DIRECTION('',(1.,0.));
#486 = ( GEOMETRIC_REPRESENTATION_CONTEXT(2) 
PARAMETRIC_REPRESENTATION_CONTEXT() REPRESENTATION_CONTEXT('2D SPACE',''
  ) );
#487 = PCURVE('',#183,#488);
#488 = DEFINITIONAL_REPRESENTATION('',(#489),#493);
#489 = LINE('',#490,#491);
#490 = CARTESIAN_POINT('',(0.,0.));
#491 = VECTOR('',#492,1.);
#492 = DIRECTION('',(0.,1.));
#493 = ( GEOMETRIC_REPRESENTATION_CONTEXT(2) 
PARAMETRIC_REPRESENTATION_CONTEXT() REPRESENTATION_CONTEXT('2D SPACE',''
  ) );
#494 = ORIENTED_EDGE('',*,*,#495,.T.);
#495 = EDGE_CURVE('',#473,#449,#496,.T.);
#496 = SURFACE_CURVE('',#497,(#501,#508),.PCURVE_S1.);
#497 = LINE('',#498,#499);
#498 = CARTESIAN_POINT('',(63.15,-24.,3.841E+03));
#499 = VECTOR('',#500,1.);
#500 = DIRECTION('',(-0.,1.,0.));
#501 = PCURVE('',#157,#502);
#502 = DEFINITIONAL_REPRESENTATION('',(#503),#507);
#503 = LINE('',#504,#505);
#504 = CARTESIAN_POINT('',(7.,0.));
#505 = VECTOR('',#506,1.);
#506 = DIRECTION('',(0.,1.));
#507 = ( GEOMETRIC_REPRESENTATION_CONTEXT(2) 
PARAMETRIC_REPRESENTATION_CONTEXT() REPRESENTATION_CONTEXT('2D SPACE',''
  ) );
#508 = PCURVE('',#509,#514);
#509 = PLANE('',#510);
#510 = AXIS2_PLACEMENT_3D('',#511,#512,#513);
#511 = CARTESIAN_POINT('',(63.15,-24.,3.841E+03));
#512 = DIRECTION('',(1.,0.,-0.));
#513 = DIRECTION('',(0.,0.,1.));
#514 = DEFINITIONAL_REPRESENTATION('',(#515),#519);
#515 = LINE('',#516,#517);
#516 = CARTESIAN_POINT('',(0.,0.));
#517 = VECTOR('',#518,1.);
#518 = DIRECTION('',(0.,-1.));
#519 = ( GEOMETRIC_REPRESENTATION_CONTEXT(2) 
PARAMETRIC_REPRESENTATION_CONTEXT() REPRESENTATION_CONTEXT('2D SPACE',''
  ) );
#520 = ADVANCED_FACE('',(#521),#233,.F.);
#521 = FACE_BOUND('',#522,.F.);
#522 = EDGE_LOOP('',(#523,#524,#525,#548));
#523 = ORIENTED_EDGE('',*,*,#448,.F.);
#524 = ORIENTED_EDGE('',*,*,#220,.T.);
#525 = ORIENTED_EDGE('',*,*,#526,.T.);
#526 = EDGE_CURVE('',#195,#527,#529,.T.);
#527 = VERTEX_POINT('',#528);
#528 = CARTESIAN_POINT('',(63.15,24.,3.919E+03));
#529 = SURFACE_CURVE('',#530,(#534,#541),.PCURVE_S1.);
#530 = LINE('',#531,#532);
#531 = CARTESIAN_POINT('',(56.15,24.,3.919E+03));
#532 = VECTOR('',#533,1.);
#533 = DIRECTION('',(1.,0.,-0.));
#534 = PCURVE('',#233,#535);
#535 = DEFINITIONAL_REPRESENTATION('',(#536),#540);
#536 = LINE('',#537,#538);
#537 = CARTESIAN_POINT('',(78.,0.));
#538 = VECTOR('',#539,1.);
#539 = DIRECTION('',(0.,1.));
#540 = ( GEOMETRIC_REPRESENTATION_CONTEXT(2) 
PARAMETRIC_REPRESENTATION_CONTEXT() REPRESENTATION_CONTEXT('2D SPACE',''
  ) );
#541 = PCURVE('',#209,#542);
#542 = DEFINITIONAL_REPRESENTATION('',(#543),#547);
#543 = LINE('',#544,#545);
#544 = CARTESIAN_POINT('',(0.,48.));
#545 = VECTOR('',#546,1.);
#546 = DIRECTION('',(1.,0.));
#547 = ( GEOMETRIC_REPRESENTATION_CONTEXT(2) 
PARAMETRIC_REPRESENTATION_CONTEXT() REPRESENTATION_CONTEXT('2D SPACE',''
  ) );
#548 = ORIENTED_EDGE('',*,*,#549,.F.);
#549 = EDGE_CURVE('',#449,#527,#550,.T.);
#550 = SURFACE_CURVE('',#551,(#555,#562),.PCURVE_S1.);
#551 = LINE('',#552,#553);
#552 = CARTESIAN_POINT('',(63.15,24.,3.841E+03));
#553 = VECTOR('',#554,1.);
#554 = DIRECTION('',(0.,0.,1.));
#555 = PCURVE('',#233,#556);
#556 = DEFINITIONAL_REPRESENTATION('',(#557),#561);
#557 = LINE('',#558,#559);
#558 = CARTESIAN_POINT('',(0.,7.));
#559 = VECTOR('',#560,1.);
#560 = DIRECTION('',(1.,0.));
#561 = ( GEOMETRIC_REPRESENTATION_CONTEXT(2) 
PARAMETRIC_REPRESENTATION_CONTEXT() REPRESENTATION_CONTEXT('2D SPACE',''
  ) );
#562 = PCURVE('',#509,#563);
#563 = DEFINITIONAL_REPRESENTATION('',(#564),#568);
#564 = LINE('',#565,#566);
#565 = CARTESIAN_POINT('',(0.,-48.));
#566 = VECTOR('',#567,1.);
#567 = DIRECTION('',(1.,0.));
#568 = ( GEOMETRIC_REPRESENTATION_CONTEXT(2) 
PARAMETRIC_REPRESENTATION_CONTEXT() REPRESENTATION_CONTEXT('2D SPACE',''
  ) );
#569 = ADVANCED_FACE('',(#570),#209,.F.);
#570 = FACE_BOUND('',#571,.F.);
#571 = EDGE_LOOP('',(#572,#573,#574,#597));
#572 = ORIENTED_EDGE('',*,*,#526,.F.);
#573 = ORIENTED_EDGE('',*,*,#194,.T.);
#574 = ORIENTED_EDGE('',*,*,#575,.T.);
#575 = EDGE_CURVE('',#169,#576,#578,.T.);
#576 = VERTEX_POINT('',#577);
#577 = CARTESIAN_POINT('',(63.15,-24.,3.919E+03));
#578 = SURFACE_CURVE('',#579,(#583,#590),.PCURVE_S1.);
#579 = LINE('',#580,#581);
#580 = CARTESIAN_POINT('',(56.15,-24.,3.919E+03));
#581 = VECTOR('',#582,1.);
#582 = DIRECTION('',(1.,0.,-0.));
#583 = PCURVE('',#209,#584);
#584 = DEFINITIONAL_REPRESENTATION('',(#585),#589);
#585 = LINE('',#586,#587);
#586 = CARTESIAN_POINT('',(0.,0.));
#587 = VECTOR('',#588,1.);
#588 = DIRECTION('',(1.,0.));
#589 = ( GEOMETRIC_REPRESENTATION_CONTEXT(2) 
PARAMETRIC_REPRESENTATION_CONTEXT() REPRESENTATION_CONTEXT('2D SPACE',''
  ) );
#590 = PCURVE('',#183,#591);
#591 = DEFINITIONAL_REPRESENTATION('',(#592),#596);
#592 = LINE('',#593,#594);
#593 = CARTESIAN_POINT('',(78.,0.));
#594 = VECTOR('',#595,1.);
#595 = DIRECTION('',(0.,1.));
#596 = ( GEOMETRIC_REPRESENTATION_CONTEXT(2) 
PARAMETRIC_REPRESENTATION_CONTEXT() REPRESENTATION_CONTEXT('2D SPACE',''
  ) );
#597 = ORIENTED_EDGE('',*,*,#598,.T.);
#598 = EDGE_CURVE('',#576,#527,#599,.T.);
#599 = SURFACE_CURVE('',#600,(#604,#611),.PCURVE_S1.);
#600 = LINE('',#601,#602);
#601 = CARTESIAN_POINT('',(63.15,-24.,3.919E+03));
#602 = VECTOR('',#603,1.);
#603 = DIRECTION('',(-0.,1.,0.));
#604 = PCURVE('',#209,#605);
#605 = DEFINITIONAL_REPRESENTATION('',(#606),#610);
#606 = LINE('',#607,#608);
#607 = CARTESIAN_POINT('',(7.,0.));
#608 = VECTOR('',#609,1.);
#609 = DIRECTION('',(0.,1.));
#610 = ( GEOMETRIC_REPRESENTATION_CONTEXT(2) 
PARAMETRIC_REPRESENTATION_CONTEXT() REPRESENTATION_CONTEXT('2D SPACE',''
  ) );
#611 = PCURVE('',#509,#612);
#612 = DEFINITIONAL_REPRESENTATION('',(#613),#617);
#613 = LINE('',#614,#615);
#614 = CARTESIAN_POINT('',(78.,0.));
#615 = VECTOR('',#616,1.);
#616 = DIRECTION('',(0.,-1.));
#617 = ( GEOMETRIC_REPRESENTATION_CONTEXT(2) 
PARAMETRIC_REPRESENTATION_CONTEXT() REPRESENTATION_CONTEXT('2D SPACE',''
  ) );
#618 = ADVANCED_FACE('',(#619),#183,.T.);
#619 = FACE_BOUND('',#620,.T.);
#620 = EDGE_LOOP('',(#621,#622,#623,#624));
#621 = ORIENTED_EDGE('',*,*,#472,.F.);
#622 = ORIENTED_EDGE('',*,*,#168,.T.);
#623 = ORIENTED_EDGE('',*,*,#575,.T.);
#624 = ORIENTED_EDGE('',*,*,#625,.F.);
#625 = EDGE_CURVE('',#473,#576,#626,.T.);
#626 = SURFACE_CURVE('',#627,(#631,#638),.PCURVE_S1.);
#627 = LINE('',#628,#629);
#628 = CARTESIAN_POINT('',(63.15,-24.,3.841E+03));
#629 = VECTOR('',#630,1.);
#630 = DIRECTION('',(0.,0.,1.));
#631 = PCURVE('',#183,#632);
#632 = DEFINITIONAL_REPRESENTATION('',(#633),#637);
#633 = LINE('',#634,#635);
#634 = CARTESIAN_POINT('',(0.,7.));
#635 = VECTOR('',#636,1.);
#636 = DIRECTION('',(1.,0.));
#637 = ( GEOMETRIC_REPRESENTATION_CONTEXT(2) 
PARAMETRIC_REPRESENTATION_CONTEXT() REPRESENTATION_CONTEXT('2D SPACE',''
  ) );
#638 = PCURVE('',#509,#639);
#639 = DEFINITIONAL_REPRESENTATION('',(#640),#644);
#640 = LINE('',#641,#642);
#641 = CARTESIAN_POINT('',(0.,0.));
#642 = VECTOR('',#643,1.);
#643 = DIRECTION('',(1.,0.));
#644 = ( GEOMETRIC_REPRESENTATION_CONTEXT(2) 
PARAMETRIC_REPRESENTATION_CONTEXT() REPRESENTATION_CONTEXT('2D SPACE',''
  ) );
#645 = ADVANCED_FACE('',(#646,#652),#308,.T.);
#646 = FACE_BOUND('',#647,.T.);
#647 = EDGE_LOOP('',(#648,#649,#650,#651));
#648 = ORIENTED_EDGE('',*,*,#294,.F.);
#649 = ORIENTED_EDGE('',*,*,#374,.T.);
#650 = ORIENTED_EDGE('',*,*,#424,.T.);
#651 = ORIENTED_EDGE('',*,*,#325,.F.);
#652 = FACE_BOUND('',#653,.T.);
#653 = EDGE_LOOP('',(#654));
#654 = ORIENTED_EDGE('',*,*,#655,.F.);
#655 = EDGE_CURVE('',#656,#656,#658,.T.);
#656 = VERTEX_POINT('',#657);
#657 = CARTESIAN_POINT('',(67.15,3.061616997868E-15,3.8925E+03));
#658 = SURFACE_CURVE('',#659,(#664,#671),.PCURVE_S1.);
#659 = CIRCLE('',#660,12.5);
#660 = AXIS2_PLACEMENT_3D('',#661,#662,#663);
#661 = CARTESIAN_POINT('',(67.15,0.,3.88E+03));
#662 = DIRECTION('',(1.,0.,0.));
#663 = DIRECTION('',(-0.,0.,1.));
#664 = PCURVE('',#308,#665);
#665 = DEFINITIONAL_REPRESENTATION('',(#666),#670);
#666 = CIRCLE('',#667,12.5);
#667 = AXIS2_PLACEMENT_2D('',#668,#669);
#668 = CARTESIAN_POINT('',(45.,-30.));
#669 = DIRECTION('',(1.,0.));
#670 = ( GEOMETRIC_REPRESENTATION_CONTEXT(2) 
PARAMETRIC_REPRESENTATION_CONTEXT() REPRESENTATION_CONTEXT('2D SPACE',''
  ) );
#671 = PCURVE('',#672,#677);
#672 = CYLINDRICAL_SURFACE('',#673,12.5);
#673 = AXIS2_PLACEMENT_3D('',#674,#675,#676);
#674 = CARTESIAN_POINT('',(67.15,0.,3.88E+03));
#675 = DIRECTION('',(1.,0.,0.));
#676 = DIRECTION('',(-0.,0.,1.));
#677 = DEFINITIONAL_REPRESENTATION('',(#678),#682);
#678 = LINE('',#679,#680);
#679 = CARTESIAN_POINT('',(0.,0.));
#680 = VECTOR('',#681,1.);
#681 = DIRECTION('',(1.,0.));
#682 = ( GEOMETRIC_REPRESENTATION_CONTEXT(2) 
PARAMETRIC_REPRESENTATION_CONTEXT() REPRESENTATION_CONTEXT('2D SPACE',''
  ) );
#683 = ADVANCED_FACE('',(#684),#509,.F.);
#684 = FACE_BOUND('',#685,.F.);
#685 = EDGE_LOOP('',(#686,#687,#688,#689));
#686 = ORIENTED_EDGE('',*,*,#625,.F.);
#687 = ORIENTED_EDGE('',*,*,#495,.T.);
#688 = ORIENTED_EDGE('',*,*,#549,.T.);
#689 = ORIENTED_EDGE('',*,*,#598,.F.);
#690 = ADVANCED_FACE('',(#691),#672,.T.);
#691 = FACE_BOUND('',#692,.T.);
#692 = EDGE_LOOP('',(#693,#1294,#1315,#1316));
#693 = ORIENTED_EDGE('',*,*,#694,.F.);
#694 = EDGE_CURVE('',#695,#695,#697,.T.);
#695 = VERTEX_POINT('',#696);
#696 = CARTESIAN_POINT('',(483.14999999999,3.061616997868E-15,3.8925E+03
    ));
#697 = SURFACE_CURVE('',#698,(#893,#1091),.PCURVE_S1.);
#698 = B_SPLINE_CURVE_WITH_KNOTS('',7,(#699,#700,#701,#702,#703,#704,
    #705,#706,#707,#708,#709,#710,#711,#712,#713,#714,#715,#716,#717,
    #718,#719,#720,#721,#722,#723,#724,#725,#726,#727,#728,#729,#730,
    #731,#732,#733,#734,#735,#736,#737,#738,#739,#740,#741,#742,#743,
    #744,#745,#746,#747,#748,#749,#750,#751,#752,#753,#754,#755,#756,
    #757,#758,#759,#760,#761,#762,#763,#764,#765,#766,#767,#768,#769,
    #770,#771,#772,#773,#774,#775,#776,#777,#778,#779,#780,#781,#782,
    #783,#784,#785,#786,#787,#788,#789,#790,#791,#792,#793,#794,#795,
    #796,#797,#798,#799,#800,#801,#802,#803,#804,#805,#806,#807,#808,
    #809,#810,#811,#812,#813,#814,#815,#816,#817,#818,#819,#820,#821,
    #822,#823,#824,#825,#826,#827,#828,#829,#830,#831,#832,#833,#834,
    #835,#836,#837,#838,#839,#840,#841,#842,#843,#844,#845,#846,#847,
    #848,#849,#850,#851,#852,#853,#854,#855,#856,#857,#858,#859,#860,
    #861,#862,#863,#864,#865,#866,#867,#868,#869,#870,#871,#872,#873,
    #874,#875,#876,#877,#878,#879,#880,#881,#882,#883,#884,#885,#886,
    #887,#888,#889,#890,#891,#892),.UNSPECIFIED.,.T.,.F.,(8,6,6,6,6,6,6,
    6,6,6,6,6,6,6,6,6,6,6,6,6,6,6,6,6,6,6,6,6,6,6,6,6,8),(0.,
    3.470814703092E-02,5.588259628849E-02,8.276070068946E-02,
    0.103055419842,0.118320468134,0.13037148885,0.163764077399,
    0.204607215666,0.249725475543,0.294749657711,0.335634442275,
    0.416753434386,0.443458970378,0.464699857124,0.47613609979,
    0.499654365137,0.523157541507,0.534435345608,0.555639156235,
    0.582554530929,0.602877391579,0.618163607019,0.630231338179,
    0.663670230266,0.704570003307,0.749750826022,0.794837440577,
    0.835778917668,0.917010392718,0.943752959707,0.96502329994,1.),
  .UNSPECIFIED.);
#699 = CARTESIAN_POINT('',(483.15,3.552713678801E-15,3.8925E+03));
#700 = CARTESIAN_POINT('',(483.15,-0.48671900577,3.8925E+03));
#701 = CARTESIAN_POINT('',(483.16151577112,-0.97265666005,
    3.892477889708E+03));
#702 = CARTESIAN_POINT('',(483.18448064238,-1.455341844128,
    3.892433797191E+03));
#703 = CARTESIAN_POINT('',(483.21851248067,-1.932318219386,
    3.89236827647E+03));
#704 = CARTESIAN_POINT('',(483.26291805643,-2.401172204346,
    3.89228230536E+03));
#705 = CARTESIAN_POINT('',(483.31671693667,-2.859560196718,
    3.892177293333E+03));
#706 = CARTESIAN_POINT('',(483.41648979332,-3.577128534372,
    3.891980552357E+03));
#707 = CARTESIAN_POINT('',(483.45736724911,-3.844521453991,
    3.891899547047E+03));
#708 = CARTESIAN_POINT('',(483.50109649192,-4.107233208567,
    3.891812391588E+03));
#709 = CARTESIAN_POINT('',(483.54744934578,-4.365095223862,
    3.891719400239E+03));
#710 = CARTESIAN_POINT('',(483.5961919234,-4.617950906134,
    3.891620894149E+03));
#711 = CARTESIAN_POINT('',(483.64708631,-4.865655606142,
    3.891517202115E+03));
#712 = CARTESIAN_POINT('',(483.76692225458,-5.415797282269,
    3.891270883486E+03));
#713 = CARTESIAN_POINT('',(483.83704269057,-5.715052026435,
    3.891125271782E+03));
#714 = CARTESIAN_POINT('',(483.90982689672,-6.005853603553,
    3.890972381505E+03));
#715 = CARTESIAN_POINT('',(483.98486640701,-6.288232457654,
    3.890812732724E+03));
#716 = CARTESIAN_POINT('',(484.0617722805,-6.562236464287,
    3.89064681085E+03));
#717 = CARTESIAN_POINT('',(484.140176434,-6.827930705923,
    3.890475067188E+03));
#718 = CARTESIAN_POINT('',(484.27980334389,-7.279801252621,
    3.890164161444E+03));
#719 = CARTESIAN_POINT('',(484.34053994204,-7.469544492569,
    3.89002730156E+03));
#720 = CARTESIAN_POINT('',(484.4018019719,-7.654684178934,
    3.889887500982E+03));
#721 = CARTESIAN_POINT('',(484.46345580897,-7.835279072679,
    3.889744907623E+03));
#722 = CARTESIAN_POINT('',(484.52537500161,-8.011389483996,
    3.88959965617E+03));
#723 = CARTESIAN_POINT('',(484.58744027104,-8.18307727231,
    3.88945186808E+03));
#724 = CARTESIAN_POINT('',(484.69624860321,-8.476265127358,
    3.88918866347E+03));
#725 = CARTESIAN_POINT('',(484.74297639456,-8.599656975428,
    3.889074302489E+03));
#726 = CARTESIAN_POINT('',(484.78967490024,-8.720607499021,
    3.888958615197E+03));
#727 = CARTESIAN_POINT('',(484.83629765475,-8.839141887304,
    3.888841645321E+03));
#728 = CARTESIAN_POINT('',(484.88279971216,-8.955284410078,
    3.888723433762E+03));
#729 = CARTESIAN_POINT('',(484.92913764612,-9.069058417776,
    3.888604018595E+03));
#730 = CARTESIAN_POINT('',(485.011688467,-9.268453322706,
    3.888388240177E+03));
#731 = CARTESIAN_POINT('',(485.0479788692,-9.354957994934,
    3.888292317361E+03));
#732 = CARTESIAN_POINT('',(485.08412007462,-9.440011298565,
    3.888195684076E+03));
#733 = CARTESIAN_POINT('',(485.12009181742,-9.523623662889,
    3.888098357037E+03));
#734 = CARTESIAN_POINT('',(485.15587424784,-9.605805006072,
    3.888000352213E+03));
#735 = CARTESIAN_POINT('',(485.1914479322,-9.686564735154,
    3.887901684829E+03));
#736 = CARTESIAN_POINT('',(485.32473508247,-9.98577711265,
    3.887527172738E+03));
#737 = CARTESIAN_POINT('',(485.42093777777,-10.19481902571,
    3.887246971409E+03));
#738 = CARTESIAN_POINT('',(485.51498685212,-10.39320146145,
    3.886962097959E+03));
#739 = CARTESIAN_POINT('',(485.60649048405,-10.58106838852,
    3.886672849007E+03));
#740 = CARTESIAN_POINT('',(485.69507900451,-10.75854433596,
    3.886379485203E+03));
#741 = CARTESIAN_POINT('',(485.78040378417,-10.92573496116,
    3.886082231209E+03));
#742 = CARTESIAN_POINT('',(485.96210456459,-11.27474845438,
    3.885413171007E+03));
#743 = CARTESIAN_POINT('',(486.05670895293,-11.45153247678,
    3.885039490946E+03));
#744 = CARTESIAN_POINT('',(486.14529376118,-11.61313235821,
    3.884660766711E+03));
#745 = CARTESIAN_POINT('',(486.22725654797,-11.75958988257,
    3.884277493217E+03));
#746 = CARTESIAN_POINT('',(486.30205245678,-11.89093168718,
    3.883890129421E+03));
#747 = CARTESIAN_POINT('',(486.36919871765,-12.00716500555,
    3.883499098672E+03));
#748 = CARTESIAN_POINT('',(486.49354363077,-12.21996500531,
    3.882669206355E+03));
#749 = CARTESIAN_POINT('',(486.54896308362,-12.31319571498,
    3.882229636481E+03));
#750 = CARTESIAN_POINT('',(486.593931085,-12.38786580601,
    3.881786908797E+03));
#751 = CARTESIAN_POINT('',(486.62797940614,-12.4439136709,
    3.881341817912E+03));
#752 = CARTESIAN_POINT('',(486.65078963039,-12.4813001742,
    3.880895133607E+03));
#753 = CARTESIAN_POINT('',(486.66219875145,-12.5,3.880447610868E+03));
#754 = CARTESIAN_POINT('',(486.66219875145,-12.5,3.879553322462E+03));
#755 = CARTESIAN_POINT('',(486.65083715978,-12.48137807604,
    3.879106732178E+03));
#756 = CARTESIAN_POINT('',(486.6281218985,-12.44414721926,
    3.878660975035E+03));
#757 = CARTESIAN_POINT('',(486.59421462806,-12.38833255071,
    3.878216801544E+03));
#758 = CARTESIAN_POINT('',(486.54943116565,-12.31397295185,
    3.877774976863E+03));
#759 = CARTESIAN_POINT('',(486.49423595414,-12.22112961516,
    3.877336290727E+03));
#760 = CARTESIAN_POINT('',(486.37020162106,-12.00889941555,
    3.876506811099E+03));
#761 = CARTESIAN_POINT('',(486.30308550309,-11.89274123077,
    3.876115335314E+03));
#762 = CARTESIAN_POINT('',(486.22829906876,-11.76144365799,
    3.875727529188E+03));
#763 = CARTESIAN_POINT('',(486.14632608199,-11.6149996507,
    3.875343817362E+03));
#764 = CARTESIAN_POINT('',(486.05771269961,-11.45338270506,
    3.874964660197E+03));
#765 = CARTESIAN_POINT('',(485.96306294151,-11.27655114646,
    3.874590554119E+03));
#766 = CARTESIAN_POINT('',(485.66456830254,-10.70331171664,
    3.873490851742E+03));
#767 = CARTESIAN_POINT('',(485.44519566872,-10.26258536632,
    3.872782643352E+03));
#768 = CARTESIAN_POINT('',(485.20950872605,-9.760915090097,
    3.872099104127E+03));
#769 = CARTESIAN_POINT('',(484.96254671278,-9.195784703392,
    3.871443261615E+03));
#770 = CARTESIAN_POINT('',(484.71016200073,-8.563892875549,
    3.870819910094E+03));
#771 = CARTESIAN_POINT('',(484.45958602,-7.861598972991,
    3.870236165309E+03));
#772 = CARTESIAN_POINT('',(484.14086498786,-6.830168191677,
    3.869526463838E+03));
#773 = CARTESIAN_POINT('',(484.06306018299,-6.566608524575,
    3.869356008882E+03));
#774 = CARTESIAN_POINT('',(483.98672775372,-6.294869043146,
    3.869191282443E+03));
#775 = CARTESIAN_POINT('',(483.91222689364,-6.014885455964,
    3.869032724688E+03));
#776 = CARTESIAN_POINT('',(483.83993705732,-5.726610078132,
    3.86888080895E+03));
#777 = CARTESIAN_POINT('',(483.77025669294,-5.430012044974,
    3.86873604225E+03));
#778 = CARTESIAN_POINT('',(483.65058655063,-4.88254056299,
    3.868489938805E+03));
#779 = CARTESIAN_POINT('',(483.59947817574,-4.634697577955,
    3.868385762449E+03));
#780 = CARTESIAN_POINT('',(483.55051807085,-4.381680296998,
    3.8682867752E+03));
#781 = CARTESIAN_POINT('',(483.50394523432,-4.123632426979,
    3.868193307237E+03));
#782 = CARTESIAN_POINT('',(483.45999475048,-3.860709691279,
    3.868105681232E+03));
#783 = CARTESIAN_POINT('',(483.41889609792,-3.59307986584,
    3.868024213112E+03));
#784 = CARTESIAN_POINT('',(483.36039872439,-3.174391546901,
    3.867908832136E+03));
#785 = CARTESIAN_POINT('',(483.34081971555,-3.026567059808,
    3.867870331659E+03));
#786 = CARTESIAN_POINT('',(483.322172846,-2.877506882437,
    3.867833766762E+03));
#787 = CARTESIAN_POINT('',(483.30449444884,-2.727269522745,
    3.867799189698E+03));
#788 = CARTESIAN_POINT('',(483.28781877559,-2.575914468121,
    3.86776664961E+03));
#789 = CARTESIAN_POINT('',(483.27217799619,-2.423502185391,
    3.867736192522E+03));
#790 = CARTESIAN_POINT('',(483.22762754062,-1.954615368342,
    3.867649599193E+03));
#791 = CARTESIAN_POINT('',(483.20214437908,-1.634798434617,
    3.867600304578E+03));
#792 = CARTESIAN_POINT('',(483.18144886391,-1.311473568701,
    3.867560418905E+03));
#793 = CARTESIAN_POINT('',(483.16576813526,-0.98547971707,
    3.867530274446E+03));
#794 = CARTESIAN_POINT('',(483.15525789869,-0.657664324856,
    3.867510095575E+03));
#795 = CARTESIAN_POINT('',(483.15,-0.3288831371,3.8675E+03));
#796 = CARTESIAN_POINT('',(483.15,0.328672130465,3.8675E+03));
#797 = CARTESIAN_POINT('',(483.15525114797,0.657231331865,
    3.867510082646E+03));
#798 = CARTESIAN_POINT('',(483.16574726895,0.984819235509,
    3.867530234406E+03));
#799 = CARTESIAN_POINT('',(483.18140644959,1.31058562313,
    3.867560337348E+03));
#800 = CARTESIAN_POINT('',(483.20207348021,1.633688647694,
    3.867600167899E+03));
#801 = CARTESIAN_POINT('',(483.22752229695,1.953295054202,
    3.867649395605E+03));
#802 = CARTESIAN_POINT('',(483.27182302591,2.419867456996,
    3.867735502097E+03));
#803 = CARTESIAN_POINT('',(483.2872234893,2.570186969687,
    3.867765489972E+03));
#804 = CARTESIAN_POINT('',(483.30363096954,2.719479832746,
    3.867797504369E+03));
#805 = CARTESIAN_POINT('',(483.32101464315,2.867687865155,
    3.867831501179E+03));
#806 = CARTESIAN_POINT('',(483.33934170771,3.014753810705,
    3.867867433336E+03));
#807 = CARTESIAN_POINT('',(483.35857738189,3.160621337999,
    3.867905250809E+03));
#808 = CARTESIAN_POINT('',(483.41648979332,3.577128534372,
    3.868019447643E+03));
#809 = CARTESIAN_POINT('',(483.45736724911,3.844521453991,
    3.868100452953E+03));
#810 = CARTESIAN_POINT('',(483.50109649192,4.107233208567,
    3.868187608412E+03));
#811 = CARTESIAN_POINT('',(483.54744934578,4.365095223862,
    3.868280599761E+03));
#812 = CARTESIAN_POINT('',(483.5961919234,4.617950906134,
    3.868379105851E+03));
#813 = CARTESIAN_POINT('',(483.64708631,4.865655606143,
    3.868482797885E+03));
#814 = CARTESIAN_POINT('',(483.76692225458,5.415797282253,
    3.868729116514E+03));
#815 = CARTESIAN_POINT('',(483.83704269057,5.715052026434,
    3.868874728218E+03));
#816 = CARTESIAN_POINT('',(483.90982689672,6.005853603566,
    3.869027618495E+03));
#817 = CARTESIAN_POINT('',(483.98486640702,6.288232457666,
    3.869187267276E+03));
#818 = CARTESIAN_POINT('',(484.0617722805,6.562236464286,
    3.86935318915E+03));
#819 = CARTESIAN_POINT('',(484.140176434,6.827930705911,
    3.869524932812E+03));
#820 = CARTESIAN_POINT('',(484.27980334389,7.279801252621,
    3.869835838556E+03));
#821 = CARTESIAN_POINT('',(484.34053994204,7.46954449257,
    3.86997269844E+03));
#822 = CARTESIAN_POINT('',(484.4018019719,7.654684178935,
    3.870112499018E+03));
#823 = CARTESIAN_POINT('',(484.46345580897,7.835279072679,
    3.870255092377E+03));
#824 = CARTESIAN_POINT('',(484.52537500161,8.011389483997,
    3.87040034383E+03));
#825 = CARTESIAN_POINT('',(484.58744027104,8.183077272311,
    3.87054813192E+03));
#826 = CARTESIAN_POINT('',(484.69624860321,8.476265127358,
    3.87081133653E+03));
#827 = CARTESIAN_POINT('',(484.74297639456,8.599656975429,
    3.870925697511E+03));
#828 = CARTESIAN_POINT('',(484.78967490024,8.720607499022,
    3.871041384803E+03));
#829 = CARTESIAN_POINT('',(484.83629765475,8.839141887304,
    3.871158354679E+03));
#830 = CARTESIAN_POINT('',(484.88279971216,8.955284410078,
    3.871276566238E+03));
#831 = CARTESIAN_POINT('',(484.92913764612,9.069058417777,
    3.871395981405E+03));
#832 = CARTESIAN_POINT('',(485.011688467,9.268453322707,
    3.871611759823E+03));
#833 = CARTESIAN_POINT('',(485.0479788692,9.354957994934,
    3.871707682639E+03));
#834 = CARTESIAN_POINT('',(485.08412007462,9.440011298566,
    3.871804315924E+03));
#835 = CARTESIAN_POINT('',(485.12009181742,9.52362366289,
    3.871901642963E+03));
#836 = CARTESIAN_POINT('',(485.15587424784,9.605805006072,
    3.871999647787E+03));
#837 = CARTESIAN_POINT('',(485.1914479322,9.686564735155,
    3.872098315171E+03));
#838 = CARTESIAN_POINT('',(485.32473508245,9.985777112605,
    3.872472827262E+03));
#839 = CARTESIAN_POINT('',(485.42093777777,10.19481902571,
    3.872753028591E+03));
#840 = CARTESIAN_POINT('',(485.51498685214,10.393201461492,
    3.873037902041E+03));
#841 = CARTESIAN_POINT('',(485.60649048406,10.581068388558,
    3.873327150993E+03));
#842 = CARTESIAN_POINT('',(485.69507900451,10.758544335954,
    3.873620514797E+03));
#843 = CARTESIAN_POINT('',(485.78040378415,10.925734961129,
    3.873917768791E+03));
#844 = CARTESIAN_POINT('',(485.9621045646,11.274748454411,
    3.874586828993E+03));
#845 = CARTESIAN_POINT('',(486.05670895293,11.451532476783,
    3.874960509054E+03));
#846 = CARTESIAN_POINT('',(486.14529376117,11.613132358203,
    3.875339233288E+03));
#847 = CARTESIAN_POINT('',(486.22725654797,11.759589882565,
    3.875722506783E+03));
#848 = CARTESIAN_POINT('',(486.30205245678,11.890931687194,
    3.876109870579E+03));
#849 = CARTESIAN_POINT('',(486.36919871766,12.007165005567,
    3.876500901328E+03));
#850 = CARTESIAN_POINT('',(486.49354363077,12.219965005317,
    3.877330793645E+03));
#851 = CARTESIAN_POINT('',(486.54896308362,12.313195714983,
    3.877770363519E+03));
#852 = CARTESIAN_POINT('',(486.593931085,12.387865806019,
    3.878213091203E+03));
#853 = CARTESIAN_POINT('',(486.62797940614,12.4439136709,
    3.878658182088E+03));
#854 = CARTESIAN_POINT('',(486.65078963039,12.481300174207,
    3.879104866393E+03));
#855 = CARTESIAN_POINT('',(486.66219875145,12.5,3.879552389132E+03));
#856 = CARTESIAN_POINT('',(486.66219875145,12.5,3.880446677538E+03));
#857 = CARTESIAN_POINT('',(486.65083715978,12.48137807604,
    3.880893267822E+03));
#858 = CARTESIAN_POINT('',(486.6281218985,12.444147219267,
    3.881339024965E+03));
#859 = CARTESIAN_POINT('',(486.59421462806,12.388332550718,
    3.881783198456E+03));
#860 = CARTESIAN_POINT('',(486.54943116565,12.313972951854,
    3.882225023137E+03));
#861 = CARTESIAN_POINT('',(486.49423595414,12.221129615162,
    3.882663709273E+03));
#862 = CARTESIAN_POINT('',(486.37020162106,12.008899415552,
    3.883493188901E+03));
#863 = CARTESIAN_POINT('',(486.30308550309,11.892741230779,
    3.883884664686E+03));
#864 = CARTESIAN_POINT('',(486.22829906876,11.761443657994,
    3.884272470812E+03));
#865 = CARTESIAN_POINT('',(486.14632608199,11.614999650704,
    3.884656182638E+03));
#866 = CARTESIAN_POINT('',(486.05771269961,11.453382705061,
    3.885035339803E+03));
#867 = CARTESIAN_POINT('',(485.96306294151,11.276551146464,
    3.885409445881E+03));
#868 = CARTESIAN_POINT('',(485.66456830254,10.703311716648,
    3.886509148258E+03));
#869 = CARTESIAN_POINT('',(485.44519566872,10.262585366326,
    3.887217356648E+03));
#870 = CARTESIAN_POINT('',(485.20950872605,9.760915090093,
    3.887900895873E+03));
#871 = CARTESIAN_POINT('',(484.96254671278,9.195784703401,
    3.888556738385E+03));
#872 = CARTESIAN_POINT('',(484.71016200073,8.563892875545,
    3.889180089906E+03));
#873 = CARTESIAN_POINT('',(484.45958602,7.861598972993,
    3.889763834691E+03));
#874 = CARTESIAN_POINT('',(484.14086498787,6.83016819168,
    3.890473536162E+03));
#875 = CARTESIAN_POINT('',(484.06306018299,6.566608524578,
    3.890643991118E+03));
#876 = CARTESIAN_POINT('',(483.98672775372,6.294869043147,
    3.890808717557E+03));
#877 = CARTESIAN_POINT('',(483.91222689364,6.014885455965,
    3.890967275312E+03));
#878 = CARTESIAN_POINT('',(483.83993705732,5.726610078135,
    3.89111919105E+03));
#879 = CARTESIAN_POINT('',(483.77025669294,5.430012044978,
    3.89126395775E+03));
#880 = CARTESIAN_POINT('',(483.65058655063,4.882540563002,
    3.891510061195E+03));
#881 = CARTESIAN_POINT('',(483.59947817574,4.63469757796,
    3.891614237551E+03));
#882 = CARTESIAN_POINT('',(483.55051807084,4.381680296995,
    3.8917132248E+03));
#883 = CARTESIAN_POINT('',(483.50394523432,4.123632426975,
    3.891806692763E+03));
#884 = CARTESIAN_POINT('',(483.45999475048,3.860709691284,
    3.891894318768E+03));
#885 = CARTESIAN_POINT('',(483.41889609792,3.593079865853,
    3.891975786888E+03));
#886 = CARTESIAN_POINT('',(483.31834418189,2.873390926868,
    3.892174116788E+03));
#887 = CARTESIAN_POINT('',(483.26403586523,2.412950330744,
    3.892280141198E+03));
#888 = CARTESIAN_POINT('',(483.21919593861,1.941886386381,
    3.892366960642E+03));
#889 = CARTESIAN_POINT('',(483.18482507051,1.462583604218,
    3.892433135892E+03));
#890 = CARTESIAN_POINT('',(483.16163023671,0.977498562171,
    3.892477669932E+03));
#891 = CARTESIAN_POINT('',(483.15,0.489131986937,3.8925E+03));
#892 = CARTESIAN_POINT('',(483.15,3.552713678801E-15,3.8925E+03));
#893 = PCURVE('',#672,#894);
#894 = DEFINITIONAL_REPRESENTATION('',(#895),#1090);
#895 = B_SPLINE_CURVE_WITH_KNOTS('',7,(#896,#897,#898,#899,#900,#901,
    #902,#903,#904,#905,#906,#907,#908,#909,#910,#911,#912,#913,#914,
    #915,#916,#917,#918,#919,#920,#921,#922,#923,#924,#925,#926,#927,
    #928,#929,#930,#931,#932,#933,#934,#935,#936,#937,#938,#939,#940,
    #941,#942,#943,#944,#945,#946,#947,#948,#949,#950,#951,#952,#953,
    #954,#955,#956,#957,#958,#959,#960,#961,#962,#963,#964,#965,#966,
    #967,#968,#969,#970,#971,#972,#973,#974,#975,#976,#977,#978,#979,
    #980,#981,#982,#983,#984,#985,#986,#987,#988,#989,#990,#991,#992,
    #993,#994,#995,#996,#997,#998,#999,#1000,#1001,#1002,#1003,#1004,
    #1005,#1006,#1007,#1008,#1009,#1010,#1011,#1012,#1013,#1014,#1015,
    #1016,#1017,#1018,#1019,#1020,#1021,#1022,#1023,#1024,#1025,#1026,
    #1027,#1028,#1029,#1030,#1031,#1032,#1033,#1034,#1035,#1036,#1037,
    #1038,#1039,#1040,#1041,#1042,#1043,#1044,#1045,#1046,#1047,#1048,
    #1049,#1050,#1051,#1052,#1053,#1054,#1055,#1056,#1057,#1058,#1059,
    #1060,#1061,#1062,#1063,#1064,#1065,#1066,#1067,#1068,#1069,#1070,
    #1071,#1072,#1073,#1074,#1075,#1076,#1077,#1078,#1079,#1080,#1081,
    #1082,#1083,#1084,#1085,#1086,#1087,#1088,#1089),.UNSPECIFIED.,.F.,
  .F.,(8,6,6,6,6,6,6,6,6,6,6,6,6,6,6,6,6,6,6,6,6,6,6,6,6,6,6,6,6,6,6,6,8
    ),(0.,3.470814703092E-02,5.588259628849E-02,8.276070068946E-02,
    0.103055419842,0.118320468134,0.13037148885,0.163764077399,
    0.204607215666,0.249725475543,0.294749657711,0.335634442275,
    0.416753434386,0.443458970378,0.464699857124,0.47613609979,
    0.499654365137,0.523157541507,0.534435345608,0.555639156235,
    0.582554530929,0.602877391579,0.618163607019,0.630231338179,
    0.663670230266,0.704570003307,0.749750826022,0.794837440577,
    0.835778917668,0.917010392718,0.943752959707,0.96502329994,1.),
  .UNSPECIFIED.);
#896 = CARTESIAN_POINT('',(0.,416.));
#897 = CARTESIAN_POINT('',(3.893752046164E-02,416.));
#898 = CARTESIAN_POINT('',(7.781253066852E-02,416.01151577112));
#899 = CARTESIAN_POINT('',(0.116523776415,416.03448064238));
#900 = CARTESIAN_POINT('',(0.154969746799,416.06851248067));
#901 = CARTESIAN_POINT('',(0.193044194685,416.11291805643));
#902 = CARTESIAN_POINT('',(0.23063140721,416.16671693667));
#903 = CARTESIAN_POINT('',(0.290155457106,416.26648979332));
#904 = CARTESIAN_POINT('',(0.31249907384,416.30736724911));
#905 = CARTESIAN_POINT('',(0.334630357595,416.35109649192));
#906 = CARTESIAN_POINT('',(0.35654682851,416.39744934578));
#907 = CARTESIAN_POINT('',(0.378245199786,416.4461919234));
#908 = CARTESIAN_POINT('',(0.399721331676,416.49708631));
#909 = CARTESIAN_POINT('',(0.447942736416,416.61692225458));
#910 = CARTESIAN_POINT('',(0.47455325109,416.68704269057));
#911 = CARTESIAN_POINT('',(0.500816531774,416.75982689672));
#912 = CARTESIAN_POINT('',(0.526746019595,416.83486640701));
#913 = CARTESIAN_POINT('',(0.552354238351,416.9117722805));
#914 = CARTESIAN_POINT('',(0.577653238317,416.990176434));
#915 = CARTESIAN_POINT('',(0.62153302851,417.12980334389));
#916 = CARTESIAN_POINT('',(0.640244558844,417.19053994204));
#917 = CARTESIAN_POINT('',(0.658796938215,417.2518019719));
#918 = CARTESIAN_POINT('',(0.677197487681,417.31345580897));
#919 = CARTESIAN_POINT('',(0.695453542199,417.37537500161));
#920 = CARTESIAN_POINT('',(0.713572450629,417.43744027104));
#921 = CARTESIAN_POINT('',(0.745092428815,417.54624860321));
#922 = CARTESIAN_POINT('',(0.758549775189,417.59297639456));
#923 = CARTESIAN_POINT('',(0.771936699537,417.63967490024));
#924 = CARTESIAN_POINT('',(0.78525622063,417.68629765475));
#925 = CARTESIAN_POINT('',(0.798511291315,417.73279971216));
#926 = CARTESIAN_POINT('',(0.811704798519,417.77913764612));
#927 = CARTESIAN_POINT('',(0.835208827649,417.861688467));
#928 = CARTESIAN_POINT('',(0.845541469686,417.8979788692));
#929 = CARTESIAN_POINT('',(0.855838871756,417.93412007462));
#930 = CARTESIAN_POINT('',(0.866102383173,417.97009181742));
#931 = CARTESIAN_POINT('',(0.876333320171,418.00587424784));
#932 = CARTESIAN_POINT('',(0.886532965901,418.0414479322));
#933 = CARTESIAN_POINT('',(0.924881878051,418.17473508247));
#934 = CARTESIAN_POINT('',(0.952833522631,418.27093777777));
#935 = CARTESIAN_POINT('',(0.980581431929,418.36498685212));
#936 = CARTESIAN_POINT('',(1.008148182043,418.45649048405));
#937 = CARTESIAN_POINT('',(1.035555674302,418.54507900451));
#938 = CARTESIAN_POINT('',(1.06282581216,418.63040378417));
#939 = CARTESIAN_POINT('',(1.123195445479,418.81210456459));
#940 = CARTESIAN_POINT('',(1.15624140322,418.90670895293));
#941 = CARTESIAN_POINT('',(1.189143181545,418.99529376118));
#942 = CARTESIAN_POINT('',(1.221924337831,419.07725654797));
#943 = CARTESIAN_POINT('',(1.254608549924,419.15205245678));
#944 = CARTESIAN_POINT('',(1.287220309453,419.21919871765));
#945 = CARTESIAN_POINT('',(1.355759587492,419.34354363077));
#946 = CARTESIAN_POINT('',(1.391675706566,419.39896308362));
#947 = CARTESIAN_POINT('',(1.427543770439,419.443931085));
#948 = CARTESIAN_POINT('',(1.463375891324,419.47797940614));
#949 = CARTESIAN_POINT('',(1.499185640305,419.50078963039));
#950 = CARTESIAN_POINT('',(1.534987457378,419.51219875145));
#951 = CARTESIAN_POINT('',(1.606530529848,419.51219875145));
#952 = CARTESIAN_POINT('',(1.642257750489,419.50083715978));
#953 = CARTESIAN_POINT('',(1.677992858302,419.4781218985));
#954 = CARTESIAN_POINT('',(1.713750185127,419.44421462806));
#955 = CARTESIAN_POINT('',(1.749543202025,419.39943116565));
#956 = CARTESIAN_POINT('',(1.78538393452,419.34423595414));
#957 = CARTESIAN_POINT('',(1.853879919106,419.22020162106));
#958 = CARTESIAN_POINT('',(1.886524026689,419.15308550309));
#959 = CARTESIAN_POINT('',(1.9192405059,419.07829906876));
#960 = CARTESIAN_POINT('',(1.952053908268,418.99632608199));
#961 = CARTESIAN_POINT('',(1.98498796557,418.90771269961));
#962 = CARTESIAN_POINT('',(2.018066285609,418.81306294151));
#963 = CARTESIAN_POINT('',(2.117277535337,418.51456830254));
#964 = CARTESIAN_POINT('',(2.183815786223,418.29519566872));
#965 = CARTESIAN_POINT('',(2.251326581651,418.05950872605));
#966 = CARTESIAN_POINT('',(2.320193250501,417.81254671278));
#967 = CARTESIAN_POINT('',(2.390804993943,417.56016200073));
#968 = CARTESIAN_POINT('',(2.463561832067,417.30958602));
#969 = CARTESIAN_POINT('',(2.563722523268,416.99086498786));
#970 = CARTESIAN_POINT('',(2.588822386358,416.91306018299));
#971 = CARTESIAN_POINT('',(2.614226524495,416.83672775372));
#972 = CARTESIAN_POINT('',(2.639946765682,416.76222689364));
#973 = CARTESIAN_POINT('',(2.66599539364,416.68993705732));
#974 = CARTESIAN_POINT('',(2.692385575838,416.62025669294));
#975 = CARTESIAN_POINT('',(2.740405033843,416.50058655063));
#976 = CARTESIAN_POINT('',(2.761906332757,416.44947817574));
#977 = CARTESIAN_POINT('',(2.783630706855,416.40051807085));
#978 = CARTESIAN_POINT('',(2.805574073679,416.35394523432));
#979 = CARTESIAN_POINT('',(2.827733205209,416.30999475048));
#980 = CARTESIAN_POINT('',(2.850105683339,416.26889609792));
#981 = CARTESIAN_POINT('',(2.884849332255,416.21039872439));
#982 = CARTESIAN_POINT('',(2.897068579813,416.19081971555));
#983 = CARTESIAN_POINT('',(2.909344937987,416.172172846));
#984 = CARTESIAN_POINT('',(2.921675845564,416.15449444884));
#985 = CARTESIAN_POINT('',(2.93405884017,416.13781877559));
#986 = CARTESIAN_POINT('',(2.946491558263,416.12217799619));
#987 = CARTESIAN_POINT('',(2.984636817624,416.07762754062));
#988 = CARTESIAN_POINT('',(3.010512898934,416.05214437908));
#989 = CARTESIAN_POINT('',(3.036555859473,416.03144886391));
#990 = CARTESIAN_POINT('',(3.062724527407,416.01576813526));
#991 = CARTESIAN_POINT('',(3.088979506277,416.00525789869));
#992 = CARTESIAN_POINT('',(3.115282002622,416.));
#993 = CARTESIAN_POINT('',(3.167886424027,416.));
#994 = CARTESIAN_POINT('',(3.194171161548,416.00525114797));
#995 = CARTESIAN_POINT('',(3.220407884134,416.01574726895));
#996 = CARTESIAN_POINT('',(3.246558174291,416.03140644959));
#997 = CARTESIAN_POINT('',(3.27258302119,416.05207348021));
#998 = CARTESIAN_POINT('',(3.298441662803,416.07752229695));
#999 = CARTESIAN_POINT('',(3.336397775153,416.12182302591));
#1000 = CARTESIAN_POINT('',(3.348659017456,416.1372234893));
#1001 = CARTESIAN_POINT('',(3.360871969124,416.15363096954));
#1002 = CARTESIAN_POINT('',(3.373034350816,416.17101464315));
#1003 = CARTESIAN_POINT('',(3.385143789676,416.18934170771));
#1004 = CARTESIAN_POINT('',(3.397197819332,416.20857738189));
#1005 = CARTESIAN_POINT('',(3.431748110696,416.26648979332));
#1006 = CARTESIAN_POINT('',(3.45409172743,416.30736724911));
#1007 = CARTESIAN_POINT('',(3.476223011184,416.35109649192));
#1008 = CARTESIAN_POINT('',(3.4981394821,416.39744934578));
#1009 = CARTESIAN_POINT('',(3.519837853376,416.4461919234));
#1010 = CARTESIAN_POINT('',(3.541313985266,416.49708631));
#1011 = CARTESIAN_POINT('',(3.589535390005,416.61692225458));
#1012 = CARTESIAN_POINT('',(3.61614590468,416.68704269057));
#1013 = CARTESIAN_POINT('',(3.642409185365,416.75982689672));
#1014 = CARTESIAN_POINT('',(3.668338673186,416.83486640702));
#1015 = CARTESIAN_POINT('',(3.693946891941,416.9117722805));
#1016 = CARTESIAN_POINT('',(3.719245891905,416.990176434));
#1017 = CARTESIAN_POINT('',(3.7631256821,417.12980334389));
#1018 = CARTESIAN_POINT('',(3.781837212433,417.19053994204));
#1019 = CARTESIAN_POINT('',(3.800389591804,417.2518019719));
#1020 = CARTESIAN_POINT('',(3.81879014127,417.31345580897));
#1021 = CARTESIAN_POINT('',(3.837046195789,417.37537500161));
#1022 = CARTESIAN_POINT('',(3.855165104219,417.43744027104));
#1023 = CARTESIAN_POINT('',(3.886685082405,417.54624860321));
#1024 = CARTESIAN_POINT('',(3.900142428779,417.59297639456));
#1025 = CARTESIAN_POINT('',(3.913529353127,417.63967490024));
#1026 = CARTESIAN_POINT('',(3.92684887422,417.68629765475));
#1027 = CARTESIAN_POINT('',(3.940103944905,417.73279971216));
#1028 = CARTESIAN_POINT('',(3.953297452109,417.77913764612));
#1029 = CARTESIAN_POINT('',(3.976801481238,417.861688467));
#1030 = CARTESIAN_POINT('',(3.987134123276,417.8979788692));
#1031 = CARTESIAN_POINT('',(3.997431525346,417.93412007462));
#1032 = CARTESIAN_POINT('',(4.007695036763,417.97009181742));
#1033 = CARTESIAN_POINT('',(4.017925973761,418.00587424784));
#1034 = CARTESIAN_POINT('',(4.02812561949,418.0414479322));
#1035 = CARTESIAN_POINT('',(4.066474531635,418.17473508245));
#1036 = CARTESIAN_POINT('',(4.094426176221,418.27093777777));
#1037 = CARTESIAN_POINT('',(4.122174085524,418.36498685214));
#1038 = CARTESIAN_POINT('',(4.149740835637,418.45649048406));
#1039 = CARTESIAN_POINT('',(4.177148327892,418.54507900451));
#1040 = CARTESIAN_POINT('',(4.204418465745,418.63040378415));
#1041 = CARTESIAN_POINT('',(4.264788099073,418.8121045646));
#1042 = CARTESIAN_POINT('',(4.297834056811,418.90670895293));
#1043 = CARTESIAN_POINT('',(4.330735835132,418.99529376117));
#1044 = CARTESIAN_POINT('',(4.363516991418,419.07725654797));
#1045 = CARTESIAN_POINT('',(4.396201203514,419.15205245678));
#1046 = CARTESIAN_POINT('',(4.428812963047,419.21919871766));
#1047 = CARTESIAN_POINT('',(4.497352241082,419.34354363077));
#1048 = CARTESIAN_POINT('',(4.533268360156,419.39896308362));
#1049 = CARTESIAN_POINT('',(4.569136424029,419.443931085));
#1050 = CARTESIAN_POINT('',(4.604968544913,419.47797940614));
#1051 = CARTESIAN_POINT('',(4.640778293895,419.50078963039));
#1052 = CARTESIAN_POINT('',(4.676580110968,419.51219875145));
#1053 = CARTESIAN_POINT('',(4.748123183438,419.51219875145));
#1054 = CARTESIAN_POINT('',(4.783850404079,419.50083715978));
#1055 = CARTESIAN_POINT('',(4.819585511892,419.4781218985));
#1056 = CARTESIAN_POINT('',(4.855342838716,419.44421462806));
#1057 = CARTESIAN_POINT('',(4.891135855615,419.39943116565));
#1058 = CARTESIAN_POINT('',(4.92697658811,419.34423595414));
#1059 = CARTESIAN_POINT('',(4.995472572696,419.22020162106));
#1060 = CARTESIAN_POINT('',(5.028116680279,419.15308550309));
#1061 = CARTESIAN_POINT('',(5.06083315949,419.07829906876));
#1062 = CARTESIAN_POINT('',(5.093646561858,418.99632608199));
#1063 = CARTESIAN_POINT('',(5.12658061916,418.90771269961));
#1064 = CARTESIAN_POINT('',(5.159658939199,418.81306294151));
#1065 = CARTESIAN_POINT('',(5.258870188927,418.51456830254));
#1066 = CARTESIAN_POINT('',(5.325408439812,418.29519566872));
#1067 = CARTESIAN_POINT('',(5.392919235243,418.05950872605));
#1068 = CARTESIAN_POINT('',(5.461785904089,417.81254671278));
#1069 = CARTESIAN_POINT('',(5.532397647534,417.56016200073));
#1070 = CARTESIAN_POINT('',(5.605154485656,417.30958602));
#1071 = CARTESIAN_POINT('',(5.705315176858,416.99086498787));
#1072 = CARTESIAN_POINT('',(5.730415039948,416.91306018299));
#1073 = CARTESIAN_POINT('',(5.755819178084,416.83672775372));
#1074 = CARTESIAN_POINT('',(5.781539419272,416.76222689364));
#1075 = CARTESIAN_POINT('',(5.80758804723,416.68993705732));
#1076 = CARTESIAN_POINT('',(5.833978229427,416.62025669294));
#1077 = CARTESIAN_POINT('',(5.881997687432,416.50058655063));
#1078 = CARTESIAN_POINT('',(5.903498986346,416.44947817574));
#1079 = CARTESIAN_POINT('',(5.925223360445,416.40051807084));
#1080 = CARTESIAN_POINT('',(5.947166727269,416.35394523432));
#1081 = CARTESIAN_POINT('',(5.969325858798,416.30999475048));
#1082 = CARTESIAN_POINT('',(5.991698336928,416.26889609792));
#1083 = CARTESIAN_POINT('',(6.051419658717,416.16834418189));
#1084 = CARTESIAN_POINT('',(6.089184588132,416.11403586523));
#1085 = CARTESIAN_POINT('',(6.127444327653,416.06919593861));
#1086 = CARTESIAN_POINT('',(6.166080748577,416.03482507051));
#1087 = CARTESIAN_POINT('',(6.204985424354,416.01163023671));
#1088 = CARTESIAN_POINT('',(6.244054748225,416.));
#1089 = CARTESIAN_POINT('',(6.28318530718,416.));
#1090 = ( GEOMETRIC_REPRESENTATION_CONTEXT(2) 
PARAMETRIC_REPRESENTATION_CONTEXT() REPRESENTATION_CONTEXT('2D SPACE',''
  ) );
#1091 = PCURVE('',#1092,#1097);
#1092 = CYLINDRICAL_SURFACE('',#1093,24.);
#1093 = AXIS2_PLACEMENT_3D('',#1094,#1095,#1096);
#1094 = CARTESIAN_POINT('',(507.15,0.,3.86E+03));
#1095 = DIRECTION('',(0.,0.,1.));
#1096 = DIRECTION('',(1.,0.,-0.));
#1097 = DEFINITIONAL_REPRESENTATION('',(#1098),#1293);
#1098 = B_SPLINE_CURVE_WITH_KNOTS('',7,(#1099,#1100,#1101,#1102,#1103,
    #1104,#1105,#1106,#1107,#1108,#1109,#1110,#1111,#1112,#1113,#1114,
    #1115,#1116,#1117,#1118,#1119,#1120,#1121,#1122,#1123,#1124,#1125,
    #1126,#1127,#1128,#1129,#1130,#1131,#1132,#1133,#1134,#1135,#1136,
    #1137,#1138,#1139,#1140,#1141,#1142,#1143,#1144,#1145,#1146,#1147,
    #1148,#1149,#1150,#1151,#1152,#1153,#1154,#1155,#1156,#1157,#1158,
    #1159,#1160,#1161,#1162,#1163,#1164,#1165,#1166,#1167,#1168,#1169,
    #1170,#1171,#1172,#1173,#1174,#1175,#1176,#1177,#1178,#1179,#1180,
    #1181,#1182,#1183,#1184,#1185,#1186,#1187,#1188,#1189,#1190,#1191,
    #1192,#1193,#1194,#1195,#1196,#1197,#1198,#1199,#1200,#1201,#1202,
    #1203,#1204,#1205,#1206,#1207,#1208,#1209,#1210,#1211,#1212,#1213,
    #1214,#1215,#1216,#1217,#1218,#1219,#1220,#1221,#1222,#1223,#1224,
    #1225,#1226,#1227,#1228,#1229,#1230,#1231,#1232,#1233,#1234,#1235,
    #1236,#1237,#1238,#1239,#1240,#1241,#1242,#1243,#1244,#1245,#1246,
    #1247,#1248,#1249,#1250,#1251,#1252,#1253,#1254,#1255,#1256,#1257,
    #1258,#1259,#1260,#1261,#1262,#1263,#1264,#1265,#1266,#1267,#1268,
    #1269,#1270,#1271,#1272,#1273,#1274,#1275,#1276,#1277,#1278,#1279,
    #1280,#1281,#1282,#1283,#1284,#1285,#1286,#1287,#1288,#1289,#1290,
    #1291,#1292),.UNSPECIFIED.,.T.,.F.,(8,6,6,6,6,6,6,6,6,6,6,6,6,6,6,6,
    6,6,6,6,6,6,6,6,6,6,6,6,6,6,6,6,8),(0.,3.470814703092E-02,
    5.588259628849E-02,8.276070068946E-02,0.103055419842,0.118320468134,
    0.13037148885,0.163764077399,0.204607215666,0.249725475543,
    0.294749657711,0.335634442275,0.416753434386,0.443458970378,
    0.464699857124,0.47613609979,0.499654365137,0.523157541507,
    0.534435345608,0.555639156235,0.582554530929,0.602877391579,
    0.618163607019,0.630231338179,0.663670230266,0.704570003307,
    0.749750826022,0.794837440577,0.835778917668,0.917010392718,
    0.943752959707,0.96502329994,1.),.UNSPECIFIED.);
#1099 = CARTESIAN_POINT('',(3.14159265359,32.5));
#1100 = CARTESIAN_POINT('',(3.161872612164,32.5));
#1101 = CARTESIAN_POINT('',(3.182120017756,32.477889707697));
#1102 = CARTESIAN_POINT('',(3.202245512311,32.433797191141));
#1103 = CARTESIAN_POINT('',(3.222160215619,32.368276469856));
#1104 = CARTESIAN_POINT('',(3.241775217887,32.28230535969));
#1105 = CARTESIAN_POINT('',(3.261001441466,32.177293332552));
#1106 = CARTESIAN_POINT('',(3.291187753616,31.980552357087));
#1107 = CARTESIAN_POINT('',(3.302457528772,31.899547046576));
#1108 = CARTESIAN_POINT('',(3.313552924493,31.812391587509));
#1109 = CARTESIAN_POINT('',(3.324467791513,31.71940023867));
#1110 = CARTESIAN_POINT('',(3.335196111632,31.620894148628));
#1111 = CARTESIAN_POINT('',(3.345732005328,31.517202114742));
#1112 = CARTESIAN_POINT('',(3.369192096937,31.270883486381));
#1113 = CARTESIAN_POINT('',(3.381997195331,31.125271782053));
#1114 = CARTESIAN_POINT('',(3.394485461375,30.972381505427));
#1115 = CARTESIAN_POINT('',(3.406657400831,30.812732724423));
#1116 = CARTESIAN_POINT('',(3.418513695491,30.646810850149));
#1117 = CARTESIAN_POINT('',(3.430055300262,30.475067188409));
#1118 = CARTESIAN_POINT('',(3.449761592657,30.164161443762));
#1119 = CARTESIAN_POINT('',(3.45806230845,30.027301560195));
#1120 = CARTESIAN_POINT('',(3.466187202429,29.887500982073));
#1121 = CARTESIAN_POINT('',(3.474137785321,29.744907623233));
#1122 = CARTESIAN_POINT('',(3.481915563781,29.599656169771));
#1123 = CARTESIAN_POINT('',(3.489522040403,29.451868080044));
#1124 = CARTESIAN_POINT('',(3.502552345058,29.18866346992));
#1125 = CARTESIAN_POINT('',(3.508049863447,29.074302489047));
#1126 = CARTESIAN_POINT('',(3.513451874048,28.958615196709));
#1127 = CARTESIAN_POINT('',(3.518758930258,28.841645320739));
#1128 = CARTESIAN_POINT('',(3.523971533693,28.723433762138));
#1129 = CARTESIAN_POINT('',(3.529090134194,28.604018595076));
#1130 = CARTESIAN_POINT('',(3.538082121961,28.388240176684));
#1131 = CARTESIAN_POINT('',(3.541990770611,28.292317360611));
#1132 = CARTESIAN_POINT('',(3.545841268065,28.195684076133));
#1133 = CARTESIAN_POINT('',(3.549633781632,28.098357036868));
#1134 = CARTESIAN_POINT('',(3.553368453646,28.00035221259));
#1135 = CARTESIAN_POINT('',(3.557045401465,27.901684829229));
#1136 = CARTESIAN_POINT('',(3.570693604902,27.527172737607));
#1137 = CARTESIAN_POINT('',(3.580281064916,27.246971409283));
#1138 = CARTESIAN_POINT('',(3.589427941757,26.962097959135));
#1139 = CARTESIAN_POINT('',(3.598134075533,26.672849007319));
#1140 = CARTESIAN_POINT('',(3.606398425233,26.379485203099));
#1141 = CARTESIAN_POINT('',(3.614219191756,26.082231209029));
#1142 = CARTESIAN_POINT('',(3.630614143133,25.413171006569));
#1143 = CARTESIAN_POINT('',(3.638968015515,25.039490945918));
#1144 = CARTESIAN_POINT('',(3.646646080227,24.660766711489));
#1145 = CARTESIAN_POINT('',(3.653638703408,24.277493216632));
#1146 = CARTESIAN_POINT('',(3.659936255767,23.890129421106));
#1147 = CARTESIAN_POINT('',(3.665529273162,23.499098672426));
#1148 = CARTESIAN_POINT('',(3.675798690518,22.669206354602));
#1149 = CARTESIAN_POINT('',(3.680317673745,22.229636481018));
#1150 = CARTESIAN_POINT('',(3.683949489762,21.786908797007));
#1151 = CARTESIAN_POINT('',(3.68668195606,21.341817911609));
#1152 = CARTESIAN_POINT('',(3.688506775236,20.895133607211));
#1153 = CARTESIAN_POINT('',(3.689419504557,20.447610867709));
#1154 = CARTESIAN_POINT('',(3.689419504557,19.553322461831));
#1155 = CARTESIAN_POINT('',(3.688510577581,19.10673217808));
#1156 = CARTESIAN_POINT('',(3.686693355462,18.660975035078));
#1157 = CARTESIAN_POINT('',(3.683972244718,18.216801544202));
#1158 = CARTESIAN_POINT('',(3.680355477381,17.774976863362));
#1159 = CARTESIAN_POINT('',(3.675855141161,17.336290726801));
#1160 = CARTESIAN_POINT('',(3.665612751252,16.506811099305));
#1161 = CARTESIAN_POINT('',(3.66002307265,16.115335313997));
#1162 = CARTESIAN_POINT('',(3.653727316723,15.727529188415));
#1163 = CARTESIAN_POINT('',(3.646734977257,15.343817362182));
#1164 = CARTESIAN_POINT('',(3.639055717132,14.964660196746));
#1165 = CARTESIAN_POINT('',(3.630699207215,14.590554118725));
#1166 = CARTESIAN_POINT('',(3.60377007912,13.490851741967));
#1167 = CARTESIAN_POINT('',(3.583260785063,12.782643351829));
#1168 = CARTESIAN_POINT('',(3.560175900862,12.099104126613));
#1169 = CARTESIAN_POINT('',(3.534497715052,11.443261614806));
#1170 = CARTESIAN_POINT('',(3.506174495985,10.819910094319));
#1171 = CARTESIAN_POINT('',(3.475134177314,10.23616530882));
#1172 = CARTESIAN_POINT('',(3.430152843358,9.526463837759));
#1173 = CARTESIAN_POINT('',(3.418703588982,9.356008882374));
#1174 = CARTESIAN_POINT('',(3.406944554552,9.191282442859));
#1175 = CARTESIAN_POINT('',(3.394874778999,9.032724687633));
#1176 = CARTESIAN_POINT('',(3.382493564331,8.88080894959));
#1177 = CARTESIAN_POINT('',(3.369800382161,8.736042249732));
#1178 = CARTESIAN_POINT('',(3.346450463705,8.489938804711));
#1179 = CARTESIAN_POINT('',(3.335907130187,8.385762449116));
#1180 = CARTESIAN_POINT('',(3.325170483022,8.286775200368));
#1181 = CARTESIAN_POINT('',(3.314246373898,8.193307237276));
#1182 = CARTESIAN_POINT('',(3.303140794794,8.105681232211));
#1183 = CARTESIAN_POINT('',(3.291859869923,8.024213112211));
#1184 = CARTESIAN_POINT('',(3.274245075245,7.908832135844));
#1185 = CARTESIAN_POINT('',(3.268032091207,7.870331659483));
#1186 = CARTESIAN_POINT('',(3.261773104997,7.833766761742));
#1187 = CARTESIAN_POINT('',(3.255470331584,7.799189698347));
#1188 = CARTESIAN_POINT('',(3.249125991479,7.766649610006));
#1189 = CARTESIAN_POINT('',(3.242742310726,7.736192522417));
#1190 = CARTESIAN_POINT('',(3.223117373081,7.649599193404));
#1191 = CARTESIAN_POINT('',(3.209750977619,7.600304578086));
#1192 = CARTESIAN_POINT('',(3.196254188359,7.560418905111));
#1193 = CARTESIAN_POINT('',(3.182658512948,7.530274446352));
#1194 = CARTESIAN_POINT('',(3.168995331895,7.510095575033));
#1195 = CARTESIAN_POINT('',(3.155296117636,7.5));
#1196 = CARTESIAN_POINT('',(3.127897981487,7.5));
#1197 = CARTESIAN_POINT('',(3.114208016829,7.510082645644));
#1198 = CARTESIAN_POINT('',(3.10055432247,7.530234405724));
#1199 = CARTESIAN_POINT('',(3.086968150006,7.560337347922));
#1200 = CARTESIAN_POINT('',(3.073480655522,7.600167898982));
#1201 = CARTESIAN_POINT('',(3.060123115347,7.649395604882));
#1202 = CARTESIAN_POINT('',(3.040595163442,7.735502097437));
#1203 = CARTESIAN_POINT('',(3.034299240476,7.765489972151));
#1204 = CARTESIAN_POINT('',(3.028041520354,7.797504368596));
#1205 = CARTESIAN_POINT('',(3.021824145325,7.831501179321));
#1206 = CARTESIAN_POINT('',(3.015649252448,7.867433335961));
#1207 = CARTESIAN_POINT('',(3.009518973591,7.905250809242));
#1208 = CARTESIAN_POINT('',(2.991997553564,8.019447642914));
#1209 = CARTESIAN_POINT('',(2.980727778408,8.100452953424));
#1210 = CARTESIAN_POINT('',(2.969632382687,8.187608412491));
#1211 = CARTESIAN_POINT('',(2.958717515667,8.280599761329));
#1212 = CARTESIAN_POINT('',(2.947989195547,8.379105851372));
#1213 = CARTESIAN_POINT('',(2.937453301852,8.482797885258));
#1214 = CARTESIAN_POINT('',(2.913993210243,8.729116513612));
#1215 = CARTESIAN_POINT('',(2.901188111848,8.874728217946));
#1216 = CARTESIAN_POINT('',(2.888699845804,9.027618494579));
#1217 = CARTESIAN_POINT('',(2.876527906348,9.187267275585));
#1218 = CARTESIAN_POINT('',(2.864671611689,9.353189149851));
#1219 = CARTESIAN_POINT('',(2.853130006918,9.524932811582));
#1220 = CARTESIAN_POINT('',(2.833423714522,9.835838556238));
#1221 = CARTESIAN_POINT('',(2.82512299873,9.972698439806));
#1222 = CARTESIAN_POINT('',(2.81699810475,10.112499017928));
#1223 = CARTESIAN_POINT('',(2.809047521859,10.255092376767));
#1224 = CARTESIAN_POINT('',(2.801269743399,10.400343830229));
#1225 = CARTESIAN_POINT('',(2.793663266777,10.548131919957));
#1226 = CARTESIAN_POINT('',(2.780632962122,10.81133653008));
#1227 = CARTESIAN_POINT('',(2.775135443733,10.925697510954));
#1228 = CARTESIAN_POINT('',(2.769733433131,11.041384803292));
#1229 = CARTESIAN_POINT('',(2.764426376922,11.158354679261));
#1230 = CARTESIAN_POINT('',(2.759213773487,11.276566237862));
#1231 = CARTESIAN_POINT('',(2.754095172985,11.395981404925));
#1232 = CARTESIAN_POINT('',(2.745103185219,11.611759823317));
#1233 = CARTESIAN_POINT('',(2.741194536568,11.70768263939));
#1234 = CARTESIAN_POINT('',(2.737344039114,11.804315923868));
#1235 = CARTESIAN_POINT('',(2.733551525547,11.901642963133));
#1236 = CARTESIAN_POINT('',(2.729816853533,11.999647787411));
#1237 = CARTESIAN_POINT('',(2.726139905715,12.098315170772));
#1238 = CARTESIAN_POINT('',(2.712491702279,12.472827262338));
#1239 = CARTESIAN_POINT('',(2.702904242264,12.75302859071));
#1240 = CARTESIAN_POINT('',(2.693757365421,13.037902040913));
#1241 = CARTESIAN_POINT('',(2.685051231645,13.327150992732));
#1242 = CARTESIAN_POINT('',(2.676786881947,13.620514796897));
#1243 = CARTESIAN_POINT('',(2.668966115425,13.91776879091));
#1244 = CARTESIAN_POINT('',(2.652571164046,14.586828993479));
#1245 = CARTESIAN_POINT('',(2.644217291665,14.960509054092));
#1246 = CARTESIAN_POINT('',(2.636539226954,15.339233288478));
#1247 = CARTESIAN_POINT('',(2.629546603772,15.722506783331));
#1248 = CARTESIAN_POINT('',(2.623249051412,16.109870578899));
#1249 = CARTESIAN_POINT('',(2.617656034017,16.500901327623));
#1250 = CARTESIAN_POINT('',(2.607386616661,17.330793645406));
#1251 = CARTESIAN_POINT('',(2.602867633434,17.770363518987));
#1252 = CARTESIAN_POINT('',(2.599235817418,18.213091202994));
#1253 = CARTESIAN_POINT('',(2.59650335112,18.65818208839));
#1254 = CARTESIAN_POINT('',(2.594678531944,19.10486639279));
#1255 = CARTESIAN_POINT('',(2.593765802623,19.552389132295));
#1256 = CARTESIAN_POINT('',(2.593765802623,20.446677538168));
#1257 = CARTESIAN_POINT('',(2.594674729599,20.89326782192));
#1258 = CARTESIAN_POINT('',(2.596491951718,21.339024964923));
#1259 = CARTESIAN_POINT('',(2.599213062462,21.783198455798));
#1260 = CARTESIAN_POINT('',(2.602829829798,22.225023136638));
#1261 = CARTESIAN_POINT('',(2.607330166018,22.663709273199));
#1262 = CARTESIAN_POINT('',(2.617572555928,23.493188900695));
#1263 = CARTESIAN_POINT('',(2.623162234529,23.884664686003));
#1264 = CARTESIAN_POINT('',(2.629457990457,24.272470811585));
#1265 = CARTESIAN_POINT('',(2.636450329923,24.656182637818));
#1266 = CARTESIAN_POINT('',(2.644129590048,25.035339803254));
#1267 = CARTESIAN_POINT('',(2.652486099965,25.409445881275));
#1268 = CARTESIAN_POINT('',(2.679415228059,26.509148258033));
#1269 = CARTESIAN_POINT('',(2.699924522116,27.217356648172));
#1270 = CARTESIAN_POINT('',(2.723009406317,27.900895873384));
#1271 = CARTESIAN_POINT('',(2.748687592127,28.556738385192));
#1272 = CARTESIAN_POINT('',(2.777010811195,29.180089905682));
#1273 = CARTESIAN_POINT('',(2.808051129866,29.763834691178));
#1274 = CARTESIAN_POINT('',(2.853032463822,30.473536162239));
#1275 = CARTESIAN_POINT('',(2.864481718197,30.643991117624));
#1276 = CARTESIAN_POINT('',(2.876240752628,30.80871755714));
#1277 = CARTESIAN_POINT('',(2.88831052818,30.967275312366));
#1278 = CARTESIAN_POINT('',(2.900691742848,31.119191050409));
#1279 = CARTESIAN_POINT('',(2.913384925018,31.263957750266));
#1280 = CARTESIAN_POINT('',(2.936734843474,31.510061195283));
#1281 = CARTESIAN_POINT('',(2.947278176993,31.614237550883));
#1282 = CARTESIAN_POINT('',(2.958014824158,31.713224799634));
#1283 = CARTESIAN_POINT('',(2.968938933281,31.806692762725));
#1284 = CARTESIAN_POINT('',(2.980044512385,31.894318767787));
#1285 = CARTESIAN_POINT('',(2.991325437256,31.975786887785));
#1286 = CARTESIAN_POINT('',(3.021603742904,32.174116787869));
#1287 = CARTESIAN_POINT('',(3.040917331338,32.280141197594));
#1288 = CARTESIAN_POINT('',(3.060625601072,32.366960641817));
#1289 = CARTESIAN_POINT('',(3.080637851603,32.433135892274));
#1290 = CARTESIAN_POINT('',(3.100863543389,32.477669932395));
#1291 = CARTESIAN_POINT('',(3.121212154134,32.5));
#1292 = CARTESIAN_POINT('',(3.14159265359,32.5));
#1293 = ( GEOMETRIC_REPRESENTATION_CONTEXT(2) 
PARAMETRIC_REPRESENTATION_CONTEXT() REPRESENTATION_CONTEXT('2D SPACE',''
  ) );
#1294 = ORIENTED_EDGE('',*,*,#1295,.F.);
#1295 = EDGE_CURVE('',#656,#695,#1296,.T.);
#1296 = SEAM_CURVE('',#1297,(#1301,#1308),.PCURVE_S1.);
#1297 = LINE('',#1298,#1299);
#1298 = CARTESIAN_POINT('',(67.15,3.061616997868E-15,3.8925E+03));
#1299 = VECTOR('',#1300,1.);
#1300 = DIRECTION('',(1.,0.,0.));
#1301 = PCURVE('',#672,#1302);
#1302 = DEFINITIONAL_REPRESENTATION('',(#1303),#1307);
#1303 = LINE('',#1304,#1305);
#1304 = CARTESIAN_POINT('',(6.28318530718,-0.));
#1305 = VECTOR('',#1306,1.);
#1306 = DIRECTION('',(0.,1.));
#1307 = ( GEOMETRIC_REPRESENTATION_CONTEXT(2) 
PARAMETRIC_REPRESENTATION_CONTEXT() REPRESENTATION_CONTEXT('2D SPACE',''
  ) );
#1308 = PCURVE('',#672,#1309);
#1309 = DEFINITIONAL_REPRESENTATION('',(#1310),#1314);
#1310 = LINE('',#1311,#1312);
#1311 = CARTESIAN_POINT('',(0.,-0.));
#1312 = VECTOR('',#1313,1.);
#1313 = DIRECTION('',(0.,1.));
#1314 = ( GEOMETRIC_REPRESENTATION_CONTEXT(2) 
PARAMETRIC_REPRESENTATION_CONTEXT() REPRESENTATION_CONTEXT('2D SPACE',''
  ) );
#1315 = ORIENTED_EDGE('',*,*,#655,.T.);
#1316 = ORIENTED_EDGE('',*,*,#1295,.T.);
#1317 = ADVANCED_FACE('',(#1318,#1400),#1092,.T.);
#1318 = FACE_BOUND('',#1319,.T.);
#1319 = EDGE_LOOP('',(#1320,#1345,#1372,#1373));
#1320 = ORIENTED_EDGE('',*,*,#1321,.T.);
#1321 = EDGE_CURVE('',#1322,#1324,#1326,.T.);
#1322 = VERTEX_POINT('',#1323);
#1323 = CARTESIAN_POINT('',(531.15,-5.878304635907E-15,3.86E+03));
#1324 = VERTEX_POINT('',#1325);
#1325 = CARTESIAN_POINT('',(531.15,-5.878304635907E-15,3.9E+03));
#1326 = SEAM_CURVE('',#1327,(#1331,#1338),.PCURVE_S1.);
#1327 = LINE('',#1328,#1329);
#1328 = CARTESIAN_POINT('',(531.15,-5.878304635907E-15,3.86E+03));
#1329 = VECTOR('',#1330,1.);
#1330 = DIRECTION('',(0.,0.,1.));
#1331 = PCURVE('',#1092,#1332);
#1332 = DEFINITIONAL_REPRESENTATION('',(#1333),#1337);
#1333 = LINE('',#1334,#1335);
#1334 = CARTESIAN_POINT('',(6.28318530718,-0.));
#1335 = VECTOR('',#1336,1.);
#1336 = DIRECTION('',(0.,1.));
#1337 = ( GEOMETRIC_REPRESENTATION_CONTEXT(2) 
PARAMETRIC_REPRESENTATION_CONTEXT() REPRESENTATION_CONTEXT('2D SPACE',''
  ) );
#1338 = PCURVE('',#1092,#1339);
#1339 = DEFINITIONAL_REPRESENTATION('',(#1340),#1344);
#1340 = LINE('',#1341,#1342);
#1341 = CARTESIAN_POINT('',(0.,-0.));
#1342 = VECTOR('',#1343,1.);
#1343 = DIRECTION('',(0.,1.));
#1344 = ( GEOMETRIC_REPRESENTATION_CONTEXT(2) 
PARAMETRIC_REPRESENTATION_CONTEXT() REPRESENTATION_CONTEXT('2D SPACE',''
  ) );
#1345 = ORIENTED_EDGE('',*,*,#1346,.F.);
#1346 = EDGE_CURVE('',#1324,#1324,#1347,.T.);
#1347 = SURFACE_CURVE('',#1348,(#1353,#1360),.PCURVE_S1.);
#1348 = CIRCLE('',#1349,24.);
#1349 = AXIS2_PLACEMENT_3D('',#1350,#1351,#1352);
#1350 = CARTESIAN_POINT('',(507.15,0.,3.9E+03));
#1351 = DIRECTION('',(0.,0.,1.));
#1352 = DIRECTION('',(1.,0.,-0.));
#1353 = PCURVE('',#1092,#1354);
#1354 = DEFINITIONAL_REPRESENTATION('',(#1355),#1359);
#1355 = LINE('',#1356,#1357);
#1356 = CARTESIAN_POINT('',(0.,40.));
#1357 = VECTOR('',#1358,1.);
#1358 = DIRECTION('',(1.,0.));
#1359 = ( GEOMETRIC_REPRESENTATION_CONTEXT(2) 
PARAMETRIC_REPRESENTATION_CONTEXT() REPRESENTATION_CONTEXT('2D SPACE',''
  ) );
#1360 = PCURVE('',#1361,#1366);
#1361 = PLANE('',#1362);
#1362 = AXIS2_PLACEMENT_3D('',#1363,#1364,#1365);
#1363 = CARTESIAN_POINT('',(507.15,0.,3.9E+03));
#1364 = DIRECTION('',(0.,0.,1.));
#1365 = DIRECTION('',(1.,0.,-0.));
#1366 = DEFINITIONAL_REPRESENTATION('',(#1367),#1371);
#1367 = CIRCLE('',#1368,24.);
#1368 = AXIS2_PLACEMENT_2D('',#1369,#1370);
#1369 = CARTESIAN_POINT('',(0.,0.));
#1370 = DIRECTION('',(1.,0.));
#1371 = ( GEOMETRIC_REPRESENTATION_CONTEXT(2) 
PARAMETRIC_REPRESENTATION_CONTEXT() REPRESENTATION_CONTEXT('2D SPACE',''
  ) );
#1372 = ORIENTED_EDGE('',*,*,#1321,.F.);
#1373 = ORIENTED_EDGE('',*,*,#1374,.T.);
#1374 = EDGE_CURVE('',#1322,#1322,#1375,.T.);
#1375 = SURFACE_CURVE('',#1376,(#1381,#1388),.PCURVE_S1.);
#1376 = CIRCLE('',#1377,24.);
#1377 = AXIS2_PLACEMENT_3D('',#1378,#1379,#1380);
#1378 = CARTESIAN_POINT('',(507.15,0.,3.86E+03));
#1379 = DIRECTION('',(0.,0.,1.));
#1380 = DIRECTION('',(1.,0.,-0.));
#1381 = PCURVE('',#1092,#1382);
#1382 = DEFINITIONAL_REPRESENTATION('',(#1383),#1387);
#1383 = LINE('',#1384,#1385);
#1384 = CARTESIAN_POINT('',(0.,0.));
#1385 = VECTOR('',#1386,1.);
#1386 = DIRECTION('',(1.,0.));
#1387 = ( GEOMETRIC_REPRESENTATION_CONTEXT(2) 
PARAMETRIC_REPRESENTATION_CONTEXT() REPRESENTATION_CONTEXT('2D SPACE',''
  ) );
#1388 = PCURVE('',#1389,#1394);
#1389 = PLANE('',#1390);
#1390 = AXIS2_PLACEMENT_3D('',#1391,#1392,#1393);
#1391 = CARTESIAN_POINT('',(507.15,0.,3.86E+03));
#1392 = DIRECTION('',(0.,0.,1.));
#1393 = DIRECTION('',(1.,0.,-0.));
#1394 = DEFINITIONAL_REPRESENTATION('',(#1395),#1399);
#1395 = CIRCLE('',#1396,24.);
#1396 = AXIS2_PLACEMENT_2D('',#1397,#1398);
#1397 = CARTESIAN_POINT('',(0.,0.));
#1398 = DIRECTION('',(1.,0.));
#1399 = ( GEOMETRIC_REPRESENTATION_CONTEXT(2) 
PARAMETRIC_REPRESENTATION_CONTEXT() REPRESENTATION_CONTEXT('2D SPACE',''
  ) );
#1400 = FACE_BOUND('',#1401,.T.);
#1401 = EDGE_LOOP('',(#1402));
#1402 = ORIENTED_EDGE('',*,*,#694,.T.);
#1403 = ADVANCED_FACE('',(#1404,#1407),#1389,.F.);
#1404 = FACE_BOUND('',#1405,.F.);
#1405 = EDGE_LOOP('',(#1406));
#1406 = ORIENTED_EDGE('',*,*,#1374,.T.);
#1407 = FACE_BOUND('',#1408,.F.);
#1408 = EDGE_LOOP('',(#1409));
#1409 = ORIENTED_EDGE('',*,*,#1410,.F.);
#1410 = EDGE_CURVE('',#1411,#1411,#1413,.T.);
#1411 = VERTEX_POINT('',#1412);
#1412 = CARTESIAN_POINT('',(527.35,-4.947573068555E-15,3.86E+03));
#1413 = SURFACE_CURVE('',#1414,(#1419,#1426),.PCURVE_S1.);
#1414 = CIRCLE('',#1415,20.2);
#1415 = AXIS2_PLACEMENT_3D('',#1416,#1417,#1418);
#1416 = CARTESIAN_POINT('',(507.15,0.,3.86E+03));
#1417 = DIRECTION('',(0.,0.,1.));
#1418 = DIRECTION('',(1.,0.,-0.));
#1419 = PCURVE('',#1389,#1420);
#1420 = DEFINITIONAL_REPRESENTATION('',(#1421),#1425);
#1421 = CIRCLE('',#1422,20.2);
#1422 = AXIS2_PLACEMENT_2D('',#1423,#1424);
#1423 = CARTESIAN_POINT('',(0.,0.));
#1424 = DIRECTION('',(1.,0.));
#1425 = ( GEOMETRIC_REPRESENTATION_CONTEXT(2) 
PARAMETRIC_REPRESENTATION_CONTEXT() REPRESENTATION_CONTEXT('2D SPACE',''
  ) );
#1426 = PCURVE('',#1427,#1432);
#1427 = CYLINDRICAL_SURFACE('',#1428,20.2);
#1428 = AXIS2_PLACEMENT_3D('',#1429,#1430,#1431);
#1429 = CARTESIAN_POINT('',(507.15,0.,3.859E+03));
#1430 = DIRECTION('',(0.,0.,1.));
#1431 = DIRECTION('',(1.,0.,-0.));
#1432 = DEFINITIONAL_REPRESENTATION('',(#1433),#1437);
#1433 = LINE('',#1434,#1435);
#1434 = CARTESIAN_POINT('',(0.,1.));
#1435 = VECTOR('',#1436,1.);
#1436 = DIRECTION('',(1.,0.));
#1437 = ( GEOMETRIC_REPRESENTATION_CONTEXT(2) 
PARAMETRIC_REPRESENTATION_CONTEXT() REPRESENTATION_CONTEXT('2D SPACE',''
  ) );
#1438 = ADVANCED_FACE('',(#1439,#1442),#1361,.T.);
#1439 = FACE_BOUND('',#1440,.T.);
#1440 = EDGE_LOOP('',(#1441));
#1441 = ORIENTED_EDGE('',*,*,#1346,.T.);
#1442 = FACE_BOUND('',#1443,.T.);
#1443 = EDGE_LOOP('',(#1444));
#1444 = ORIENTED_EDGE('',*,*,#1445,.F.);
#1445 = EDGE_CURVE('',#1446,#1446,#1448,.T.);
#1446 = VERTEX_POINT('',#1447);
#1447 = CARTESIAN_POINT('',(527.35,-4.947573068555E-15,3.9E+03));
#1448 = SURFACE_CURVE('',#1449,(#1454,#1461),.PCURVE_S1.);
#1449 = CIRCLE('',#1450,20.2);
#1450 = AXIS2_PLACEMENT_3D('',#1451,#1452,#1453);
#1451 = CARTESIAN_POINT('',(507.15,0.,3.9E+03));
#1452 = DIRECTION('',(0.,0.,1.));
#1453 = DIRECTION('',(1.,0.,-0.));
#1454 = PCURVE('',#1361,#1455);
#1455 = DEFINITIONAL_REPRESENTATION('',(#1456),#1460);
#1456 = CIRCLE('',#1457,20.2);
#1457 = AXIS2_PLACEMENT_2D('',#1458,#1459);
#1458 = CARTESIAN_POINT('',(0.,0.));
#1459 = DIRECTION('',(1.,0.));
#1460 = ( GEOMETRIC_REPRESENTATION_CONTEXT(2) 
PARAMETRIC_REPRESENTATION_CONTEXT() REPRESENTATION_CONTEXT('2D SPACE',''
  ) );
#1461 = PCURVE('',#1427,#1462);
#1462 = DEFINITIONAL_REPRESENTATION('',(#1463),#1467);
#1463 = LINE('',#1464,#1465);
#1464 = CARTESIAN_POINT('',(0.,41.));
#1465 = VECTOR('',#1466,1.);
#1466 = DIRECTION('',(1.,0.));
#1467 = ( GEOMETRIC_REPRESENTATION_CONTEXT(2) 
PARAMETRIC_REPRESENTATION_CONTEXT() REPRESENTATION_CONTEXT('2D SPACE',''
  ) );
#1468 = ADVANCED_FACE('',(#1469),#1427,.F.);
#1469 = FACE_BOUND('',#1470,.F.);
#1470 = EDGE_LOOP('',(#1471,#1472,#1493,#1494));
#1471 = ORIENTED_EDGE('',*,*,#1445,.F.);
#1472 = ORIENTED_EDGE('',*,*,#1473,.F.);
#1473 = EDGE_CURVE('',#1411,#1446,#1474,.T.);
#1474 = SEAM_CURVE('',#1475,(#1479,#1486),.PCURVE_S1.);
#1475 = LINE('',#1476,#1477);
#1476 = CARTESIAN_POINT('',(527.35,-4.947573068555E-15,3.859E+03));
#1477 = VECTOR('',#1478,1.);
#1478 = DIRECTION('',(0.,0.,1.));
#1479 = PCURVE('',#1427,#1480);
#1480 = DEFINITIONAL_REPRESENTATION('',(#1481),#1485);
#1481 = LINE('',#1482,#1483);
#1482 = CARTESIAN_POINT('',(6.28318530718,-0.));
#1483 = VECTOR('',#1484,1.);
#1484 = DIRECTION('',(0.,1.));
#1485 = ( GEOMETRIC_REPRESENTATION_CONTEXT(2) 
PARAMETRIC_REPRESENTATION_CONTEXT() REPRESENTATION_CONTEXT('2D SPACE',''
  ) );
#1486 = PCURVE('',#1427,#1487);
#1487 = DEFINITIONAL_REPRESENTATION('',(#1488),#1492);
#1488 = LINE('',#1489,#1490);
#1489 = CARTESIAN_POINT('',(0.,-0.));
#1490 = VECTOR('',#1491,1.);
#1491 = DIRECTION('',(0.,1.));
#1492 = ( GEOMETRIC_REPRESENTATION_CONTEXT(2) 
PARAMETRIC_REPRESENTATION_CONTEXT() REPRESENTATION_CONTEXT('2D SPACE',''
  ) );
#1493 = ORIENTED_EDGE('',*,*,#1410,.T.);
#1494 = ORIENTED_EDGE('',*,*,#1473,.T.);
#1495 = ORIENTED_CLOSED_SHELL('',*,#1496,.F.);
#1496 = CLOSED_SHELL('',(#1497,#2001,#2005));
#1497 = ADVANCED_FACE('',(#1498),#1649,.T.);
#1498 = FACE_BOUND('',#1499,.T.);
#1499 = EDGE_LOOP('',(#1500,#1950,#1973,#2000));
#1500 = ORIENTED_EDGE('',*,*,#1501,.F.);
#1501 = EDGE_CURVE('',#1502,#1502,#1504,.T.);
#1502 = VERTEX_POINT('',#1503);
#1503 = CARTESIAN_POINT('',(483.14999999999,2.571758278209E-15,
    3.8905E+03));
#1504 = SURFACE_CURVE('',#1505,(#1648,#1799),.PCURVE_S1.);
#1505 = B_SPLINE_CURVE_WITH_KNOTS('',6,(#1506,#1507,#1508,#1509,#1510,
    #1511,#1512,#1513,#1514,#1515,#1516,#1517,#1518,#1519,#1520,#1521,
    #1522,#1523,#1524,#1525,#1526,#1527,#1528,#1529,#1530,#1531,#1532,
    #1533,#1534,#1535,#1536,#1537,#1538,#1539,#1540,#1541,#1542,#1543,
    #1544,#1545,#1546,#1547,#1548,#1549,#1550,#1551,#1552,#1553,#1554,
    #1555,#1556,#1557,#1558,#1559,#1560,#1561,#1562,#1563,#1564,#1565,
    #1566,#1567,#1568,#1569,#1570,#1571,#1572,#1573,#1574,#1575,#1576,
    #1577,#1578,#1579,#1580,#1581,#1582,#1583,#1584,#1585,#1586,#1587,
    #1588,#1589,#1590,#1591,#1592,#1593,#1594,#1595,#1596,#1597,#1598,
    #1599,#1600,#1601,#1602,#1603,#1604,#1605,#1606,#1607,#1608,#1609,
    #1610,#1611,#1612,#1613,#1614,#1615,#1616,#1617,#1618,#1619,#1620,
    #1621,#1622,#1623,#1624,#1625,#1626,#1627,#1628,#1629,#1630,#1631,
    #1632,#1633,#1634,#1635,#1636,#1637,#1638,#1639,#1640,#1641,#1642,
    #1643,#1644,#1645,#1646,#1647),.UNSPECIFIED.,.T.,.F.,(7,5,5,5,5,5,5,
    5,5,5,5,5,5,5,5,5,5,5,5,5,5,5,5,5,5,5,5,5,7),(0.,3.750113110225E-02,
    5.998990224462E-02,8.926748495279E-02,0.111829856787,0.129993531069,
    0.192484268876,0.249991407103,0.307744939888,0.369294336373,
    0.387503896474,0.410594471353,0.43954586928,0.463049405656,
    0.499981346965,0.537485421855,0.559975958331,0.589255839282,
    0.611819982225,0.629985082325,0.692480725552,0.749992377995,
    0.807750444336,0.869304672381,0.887515661921,0.910608049396,
    0.939561719989,0.963067101376,1.),.UNSPECIFIED.);
#1506 = CARTESIAN_POINT('',(483.15,3.552713678801E-15,3.8905E+03));
#1507 = CARTESIAN_POINT('',(483.15,-0.510364591119,3.8905E+03));
#1508 = CARTESIAN_POINT('',(483.16302360441,-1.019728544763,
    3.890470231694E+03));
#1509 = CARTESIAN_POINT('',(483.1889750357,-1.52389582521,
    3.890410914441E+03));
#1510 = CARTESIAN_POINT('',(483.22709808664,-2.018709905863,
    3.890323263501E+03));
#1511 = CARTESIAN_POINT('',(483.2759946414,-2.50017276235,
    3.89020947944E+03));
#1512 = CARTESIAN_POINT('',(483.36846454228,-3.243042754146,
    3.889990843046E+03));
#1513 = CARTESIAN_POINT('',(483.40637192947,-3.515698463455,
    3.889900557445E+03));
#1514 = CARTESIAN_POINT('',(483.44720030857,-3.782234952343,
    3.889802453725E+03));
#1515 = CARTESIAN_POINT('',(483.49061468739,-4.042390149662,
    3.889697049664E+03));
#1516 = CARTESIAN_POINT('',(483.53627278382,-4.295930622753,
    3.889584877056E+03));
#1517 = CARTESIAN_POINT('',(483.64574605243,-4.863851268143,
    3.889312350788E+03));
#1518 = CARTESIAN_POINT('',(483.71089122631,-5.17354234801,
    3.889147651048E+03));
#1519 = CARTESIAN_POINT('',(483.77859951126,-5.471727967218,
    3.888973364694E+03));
#1520 = CARTESIAN_POINT('',(483.84824410738,-5.758454956068,
    3.888790388631E+03));
#1521 = CARTESIAN_POINT('',(483.91924403378,-6.033812651461,
    3.888599538535E+03));
#1522 = CARTESIAN_POINT('',(484.04642110976,-6.501471735548,
    3.888248974081E+03));
#1523 = CARTESIAN_POINT('',(484.10227333192,-6.698375904486,
    3.888092129301E+03));
#1524 = CARTESIAN_POINT('',(484.15839553807,-6.88873989616,
    3.887931319476E+03));
#1525 = CARTESIAN_POINT('',(484.21457386232,-7.072662166696,
    3.88776681574E+03));
#1526 = CARTESIAN_POINT('',(484.2706113645,-7.250244094157,
    3.88759885725E+03));
#1527 = CARTESIAN_POINT('',(484.37118232878,-7.559530743659,
    3.887289822988E+03));
#1528 = CARTESIAN_POINT('',(484.41582792973,-7.693428089089,
    3.887149891953E+03));
#1529 = CARTESIAN_POINT('',(484.46017041437,-7.823334636535,
    3.887007967226E+03));
#1530 = CARTESIAN_POINT('',(484.50412033348,-7.949299981411,
    3.886864149495E+03));
#1531 = CARTESIAN_POINT('',(484.54759320718,-8.071370692835,
    3.886718530997E+03));
#1532 = CARTESIAN_POINT('',(484.73815984711,-8.596315913997,
    3.88606429901E+03));
#1533 = CARTESIAN_POINT('',(484.87931890612,-8.957726467655,
    3.885536747399E+03));
#1534 = CARTESIAN_POINT('',(485.01060426805,-9.275158835293,
    3.884992322524E+03));
#1535 = CARTESIAN_POINT('',(485.12927575439,-9.549755490136,
    3.88443390718E+03));
#1536 = CARTESIAN_POINT('',(485.23311766186,-9.782349045122,
    3.88386374875E+03));
#1537 = CARTESIAN_POINT('',(485.40066147765,-10.14906927215,
    3.882749944284E+03));
#1538 = CARTESIAN_POINT('',(485.46687788628,-10.28951191683,
    3.882207985108E+03));
#1539 = CARTESIAN_POINT('',(485.51755438089,-10.39475803305,
    3.881660034161E+03));
#1540 = CARTESIAN_POINT('',(485.55168447128,-10.4649075095,
    3.881108108795E+03));
#1541 = CARTESIAN_POINT('',(485.56875814509,-10.5,3.880554129502E+03));
#1542 = CARTESIAN_POINT('',(485.56875814509,-10.5,3.87944349628E+03));
#1543 = CARTESIAN_POINT('',(485.55153785077,-10.46460615184,
    3.878887145963E+03));
#1544 = CARTESIAN_POINT('',(485.51711496136,-10.39385486999,
    3.878332876104E+03));
#1545 = CARTESIAN_POINT('',(485.46600818039,-10.28770559717,
    3.877782630877E+03));
#1546 = CARTESIAN_POINT('',(485.39924101212,-10.14605613309,
    3.877238453441E+03));
#1547 = CARTESIAN_POINT('',(485.23204204615,-9.779889884445,
    3.876131459714E+03));
#1548 = CARTESIAN_POINT('',(485.12971414264,-9.550600082026,
    3.87556995591E+03));
#1549 = CARTESIAN_POINT('',(485.01300624592,-9.280557005827,
    3.875019852268E+03));
#1550 = CARTESIAN_POINT('',(484.8840356656,-8.96896966161,
    3.87448329883E+03));
#1551 = CARTESIAN_POINT('',(484.74541222671,-8.614754051027,
    3.873963039444E+03));
#1552 = CARTESIAN_POINT('',(484.55742862875,-8.098853858725,
    3.873314616317E+03));
#1553 = CARTESIAN_POINT('',(484.51393891304,-7.977205798375,
    3.873168289263E+03));
#1554 = CARTESIAN_POINT('',(484.46995716622,-7.85165009061,
    3.873023758636E+03));
#1555 = CARTESIAN_POINT('',(484.42556798846,-7.722140188865,
    3.872881116512E+03));
#1556 = CARTESIAN_POINT('',(484.38086094217,-7.588626419265,
    3.872740463357E+03));
#1557 = CARTESIAN_POINT('',(484.27895671358,-7.276610222602,
    3.872426213391E+03));
#1558 = CARTESIAN_POINT('',(484.22162509138,-7.095644896647,
    3.872253895302E+03));
#1559 = CARTESIAN_POINT('',(484.16412720283,-6.908048128625,
    3.872085173063E+03));
#1560 = CARTESIAN_POINT('',(484.10667308635,-6.713711183161,
    3.871920301006E+03));
#1561 = CARTESIAN_POINT('',(484.04949130153,-6.512528463627,
    3.871759568496E+03));
#1562 = CARTESIAN_POINT('',(483.92178457864,-6.043439002937,
    3.871407367464E+03));
#1563 = CARTESIAN_POINT('',(483.85154026369,-5.771496162065,
    3.871218406149E+03));
#1564 = CARTESIAN_POINT('',(483.78260688903,-5.488440319091,
    3.871037124907E+03));
#1565 = CARTESIAN_POINT('',(483.71554452213,-5.194182011172,
    3.870864309128E+03));
#1566 = CARTESIAN_POINT('',(483.6509572921,-4.888671951894,
    3.870700822383E+03));
#1567 = CARTESIAN_POINT('',(483.53958607103,-4.314739492661,
    3.870423224607E+03));
#1568 = CARTESIAN_POINT('',(483.4917300534,-4.0501100991,
    3.870305589308E+03));
#1569 = CARTESIAN_POINT('',(483.44631274844,-3.778247114543,
    3.870195329556E+03));
#1570 = CARTESIAN_POINT('',(483.40372535966,-3.499417864957,
    3.8700930529E+03));
#1571 = CARTESIAN_POINT('',(483.36435022135,-3.21392386715,
    3.869999349861E+03));
#1572 = CARTESIAN_POINT('',(483.27230416818,-2.463549337475,
    3.869781935289E+03));
#1573 = CARTESIAN_POINT('',(483.22479765907,-1.98861914908,
    3.869671447818E+03));
#1574 = CARTESIAN_POINT('',(483.18779940683,-1.500895809642,
    3.869586398428E+03));
#1575 = CARTESIAN_POINT('',(483.16262927906,-1.004219552239,
    3.869528866983E+03));
#1576 = CARTESIAN_POINT('',(483.15,-0.502578857773,3.8695E+03));
#1577 = CARTESIAN_POINT('',(483.15,0.510364590973,3.8695E+03));
#1578 = CARTESIAN_POINT('',(483.1630236044,1.019728544791,
    3.869529768306E+03));
#1579 = CARTESIAN_POINT('',(483.18897503571,1.523895825348,
    3.869589085559E+03));
#1580 = CARTESIAN_POINT('',(483.22709808665,2.018709905911,
    3.869676736499E+03));
#1581 = CARTESIAN_POINT('',(483.27599464139,2.50017276223,
    3.869790520559E+03));
#1582 = CARTESIAN_POINT('',(483.36846454228,3.243042754154,
    3.870009156954E+03));
#1583 = CARTESIAN_POINT('',(483.40637192947,3.515698463453,
    3.870099442555E+03));
#1584 = CARTESIAN_POINT('',(483.44720030857,3.782234952336,
    3.870197546275E+03));
#1585 = CARTESIAN_POINT('',(483.49061468739,4.04239014966,
    3.870302950336E+03));
#1586 = CARTESIAN_POINT('',(483.53627278382,4.29593062276,
    3.870415122944E+03));
#1587 = CARTESIAN_POINT('',(483.64574605242,4.863851268128,
    3.870687649212E+03));
#1588 = CARTESIAN_POINT('',(483.71089122631,5.173542348015,
    3.870852348952E+03));
#1589 = CARTESIAN_POINT('',(483.77859951127,5.471727967232,
    3.871026635306E+03));
#1590 = CARTESIAN_POINT('',(483.84824410738,5.75845495607,
    3.871209611369E+03));
#1591 = CARTESIAN_POINT('',(483.91924403378,6.03381265145,
    3.871400461465E+03));
#1592 = CARTESIAN_POINT('',(484.04642110976,6.501471735549,
    3.871751025919E+03));
#1593 = CARTESIAN_POINT('',(484.10227333192,6.698375904486,
    3.871907870699E+03));
#1594 = CARTESIAN_POINT('',(484.15839553807,6.88873989616,
    3.872068680524E+03));
#1595 = CARTESIAN_POINT('',(484.21457386232,7.072662166696,
    3.87223318426E+03));
#1596 = CARTESIAN_POINT('',(484.2706113645,7.250244094157,
    3.87240114275E+03));
#1597 = CARTESIAN_POINT('',(484.37118232878,7.55953074366,
    3.872710177012E+03));
#1598 = CARTESIAN_POINT('',(484.41582792973,7.693428089089,
    3.872850108047E+03));
#1599 = CARTESIAN_POINT('',(484.46017041437,7.823334636536,
    3.872992032774E+03));
#1600 = CARTESIAN_POINT('',(484.50412033348,7.949299981411,
    3.873135850505E+03));
#1601 = CARTESIAN_POINT('',(484.54759320718,8.071370692835,
    3.873281469003E+03));
#1602 = CARTESIAN_POINT('',(484.73815984711,8.596315913998,
    3.87393570099E+03));
#1603 = CARTESIAN_POINT('',(484.87931890612,8.957726467656,
    3.874463252601E+03));
#1604 = CARTESIAN_POINT('',(485.01060426805,9.275158835293,
    3.875007677476E+03));
#1605 = CARTESIAN_POINT('',(485.12927575439,9.549755490137,
    3.87556609282E+03));
#1606 = CARTESIAN_POINT('',(485.23311766186,9.782349045122,
    3.87613625125E+03));
#1607 = CARTESIAN_POINT('',(485.40066147765,10.149069272156,
    3.877250055716E+03));
#1608 = CARTESIAN_POINT('',(485.46687788628,10.289511916837,
    3.877792014892E+03));
#1609 = CARTESIAN_POINT('',(485.51755438089,10.394758033059,
    3.878339965839E+03));
#1610 = CARTESIAN_POINT('',(485.55168447128,10.464907509508,
    3.878891891205E+03));
#1611 = CARTESIAN_POINT('',(485.56875814509,10.5,3.879445870498E+03));
#1612 = CARTESIAN_POINT('',(485.56875814509,10.5,3.88055650372E+03));
#1613 = CARTESIAN_POINT('',(485.55153785077,10.464606151849,
    3.881112854037E+03));
#1614 = CARTESIAN_POINT('',(485.51711496136,10.393854869996,
    3.881667123896E+03));
#1615 = CARTESIAN_POINT('',(485.46600818039,10.287705597174,
    3.882217369123E+03));
#1616 = CARTESIAN_POINT('',(485.39924101212,10.146056133092,
    3.882761546559E+03));
#1617 = CARTESIAN_POINT('',(485.2320420461,9.77988988434,
    3.883868540287E+03));
#1618 = CARTESIAN_POINT('',(485.12971414263,9.550600082009,
    3.88443004409E+03));
#1619 = CARTESIAN_POINT('',(485.01300624599,9.280557005977,
    3.884980147731E+03));
#1620 = CARTESIAN_POINT('',(484.88403566563,8.96896966171,
    3.88551670117E+03));
#1621 = CARTESIAN_POINT('',(484.74541222664,8.614754050828,
    3.886036960556E+03));
#1622 = CARTESIAN_POINT('',(484.55742862875,8.098853858726,
    3.886685383683E+03));
#1623 = CARTESIAN_POINT('',(484.51393891304,7.977205798376,
    3.886831710737E+03));
#1624 = CARTESIAN_POINT('',(484.46995716622,7.85165009061,
    3.886976241364E+03));
#1625 = CARTESIAN_POINT('',(484.42556798846,7.722140188866,
    3.887118883488E+03));
#1626 = CARTESIAN_POINT('',(484.38086094218,7.588626419266,
    3.887259536643E+03));
#1627 = CARTESIAN_POINT('',(484.27895671358,7.276610222603,
    3.887573786609E+03));
#1628 = CARTESIAN_POINT('',(484.22162509138,7.095644896647,
    3.887746104698E+03));
#1629 = CARTESIAN_POINT('',(484.16412720283,6.908048128625,
    3.887914826937E+03));
#1630 = CARTESIAN_POINT('',(484.10667308635,6.713711183161,
    3.888079698994E+03));
#1631 = CARTESIAN_POINT('',(484.04949130153,6.512528463628,
    3.888240431504E+03));
#1632 = CARTESIAN_POINT('',(483.92178457864,6.043439002949,
    3.888592632536E+03));
#1633 = CARTESIAN_POINT('',(483.85154026369,5.771496162064,
    3.888781593851E+03));
#1634 = CARTESIAN_POINT('',(483.78260688902,5.488440319079,
    3.888962875094E+03));
#1635 = CARTESIAN_POINT('',(483.71554452213,5.194182011169,
    3.889135690872E+03));
#1636 = CARTESIAN_POINT('',(483.6509572921,4.888671951909,
    3.889299177617E+03));
#1637 = CARTESIAN_POINT('',(483.53958607103,4.314739492675,
    3.889576775393E+03));
#1638 = CARTESIAN_POINT('',(483.4917300534,4.050110099099,
    3.889694410692E+03));
#1639 = CARTESIAN_POINT('',(483.44631274844,3.778247114531,
    3.889804670444E+03));
#1640 = CARTESIAN_POINT('',(483.40372535966,3.499417864954,
    3.8899069471E+03));
#1641 = CARTESIAN_POINT('',(483.36435022135,3.213923867167,
    3.890000650139E+03));
#1642 = CARTESIAN_POINT('',(483.27230712542,2.463573445384,
    3.890218057726E+03));
#1643 = CARTESIAN_POINT('',(483.22479797422,1.988630932755,
    3.890328551623E+03));
#1644 = CARTESIAN_POINT('',(483.18779696367,1.500877905912,
    3.890413607157E+03));
#1645 = CARTESIAN_POINT('',(483.16262698235,1.004175245719,
    3.89047113827E+03));
#1646 = CARTESIAN_POINT('',(483.15,0.502533170996,3.8905E+03));
#1647 = CARTESIAN_POINT('',(483.15,3.552713678801E-15,3.8905E+03));
#1648 = PCURVE('',#1649,#1654);
#1649 = CYLINDRICAL_SURFACE('',#1650,10.5);
#1650 = AXIS2_PLACEMENT_3D('',#1651,#1652,#1653);
#1651 = CARTESIAN_POINT('',(66.15,0.,3.88E+03));
#1652 = DIRECTION('',(1.,0.,0.));
#1653 = DIRECTION('',(-0.,0.,1.));
#1654 = DEFINITIONAL_REPRESENTATION('',(#1655),#1798);
#1655 = B_SPLINE_CURVE_WITH_KNOTS('',6,(#1656,#1657,#1658,#1659,#1660,
    #1661,#1662,#1663,#1664,#1665,#1666,#1667,#1668,#1669,#1670,#1671,
    #1672,#1673,#1674,#1675,#1676,#1677,#1678,#1679,#1680,#1681,#1682,
    #1683,#1684,#1685,#1686,#1687,#1688,#1689,#1690,#1691,#1692,#1693,
    #1694,#1695,#1696,#1697,#1698,#1699,#1700,#1701,#1702,#1703,#1704,
    #1705,#1706,#1707,#1708,#1709,#1710,#1711,#1712,#1713,#1714,#1715,
    #1716,#1717,#1718,#1719,#1720,#1721,#1722,#1723,#1724,#1725,#1726,
    #1727,#1728,#1729,#1730,#1731,#1732,#1733,#1734,#1735,#1736,#1737,
    #1738,#1739,#1740,#1741,#1742,#1743,#1744,#1745,#1746,#1747,#1748,
    #1749,#1750,#1751,#1752,#1753,#1754,#1755,#1756,#1757,#1758,#1759,
    #1760,#1761,#1762,#1763,#1764,#1765,#1766,#1767,#1768,#1769,#1770,
    #1771,#1772,#1773,#1774,#1775,#1776,#1777,#1778,#1779,#1780,#1781,
    #1782,#1783,#1784,#1785,#1786,#1787,#1788,#1789,#1790,#1791,#1792,
    #1793,#1794,#1795,#1796,#1797),.UNSPECIFIED.,.F.,.F.,(7,5,5,5,5,5,5,
    5,5,5,5,5,5,5,5,5,5,5,5,5,5,5,5,5,5,5,5,5,7),(0.,3.750113110225E-02,
    5.998990224462E-02,8.926748495279E-02,0.111829856787,0.129993531069,
    0.192484268876,0.249991407103,0.307744939888,0.369294336373,
    0.387503896474,0.410594471353,0.43954586928,0.463049405656,
    0.499981346965,0.537485421855,0.559975958331,0.589255839282,
    0.611819982225,0.629985082325,0.692480725552,0.749992377995,
    0.807750444336,0.869304672381,0.887515661921,0.910608049396,
    0.939561719989,0.963067101376,1.),.UNSPECIFIED.);
#1656 = CARTESIAN_POINT('',(0.,417.));
#1657 = CARTESIAN_POINT('',(4.860615153519E-02,417.));
#1658 = CARTESIAN_POINT('',(9.711700003534E-02,417.01302360441));
#1659 = CARTESIAN_POINT('',(0.145339656797,417.0389750357));
#1660 = CARTESIAN_POINT('',(0.193080791282,417.07709808664));
#1661 = CARTESIAN_POINT('',(0.240128413598,417.1259946414));
#1662 = CARTESIAN_POINT('',(0.313878478597,417.21846454228));
#1663 = CARTESIAN_POINT('',(0.341216936642,417.25637192947));
#1664 = CARTESIAN_POINT('',(0.368244573134,417.29720030857));
#1665 = CARTESIAN_POINT('',(0.394957344175,417.34061468739));
#1666 = CARTESIAN_POINT('',(0.421349158669,417.38627278382));
#1667 = CARTESIAN_POINT('',(0.481341934242,417.49574605243));
#1668 = CARTESIAN_POINT('',(0.514719355357,417.56089122631));
#1669 = CARTESIAN_POINT('',(0.547574129118,417.62859951126));
#1670 = CARTESIAN_POINT('',(0.579932333534,417.69824410738));
#1671 = CARTESIAN_POINT('',(0.611817964982,417.76924403378));
#1672 = CARTESIAN_POINT('',(0.667481389531,417.89642110976));
#1673 = CARTESIAN_POINT('',(0.691446104347,417.95227333192));
#1674 = CARTESIAN_POINT('',(0.715164291796,418.00839553807));
#1675 = CARTESIAN_POINT('',(0.738651045746,418.06457386232));
#1676 = CARTESIAN_POINT('',(0.761921330384,418.1206113645));
#1677 = CARTESIAN_POINT('',(0.803561229946,418.22118232878));
#1678 = CARTESIAN_POINT('',(0.822001654852,418.26582792973));
#1679 = CARTESIAN_POINT('',(0.840318891075,418.31017041437));
#1680 = CARTESIAN_POINT('',(0.858520284086,418.35412033348));
#1681 = CARTESIAN_POINT('',(0.87661288869,418.39759320718));
#1682 = CARTESIAN_POINT('',(0.956498690287,418.58815984711));
#1683 = CARTESIAN_POINT('',(1.017227345932,418.72931890612));
#1684 = CARTESIAN_POINT('',(1.07701479627,418.86060426805));
#1685 = CARTESIAN_POINT('',(1.136062191104,418.97927575439));
#1686 = CARTESIAN_POINT('',(1.194566956375,419.08311766186));
#1687 = CARTESIAN_POINT('',(1.306245313516,419.25066147765));
#1688 = CARTESIAN_POINT('',(1.359454463171,419.31687788628));
#1689 = CARTESIAN_POINT('',(1.412433270001,419.36755438089));
#1690 = CARTESIAN_POINT('',(1.465262155107,419.40168447128));
#1691 = CARTESIAN_POINT('',(1.518022088498,419.41875814509));
#1692 = CARTESIAN_POINT('',(1.623796681109,419.41875814509));
#1693 = CARTESIAN_POINT('',(1.67678242633,419.40153785077));
#1694 = CARTESIAN_POINT('',(1.729838011588,419.36711496136));
#1695 = CARTESIAN_POINT('',(1.783045546278,419.31600818039));
#1696 = CARTESIAN_POINT('',(1.836486587161,419.24924101212));
#1697 = CARTESIAN_POINT('',(1.947532443338,419.08204204615));
#1698 = CARTESIAN_POINT('',(2.00516137145,418.97971414264));
#1699 = CARTESIAN_POINT('',(2.06331664899,418.86300624592));
#1700 = CARTESIAN_POINT('',(2.122186708423,418.7340356656));
#1701 = CARTESIAN_POINT('',(2.181963715626,418.59541222671));
#1702 = CARTESIAN_POINT('',(2.260879587495,418.40742862875));
#1703 = CARTESIAN_POINT('',(2.278998180789,418.36393891304));
#1704 = CARTESIAN_POINT('',(2.29722506617,418.31995716622));
#1705 = CARTESIAN_POINT('',(2.315567317486,418.27556798846));
#1706 = CARTESIAN_POINT('',(2.334032306026,418.23086094217));
#1707 = CARTESIAN_POINT('',(2.376207531475,418.12895671358));
#1708 = CARTESIAN_POINT('',(2.39999677435,418.07162509138));
#1709 = CARTESIAN_POINT('',(2.424011339462,418.01412720283));
#1710 = CARTESIAN_POINT('',(2.448267260943,417.95667308635));
#1711 = CARTESIAN_POINT('',(2.472780696738,417.89949130153));
#1712 = CARTESIAN_POINT('',(2.52864662704,417.77178457864));
#1713 = CARTESIAN_POINT('',(2.560163254299,417.70154026369));
#1714 = CARTESIAN_POINT('',(2.592141170517,417.63260688903));
#1715 = CARTESIAN_POINT('',(2.624603811915,417.56554452213));
#1716 = CARTESIAN_POINT('',(2.657576579375,417.5009572921));
#1717 = CARTESIAN_POINT('',(2.718294804667,417.38958607103));
#1718 = CARTESIAN_POINT('',(2.745861220738,417.3417300534));
#1719 = CARTESIAN_POINT('',(2.773778224244,417.29631274844));
#1720 = CARTESIAN_POINT('',(2.8020387138,417.25372535966));
#1721 = CARTESIAN_POINT('',(2.830638035578,417.21435022135));
#1722 = CARTESIAN_POINT('',(2.905041546006,417.12230416818));
#1723 = CARTESIAN_POINT('',(2.951414540934,417.07479765907));
#1724 = CARTESIAN_POINT('',(2.99845279252,417.03779940683));
#1725 = CARTESIAN_POINT('',(3.045952699982,417.01262927906));
#1726 = CARTESIAN_POINT('',(3.093728000469,417.));
#1727 = CARTESIAN_POINT('',(3.190198805111,417.));
#1728 = CARTESIAN_POINT('',(3.238709653628,417.0130236044));
#1729 = CARTESIAN_POINT('',(3.286932310399,417.03897503571));
#1730 = CARTESIAN_POINT('',(3.334673444877,417.07709808665));
#1731 = CARTESIAN_POINT('',(3.381721067176,417.12599464139));
#1732 = CARTESIAN_POINT('',(3.455471132188,417.21846454228));
#1733 = CARTESIAN_POINT('',(3.482809590232,417.25637192947));
#1734 = CARTESIAN_POINT('',(3.509837226723,417.29720030857));
#1735 = CARTESIAN_POINT('',(3.536549997765,417.34061468739));
#1736 = CARTESIAN_POINT('',(3.56294181226,417.38627278382));
#1737 = CARTESIAN_POINT('',(3.62293458783,417.49574605242));
#1738 = CARTESIAN_POINT('',(3.656312008947,417.56089122631));
#1739 = CARTESIAN_POINT('',(3.689166782709,417.62859951127));
#1740 = CARTESIAN_POINT('',(3.721524987124,417.69824410738));
#1741 = CARTESIAN_POINT('',(3.753410618571,417.76924403378));
#1742 = CARTESIAN_POINT('',(3.809074043121,417.89642110976));
#1743 = CARTESIAN_POINT('',(3.833038757937,417.95227333192));
#1744 = CARTESIAN_POINT('',(3.856756945386,418.00839553807));
#1745 = CARTESIAN_POINT('',(3.880243699335,418.06457386232));
#1746 = CARTESIAN_POINT('',(3.903513983974,418.1206113645));
#1747 = CARTESIAN_POINT('',(3.945153883535,418.22118232878));
#1748 = CARTESIAN_POINT('',(3.963594308441,418.26582792973));
#1749 = CARTESIAN_POINT('',(3.981911544665,418.31017041437));
#1750 = CARTESIAN_POINT('',(4.000112937676,418.35412033348));
#1751 = CARTESIAN_POINT('',(4.018205542279,418.39759320718));
#1752 = CARTESIAN_POINT('',(4.098091343877,418.58815984711));
#1753 = CARTESIAN_POINT('',(4.158819999522,418.72931890612));
#1754 = CARTESIAN_POINT('',(4.21860744986,418.86060426805));
#1755 = CARTESIAN_POINT('',(4.277654844694,418.97927575439));
#1756 = CARTESIAN_POINT('',(4.336159609965,419.08311766186));
#1757 = CARTESIAN_POINT('',(4.447837967106,419.25066147765));
#1758 = CARTESIAN_POINT('',(4.501047116761,419.31687788628));
#1759 = CARTESIAN_POINT('',(4.55402592359,419.36755438089));
#1760 = CARTESIAN_POINT('',(4.606854808697,419.40168447128));
#1761 = CARTESIAN_POINT('',(4.659614742088,419.41875814509));
#1762 = CARTESIAN_POINT('',(4.765389334699,419.41875814509));
#1763 = CARTESIAN_POINT('',(4.818375079919,419.40153785077));
#1764 = CARTESIAN_POINT('',(4.871430665178,419.36711496136));
#1765 = CARTESIAN_POINT('',(4.924638199868,419.31600818039));
#1766 = CARTESIAN_POINT('',(4.978079240751,419.24924101212));
#1767 = CARTESIAN_POINT('',(5.08912509696,419.0820420461));
#1768 = CARTESIAN_POINT('',(5.146754025032,418.97971414263));
#1769 = CARTESIAN_POINT('',(5.20490930255,418.86300624599));
#1770 = CARTESIAN_POINT('',(5.263779362003,418.73403566563));
#1771 = CARTESIAN_POINT('',(5.323556369246,418.59541222664));
#1772 = CARTESIAN_POINT('',(5.402472241084,418.40742862875));
#1773 = CARTESIAN_POINT('',(5.420590834379,418.36393891304));
#1774 = CARTESIAN_POINT('',(5.43881771976,418.31995716622));
#1775 = CARTESIAN_POINT('',(5.457159971076,418.27556798846));
#1776 = CARTESIAN_POINT('',(5.475624959616,418.23086094218));
#1777 = CARTESIAN_POINT('',(5.517800185065,418.12895671358));
#1778 = CARTESIAN_POINT('',(5.54158942794,418.07162509138));
#1779 = CARTESIAN_POINT('',(5.565603993052,418.01412720283));
#1780 = CARTESIAN_POINT('',(5.589859914533,417.95667308635));
#1781 = CARTESIAN_POINT('',(5.614373350328,417.89949130153));
#1782 = CARTESIAN_POINT('',(5.670239280629,417.77178457864));
#1783 = CARTESIAN_POINT('',(5.701755907889,417.70154026369));
#1784 = CARTESIAN_POINT('',(5.733733824108,417.63260688902));
#1785 = CARTESIAN_POINT('',(5.766196465506,417.56554452213));
#1786 = CARTESIAN_POINT('',(5.799169232963,417.5009572921));
#1787 = CARTESIAN_POINT('',(5.859887458255,417.38958607103));
#1788 = CARTESIAN_POINT('',(5.887453874328,417.3417300534));
#1789 = CARTESIAN_POINT('',(5.915370877835,417.29631274844));
#1790 = CARTESIAN_POINT('',(5.94363136739,417.25372535966));
#1791 = CARTESIAN_POINT('',(5.972230689166,417.21435022135));
#1792 = CARTESIAN_POINT('',(6.046631809172,417.12230712542));
#1793 = CARTESIAN_POINT('',(6.093006101634,417.07479797421));
#1794 = CARTESIAN_POINT('',(6.140047205564,417.03779696367));
#1795 = CARTESIAN_POINT('',(6.187549572926,417.01262698235));
#1796 = CARTESIAN_POINT('',(6.23532500518,417.));
#1797 = CARTESIAN_POINT('',(6.28318530718,417.));
#1798 = ( GEOMETRIC_REPRESENTATION_CONTEXT(2) 
PARAMETRIC_REPRESENTATION_CONTEXT() REPRESENTATION_CONTEXT('2D SPACE',''
  ) );
#1799 = PCURVE('',#1800,#1805);
#1800 = CYLINDRICAL_SURFACE('',#1801,24.);
#1801 = AXIS2_PLACEMENT_3D('',#1802,#1803,#1804);
#1802 = CARTESIAN_POINT('',(507.15,0.,3.86E+03));
#1803 = DIRECTION('',(0.,0.,1.));
#1804 = DIRECTION('',(1.,0.,-0.));
#1805 = DEFINITIONAL_REPRESENTATION('',(#1806),#1949);
#1806 = B_SPLINE_CURVE_WITH_KNOTS('',6,(#1807,#1808,#1809,#1810,#1811,
    #1812,#1813,#1814,#1815,#1816,#1817,#1818,#1819,#1820,#1821,#1822,
    #1823,#1824,#1825,#1826,#1827,#1828,#1829,#1830,#1831,#1832,#1833,
    #1834,#1835,#1836,#1837,#1838,#1839,#1840,#1841,#1842,#1843,#1844,
    #1845,#1846,#1847,#1848,#1849,#1850,#1851,#1852,#1853,#1854,#1855,
    #1856,#1857,#1858,#1859,#1860,#1861,#1862,#1863,#1864,#1865,#1866,
    #1867,#1868,#1869,#1870,#1871,#1872,#1873,#1874,#1875,#1876,#1877,
    #1878,#1879,#1880,#1881,#1882,#1883,#1884,#1885,#1886,#1887,#1888,
    #1889,#1890,#1891,#1892,#1893,#1894,#1895,#1896,#1897,#1898,#1899,
    #1900,#1901,#1902,#1903,#1904,#1905,#1906,#1907,#1908,#1909,#1910,
    #1911,#1912,#1913,#1914,#1915,#1916,#1917,#1918,#1919,#1920,#1921,
    #1922,#1923,#1924,#1925,#1926,#1927,#1928,#1929,#1930,#1931,#1932,
    #1933,#1934,#1935,#1936,#1937,#1938,#1939,#1940,#1941,#1942,#1943,
    #1944,#1945,#1946,#1947,#1948),.UNSPECIFIED.,.T.,.F.,(7,5,5,5,5,5,5,
    5,5,5,5,5,5,5,5,5,5,5,5,5,5,5,5,5,5,5,5,5,7),(0.,3.750113110225E-02,
    5.998990224462E-02,8.926748495279E-02,0.111829856787,0.129993531069,
    0.192484268876,0.249991407103,0.307744939888,0.369294336373,
    0.387503896474,0.410594471353,0.43954586928,0.463049405656,
    0.499981346965,0.537485421855,0.559975958331,0.589255839282,
    0.611819982225,0.629985082325,0.692480725552,0.749992377995,
    0.807750444336,0.869304672381,0.887515661921,0.910608049396,
    0.939561719989,0.963067101376,1.),.UNSPECIFIED.);
#1807 = CARTESIAN_POINT('',(3.14159265359,30.5));
#1808 = CARTESIAN_POINT('',(3.162857844886,30.5));
#1809 = CARTESIAN_POINT('',(3.184081347256,30.470231694407));
#1810 = CARTESIAN_POINT('',(3.20510560585,30.410914441021));
#1811 = CARTESIAN_POINT('',(3.225774503702,30.323263500904));
#1812 = CARTESIAN_POINT('',(3.245933487266,30.209479440492));
#1813 = CARTESIAN_POINT('',(3.277125280482,29.990843046195));
#1814 = CARTESIAN_POINT('',(3.288594032326,29.900557444654));
#1815 = CARTESIAN_POINT('',(3.299827684553,29.802453725227));
#1816 = CARTESIAN_POINT('',(3.310815993489,29.697049663793));
#1817 = CARTESIAN_POINT('',(3.321549304194,29.584877056239));
#1818 = CARTESIAN_POINT('',(3.345648284694,29.312350787553));
#1819 = CARTESIAN_POINT('',(3.35883259753,29.147651048288));
#1820 = CARTESIAN_POINT('',(3.37157095306,28.97336469424));
#1821 = CARTESIAN_POINT('',(3.383863393109,28.790388630972));
#1822 = CARTESIAN_POINT('',(3.395710862387,28.59953853526));
#1823 = CARTESIAN_POINT('',(3.415904328894,28.248974080628));
#1824 = CARTESIAN_POINT('',(3.424431847821,28.092129300561));
#1825 = CARTESIAN_POINT('',(3.432700555031,27.931319476452));
#1826 = CARTESIAN_POINT('',(3.440712960278,27.766815740186));
#1827 = CARTESIAN_POINT('',(3.448471584641,27.59885724977));
#1828 = CARTESIAN_POINT('',(3.462022719178,27.289822988475));
#1829 = CARTESIAN_POINT('',(3.467903574296,27.149891953325));
#1830 = CARTESIAN_POINT('',(3.473622780628,27.007967225935));
#1831 = CARTESIAN_POINT('',(3.479181449057,26.864149495293));
#1832 = CARTESIAN_POINT('',(3.48458054659,26.718530997322));
#1833 = CARTESIAN_POINT('',(3.507849920592,26.064299010359));
#1834 = CARTESIAN_POINT('',(3.524011854409,25.536747399337));
#1835 = CARTESIAN_POINT('',(3.538321500738,24.992322524189));
#1836 = CARTESIAN_POINT('',(3.550784317943,24.433907180145));
#1837 = CARTESIAN_POINT('',(3.561397306691,23.863748749781));
#1838 = CARTESIAN_POINT('',(3.578196501402,22.74994428362));
#1839 = CARTESIAN_POINT('',(3.584665613176,22.207985108272));
#1840 = CARTESIAN_POINT('',(3.589532697388,21.660034160759));
#1841 = CARTESIAN_POINT('',(3.592783184626,21.108108794639));
#1842 = CARTESIAN_POINT('',(3.594409248335,20.554129502116));
#1843 = CARTESIAN_POINT('',(3.594409248335,19.4434962797));
#1844 = CARTESIAN_POINT('',(3.59276922078,18.887145963476));
#1845 = CARTESIAN_POINT('',(3.589490847851,18.332876103762));
#1846 = CARTESIAN_POINT('',(3.584582081174,17.782630877209));
#1847 = CARTESIAN_POINT('',(3.57805771255,17.238453441335));
#1848 = CARTESIAN_POINT('',(3.561285483526,16.131459713683));
#1849 = CARTESIAN_POINT('',(3.550823898544,15.569955909786));
#1850 = CARTESIAN_POINT('',(3.538567641323,15.019852268342));
#1851 = CARTESIAN_POINT('',(3.524519738668,14.483298830331));
#1852 = CARTESIAN_POINT('',(3.508675192245,13.963039444256));
#1853 = CARTESIAN_POINT('',(3.485796783213,13.314616317051));
#1854 = CARTESIAN_POINT('',(3.48041403506,13.168289262891));
#1855 = CARTESIAN_POINT('',(3.474871039419,13.023758636123));
#1856 = CARTESIAN_POINT('',(3.46916683931,12.881116511675));
#1857 = CARTESIAN_POINT('',(3.463300330217,12.740463356894));
#1858 = CARTESIAN_POINT('',(3.449623848808,12.426213391077));
#1859 = CARTESIAN_POINT('',(3.441714567777,12.253895302087));
#1860 = CARTESIAN_POINT('',(3.433539705237,12.085173063023));
#1861 = CARTESIAN_POINT('',(3.425096561815,11.920301005899));
#1862 = CARTESIAN_POINT('',(3.416382450522,11.7595684963));
#1863 = CARTESIAN_POINT('',(3.396125681711,11.40736746429));
#1864 = CARTESIAN_POINT('',(3.384423815597,11.218406149057));
#1865 = CARTESIAN_POINT('',(3.372286940646,11.037124906506));
#1866 = CARTESIAN_POINT('',(3.359714026573,10.864309127678));
#1867 = CARTESIAN_POINT('',(3.346704894801,10.70082238276));
#1868 = CARTESIAN_POINT('',(3.322344962969,10.423224607104));
#1869 = CARTESIAN_POINT('',(3.311140800395,10.305589307522));
#1870 = CARTESIAN_POINT('',(3.299657778213,10.195329555947));
#1871 = CARTESIAN_POINT('',(3.287906964048,10.093052899714));
#1872 = CARTESIAN_POINT('',(3.275900128187,9.999349860771));
#1873 = CARTESIAN_POINT('',(3.244400171985,9.78193528938));
#1874 = CARTESIAN_POINT('',(3.224517628957,9.671447818455));
#1875 = CARTESIAN_POINT('',(3.204146493258,9.586398428214));
#1876 = CARTESIAN_POINT('',(3.183435138723,9.528866982562));
#1877 = CARTESIAN_POINT('',(3.16253343933,9.5));
#1878 = CARTESIAN_POINT('',(3.120327462299,9.5));
#1879 = CARTESIAN_POINT('',(3.099103959923,9.529768305576));
#1880 = CARTESIAN_POINT('',(3.078079701324,9.589085558998));
#1881 = CARTESIAN_POINT('',(3.057410803476,9.676736499124));
#1882 = CARTESIAN_POINT('',(3.037251819919,9.790520559472));
#1883 = CARTESIAN_POINT('',(3.006060026698,10.009156953808));
#1884 = CARTESIAN_POINT('',(2.994591274853,10.099442555346));
#1885 = CARTESIAN_POINT('',(2.983357622627,10.19754627477));
#1886 = CARTESIAN_POINT('',(2.97236931369,10.302950336205));
#1887 = CARTESIAN_POINT('',(2.961636002985,10.415122943764));
#1888 = CARTESIAN_POINT('',(2.937537022487,10.68764921244));
#1889 = CARTESIAN_POINT('',(2.924352709649,10.852348951713));
#1890 = CARTESIAN_POINT('',(2.911614354119,11.026635305768));
#1891 = CARTESIAN_POINT('',(2.89932191407,11.209611369031));
#1892 = CARTESIAN_POINT('',(2.887474444793,11.400461464732));
#1893 = CARTESIAN_POINT('',(2.867280978286,11.751025919372));
#1894 = CARTESIAN_POINT('',(2.858753459358,11.90787069944));
#1895 = CARTESIAN_POINT('',(2.850484752149,12.068680523548));
#1896 = CARTESIAN_POINT('',(2.842472346902,12.233184259814));
#1897 = CARTESIAN_POINT('',(2.834713722539,12.401142750231));
#1898 = CARTESIAN_POINT('',(2.821162588002,12.710177011525));
#1899 = CARTESIAN_POINT('',(2.815281732883,12.850108046675));
#1900 = CARTESIAN_POINT('',(2.809562526551,12.992032774066));
#1901 = CARTESIAN_POINT('',(2.804003858123,13.135850504708));
#1902 = CARTESIAN_POINT('',(2.79860476059,13.281469002678));
#1903 = CARTESIAN_POINT('',(2.775335386587,13.935700989642));
#1904 = CARTESIAN_POINT('',(2.759173452771,14.463252600663));
#1905 = CARTESIAN_POINT('',(2.744863806442,15.007677475813));
#1906 = CARTESIAN_POINT('',(2.732400989237,15.566092819856));
#1907 = CARTESIAN_POINT('',(2.721788000488,16.13625125022));
#1908 = CARTESIAN_POINT('',(2.704988805778,17.250055716382));
#1909 = CARTESIAN_POINT('',(2.698519694004,17.79201489173));
#1910 = CARTESIAN_POINT('',(2.693652609792,18.339965839242));
#1911 = CARTESIAN_POINT('',(2.690402122554,18.891891205362));
#1912 = CARTESIAN_POINT('',(2.688776058845,19.445870497883));
#1913 = CARTESIAN_POINT('',(2.688776058845,20.556503720299));
#1914 = CARTESIAN_POINT('',(2.690416086399,21.112854036525));
#1915 = CARTESIAN_POINT('',(2.693694459329,21.667123896237));
#1916 = CARTESIAN_POINT('',(2.698603226006,22.217369122791));
#1917 = CARTESIAN_POINT('',(2.705127594629,22.761546558665));
#1918 = CARTESIAN_POINT('',(2.721899823658,23.868540286635));
#1919 = CARTESIAN_POINT('',(2.732361408636,24.430044090123));
#1920 = CARTESIAN_POINT('',(2.74461766585,24.980147731372));
#1921 = CARTESIAN_POINT('',(2.758665568507,25.516701169616));
#1922 = CARTESIAN_POINT('',(2.774510114943,26.036960555993));
#1923 = CARTESIAN_POINT('',(2.797388523967,26.685383682948));
#1924 = CARTESIAN_POINT('',(2.80277127212,26.831710737109));
#1925 = CARTESIAN_POINT('',(2.808314267761,26.976241363876));
#1926 = CARTESIAN_POINT('',(2.81401846787,27.118883488324));
#1927 = CARTESIAN_POINT('',(2.819884976963,27.259536643106));
#1928 = CARTESIAN_POINT('',(2.833561458371,27.573786608922));
#1929 = CARTESIAN_POINT('',(2.841470739402,27.746104697912));
#1930 = CARTESIAN_POINT('',(2.849645601942,27.914826936977));
#1931 = CARTESIAN_POINT('',(2.858088745365,28.0796989941));
#1932 = CARTESIAN_POINT('',(2.866802856658,28.240431503699));
#1933 = CARTESIAN_POINT('',(2.887059625468,28.592632535701));
#1934 = CARTESIAN_POINT('',(2.898761491582,28.781593850946));
#1935 = CARTESIAN_POINT('',(2.910898366534,28.962875093501));
#1936 = CARTESIAN_POINT('',(2.923471280607,29.135690872322));
#1937 = CARTESIAN_POINT('',(2.936480412378,29.299177617233));
#1938 = CARTESIAN_POINT('',(2.96084034421,29.57677539289));
#1939 = CARTESIAN_POINT('',(2.972044506785,29.69441069248));
#1940 = CARTESIAN_POINT('',(2.983527528967,29.804670444057));
#1941 = CARTESIAN_POINT('',(2.995278343132,29.906947100285));
#1942 = CARTESIAN_POINT('',(3.007285178991,30.000650139224));
#1943 = CARTESIAN_POINT('',(3.03878412317,30.21805772556));
#1944 = CARTESIAN_POINT('',(3.058667189474,30.328551623145));
#1945 = CARTESIAN_POINT('',(3.079039564204,30.413607157349));
#1946 = CARTESIAN_POINT('',(3.09975201482,30.471138270016));
#1947 = CARTESIAN_POINT('',(3.120653771465,30.5));
#1948 = CARTESIAN_POINT('',(3.14159265359,30.5));
#1949 = ( GEOMETRIC_REPRESENTATION_CONTEXT(2) 
PARAMETRIC_REPRESENTATION_CONTEXT() REPRESENTATION_CONTEXT('2D SPACE',''
  ) );
#1950 = ORIENTED_EDGE('',*,*,#1951,.F.);
#1951 = EDGE_CURVE('',#1952,#1502,#1954,.T.);
#1952 = VERTEX_POINT('',#1953);
#1953 = CARTESIAN_POINT('',(67.15,2.571758278209E-15,3.8905E+03));
#1954 = SEAM_CURVE('',#1955,(#1959,#1966),.PCURVE_S1.);
#1955 = LINE('',#1956,#1957);
#1956 = CARTESIAN_POINT('',(66.15,2.571758278209E-15,3.8905E+03));
#1957 = VECTOR('',#1958,1.);
#1958 = DIRECTION('',(1.,0.,0.));
#1959 = PCURVE('',#1649,#1960);
#1960 = DEFINITIONAL_REPRESENTATION('',(#1961),#1965);
#1961 = LINE('',#1962,#1963);
#1962 = CARTESIAN_POINT('',(6.28318530718,-0.));
#1963 = VECTOR('',#1964,1.);
#1964 = DIRECTION('',(0.,1.));
#1965 = ( GEOMETRIC_REPRESENTATION_CONTEXT(2) 
PARAMETRIC_REPRESENTATION_CONTEXT() REPRESENTATION_CONTEXT('2D SPACE',''
  ) );
#1966 = PCURVE('',#1649,#1967);
#1967 = DEFINITIONAL_REPRESENTATION('',(#1968),#1972);
#1968 = LINE('',#1969,#1970);
#1969 = CARTESIAN_POINT('',(0.,-0.));
#1970 = VECTOR('',#1971,1.);
#1971 = DIRECTION('',(0.,1.));
#1972 = ( GEOMETRIC_REPRESENTATION_CONTEXT(2) 
PARAMETRIC_REPRESENTATION_CONTEXT() REPRESENTATION_CONTEXT('2D SPACE',''
  ) );
#1973 = ORIENTED_EDGE('',*,*,#1974,.T.);
#1974 = EDGE_CURVE('',#1952,#1952,#1975,.T.);
#1975 = SURFACE_CURVE('',#1976,(#1981,#1988),.PCURVE_S1.);
#1976 = CIRCLE('',#1977,10.5);
#1977 = AXIS2_PLACEMENT_3D('',#1978,#1979,#1980);
#1978 = CARTESIAN_POINT('',(67.15,0.,3.88E+03));
#1979 = DIRECTION('',(1.,0.,0.));
#1980 = DIRECTION('',(-0.,0.,1.));
#1981 = PCURVE('',#1649,#1982);
#1982 = DEFINITIONAL_REPRESENTATION('',(#1983),#1987);
#1983 = LINE('',#1984,#1985);
#1984 = CARTESIAN_POINT('',(0.,1.));
#1985 = VECTOR('',#1986,1.);
#1986 = DIRECTION('',(1.,0.));
#1987 = ( GEOMETRIC_REPRESENTATION_CONTEXT(2) 
PARAMETRIC_REPRESENTATION_CONTEXT() REPRESENTATION_CONTEXT('2D SPACE',''
  ) );
#1988 = PCURVE('',#1989,#1994);
#1989 = PLANE('',#1990);
#1990 = AXIS2_PLACEMENT_3D('',#1991,#1992,#1993);
#1991 = CARTESIAN_POINT('',(67.15,-30.,3.835E+03));
#1992 = DIRECTION('',(1.,0.,-0.));
#1993 = DIRECTION('',(0.,0.,1.));
#1994 = DEFINITIONAL_REPRESENTATION('',(#1995),#1999);
#1995 = CIRCLE('',#1996,10.5);
#1996 = AXIS2_PLACEMENT_2D('',#1997,#1998);
#1997 = CARTESIAN_POINT('',(45.,-30.));
#1998 = DIRECTION('',(1.,0.));
#1999 = ( GEOMETRIC_REPRESENTATION_CONTEXT(2) 
PARAMETRIC_REPRESENTATION_CONTEXT() REPRESENTATION_CONTEXT('2D SPACE',''
  ) );
#2000 = ORIENTED_EDGE('',*,*,#1951,.T.);
#2001 = ADVANCED_FACE('',(#2002),#1800,.F.);
#2002 = FACE_BOUND('',#2003,.F.);
#2003 = EDGE_LOOP('',(#2004));
#2004 = ORIENTED_EDGE('',*,*,#1501,.F.);
#2005 = ADVANCED_FACE('',(#2006),#1989,.F.);
#2006 = FACE_BOUND('',#2007,.F.);
#2007 = EDGE_LOOP('',(#2008));
#2008 = ORIENTED_EDGE('',*,*,#1974,.T.);
#2009 = MANIFOLD_SOLID_BREP('',#2010);
#2010 = CLOSED_SHELL('',(#2011,#2129,#2202,#2247,#2295,#2320));
#2011 = ADVANCED_FACE('',(#2012),#2027,.T.);
#2012 = FACE_BOUND('',#2013,.T.);
#2013 = EDGE_LOOP('',(#2014,#2050,#2076,#2105));
#2014 = ORIENTED_EDGE('',*,*,#2015,.F.);
#2015 = EDGE_CURVE('',#2016,#2018,#2020,.T.);
#2016 = VERTEX_POINT('',#2017);
#2017 = CARTESIAN_POINT('',(56.15,14.331085094995,3.88E+03));
#2018 = VERTEX_POINT('',#2019);
#2019 = CARTESIAN_POINT('',(56.15,-14.33108509499,3.88E+03));
#2020 = SURFACE_CURVE('',#2021,(#2026,#2038),.PCURVE_S1.);
#2021 = CIRCLE('',#2022,57.95);
#2022 = AXIS2_PLACEMENT_3D('',#2023,#2024,#2025);
#2023 = CARTESIAN_POINT('',(0.,0.,3.88E+03));
#2024 = DIRECTION('',(0.,0.,1.));
#2025 = DIRECTION('',(1.,0.,-0.));
#2026 = PCURVE('',#2027,#2032);
#2027 = CYLINDRICAL_SURFACE('',#2028,57.95);
#2028 = AXIS2_PLACEMENT_3D('',#2029,#2030,#2031);
#2029 = CARTESIAN_POINT('',(0.,0.,3.868E+03));
#2030 = DIRECTION('',(0.,0.,1.));
#2031 = DIRECTION('',(1.,0.,-0.));
#2032 = DEFINITIONAL_REPRESENTATION('',(#2033),#2037);
#2033 = LINE('',#2034,#2035);
#2034 = CARTESIAN_POINT('',(0.,12.));
#2035 = VECTOR('',#2036,1.);
#2036 = DIRECTION('',(1.,0.));
#2037 = ( GEOMETRIC_REPRESENTATION_CONTEXT(2) 
PARAMETRIC_REPRESENTATION_CONTEXT() REPRESENTATION_CONTEXT('2D SPACE',''
  ) );
#2038 = PCURVE('',#2039,#2044);
#2039 = PLANE('',#2040);
#2040 = AXIS2_PLACEMENT_3D('',#2041,#2042,#2043);
#2041 = CARTESIAN_POINT('',(0.,0.,3.88E+03));
#2042 = DIRECTION('',(0.,0.,1.));
#2043 = DIRECTION('',(1.,0.,-0.));
#2044 = DEFINITIONAL_REPRESENTATION('',(#2045),#2049);
#2045 = CIRCLE('',#2046,57.95);
#2046 = AXIS2_PLACEMENT_2D('',#2047,#2048);
#2047 = CARTESIAN_POINT('',(0.,0.));
#2048 = DIRECTION('',(1.,0.));
#2049 = ( GEOMETRIC_REPRESENTATION_CONTEXT(2) 
PARAMETRIC_REPRESENTATION_CONTEXT() REPRESENTATION_CONTEXT('2D SPACE',''
  ) );
#2050 = ORIENTED_EDGE('',*,*,#2051,.F.);
#2051 = EDGE_CURVE('',#2052,#2016,#2054,.T.);
#2052 = VERTEX_POINT('',#2053);
#2053 = CARTESIAN_POINT('',(56.15,14.331085094995,3.868E+03));
#2054 = SURFACE_CURVE('',#2055,(#2059,#2065),.PCURVE_S1.);
#2055 = LINE('',#2056,#2057);
#2056 = CARTESIAN_POINT('',(56.15,14.331085094995,3.868E+03));
#2057 = VECTOR('',#2058,1.);
#2058 = DIRECTION('',(0.,0.,1.));
#2059 = PCURVE('',#2027,#2060);
#2060 = DEFINITIONAL_REPRESENTATION('',(#2061),#2064);
#2061 = B_SPLINE_CURVE_WITH_KNOTS('',1,(#2062,#2063),.UNSPECIFIED.,.F.,
  .F.,(2,2),(-6.000000212225E-07,12.0000006),.PIECEWISE_BEZIER_KNOTS.);
#2062 = CARTESIAN_POINT('',(0.249893598843,-6.000000212225E-07));
#2063 = CARTESIAN_POINT('',(0.249893598843,12.0000006));
#2064 = ( GEOMETRIC_REPRESENTATION_CONTEXT(2) 
PARAMETRIC_REPRESENTATION_CONTEXT() REPRESENTATION_CONTEXT('2D SPACE',''
  ) );
#2065 = PCURVE('',#2066,#2071);
#2066 = PLANE('',#2067);
#2067 = AXIS2_PLACEMENT_3D('',#2068,#2069,#2070);
#2068 = CARTESIAN_POINT('',(56.15,-30.,3.86E+03));
#2069 = DIRECTION('',(1.,0.,-0.));
#2070 = DIRECTION('',(0.,0.,1.));
#2071 = DEFINITIONAL_REPRESENTATION('',(#2072),#2075);
#2072 = B_SPLINE_CURVE_WITH_KNOTS('',1,(#2073,#2074),.UNSPECIFIED.,.F.,
  .F.,(2,2),(-6.000000212225E-07,12.0000006),.PIECEWISE_BEZIER_KNOTS.);
#2073 = CARTESIAN_POINT('',(7.9999994,-44.33108509499));
#2074 = CARTESIAN_POINT('',(20.0000006,-44.33108509499));
#2075 = ( GEOMETRIC_REPRESENTATION_CONTEXT(2) 
PARAMETRIC_REPRESENTATION_CONTEXT() REPRESENTATION_CONTEXT('2D SPACE',''
  ) );
#2076 = ORIENTED_EDGE('',*,*,#2077,.T.);
#2077 = EDGE_CURVE('',#2052,#2078,#2080,.T.);
#2078 = VERTEX_POINT('',#2079);
#2079 = CARTESIAN_POINT('',(56.15,-14.33108509499,3.868E+03));
#2080 = SURFACE_CURVE('',#2081,(#2086,#2093),.PCURVE_S1.);
#2081 = CIRCLE('',#2082,57.95);
#2082 = AXIS2_PLACEMENT_3D('',#2083,#2084,#2085);
#2083 = CARTESIAN_POINT('',(0.,0.,3.868E+03));
#2084 = DIRECTION('',(0.,0.,1.));
#2085 = DIRECTION('',(1.,0.,-0.));
#2086 = PCURVE('',#2027,#2087);
#2087 = DEFINITIONAL_REPRESENTATION('',(#2088),#2092);
#2088 = LINE('',#2089,#2090);
#2089 = CARTESIAN_POINT('',(0.,0.));
#2090 = VECTOR('',#2091,1.);
#2091 = DIRECTION('',(1.,0.));
#2092 = ( GEOMETRIC_REPRESENTATION_CONTEXT(2) 
PARAMETRIC_REPRESENTATION_CONTEXT() REPRESENTATION_CONTEXT('2D SPACE',''
  ) );
#2093 = PCURVE('',#2094,#2099);
#2094 = PLANE('',#2095);
#2095 = AXIS2_PLACEMENT_3D('',#2096,#2097,#2098);
#2096 = CARTESIAN_POINT('',(0.,0.,3.868E+03));
#2097 = DIRECTION('',(0.,0.,1.));
#2098 = DIRECTION('',(1.,0.,-0.));
#2099 = DEFINITIONAL_REPRESENTATION('',(#2100),#2104);
#2100 = CIRCLE('',#2101,57.95);
#2101 = AXIS2_PLACEMENT_2D('',#2102,#2103);
#2102 = CARTESIAN_POINT('',(0.,0.));
#2103 = DIRECTION('',(1.,0.));
#2104 = ( GEOMETRIC_REPRESENTATION_CONTEXT(2) 
PARAMETRIC_REPRESENTATION_CONTEXT() REPRESENTATION_CONTEXT('2D SPACE',''
  ) );
#2105 = ORIENTED_EDGE('',*,*,#2106,.T.);
#2106 = EDGE_CURVE('',#2078,#2018,#2107,.T.);
#2107 = SURFACE_CURVE('',#2108,(#2112,#2118),.PCURVE_S1.);
#2108 = LINE('',#2109,#2110);
#2109 = CARTESIAN_POINT('',(56.15,-14.33108509499,3.868E+03));
#2110 = VECTOR('',#2111,1.);
#2111 = DIRECTION('',(0.,0.,1.));
#2112 = PCURVE('',#2027,#2113);
#2113 = DEFINITIONAL_REPRESENTATION('',(#2114),#2117);
#2114 = B_SPLINE_CURVE_WITH_KNOTS('',1,(#2115,#2116),.UNSPECIFIED.,.F.,
  .F.,(2,2),(-6.000000212225E-07,12.0000006),.PIECEWISE_BEZIER_KNOTS.);
#2115 = CARTESIAN_POINT('',(6.033291708336,-6.000000212225E-07));
#2116 = CARTESIAN_POINT('',(6.033291708336,12.0000006));
#2117 = ( GEOMETRIC_REPRESENTATION_CONTEXT(2) 
PARAMETRIC_REPRESENTATION_CONTEXT() REPRESENTATION_CONTEXT('2D SPACE',''
  ) );
#2118 = PCURVE('',#2119,#2124);
#2119 = PLANE('',#2120);
#2120 = AXIS2_PLACEMENT_3D('',#2121,#2122,#2123);
#2121 = CARTESIAN_POINT('',(56.15,-30.,3.86E+03));
#2122 = DIRECTION('',(1.,0.,-0.));
#2123 = DIRECTION('',(0.,0.,1.));
#2124 = DEFINITIONAL_REPRESENTATION('',(#2125),#2128);
#2125 = B_SPLINE_CURVE_WITH_KNOTS('',1,(#2126,#2127),.UNSPECIFIED.,.F.,
  .F.,(2,2),(-6.000000212225E-07,12.0000006),.PIECEWISE_BEZIER_KNOTS.);
#2126 = CARTESIAN_POINT('',(7.9999994,-15.668914905));
#2127 = CARTESIAN_POINT('',(20.0000006,-15.668914905));
#2128 = ( GEOMETRIC_REPRESENTATION_CONTEXT(2) 
PARAMETRIC_REPRESENTATION_CONTEXT() REPRESENTATION_CONTEXT('2D SPACE',''
  ) );
#2129 = ADVANCED_FACE('',(#2130),#2039,.T.);
#2130 = FACE_BOUND('',#2131,.T.);
#2131 = EDGE_LOOP('',(#2132,#2153,#2154,#2175));
#2132 = ORIENTED_EDGE('',*,*,#2133,.T.);
#2133 = EDGE_CURVE('',#2134,#2016,#2136,.T.);
#2134 = VERTEX_POINT('',#2135);
#2135 = CARTESIAN_POINT('',(56.15,10.644247272588,3.88E+03));
#2136 = SURFACE_CURVE('',#2137,(#2141,#2147),.PCURVE_S1.);
#2137 = LINE('',#2138,#2139);
#2138 = CARTESIAN_POINT('',(56.15,-15.,3.88E+03));
#2139 = VECTOR('',#2140,1.);
#2140 = DIRECTION('',(-0.,1.,0.));
#2141 = PCURVE('',#2039,#2142);
#2142 = DEFINITIONAL_REPRESENTATION('',(#2143),#2146);
#2143 = B_SPLINE_CURVE_WITH_KNOTS('',1,(#2144,#2145),.UNSPECIFIED.,.F.,
  .F.,(2,2),(-15.,45.),.PIECEWISE_BEZIER_KNOTS.);
#2144 = CARTESIAN_POINT('',(56.15,-30.));
#2145 = CARTESIAN_POINT('',(56.15,30.));
#2146 = ( GEOMETRIC_REPRESENTATION_CONTEXT(2) 
PARAMETRIC_REPRESENTATION_CONTEXT() REPRESENTATION_CONTEXT('2D SPACE',''
  ) );
#2147 = PCURVE('',#2066,#2148);
#2148 = DEFINITIONAL_REPRESENTATION('',(#2149),#2152);
#2149 = B_SPLINE_CURVE_WITH_KNOTS('',1,(#2150,#2151),.UNSPECIFIED.,.F.,
  .F.,(2,2),(-15.,45.),.PIECEWISE_BEZIER_KNOTS.);
#2150 = CARTESIAN_POINT('',(20.,0.));
#2151 = CARTESIAN_POINT('',(20.,-60.));
#2152 = ( GEOMETRIC_REPRESENTATION_CONTEXT(2) 
PARAMETRIC_REPRESENTATION_CONTEXT() REPRESENTATION_CONTEXT('2D SPACE',''
  ) );
#2153 = ORIENTED_EDGE('',*,*,#2015,.T.);
#2154 = ORIENTED_EDGE('',*,*,#2155,.T.);
#2155 = EDGE_CURVE('',#2018,#2156,#2158,.T.);
#2156 = VERTEX_POINT('',#2157);
#2157 = CARTESIAN_POINT('',(56.15,-10.64424727258,3.88E+03));
#2158 = SURFACE_CURVE('',#2159,(#2163,#2169),.PCURVE_S1.);
#2159 = LINE('',#2160,#2161);
#2160 = CARTESIAN_POINT('',(56.15,-15.,3.88E+03));
#2161 = VECTOR('',#2162,1.);
#2162 = DIRECTION('',(-0.,1.,0.));
#2163 = PCURVE('',#2039,#2164);
#2164 = DEFINITIONAL_REPRESENTATION('',(#2165),#2168);
#2165 = B_SPLINE_CURVE_WITH_KNOTS('',1,(#2166,#2167),.UNSPECIFIED.,.F.,
  .F.,(2,2),(-15.,45.),.PIECEWISE_BEZIER_KNOTS.);
#2166 = CARTESIAN_POINT('',(56.15,-30.));
#2167 = CARTESIAN_POINT('',(56.15,30.));
#2168 = ( GEOMETRIC_REPRESENTATION_CONTEXT(2) 
PARAMETRIC_REPRESENTATION_CONTEXT() REPRESENTATION_CONTEXT('2D SPACE',''
  ) );
#2169 = PCURVE('',#2119,#2170);
#2170 = DEFINITIONAL_REPRESENTATION('',(#2171),#2174);
#2171 = B_SPLINE_CURVE_WITH_KNOTS('',1,(#2172,#2173),.UNSPECIFIED.,.F.,
  .F.,(2,2),(-15.,45.),.PIECEWISE_BEZIER_KNOTS.);
#2172 = CARTESIAN_POINT('',(20.,0.));
#2173 = CARTESIAN_POINT('',(20.,-60.));
#2174 = ( GEOMETRIC_REPRESENTATION_CONTEXT(2) 
PARAMETRIC_REPRESENTATION_CONTEXT() REPRESENTATION_CONTEXT('2D SPACE',''
  ) );
#2175 = ORIENTED_EDGE('',*,*,#2176,.F.);
#2176 = EDGE_CURVE('',#2134,#2156,#2177,.T.);
#2177 = SURFACE_CURVE('',#2178,(#2183,#2190),.PCURVE_S1.);
#2178 = CIRCLE('',#2179,57.15);
#2179 = AXIS2_PLACEMENT_3D('',#2180,#2181,#2182);
#2180 = CARTESIAN_POINT('',(0.,0.,3.88E+03));
#2181 = DIRECTION('',(0.,0.,1.));
#2182 = DIRECTION('',(1.,0.,-0.));
#2183 = PCURVE('',#2039,#2184);
#2184 = DEFINITIONAL_REPRESENTATION('',(#2185),#2189);
#2185 = CIRCLE('',#2186,57.15);
#2186 = AXIS2_PLACEMENT_2D('',#2187,#2188);
#2187 = CARTESIAN_POINT('',(0.,0.));
#2188 = DIRECTION('',(1.,0.));
#2189 = ( GEOMETRIC_REPRESENTATION_CONTEXT(2) 
PARAMETRIC_REPRESENTATION_CONTEXT() REPRESENTATION_CONTEXT('2D SPACE',''
  ) );
#2190 = PCURVE('',#2191,#2196);
#2191 = CYLINDRICAL_SURFACE('',#2192,57.15);
#2192 = AXIS2_PLACEMENT_3D('',#2193,#2194,#2195);
#2193 = CARTESIAN_POINT('',(0.,0.,3.867E+03));
#2194 = DIRECTION('',(0.,0.,1.));
#2195 = DIRECTION('',(1.,0.,-0.));
#2196 = DEFINITIONAL_REPRESENTATION('',(#2197),#2201);
#2197 = LINE('',#2198,#2199);
#2198 = CARTESIAN_POINT('',(0.,13.));
#2199 = VECTOR('',#2200,1.);
#2200 = DIRECTION('',(1.,0.));
#2201 = ( GEOMETRIC_REPRESENTATION_CONTEXT(2) 
PARAMETRIC_REPRESENTATION_CONTEXT() REPRESENTATION_CONTEXT('2D SPACE',''
  ) );
#2202 = ADVANCED_FACE('',(#2203),#2119,.T.);
#2203 = FACE_BOUND('',#2204,.T.);
#2204 = EDGE_LOOP('',(#2205,#2206,#2227,#2246));
#2205 = ORIENTED_EDGE('',*,*,#2106,.F.);
#2206 = ORIENTED_EDGE('',*,*,#2207,.T.);
#2207 = EDGE_CURVE('',#2078,#2208,#2210,.T.);
#2208 = VERTEX_POINT('',#2209);
#2209 = CARTESIAN_POINT('',(56.15,-10.64424727258,3.868E+03));
#2210 = SURFACE_CURVE('',#2211,(#2215,#2221),.PCURVE_S1.);
#2211 = LINE('',#2212,#2213);
#2212 = CARTESIAN_POINT('',(56.15,-15.,3.868E+03));
#2213 = VECTOR('',#2214,1.);
#2214 = DIRECTION('',(-0.,1.,0.));
#2215 = PCURVE('',#2119,#2216);
#2216 = DEFINITIONAL_REPRESENTATION('',(#2217),#2220);
#2217 = B_SPLINE_CURVE_WITH_KNOTS('',1,(#2218,#2219),.UNSPECIFIED.,.F.,
  .F.,(2,2),(-15.,45.),.PIECEWISE_BEZIER_KNOTS.);
#2218 = CARTESIAN_POINT('',(8.,0.));
#2219 = CARTESIAN_POINT('',(8.,-60.));
#2220 = ( GEOMETRIC_REPRESENTATION_CONTEXT(2) 
PARAMETRIC_REPRESENTATION_CONTEXT() REPRESENTATION_CONTEXT('2D SPACE',''
  ) );
#2221 = PCURVE('',#2094,#2222);
#2222 = DEFINITIONAL_REPRESENTATION('',(#2223),#2226);
#2223 = B_SPLINE_CURVE_WITH_KNOTS('',1,(#2224,#2225),.UNSPECIFIED.,.F.,
  .F.,(2,2),(-15.,45.),.PIECEWISE_BEZIER_KNOTS.);
#2224 = CARTESIAN_POINT('',(56.15,-30.));
#2225 = CARTESIAN_POINT('',(56.15,30.));
#2226 = ( GEOMETRIC_REPRESENTATION_CONTEXT(2) 
PARAMETRIC_REPRESENTATION_CONTEXT() REPRESENTATION_CONTEXT('2D SPACE',''
  ) );
#2227 = ORIENTED_EDGE('',*,*,#2228,.T.);
#2228 = EDGE_CURVE('',#2208,#2156,#2229,.T.);
#2229 = SURFACE_CURVE('',#2230,(#2234,#2240),.PCURVE_S1.);
#2230 = LINE('',#2231,#2232);
#2231 = CARTESIAN_POINT('',(56.15,-10.64424727258,3.867E+03));
#2232 = VECTOR('',#2233,1.);
#2233 = DIRECTION('',(0.,0.,1.));
#2234 = PCURVE('',#2119,#2235);
#2235 = DEFINITIONAL_REPRESENTATION('',(#2236),#2239);
#2236 = B_SPLINE_CURVE_WITH_KNOTS('',1,(#2237,#2238),.UNSPECIFIED.,.F.,
  .F.,(2,2),(0.9999994,13.0000006),.PIECEWISE_BEZIER_KNOTS.);
#2237 = CARTESIAN_POINT('',(7.9999994,-19.35575272741));
#2238 = CARTESIAN_POINT('',(20.0000006,-19.35575272741));
#2239 = ( GEOMETRIC_REPRESENTATION_CONTEXT(2) 
PARAMETRIC_REPRESENTATION_CONTEXT() REPRESENTATION_CONTEXT('2D SPACE',''
  ) );
#2240 = PCURVE('',#2191,#2241);
#2241 = DEFINITIONAL_REPRESENTATION('',(#2242),#2245);
#2242 = B_SPLINE_CURVE_WITH_KNOTS('',1,(#2243,#2244),.UNSPECIFIED.,.F.,
  .F.,(2,2),(0.9999994,13.0000006),.PIECEWISE_BEZIER_KNOTS.);
#2243 = CARTESIAN_POINT('',(6.095840271832,0.9999994));
#2244 = CARTESIAN_POINT('',(6.095840271832,13.0000006));
#2245 = ( GEOMETRIC_REPRESENTATION_CONTEXT(2) 
PARAMETRIC_REPRESENTATION_CONTEXT() REPRESENTATION_CONTEXT('2D SPACE',''
  ) );
#2246 = ORIENTED_EDGE('',*,*,#2155,.F.);
#2247 = ADVANCED_FACE('',(#2248),#2094,.F.);
#2248 = FACE_BOUND('',#2249,.F.);
#2249 = EDGE_LOOP('',(#2250,#2271,#2272,#2273));
#2250 = ORIENTED_EDGE('',*,*,#2251,.T.);
#2251 = EDGE_CURVE('',#2252,#2052,#2254,.T.);
#2252 = VERTEX_POINT('',#2253);
#2253 = CARTESIAN_POINT('',(56.15,10.644247272588,3.868E+03));
#2254 = SURFACE_CURVE('',#2255,(#2259,#2265),.PCURVE_S1.);
#2255 = LINE('',#2256,#2257);
#2256 = CARTESIAN_POINT('',(56.15,-15.,3.868E+03));
#2257 = VECTOR('',#2258,1.);
#2258 = DIRECTION('',(-0.,1.,0.));
#2259 = PCURVE('',#2094,#2260);
#2260 = DEFINITIONAL_REPRESENTATION('',(#2261),#2264);
#2261 = B_SPLINE_CURVE_WITH_KNOTS('',1,(#2262,#2263),.UNSPECIFIED.,.F.,
  .F.,(2,2),(-15.,45.),.PIECEWISE_BEZIER_KNOTS.);
#2262 = CARTESIAN_POINT('',(56.15,-30.));
#2263 = CARTESIAN_POINT('',(56.15,30.));
#2264 = ( GEOMETRIC_REPRESENTATION_CONTEXT(2) 
PARAMETRIC_REPRESENTATION_CONTEXT() REPRESENTATION_CONTEXT('2D SPACE',''
  ) );
#2265 = PCURVE('',#2066,#2266);
#2266 = DEFINITIONAL_REPRESENTATION('',(#2267),#2270);
#2267 = B_SPLINE_CURVE_WITH_KNOTS('',1,(#2268,#2269),.UNSPECIFIED.,.F.,
  .F.,(2,2),(-15.,45.),.PIECEWISE_BEZIER_KNOTS.);
#2268 = CARTESIAN_POINT('',(8.,0.));
#2269 = CARTESIAN_POINT('',(8.,-60.));
#2270 = ( GEOMETRIC_REPRESENTATION_CONTEXT(2) 
PARAMETRIC_REPRESENTATION_CONTEXT() REPRESENTATION_CONTEXT('2D SPACE',''
  ) );
#2271 = ORIENTED_EDGE('',*,*,#2077,.T.);
#2272 = ORIENTED_EDGE('',*,*,#2207,.T.);
#2273 = ORIENTED_EDGE('',*,*,#2274,.F.);
#2274 = EDGE_CURVE('',#2252,#2208,#2275,.T.);
#2275 = SURFACE_CURVE('',#2276,(#2281,#2288),.PCURVE_S1.);
#2276 = CIRCLE('',#2277,57.15);
#2277 = AXIS2_PLACEMENT_3D('',#2278,#2279,#2280);
#2278 = CARTESIAN_POINT('',(0.,0.,3.868E+03));
#2279 = DIRECTION('',(0.,0.,1.));
#2280 = DIRECTION('',(1.,0.,-0.));
#2281 = PCURVE('',#2094,#2282);
#2282 = DEFINITIONAL_REPRESENTATION('',(#2283),#2287);
#2283 = CIRCLE('',#2284,57.15);
#2284 = AXIS2_PLACEMENT_2D('',#2285,#2286);
#2285 = CARTESIAN_POINT('',(0.,0.));
#2286 = DIRECTION('',(1.,0.));
#2287 = ( GEOMETRIC_REPRESENTATION_CONTEXT(2) 
PARAMETRIC_REPRESENTATION_CONTEXT() REPRESENTATION_CONTEXT('2D SPACE',''
  ) );
#2288 = PCURVE('',#2191,#2289);
#2289 = DEFINITIONAL_REPRESENTATION('',(#2290),#2294);
#2290 = LINE('',#2291,#2292);
#2291 = CARTESIAN_POINT('',(0.,1.));
#2292 = VECTOR('',#2293,1.);
#2293 = DIRECTION('',(1.,0.));
#2294 = ( GEOMETRIC_REPRESENTATION_CONTEXT(2) 
PARAMETRIC_REPRESENTATION_CONTEXT() REPRESENTATION_CONTEXT('2D SPACE',''
  ) );
#2295 = ADVANCED_FACE('',(#2296),#2066,.T.);
#2296 = FACE_BOUND('',#2297,.T.);
#2297 = EDGE_LOOP('',(#2298,#2299,#2300,#2301));
#2298 = ORIENTED_EDGE('',*,*,#2251,.T.);
#2299 = ORIENTED_EDGE('',*,*,#2051,.T.);
#2300 = ORIENTED_EDGE('',*,*,#2133,.F.);
#2301 = ORIENTED_EDGE('',*,*,#2302,.F.);
#2302 = EDGE_CURVE('',#2252,#2134,#2303,.T.);
#2303 = SURFACE_CURVE('',#2304,(#2308,#2314),.PCURVE_S1.);
#2304 = LINE('',#2305,#2306);
#2305 = CARTESIAN_POINT('',(56.15,10.644247272588,3.867E+03));
#2306 = VECTOR('',#2307,1.);
#2307 = DIRECTION('',(0.,0.,1.));
#2308 = PCURVE('',#2066,#2309);
#2309 = DEFINITIONAL_REPRESENTATION('',(#2310),#2313);
#2310 = B_SPLINE_CURVE_WITH_KNOTS('',1,(#2311,#2312),.UNSPECIFIED.,.F.,
  .F.,(2,2),(0.9999994,13.0000006),.PIECEWISE_BEZIER_KNOTS.);
#2311 = CARTESIAN_POINT('',(7.9999994,-40.64424727258));
#2312 = CARTESIAN_POINT('',(20.0000006,-40.64424727258));
#2313 = ( GEOMETRIC_REPRESENTATION_CONTEXT(2) 
PARAMETRIC_REPRESENTATION_CONTEXT() REPRESENTATION_CONTEXT('2D SPACE',''
  ) );
#2314 = PCURVE('',#2191,#2315);
#2315 = DEFINITIONAL_REPRESENTATION('',(#2316),#2319);
#2316 = B_SPLINE_CURVE_WITH_KNOTS('',1,(#2317,#2318),.UNSPECIFIED.,.F.,
  .F.,(2,2),(0.9999994,13.0000006),.PIECEWISE_BEZIER_KNOTS.);
#2317 = CARTESIAN_POINT('',(0.187345035348,0.9999994));
#2318 = CARTESIAN_POINT('',(0.187345035348,13.0000006));
#2319 = ( GEOMETRIC_REPRESENTATION_CONTEXT(2) 
PARAMETRIC_REPRESENTATION_CONTEXT() REPRESENTATION_CONTEXT('2D SPACE',''
  ) );
#2320 = ADVANCED_FACE('',(#2321),#2191,.F.);
#2321 = FACE_BOUND('',#2322,.F.);
#2322 = EDGE_LOOP('',(#2323,#2324,#2325,#2326));
#2323 = ORIENTED_EDGE('',*,*,#2176,.F.);
#2324 = ORIENTED_EDGE('',*,*,#2302,.F.);
#2325 = ORIENTED_EDGE('',*,*,#2274,.T.);
#2326 = ORIENTED_EDGE('',*,*,#2228,.T.);
#2327 = MANIFOLD_SOLID_BREP('',#2328);
#2328 = CLOSED_SHELL('',(#2329,#2417,#2452,#2487,#2542,#2597,#2632,#2667
    ,#2722,#2772));
#2329 = ADVANCED_FACE('',(#2330),#2344,.T.);
#2330 = FACE_BOUND('',#2331,.T.);
#2331 = EDGE_LOOP('',(#2332,#2362,#2389,#2390));
#2332 = ORIENTED_EDGE('',*,*,#2333,.T.);
#2333 = EDGE_CURVE('',#2334,#2336,#2338,.T.);
#2334 = VERTEX_POINT('',#2335);
#2335 = CARTESIAN_POINT('',(527.15,-4.898587196589E-15,3.942E+03));
#2336 = VERTEX_POINT('',#2337);
#2337 = CARTESIAN_POINT('',(527.15,-4.898587196589E-15,4.E+03));
#2338 = SEAM_CURVE('',#2339,(#2343,#2355),.PCURVE_S1.);
#2339 = LINE('',#2340,#2341);
#2340 = CARTESIAN_POINT('',(527.15,-4.898587196589E-15,3.85E+03));
#2341 = VECTOR('',#2342,1.);
#2342 = DIRECTION('',(0.,0.,1.));
#2343 = PCURVE('',#2344,#2349);
#2344 = CYLINDRICAL_SURFACE('',#2345,20.);
#2345 = AXIS2_PLACEMENT_3D('',#2346,#2347,#2348);
#2346 = CARTESIAN_POINT('',(507.15,0.,3.85E+03));
#2347 = DIRECTION('',(0.,0.,1.));
#2348 = DIRECTION('',(1.,0.,-0.));
#2349 = DEFINITIONAL_REPRESENTATION('',(#2350),#2354);
#2350 = LINE('',#2351,#2352);
#2351 = CARTESIAN_POINT('',(6.28318530718,-0.));
#2352 = VECTOR('',#2353,1.);
#2353 = DIRECTION('',(0.,1.));
#2354 = ( GEOMETRIC_REPRESENTATION_CONTEXT(2) 
PARAMETRIC_REPRESENTATION_CONTEXT() REPRESENTATION_CONTEXT('2D SPACE',''
  ) );
#2355 = PCURVE('',#2344,#2356);
#2356 = DEFINITIONAL_REPRESENTATION('',(#2357),#2361);
#2357 = LINE('',#2358,#2359);
#2358 = CARTESIAN_POINT('',(0.,-0.));
#2359 = VECTOR('',#2360,1.);
#2360 = DIRECTION('',(0.,1.));
#2361 = ( GEOMETRIC_REPRESENTATION_CONTEXT(2) 
PARAMETRIC_REPRESENTATION_CONTEXT() REPRESENTATION_CONTEXT('2D SPACE',''
  ) );
#2362 = ORIENTED_EDGE('',*,*,#2363,.F.);
#2363 = EDGE_CURVE('',#2336,#2336,#2364,.T.);
#2364 = SURFACE_CURVE('',#2365,(#2370,#2377),.PCURVE_S1.);
#2365 = CIRCLE('',#2366,20.);
#2366 = AXIS2_PLACEMENT_3D('',#2367,#2368,#2369);
#2367 = CARTESIAN_POINT('',(507.15,0.,4.E+03));
#2368 = DIRECTION('',(0.,0.,1.));
#2369 = DIRECTION('',(1.,0.,-0.));
#2370 = PCURVE('',#2344,#2371);
#2371 = DEFINITIONAL_REPRESENTATION('',(#2372),#2376);
#2372 = LINE('',#2373,#2374);
#2373 = CARTESIAN_POINT('',(0.,150.));
#2374 = VECTOR('',#2375,1.);
#2375 = DIRECTION('',(1.,0.));
#2376 = ( GEOMETRIC_REPRESENTATION_CONTEXT(2) 
PARAMETRIC_REPRESENTATION_CONTEXT() REPRESENTATION_CONTEXT('2D SPACE',''
  ) );
#2377 = PCURVE('',#2378,#2383);
#2378 = PLANE('',#2379);
#2379 = AXIS2_PLACEMENT_3D('',#2380,#2381,#2382);
#2380 = CARTESIAN_POINT('',(507.15,0.,4.E+03));
#2381 = DIRECTION('',(0.,0.,1.));
#2382 = DIRECTION('',(1.,0.,-0.));
#2383 = DEFINITIONAL_REPRESENTATION('',(#2384),#2388);
#2384 = CIRCLE('',#2385,20.);
#2385 = AXIS2_PLACEMENT_2D('',#2386,#2387);
#2386 = CARTESIAN_POINT('',(0.,0.));
#2387 = DIRECTION('',(1.,0.));
#2388 = ( GEOMETRIC_REPRESENTATION_CONTEXT(2) 
PARAMETRIC_REPRESENTATION_CONTEXT() REPRESENTATION_CONTEXT('2D SPACE',''
  ) );
#2389 = ORIENTED_EDGE('',*,*,#2333,.F.);
#2390 = ORIENTED_EDGE('',*,*,#2391,.T.);
#2391 = EDGE_CURVE('',#2334,#2334,#2392,.T.);
#2392 = SURFACE_CURVE('',#2393,(#2398,#2405),.PCURVE_S1.);
#2393 = CIRCLE('',#2394,20.);
#2394 = AXIS2_PLACEMENT_3D('',#2395,#2396,#2397);
#2395 = CARTESIAN_POINT('',(507.15,0.,3.942E+03));
#2396 = DIRECTION('',(0.,0.,1.));
#2397 = DIRECTION('',(1.,0.,-0.));
#2398 = PCURVE('',#2344,#2399);
#2399 = DEFINITIONAL_REPRESENTATION('',(#2400),#2404);
#2400 = LINE('',#2401,#2402);
#2401 = CARTESIAN_POINT('',(0.,92.));
#2402 = VECTOR('',#2403,1.);
#2403 = DIRECTION('',(1.,0.));
#2404 = ( GEOMETRIC_REPRESENTATION_CONTEXT(2) 
PARAMETRIC_REPRESENTATION_CONTEXT() REPRESENTATION_CONTEXT('2D SPACE',''
  ) );
#2405 = PCURVE('',#2406,#2411);
#2406 = PLANE('',#2407);
#2407 = AXIS2_PLACEMENT_3D('',#2408,#2409,#2410);
#2408 = CARTESIAN_POINT('',(507.15,0.,3.942E+03));
#2409 = DIRECTION('',(0.,0.,1.));
#2410 = DIRECTION('',(1.,0.,-0.));
#2411 = DEFINITIONAL_REPRESENTATION('',(#2412),#2416);
#2412 = CIRCLE('',#2413,20.);
#2413 = AXIS2_PLACEMENT_2D('',#2414,#2415);
#2414 = CARTESIAN_POINT('',(0.,0.));
#2415 = DIRECTION('',(1.,0.));
#2416 = ( GEOMETRIC_REPRESENTATION_CONTEXT(2) 
PARAMETRIC_REPRESENTATION_CONTEXT() REPRESENTATION_CONTEXT('2D SPACE',''
  ) );
#2417 = ADVANCED_FACE('',(#2418,#2449),#2406,.T.);
#2418 = FACE_BOUND('',#2419,.T.);
#2419 = EDGE_LOOP('',(#2420));
#2420 = ORIENTED_EDGE('',*,*,#2421,.T.);
#2421 = EDGE_CURVE('',#2422,#2422,#2424,.T.);
#2422 = VERTEX_POINT('',#2423);
#2423 = CARTESIAN_POINT('',(539.15,-7.837739514543E-15,3.942E+03));
#2424 = SURFACE_CURVE('',#2425,(#2430,#2437),.PCURVE_S1.);
#2425 = CIRCLE('',#2426,32.);
#2426 = AXIS2_PLACEMENT_3D('',#2427,#2428,#2429);
#2427 = CARTESIAN_POINT('',(507.15,0.,3.942E+03));
#2428 = DIRECTION('',(0.,0.,1.));
#2429 = DIRECTION('',(1.,0.,-0.));
#2430 = PCURVE('',#2406,#2431);
#2431 = DEFINITIONAL_REPRESENTATION('',(#2432),#2436);
#2432 = CIRCLE('',#2433,32.);
#2433 = AXIS2_PLACEMENT_2D('',#2434,#2435);
#2434 = CARTESIAN_POINT('',(0.,0.));
#2435 = DIRECTION('',(1.,0.));
#2436 = ( GEOMETRIC_REPRESENTATION_CONTEXT(2) 
PARAMETRIC_REPRESENTATION_CONTEXT() REPRESENTATION_CONTEXT('2D SPACE',''
  ) );
#2437 = PCURVE('',#2438,#2443);
#2438 = CYLINDRICAL_SURFACE('',#2439,32.);
#2439 = AXIS2_PLACEMENT_3D('',#2440,#2441,#2442);
#2440 = CARTESIAN_POINT('',(507.15,0.,3.938E+03));
#2441 = DIRECTION('',(0.,0.,1.));
#2442 = DIRECTION('',(1.,0.,-0.));
#2443 = DEFINITIONAL_REPRESENTATION('',(#2444),#2448);
#2444 = LINE('',#2445,#2446);
#2445 = CARTESIAN_POINT('',(0.,4.));
#2446 = VECTOR('',#2447,1.);
#2447 = DIRECTION('',(1.,0.));
#2448 = ( GEOMETRIC_REPRESENTATION_CONTEXT(2) 
PARAMETRIC_REPRESENTATION_CONTEXT() REPRESENTATION_CONTEXT('2D SPACE',''
  ) );
#2449 = FACE_BOUND('',#2450,.T.);
#2450 = EDGE_LOOP('',(#2451));
#2451 = ORIENTED_EDGE('',*,*,#2391,.F.);
#2452 = ADVANCED_FACE('',(#2453,#2456),#2378,.T.);
#2453 = FACE_BOUND('',#2454,.T.);
#2454 = EDGE_LOOP('',(#2455));
#2455 = ORIENTED_EDGE('',*,*,#2363,.T.);
#2456 = FACE_BOUND('',#2457,.T.);
#2457 = EDGE_LOOP('',(#2458));
#2458 = ORIENTED_EDGE('',*,*,#2459,.F.);
#2459 = EDGE_CURVE('',#2460,#2460,#2462,.T.);
#2460 = VERTEX_POINT('',#2461);
#2461 = CARTESIAN_POINT('',(508.65,-3.673940397442E-16,4.E+03));
#2462 = SURFACE_CURVE('',#2463,(#2468,#2475),.PCURVE_S1.);
#2463 = CIRCLE('',#2464,1.5);
#2464 = AXIS2_PLACEMENT_3D('',#2465,#2466,#2467);
#2465 = CARTESIAN_POINT('',(507.15,0.,4.E+03));
#2466 = DIRECTION('',(0.,0.,1.));
#2467 = DIRECTION('',(1.,0.,-0.));
#2468 = PCURVE('',#2378,#2469);
#2469 = DEFINITIONAL_REPRESENTATION('',(#2470),#2474);
#2470 = CIRCLE('',#2471,1.5);
#2471 = AXIS2_PLACEMENT_2D('',#2472,#2473);
#2472 = CARTESIAN_POINT('',(0.,0.));
#2473 = DIRECTION('',(1.,0.));
#2474 = ( GEOMETRIC_REPRESENTATION_CONTEXT(2) 
PARAMETRIC_REPRESENTATION_CONTEXT() REPRESENTATION_CONTEXT('2D SPACE',''
  ) );
#2475 = PCURVE('',#2476,#2481);
#2476 = CYLINDRICAL_SURFACE('',#2477,1.5);
#2477 = AXIS2_PLACEMENT_3D('',#2478,#2479,#2480);
#2478 = CARTESIAN_POINT('',(507.15,0.,3.997E+03));
#2479 = DIRECTION('',(0.,0.,1.));
#2480 = DIRECTION('',(1.,0.,-0.));
#2481 = DEFINITIONAL_REPRESENTATION('',(#2482),#2486);
#2482 = LINE('',#2483,#2484);
#2483 = CARTESIAN_POINT('',(0.,3.));
#2484 = VECTOR('',#2485,1.);
#2485 = DIRECTION('',(1.,0.));
#2486 = ( GEOMETRIC_REPRESENTATION_CONTEXT(2) 
PARAMETRIC_REPRESENTATION_CONTEXT() REPRESENTATION_CONTEXT('2D SPACE',''
  ) );
#2487 = ADVANCED_FACE('',(#2488),#2438,.T.);
#2488 = FACE_BOUND('',#2489,.T.);
#2489 = EDGE_LOOP('',(#2490,#2491,#2514,#2541));
#2490 = ORIENTED_EDGE('',*,*,#2421,.F.);
#2491 = ORIENTED_EDGE('',*,*,#2492,.F.);
#2492 = EDGE_CURVE('',#2493,#2422,#2495,.T.);
#2493 = VERTEX_POINT('',#2494);
#2494 = CARTESIAN_POINT('',(539.15,-7.837739514543E-15,3.938E+03));
#2495 = SEAM_CURVE('',#2496,(#2500,#2507),.PCURVE_S1.);
#2496 = LINE('',#2497,#2498);
#2497 = CARTESIAN_POINT('',(539.15,-7.837739514543E-15,3.938E+03));
#2498 = VECTOR('',#2499,1.);
#2499 = DIRECTION('',(0.,0.,1.));
#2500 = PCURVE('',#2438,#2501);
#2501 = DEFINITIONAL_REPRESENTATION('',(#2502),#2506);
#2502 = LINE('',#2503,#2504);
#2503 = CARTESIAN_POINT('',(6.28318530718,-0.));
#2504 = VECTOR('',#2505,1.);
#2505 = DIRECTION('',(0.,1.));
#2506 = ( GEOMETRIC_REPRESENTATION_CONTEXT(2) 
PARAMETRIC_REPRESENTATION_CONTEXT() REPRESENTATION_CONTEXT('2D SPACE',''
  ) );
#2507 = PCURVE('',#2438,#2508);
#2508 = DEFINITIONAL_REPRESENTATION('',(#2509),#2513);
#2509 = LINE('',#2510,#2511);
#2510 = CARTESIAN_POINT('',(0.,-0.));
#2511 = VECTOR('',#2512,1.);
#2512 = DIRECTION('',(0.,1.));
#2513 = ( GEOMETRIC_REPRESENTATION_CONTEXT(2) 
PARAMETRIC_REPRESENTATION_CONTEXT() REPRESENTATION_CONTEXT('2D SPACE',''
  ) );
#2514 = ORIENTED_EDGE('',*,*,#2515,.T.);
#2515 = EDGE_CURVE('',#2493,#2493,#2516,.T.);
#2516 = SURFACE_CURVE('',#2517,(#2522,#2529),.PCURVE_S1.);
#2517 = CIRCLE('',#2518,32.);
#2518 = AXIS2_PLACEMENT_3D('',#2519,#2520,#2521);
#2519 = CARTESIAN_POINT('',(507.15,0.,3.938E+03));
#2520 = DIRECTION('',(0.,0.,1.));
#2521 = DIRECTION('',(1.,0.,-0.));
#2522 = PCURVE('',#2438,#2523);
#2523 = DEFINITIONAL_REPRESENTATION('',(#2524),#2528);
#2524 = LINE('',#2525,#2526);
#2525 = CARTESIAN_POINT('',(0.,0.));
#2526 = VECTOR('',#2527,1.);
#2527 = DIRECTION('',(1.,0.));
#2528 = ( GEOMETRIC_REPRESENTATION_CONTEXT(2) 
PARAMETRIC_REPRESENTATION_CONTEXT() REPRESENTATION_CONTEXT('2D SPACE',''
  ) );
#2529 = PCURVE('',#2530,#2535);
#2530 = PLANE('',#2531);
#2531 = AXIS2_PLACEMENT_3D('',#2532,#2533,#2534);
#2532 = CARTESIAN_POINT('',(507.15,0.,3.938E+03));
#2533 = DIRECTION('',(0.,0.,1.));
#2534 = DIRECTION('',(1.,0.,-0.));
#2535 = DEFINITIONAL_REPRESENTATION('',(#2536),#2540);
#2536 = CIRCLE('',#2537,32.);
#2537 = AXIS2_PLACEMENT_2D('',#2538,#2539);
#2538 = CARTESIAN_POINT('',(0.,0.));
#2539 = DIRECTION('',(1.,0.));
#2540 = ( GEOMETRIC_REPRESENTATION_CONTEXT(2) 
PARAMETRIC_REPRESENTATION_CONTEXT() REPRESENTATION_CONTEXT('2D SPACE',''
  ) );
#2541 = ORIENTED_EDGE('',*,*,#2492,.T.);
#2542 = ADVANCED_FACE('',(#2543),#2476,.F.);
#2543 = FACE_BOUND('',#2544,.F.);
#2544 = EDGE_LOOP('',(#2545,#2546,#2569,#2596));
#2545 = ORIENTED_EDGE('',*,*,#2459,.F.);
#2546 = ORIENTED_EDGE('',*,*,#2547,.F.);
#2547 = EDGE_CURVE('',#2548,#2460,#2550,.T.);
#2548 = VERTEX_POINT('',#2549);
#2549 = CARTESIAN_POINT('',(508.65,-3.673940397442E-16,3.998E+03));
#2550 = SEAM_CURVE('',#2551,(#2555,#2562),.PCURVE_S1.);
#2551 = LINE('',#2552,#2553);
#2552 = CARTESIAN_POINT('',(508.65,-3.673940397442E-16,3.997E+03));
#2553 = VECTOR('',#2554,1.);
#2554 = DIRECTION('',(0.,0.,1.));
#2555 = PCURVE('',#2476,#2556);
#2556 = DEFINITIONAL_REPRESENTATION('',(#2557),#2561);
#2557 = LINE('',#2558,#2559);
#2558 = CARTESIAN_POINT('',(6.28318530718,-0.));
#2559 = VECTOR('',#2560,1.);
#2560 = DIRECTION('',(0.,1.));
#2561 = ( GEOMETRIC_REPRESENTATION_CONTEXT(2) 
PARAMETRIC_REPRESENTATION_CONTEXT() REPRESENTATION_CONTEXT('2D SPACE',''
  ) );
#2562 = PCURVE('',#2476,#2563);
#2563 = DEFINITIONAL_REPRESENTATION('',(#2564),#2568);
#2564 = LINE('',#2565,#2566);
#2565 = CARTESIAN_POINT('',(0.,-0.));
#2566 = VECTOR('',#2567,1.);
#2567 = DIRECTION('',(0.,1.));
#2568 = ( GEOMETRIC_REPRESENTATION_CONTEXT(2) 
PARAMETRIC_REPRESENTATION_CONTEXT() REPRESENTATION_CONTEXT('2D SPACE',''
  ) );
#2569 = ORIENTED_EDGE('',*,*,#2570,.T.);
#2570 = EDGE_CURVE('',#2548,#2548,#2571,.T.);
#2571 = SURFACE_CURVE('',#2572,(#2577,#2584),.PCURVE_S1.);
#2572 = CIRCLE('',#2573,1.5);
#2573 = AXIS2_PLACEMENT_3D('',#2574,#2575,#2576);
#2574 = CARTESIAN_POINT('',(507.15,0.,3.998E+03));
#2575 = DIRECTION('',(0.,0.,1.));
#2576 = DIRECTION('',(1.,0.,-0.));
#2577 = PCURVE('',#2476,#2578);
#2578 = DEFINITIONAL_REPRESENTATION('',(#2579),#2583);
#2579 = LINE('',#2580,#2581);
#2580 = CARTESIAN_POINT('',(0.,1.));
#2581 = VECTOR('',#2582,1.);
#2582 = DIRECTION('',(1.,0.));
#2583 = ( GEOMETRIC_REPRESENTATION_CONTEXT(2) 
PARAMETRIC_REPRESENTATION_CONTEXT() REPRESENTATION_CONTEXT('2D SPACE',''
  ) );
#2584 = PCURVE('',#2585,#2590);
#2585 = PLANE('',#2586);
#2586 = AXIS2_PLACEMENT_3D('',#2587,#2588,#2589);
#2587 = CARTESIAN_POINT('',(507.15,0.,3.998E+03));
#2588 = DIRECTION('',(0.,0.,1.));
#2589 = DIRECTION('',(1.,0.,-0.));
#2590 = DEFINITIONAL_REPRESENTATION('',(#2591),#2595);
#2591 = CIRCLE('',#2592,1.5);
#2592 = AXIS2_PLACEMENT_2D('',#2593,#2594);
#2593 = CARTESIAN_POINT('',(0.,0.));
#2594 = DIRECTION('',(1.,0.));
#2595 = ( GEOMETRIC_REPRESENTATION_CONTEXT(2) 
PARAMETRIC_REPRESENTATION_CONTEXT() REPRESENTATION_CONTEXT('2D SPACE',''
  ) );
#2596 = ORIENTED_EDGE('',*,*,#2547,.T.);
#2597 = ADVANCED_FACE('',(#2598,#2601),#2530,.F.);
#2598 = FACE_BOUND('',#2599,.F.);
#2599 = EDGE_LOOP('',(#2600));
#2600 = ORIENTED_EDGE('',*,*,#2515,.T.);
#2601 = FACE_BOUND('',#2602,.F.);
#2602 = EDGE_LOOP('',(#2603));
#2603 = ORIENTED_EDGE('',*,*,#2604,.F.);
#2604 = EDGE_CURVE('',#2605,#2605,#2607,.T.);
#2605 = VERTEX_POINT('',#2606);
#2606 = CARTESIAN_POINT('',(527.15,-4.898587196589E-15,3.938E+03));
#2607 = SURFACE_CURVE('',#2608,(#2613,#2620),.PCURVE_S1.);
#2608 = CIRCLE('',#2609,20.);
#2609 = AXIS2_PLACEMENT_3D('',#2610,#2611,#2612);
#2610 = CARTESIAN_POINT('',(507.15,0.,3.938E+03));
#2611 = DIRECTION('',(0.,0.,1.));
#2612 = DIRECTION('',(1.,0.,-0.));
#2613 = PCURVE('',#2530,#2614);
#2614 = DEFINITIONAL_REPRESENTATION('',(#2615),#2619);
#2615 = CIRCLE('',#2616,20.);
#2616 = AXIS2_PLACEMENT_2D('',#2617,#2618);
#2617 = CARTESIAN_POINT('',(0.,0.));
#2618 = DIRECTION('',(1.,0.));
#2619 = ( GEOMETRIC_REPRESENTATION_CONTEXT(2) 
PARAMETRIC_REPRESENTATION_CONTEXT() REPRESENTATION_CONTEXT('2D SPACE',''
  ) );
#2620 = PCURVE('',#2621,#2626);
#2621 = CYLINDRICAL_SURFACE('',#2622,20.);
#2622 = AXIS2_PLACEMENT_3D('',#2623,#2624,#2625);
#2623 = CARTESIAN_POINT('',(507.15,0.,3.85E+03));
#2624 = DIRECTION('',(0.,0.,1.));
#2625 = DIRECTION('',(1.,0.,-0.));
#2626 = DEFINITIONAL_REPRESENTATION('',(#2627),#2631);
#2627 = LINE('',#2628,#2629);
#2628 = CARTESIAN_POINT('',(0.,88.));
#2629 = VECTOR('',#2630,1.);
#2630 = DIRECTION('',(1.,0.));
#2631 = ( GEOMETRIC_REPRESENTATION_CONTEXT(2) 
PARAMETRIC_REPRESENTATION_CONTEXT() REPRESENTATION_CONTEXT('2D SPACE',''
  ) );
#2632 = ADVANCED_FACE('',(#2633,#2664),#2585,.F.);
#2633 = FACE_BOUND('',#2634,.F.);
#2634 = EDGE_LOOP('',(#2635));
#2635 = ORIENTED_EDGE('',*,*,#2636,.T.);
#2636 = EDGE_CURVE('',#2637,#2637,#2639,.T.);
#2637 = VERTEX_POINT('',#2638);
#2638 = CARTESIAN_POINT('',(524.15,-4.163799117101E-15,3.998E+03));
#2639 = SURFACE_CURVE('',#2640,(#2645,#2652),.PCURVE_S1.);
#2640 = CIRCLE('',#2641,17.);
#2641 = AXIS2_PLACEMENT_3D('',#2642,#2643,#2644);
#2642 = CARTESIAN_POINT('',(507.15,0.,3.998E+03));
#2643 = DIRECTION('',(0.,0.,1.));
#2644 = DIRECTION('',(1.,0.,-0.));
#2645 = PCURVE('',#2585,#2646);
#2646 = DEFINITIONAL_REPRESENTATION('',(#2647),#2651);
#2647 = CIRCLE('',#2648,17.);
#2648 = AXIS2_PLACEMENT_2D('',#2649,#2650);
#2649 = CARTESIAN_POINT('',(0.,0.));
#2650 = DIRECTION('',(1.,0.));
#2651 = ( GEOMETRIC_REPRESENTATION_CONTEXT(2) 
PARAMETRIC_REPRESENTATION_CONTEXT() REPRESENTATION_CONTEXT('2D SPACE',''
  ) );
#2652 = PCURVE('',#2653,#2658);
#2653 = CYLINDRICAL_SURFACE('',#2654,17.);
#2654 = AXIS2_PLACEMENT_3D('',#2655,#2656,#2657);
#2655 = CARTESIAN_POINT('',(507.15,0.,3.848E+03));
#2656 = DIRECTION('',(0.,0.,1.));
#2657 = DIRECTION('',(1.,0.,-0.));
#2658 = DEFINITIONAL_REPRESENTATION('',(#2659),#2663);
#2659 = LINE('',#2660,#2661);
#2660 = CARTESIAN_POINT('',(0.,150.));
#2661 = VECTOR('',#2662,1.);
#2662 = DIRECTION('',(1.,0.));
#2663 = ( GEOMETRIC_REPRESENTATION_CONTEXT(2) 
PARAMETRIC_REPRESENTATION_CONTEXT() REPRESENTATION_CONTEXT('2D SPACE',''
  ) );
#2664 = FACE_BOUND('',#2665,.F.);
#2665 = EDGE_LOOP('',(#2666));
#2666 = ORIENTED_EDGE('',*,*,#2570,.F.);
#2667 = ADVANCED_FACE('',(#2668),#2621,.T.);
#2668 = FACE_BOUND('',#2669,.T.);
#2669 = EDGE_LOOP('',(#2670,#2671,#2694,#2721));
#2670 = ORIENTED_EDGE('',*,*,#2604,.F.);
#2671 = ORIENTED_EDGE('',*,*,#2672,.F.);
#2672 = EDGE_CURVE('',#2673,#2605,#2675,.T.);
#2673 = VERTEX_POINT('',#2674);
#2674 = CARTESIAN_POINT('',(527.15,-4.898587196589E-15,3.85E+03));
#2675 = SEAM_CURVE('',#2676,(#2680,#2687),.PCURVE_S1.);
#2676 = LINE('',#2677,#2678);
#2677 = CARTESIAN_POINT('',(527.15,-4.898587196589E-15,3.85E+03));
#2678 = VECTOR('',#2679,1.);
#2679 = DIRECTION('',(0.,0.,1.));
#2680 = PCURVE('',#2621,#2681);
#2681 = DEFINITIONAL_REPRESENTATION('',(#2682),#2686);
#2682 = LINE('',#2683,#2684);
#2683 = CARTESIAN_POINT('',(6.28318530718,-0.));
#2684 = VECTOR('',#2685,1.);
#2685 = DIRECTION('',(0.,1.));
#2686 = ( GEOMETRIC_REPRESENTATION_CONTEXT(2) 
PARAMETRIC_REPRESENTATION_CONTEXT() REPRESENTATION_CONTEXT('2D SPACE',''
  ) );
#2687 = PCURVE('',#2621,#2688);
#2688 = DEFINITIONAL_REPRESENTATION('',(#2689),#2693);
#2689 = LINE('',#2690,#2691);
#2690 = CARTESIAN_POINT('',(0.,-0.));
#2691 = VECTOR('',#2692,1.);
#2692 = DIRECTION('',(0.,1.));
#2693 = ( GEOMETRIC_REPRESENTATION_CONTEXT(2) 
PARAMETRIC_REPRESENTATION_CONTEXT() REPRESENTATION_CONTEXT('2D SPACE',''
  ) );
#2694 = ORIENTED_EDGE('',*,*,#2695,.T.);
#2695 = EDGE_CURVE('',#2673,#2673,#2696,.T.);
#2696 = SURFACE_CURVE('',#2697,(#2702,#2709),.PCURVE_S1.);
#2697 = CIRCLE('',#2698,20.);
#2698 = AXIS2_PLACEMENT_3D('',#2699,#2700,#2701);
#2699 = CARTESIAN_POINT('',(507.15,0.,3.85E+03));
#2700 = DIRECTION('',(0.,0.,1.));
#2701 = DIRECTION('',(1.,0.,-0.));
#2702 = PCURVE('',#2621,#2703);
#2703 = DEFINITIONAL_REPRESENTATION('',(#2704),#2708);
#2704 = LINE('',#2705,#2706);
#2705 = CARTESIAN_POINT('',(0.,0.));
#2706 = VECTOR('',#2707,1.);
#2707 = DIRECTION('',(1.,0.));
#2708 = ( GEOMETRIC_REPRESENTATION_CONTEXT(2) 
PARAMETRIC_REPRESENTATION_CONTEXT() REPRESENTATION_CONTEXT('2D SPACE',''
  ) );
#2709 = PCURVE('',#2710,#2715);
#2710 = PLANE('',#2711);
#2711 = AXIS2_PLACEMENT_3D('',#2712,#2713,#2714);
#2712 = CARTESIAN_POINT('',(507.15,0.,3.85E+03));
#2713 = DIRECTION('',(0.,0.,1.));
#2714 = DIRECTION('',(1.,0.,-0.));
#2715 = DEFINITIONAL_REPRESENTATION('',(#2716),#2720);
#2716 = CIRCLE('',#2717,20.);
#2717 = AXIS2_PLACEMENT_2D('',#2718,#2719);
#2718 = CARTESIAN_POINT('',(0.,0.));
#2719 = DIRECTION('',(1.,0.));
#2720 = ( GEOMETRIC_REPRESENTATION_CONTEXT(2) 
PARAMETRIC_REPRESENTATION_CONTEXT() REPRESENTATION_CONTEXT('2D SPACE',''
  ) );
#2721 = ORIENTED_EDGE('',*,*,#2672,.T.);
#2722 = ADVANCED_FACE('',(#2723),#2653,.F.);
#2723 = FACE_BOUND('',#2724,.F.);
#2724 = EDGE_LOOP('',(#2725,#2748,#2749,#2750));
#2725 = ORIENTED_EDGE('',*,*,#2726,.T.);
#2726 = EDGE_CURVE('',#2727,#2637,#2729,.T.);
#2727 = VERTEX_POINT('',#2728);
#2728 = CARTESIAN_POINT('',(524.15,-4.163799117101E-15,3.85E+03));
#2729 = SEAM_CURVE('',#2730,(#2734,#2741),.PCURVE_S1.);
#2730 = LINE('',#2731,#2732);
#2731 = CARTESIAN_POINT('',(524.15,-4.163799117101E-15,3.848E+03));
#2732 = VECTOR('',#2733,1.);
#2733 = DIRECTION('',(0.,0.,1.));
#2734 = PCURVE('',#2653,#2735);
#2735 = DEFINITIONAL_REPRESENTATION('',(#2736),#2740);
#2736 = LINE('',#2737,#2738);
#2737 = CARTESIAN_POINT('',(6.28318530718,-0.));
#2738 = VECTOR('',#2739,1.);
#2739 = DIRECTION('',(0.,1.));
#2740 = ( GEOMETRIC_REPRESENTATION_CONTEXT(2) 
PARAMETRIC_REPRESENTATION_CONTEXT() REPRESENTATION_CONTEXT('2D SPACE',''
  ) );
#2741 = PCURVE('',#2653,#2742);
#2742 = DEFINITIONAL_REPRESENTATION('',(#2743),#2747);
#2743 = LINE('',#2744,#2745);
#2744 = CARTESIAN_POINT('',(0.,-0.));
#2745 = VECTOR('',#2746,1.);
#2746 = DIRECTION('',(0.,1.));
#2747 = ( GEOMETRIC_REPRESENTATION_CONTEXT(2) 
PARAMETRIC_REPRESENTATION_CONTEXT() REPRESENTATION_CONTEXT('2D SPACE',''
  ) );
#2748 = ORIENTED_EDGE('',*,*,#2636,.F.);
#2749 = ORIENTED_EDGE('',*,*,#2726,.F.);
#2750 = ORIENTED_EDGE('',*,*,#2751,.T.);
#2751 = EDGE_CURVE('',#2727,#2727,#2752,.T.);
#2752 = SURFACE_CURVE('',#2753,(#2758,#2765),.PCURVE_S1.);
#2753 = CIRCLE('',#2754,17.);
#2754 = AXIS2_PLACEMENT_3D('',#2755,#2756,#2757);
#2755 = CARTESIAN_POINT('',(507.15,0.,3.85E+03));
#2756 = DIRECTION('',(0.,0.,1.));
#2757 = DIRECTION('',(1.,0.,-0.));
#2758 = PCURVE('',#2653,#2759);
#2759 = DEFINITIONAL_REPRESENTATION('',(#2760),#2764);
#2760 = LINE('',#2761,#2762);
#2761 = CARTESIAN_POINT('',(0.,2.));
#2762 = VECTOR('',#2763,1.);
#2763 = DIRECTION('',(1.,0.));
#2764 = ( GEOMETRIC_REPRESENTATION_CONTEXT(2) 
PARAMETRIC_REPRESENTATION_CONTEXT() REPRESENTATION_CONTEXT('2D SPACE',''
  ) );
#2765 = PCURVE('',#2710,#2766);
#2766 = DEFINITIONAL_REPRESENTATION('',(#2767),#2771);
#2767 = CIRCLE('',#2768,17.);
#2768 = AXIS2_PLACEMENT_2D('',#2769,#2770);
#2769 = CARTESIAN_POINT('',(0.,0.));
#2770 = DIRECTION('',(1.,0.));
#2771 = ( GEOMETRIC_REPRESENTATION_CONTEXT(2) 
PARAMETRIC_REPRESENTATION_CONTEXT() REPRESENTATION_CONTEXT('2D SPACE',''
  ) );
#2772 = ADVANCED_FACE('',(#2773,#2776),#2710,.F.);
#2773 = FACE_BOUND('',#2774,.F.);
#2774 = EDGE_LOOP('',(#2775));
#2775 = ORIENTED_EDGE('',*,*,#2695,.T.);
#2776 = FACE_BOUND('',#2777,.F.);
#2777 = EDGE_LOOP('',(#2778));
#2778 = ORIENTED_EDGE('',*,*,#2751,.F.);
#2779 = MANIFOLD_SOLID_BREP('',#2780);
#2780 = CLOSED_SHELL('',(#2781,#2869,#2873,#2991,#3067,#3116,#3165,#3192
    ));
#2781 = ADVANCED_FACE('',(#2782),#2795,.T.);
#2782 = FACE_BOUND('',#2783,.T.);
#2783 = EDGE_LOOP('',(#2784,#2818,#2841,#2868));
#2784 = ORIENTED_EDGE('',*,*,#2785,.F.);
#2785 = EDGE_CURVE('',#2786,#2786,#2788,.T.);
#2786 = VERTEX_POINT('',#2787);
#2787 = CARTESIAN_POINT('',(521.15,-3.429011037613E-15,3.9975E+03));
#2788 = SURFACE_CURVE('',#2789,(#2794,#2806),.PCURVE_S1.);
#2789 = CIRCLE('',#2790,14.);
#2790 = AXIS2_PLACEMENT_3D('',#2791,#2792,#2793);
#2791 = CARTESIAN_POINT('',(507.15,0.,3.9975E+03));
#2792 = DIRECTION('',(0.,0.,1.));
#2793 = DIRECTION('',(1.,0.,-0.));
#2794 = PCURVE('',#2795,#2800);
#2795 = CYLINDRICAL_SURFACE('',#2796,14.);
#2796 = AXIS2_PLACEMENT_3D('',#2797,#2798,#2799);
#2797 = CARTESIAN_POINT('',(507.15,0.,3.9959E+03));
#2798 = DIRECTION('',(0.,0.,1.));
#2799 = DIRECTION('',(1.,0.,-0.));
#2800 = DEFINITIONAL_REPRESENTATION('',(#2801),#2805);
#2801 = LINE('',#2802,#2803);
#2802 = CARTESIAN_POINT('',(0.,1.6));
#2803 = VECTOR('',#2804,1.);
#2804 = DIRECTION('',(1.,0.));
#2805 = ( GEOMETRIC_REPRESENTATION_CONTEXT(2) 
PARAMETRIC_REPRESENTATION_CONTEXT() REPRESENTATION_CONTEXT('2D SPACE',''
  ) );
#2806 = PCURVE('',#2807,#2812);
#2807 = PLANE('',#2808);
#2808 = AXIS2_PLACEMENT_3D('',#2809,#2810,#2811);
#2809 = CARTESIAN_POINT('',(507.15,0.,3.9975E+03));
#2810 = DIRECTION('',(0.,0.,1.));
#2811 = DIRECTION('',(1.,0.,-0.));
#2812 = DEFINITIONAL_REPRESENTATION('',(#2813),#2817);
#2813 = CIRCLE('',#2814,14.);
#2814 = AXIS2_PLACEMENT_2D('',#2815,#2816);
#2815 = CARTESIAN_POINT('',(0.,0.));
#2816 = DIRECTION('',(1.,0.));
#2817 = ( GEOMETRIC_REPRESENTATION_CONTEXT(2) 
PARAMETRIC_REPRESENTATION_CONTEXT() REPRESENTATION_CONTEXT('2D SPACE',''
  ) );
#2818 = ORIENTED_EDGE('',*,*,#2819,.F.);
#2819 = EDGE_CURVE('',#2820,#2786,#2822,.T.);
#2820 = VERTEX_POINT('',#2821);
#2821 = CARTESIAN_POINT('',(521.15,-3.429011037613E-15,3.9959E+03));
#2822 = SEAM_CURVE('',#2823,(#2827,#2834),.PCURVE_S1.);
#2823 = LINE('',#2824,#2825);
#2824 = CARTESIAN_POINT('',(521.15,-3.429011037613E-15,3.9959E+03));
#2825 = VECTOR('',#2826,1.);
#2826 = DIRECTION('',(0.,0.,1.));
#2827 = PCURVE('',#2795,#2828);
#2828 = DEFINITIONAL_REPRESENTATION('',(#2829),#2833);
#2829 = LINE('',#2830,#2831);
#2830 = CARTESIAN_POINT('',(6.28318530718,-0.));
#2831 = VECTOR('',#2832,1.);
#2832 = DIRECTION('',(0.,1.));
#2833 = ( GEOMETRIC_REPRESENTATION_CONTEXT(2) 
PARAMETRIC_REPRESENTATION_CONTEXT() REPRESENTATION_CONTEXT('2D SPACE',''
  ) );
#2834 = PCURVE('',#2795,#2835);
#2835 = DEFINITIONAL_REPRESENTATION('',(#2836),#2840);
#2836 = LINE('',#2837,#2838);
#2837 = CARTESIAN_POINT('',(0.,-0.));
#2838 = VECTOR('',#2839,1.);
#2839 = DIRECTION('',(0.,1.));
#2840 = ( GEOMETRIC_REPRESENTATION_CONTEXT(2) 
PARAMETRIC_REPRESENTATION_CONTEXT() REPRESENTATION_CONTEXT('2D SPACE',''
  ) );
#2841 = ORIENTED_EDGE('',*,*,#2842,.T.);
#2842 = EDGE_CURVE('',#2820,#2820,#2843,.T.);
#2843 = SURFACE_CURVE('',#2844,(#2849,#2856),.PCURVE_S1.);
#2844 = CIRCLE('',#2845,14.);
#2845 = AXIS2_PLACEMENT_3D('',#2846,#2847,#2848);
#2846 = CARTESIAN_POINT('',(507.15,0.,3.9959E+03));
#2847 = DIRECTION('',(0.,0.,1.));
#2848 = DIRECTION('',(1.,0.,-0.));
#2849 = PCURVE('',#2795,#2850);
#2850 = DEFINITIONAL_REPRESENTATION('',(#2851),#2855);
#2851 = LINE('',#2852,#2853);
#2852 = CARTESIAN_POINT('',(0.,0.));
#2853 = VECTOR('',#2854,1.);
#2854 = DIRECTION('',(1.,0.));
#2855 = ( GEOMETRIC_REPRESENTATION_CONTEXT(2) 
PARAMETRIC_REPRESENTATION_CONTEXT() REPRESENTATION_CONTEXT('2D SPACE',''
  ) );
#2856 = PCURVE('',#2857,#2862);
#2857 = PLANE('',#2858);
#2858 = AXIS2_PLACEMENT_3D('',#2859,#2860,#2861);
#2859 = CARTESIAN_POINT('',(507.15,0.,3.9959E+03));
#2860 = DIRECTION('',(0.,0.,1.));
#2861 = DIRECTION('',(1.,0.,-0.));
#2862 = DEFINITIONAL_REPRESENTATION('',(#2863),#2867);
#2863 = CIRCLE('',#2864,14.);
#2864 = AXIS2_PLACEMENT_2D('',#2865,#2866);
#2865 = CARTESIAN_POINT('',(0.,0.));
#2866 = DIRECTION('',(1.,0.));
#2867 = ( GEOMETRIC_REPRESENTATION_CONTEXT(2) 
PARAMETRIC_REPRESENTATION_CONTEXT() REPRESENTATION_CONTEXT('2D SPACE',''
  ) );
#2868 = ORIENTED_EDGE('',*,*,#2819,.T.);
#2869 = ADVANCED_FACE('',(#2870),#2807,.T.);
#2870 = FACE_BOUND('',#2871,.T.);
#2871 = EDGE_LOOP('',(#2872));
#2872 = ORIENTED_EDGE('',*,*,#2785,.T.);
#2873 = ADVANCED_FACE('',(#2874,#2877),#2857,.F.);
#2874 = FACE_BOUND('',#2875,.F.);
#2875 = EDGE_LOOP('',(#2876));
#2876 = ORIENTED_EDGE('',*,*,#2842,.T.);
#2877 = FACE_BOUND('',#2878,.F.);
#2878 = EDGE_LOOP('',(#2879,#2909,#2937,#2965));
#2879 = ORIENTED_EDGE('',*,*,#2880,.T.);
#2880 = EDGE_CURVE('',#2881,#2883,#2885,.T.);
#2881 = VERTEX_POINT('',#2882);
#2882 = CARTESIAN_POINT('',(505.15,-1.5,3.9959E+03));
#2883 = VERTEX_POINT('',#2884);
#2884 = CARTESIAN_POINT('',(505.15,1.5,3.9959E+03));
#2885 = SURFACE_CURVE('',#2886,(#2890,#2897),.PCURVE_S1.);
#2886 = LINE('',#2887,#2888);
#2887 = CARTESIAN_POINT('',(505.15,-1.5,3.9959E+03));
#2888 = VECTOR('',#2889,1.);
#2889 = DIRECTION('',(-0.,1.,0.));
#2890 = PCURVE('',#2857,#2891);
#2891 = DEFINITIONAL_REPRESENTATION('',(#2892),#2896);
#2892 = LINE('',#2893,#2894);
#2893 = CARTESIAN_POINT('',(-2.,-1.5));
#2894 = VECTOR('',#2895,1.);
#2895 = DIRECTION('',(0.,1.));
#2896 = ( GEOMETRIC_REPRESENTATION_CONTEXT(2) 
PARAMETRIC_REPRESENTATION_CONTEXT() REPRESENTATION_CONTEXT('2D SPACE',''
  ) );
#2897 = PCURVE('',#2898,#2903);
#2898 = PLANE('',#2899);
#2899 = AXIS2_PLACEMENT_3D('',#2900,#2901,#2902);
#2900 = CARTESIAN_POINT('',(505.15,-1.5,3.9949E+03));
#2901 = DIRECTION('',(1.,0.,-0.));
#2902 = DIRECTION('',(0.,0.,1.));
#2903 = DEFINITIONAL_REPRESENTATION('',(#2904),#2908);
#2904 = LINE('',#2905,#2906);
#2905 = CARTESIAN_POINT('',(1.,0.));
#2906 = VECTOR('',#2907,1.);
#2907 = DIRECTION('',(0.,-1.));
#2908 = ( GEOMETRIC_REPRESENTATION_CONTEXT(2) 
PARAMETRIC_REPRESENTATION_CONTEXT() REPRESENTATION_CONTEXT('2D SPACE',''
  ) );
#2909 = ORIENTED_EDGE('',*,*,#2910,.T.);
#2910 = EDGE_CURVE('',#2883,#2911,#2913,.T.);
#2911 = VERTEX_POINT('',#2912);
#2912 = CARTESIAN_POINT('',(509.15,1.5,3.9959E+03));
#2913 = SURFACE_CURVE('',#2914,(#2918,#2925),.PCURVE_S1.);
#2914 = LINE('',#2915,#2916);
#2915 = CARTESIAN_POINT('',(505.15,1.5,3.9959E+03));
#2916 = VECTOR('',#2917,1.);
#2917 = DIRECTION('',(1.,0.,-0.));
#2918 = PCURVE('',#2857,#2919);
#2919 = DEFINITIONAL_REPRESENTATION('',(#2920),#2924);
#2920 = LINE('',#2921,#2922);
#2921 = CARTESIAN_POINT('',(-2.,1.5));
#2922 = VECTOR('',#2923,1.);
#2923 = DIRECTION('',(1.,0.));
#2924 = ( GEOMETRIC_REPRESENTATION_CONTEXT(2) 
PARAMETRIC_REPRESENTATION_CONTEXT() REPRESENTATION_CONTEXT('2D SPACE',''
  ) );
#2925 = PCURVE('',#2926,#2931);
#2926 = PLANE('',#2927);
#2927 = AXIS2_PLACEMENT_3D('',#2928,#2929,#2930);
#2928 = CARTESIAN_POINT('',(505.15,1.5,3.9949E+03));
#2929 = DIRECTION('',(-0.,1.,0.));
#2930 = DIRECTION('',(0.,0.,1.));
#2931 = DEFINITIONAL_REPRESENTATION('',(#2932),#2936);
#2932 = LINE('',#2933,#2934);
#2933 = CARTESIAN_POINT('',(1.,0.));
#2934 = VECTOR('',#2935,1.);
#2935 = DIRECTION('',(0.,1.));
#2936 = ( GEOMETRIC_REPRESENTATION_CONTEXT(2) 
PARAMETRIC_REPRESENTATION_CONTEXT() REPRESENTATION_CONTEXT('2D SPACE',''
  ) );
#2937 = ORIENTED_EDGE('',*,*,#2938,.F.);
#2938 = EDGE_CURVE('',#2939,#2911,#2941,.T.);
#2939 = VERTEX_POINT('',#2940);
#2940 = CARTESIAN_POINT('',(509.15,-1.5,3.9959E+03));
#2941 = SURFACE_CURVE('',#2942,(#2946,#2953),.PCURVE_S1.);
#2942 = LINE('',#2943,#2944);
#2943 = CARTESIAN_POINT('',(509.15,-1.5,3.9959E+03));
#2944 = VECTOR('',#2945,1.);
#2945 = DIRECTION('',(-0.,1.,0.));
#2946 = PCURVE('',#2857,#2947);
#2947 = DEFINITIONAL_REPRESENTATION('',(#2948),#2952);
#2948 = LINE('',#2949,#2950);
#2949 = CARTESIAN_POINT('',(2.,-1.5));
#2950 = VECTOR('',#2951,1.);
#2951 = DIRECTION('',(0.,1.));
#2952 = ( GEOMETRIC_REPRESENTATION_CONTEXT(2) 
PARAMETRIC_REPRESENTATION_CONTEXT() REPRESENTATION_CONTEXT('2D SPACE',''
  ) );
#2953 = PCURVE('',#2954,#2959);
#2954 = PLANE('',#2955);
#2955 = AXIS2_PLACEMENT_3D('',#2956,#2957,#2958);
#2956 = CARTESIAN_POINT('',(509.15,-1.5,3.9949E+03));
#2957 = DIRECTION('',(1.,0.,-0.));
#2958 = DIRECTION('',(0.,0.,1.));
#2959 = DEFINITIONAL_REPRESENTATION('',(#2960),#2964);
#2960 = LINE('',#2961,#2962);
#2961 = CARTESIAN_POINT('',(1.,0.));
#2962 = VECTOR('',#2963,1.);
#2963 = DIRECTION('',(0.,-1.));
#2964 = ( GEOMETRIC_REPRESENTATION_CONTEXT(2) 
PARAMETRIC_REPRESENTATION_CONTEXT() REPRESENTATION_CONTEXT('2D SPACE',''
  ) );
#2965 = ORIENTED_EDGE('',*,*,#2966,.F.);
#2966 = EDGE_CURVE('',#2881,#2939,#2967,.T.);
#2967 = SURFACE_CURVE('',#2968,(#2972,#2979),.PCURVE_S1.);
#2968 = LINE('',#2969,#2970);
#2969 = CARTESIAN_POINT('',(505.15,-1.5,3.9959E+03));
#2970 = VECTOR('',#2971,1.);
#2971 = DIRECTION('',(1.,0.,-0.));
#2972 = PCURVE('',#2857,#2973);
#2973 = DEFINITIONAL_REPRESENTATION('',(#2974),#2978);
#2974 = LINE('',#2975,#2976);
#2975 = CARTESIAN_POINT('',(-2.,-1.5));
#2976 = VECTOR('',#2977,1.);
#2977 = DIRECTION('',(1.,0.));
#2978 = ( GEOMETRIC_REPRESENTATION_CONTEXT(2) 
PARAMETRIC_REPRESENTATION_CONTEXT() REPRESENTATION_CONTEXT('2D SPACE',''
  ) );
#2979 = PCURVE('',#2980,#2985);
#2980 = PLANE('',#2981);
#2981 = AXIS2_PLACEMENT_3D('',#2982,#2983,#2984);
#2982 = CARTESIAN_POINT('',(505.15,-1.5,3.9949E+03));
#2983 = DIRECTION('',(-0.,1.,0.));
#2984 = DIRECTION('',(0.,0.,1.));
#2985 = DEFINITIONAL_REPRESENTATION('',(#2986),#2990);
#2986 = LINE('',#2987,#2988);
#2987 = CARTESIAN_POINT('',(1.,0.));
#2988 = VECTOR('',#2989,1.);
#2989 = DIRECTION('',(0.,1.));
#2990 = ( GEOMETRIC_REPRESENTATION_CONTEXT(2) 
PARAMETRIC_REPRESENTATION_CONTEXT() REPRESENTATION_CONTEXT('2D SPACE',''
  ) );
#2991 = ADVANCED_FACE('',(#2992),#2898,.F.);
#2992 = FACE_BOUND('',#2993,.F.);
#2993 = EDGE_LOOP('',(#2994,#3017,#3045,#3066));
#2994 = ORIENTED_EDGE('',*,*,#2995,.F.);
#2995 = EDGE_CURVE('',#2996,#2881,#2998,.T.);
#2996 = VERTEX_POINT('',#2997);
#2997 = CARTESIAN_POINT('',(505.15,-1.5,3.9949E+03));
#2998 = SURFACE_CURVE('',#2999,(#3003,#3010),.PCURVE_S1.);
#2999 = LINE('',#3000,#3001);
#3000 = CARTESIAN_POINT('',(505.15,-1.5,3.9949E+03));
#3001 = VECTOR('',#3002,1.);
#3002 = DIRECTION('',(0.,0.,1.));
#3003 = PCURVE('',#2898,#3004);
#3004 = DEFINITIONAL_REPRESENTATION('',(#3005),#3009);
#3005 = LINE('',#3006,#3007);
#3006 = CARTESIAN_POINT('',(0.,0.));
#3007 = VECTOR('',#3008,1.);
#3008 = DIRECTION('',(1.,0.));
#3009 = ( GEOMETRIC_REPRESENTATION_CONTEXT(2) 
PARAMETRIC_REPRESENTATION_CONTEXT() REPRESENTATION_CONTEXT('2D SPACE',''
  ) );
#3010 = PCURVE('',#2980,#3011);
#3011 = DEFINITIONAL_REPRESENTATION('',(#3012),#3016);
#3012 = LINE('',#3013,#3014);
#3013 = CARTESIAN_POINT('',(0.,0.));
#3014 = VECTOR('',#3015,1.);
#3015 = DIRECTION('',(1.,0.));
#3016 = ( GEOMETRIC_REPRESENTATION_CONTEXT(2) 
PARAMETRIC_REPRESENTATION_CONTEXT() REPRESENTATION_CONTEXT('2D SPACE',''
  ) );
#3017 = ORIENTED_EDGE('',*,*,#3018,.T.);
#3018 = EDGE_CURVE('',#2996,#3019,#3021,.T.);
#3019 = VERTEX_POINT('',#3020);
#3020 = CARTESIAN_POINT('',(505.15,1.5,3.9949E+03));
#3021 = SURFACE_CURVE('',#3022,(#3026,#3033),.PCURVE_S1.);
#3022 = LINE('',#3023,#3024);
#3023 = CARTESIAN_POINT('',(505.15,-1.5,3.9949E+03));
#3024 = VECTOR('',#3025,1.);
#3025 = DIRECTION('',(-0.,1.,0.));
#3026 = PCURVE('',#2898,#3027);
#3027 = DEFINITIONAL_REPRESENTATION('',(#3028),#3032);
#3028 = LINE('',#3029,#3030);
#3029 = CARTESIAN_POINT('',(0.,0.));
#3030 = VECTOR('',#3031,1.);
#3031 = DIRECTION('',(0.,-1.));
#3032 = ( GEOMETRIC_REPRESENTATION_CONTEXT(2) 
PARAMETRIC_REPRESENTATION_CONTEXT() REPRESENTATION_CONTEXT('2D SPACE',''
  ) );
#3033 = PCURVE('',#3034,#3039);
#3034 = PLANE('',#3035);
#3035 = AXIS2_PLACEMENT_3D('',#3036,#3037,#3038);
#3036 = CARTESIAN_POINT('',(505.15,-1.5,3.9949E+03));
#3037 = DIRECTION('',(0.,0.,1.));
#3038 = DIRECTION('',(1.,0.,-0.));
#3039 = DEFINITIONAL_REPRESENTATION('',(#3040),#3044);
#3040 = LINE('',#3041,#3042);
#3041 = CARTESIAN_POINT('',(0.,0.));
#3042 = VECTOR('',#3043,1.);
#3043 = DIRECTION('',(0.,1.));
#3044 = ( GEOMETRIC_REPRESENTATION_CONTEXT(2) 
PARAMETRIC_REPRESENTATION_CONTEXT() REPRESENTATION_CONTEXT('2D SPACE',''
  ) );
#3045 = ORIENTED_EDGE('',*,*,#3046,.T.);
#3046 = EDGE_CURVE('',#3019,#2883,#3047,.T.);
#3047 = SURFACE_CURVE('',#3048,(#3052,#3059),.PCURVE_S1.);
#3048 = LINE('',#3049,#3050);
#3049 = CARTESIAN_POINT('',(505.15,1.5,3.9949E+03));
#3050 = VECTOR('',#3051,1.);
#3051 = DIRECTION('',(0.,0.,1.));
#3052 = PCURVE('',#2898,#3053);
#3053 = DEFINITIONAL_REPRESENTATION('',(#3054),#3058);
#3054 = LINE('',#3055,#3056);
#3055 = CARTESIAN_POINT('',(0.,-3.));
#3056 = VECTOR('',#3057,1.);
#3057 = DIRECTION('',(1.,0.));
#3058 = ( GEOMETRIC_REPRESENTATION_CONTEXT(2) 
PARAMETRIC_REPRESENTATION_CONTEXT() REPRESENTATION_CONTEXT('2D SPACE',''
  ) );
#3059 = PCURVE('',#2926,#3060);
#3060 = DEFINITIONAL_REPRESENTATION('',(#3061),#3065);
#3061 = LINE('',#3062,#3063);
#3062 = CARTESIAN_POINT('',(0.,0.));
#3063 = VECTOR('',#3064,1.);
#3064 = DIRECTION('',(1.,0.));
#3065 = ( GEOMETRIC_REPRESENTATION_CONTEXT(2) 
PARAMETRIC_REPRESENTATION_CONTEXT() REPRESENTATION_CONTEXT('2D SPACE',''
  ) );
#3066 = ORIENTED_EDGE('',*,*,#2880,.F.);
#3067 = ADVANCED_FACE('',(#3068),#2980,.F.);
#3068 = FACE_BOUND('',#3069,.F.);
#3069 = EDGE_LOOP('',(#3070,#3093,#3094,#3095));
#3070 = ORIENTED_EDGE('',*,*,#3071,.F.);
#3071 = EDGE_CURVE('',#2996,#3072,#3074,.T.);
#3072 = VERTEX_POINT('',#3073);
#3073 = CARTESIAN_POINT('',(509.15,-1.5,3.9949E+03));
#3074 = SURFACE_CURVE('',#3075,(#3079,#3086),.PCURVE_S1.);
#3075 = LINE('',#3076,#3077);
#3076 = CARTESIAN_POINT('',(505.15,-1.5,3.9949E+03));
#3077 = VECTOR('',#3078,1.);
#3078 = DIRECTION('',(1.,0.,-0.));
#3079 = PCURVE('',#2980,#3080);
#3080 = DEFINITIONAL_REPRESENTATION('',(#3081),#3085);
#3081 = LINE('',#3082,#3083);
#3082 = CARTESIAN_POINT('',(0.,0.));
#3083 = VECTOR('',#3084,1.);
#3084 = DIRECTION('',(0.,1.));
#3085 = ( GEOMETRIC_REPRESENTATION_CONTEXT(2) 
PARAMETRIC_REPRESENTATION_CONTEXT() REPRESENTATION_CONTEXT('2D SPACE',''
  ) );
#3086 = PCURVE('',#3034,#3087);
#3087 = DEFINITIONAL_REPRESENTATION('',(#3088),#3092);
#3088 = LINE('',#3089,#3090);
#3089 = CARTESIAN_POINT('',(0.,0.));
#3090 = VECTOR('',#3091,1.);
#3091 = DIRECTION('',(1.,0.));
#3092 = ( GEOMETRIC_REPRESENTATION_CONTEXT(2) 
PARAMETRIC_REPRESENTATION_CONTEXT() REPRESENTATION_CONTEXT('2D SPACE',''
  ) );
#3093 = ORIENTED_EDGE('',*,*,#2995,.T.);
#3094 = ORIENTED_EDGE('',*,*,#2966,.T.);
#3095 = ORIENTED_EDGE('',*,*,#3096,.F.);
#3096 = EDGE_CURVE('',#3072,#2939,#3097,.T.);
#3097 = SURFACE_CURVE('',#3098,(#3102,#3109),.PCURVE_S1.);
#3098 = LINE('',#3099,#3100);
#3099 = CARTESIAN_POINT('',(509.15,-1.5,3.9949E+03));
#3100 = VECTOR('',#3101,1.);
#3101 = DIRECTION('',(0.,0.,1.));
#3102 = PCURVE('',#2980,#3103);
#3103 = DEFINITIONAL_REPRESENTATION('',(#3104),#3108);
#3104 = LINE('',#3105,#3106);
#3105 = CARTESIAN_POINT('',(0.,4.));
#3106 = VECTOR('',#3107,1.);
#3107 = DIRECTION('',(1.,0.));
#3108 = ( GEOMETRIC_REPRESENTATION_CONTEXT(2) 
PARAMETRIC_REPRESENTATION_CONTEXT() REPRESENTATION_CONTEXT('2D SPACE',''
  ) );
#3109 = PCURVE('',#2954,#3110);
#3110 = DEFINITIONAL_REPRESENTATION('',(#3111),#3115);
#3111 = LINE('',#3112,#3113);
#3112 = CARTESIAN_POINT('',(0.,0.));
#3113 = VECTOR('',#3114,1.);
#3114 = DIRECTION('',(1.,0.));
#3115 = ( GEOMETRIC_REPRESENTATION_CONTEXT(2) 
PARAMETRIC_REPRESENTATION_CONTEXT() REPRESENTATION_CONTEXT('2D SPACE',''
  ) );
#3116 = ADVANCED_FACE('',(#3117),#2954,.T.);
#3117 = FACE_BOUND('',#3118,.T.);
#3118 = EDGE_LOOP('',(#3119,#3120,#3143,#3164));
#3119 = ORIENTED_EDGE('',*,*,#3096,.F.);
#3120 = ORIENTED_EDGE('',*,*,#3121,.T.);
#3121 = EDGE_CURVE('',#3072,#3122,#3124,.T.);
#3122 = VERTEX_POINT('',#3123);
#3123 = CARTESIAN_POINT('',(509.15,1.5,3.9949E+03));
#3124 = SURFACE_CURVE('',#3125,(#3129,#3136),.PCURVE_S1.);
#3125 = LINE('',#3126,#3127);
#3126 = CARTESIAN_POINT('',(509.15,-1.5,3.9949E+03));
#3127 = VECTOR('',#3128,1.);
#3128 = DIRECTION('',(-0.,1.,0.));
#3129 = PCURVE('',#2954,#3130);
#3130 = DEFINITIONAL_REPRESENTATION('',(#3131),#3135);
#3131 = LINE('',#3132,#3133);
#3132 = CARTESIAN_POINT('',(0.,0.));
#3133 = VECTOR('',#3134,1.);
#3134 = DIRECTION('',(0.,-1.));
#3135 = ( GEOMETRIC_REPRESENTATION_CONTEXT(2) 
PARAMETRIC_REPRESENTATION_CONTEXT() REPRESENTATION_CONTEXT('2D SPACE',''
  ) );
#3136 = PCURVE('',#3034,#3137);
#3137 = DEFINITIONAL_REPRESENTATION('',(#3138),#3142);
#3138 = LINE('',#3139,#3140);
#3139 = CARTESIAN_POINT('',(4.,0.));
#3140 = VECTOR('',#3141,1.);
#3141 = DIRECTION('',(0.,1.));
#3142 = ( GEOMETRIC_REPRESENTATION_CONTEXT(2) 
PARAMETRIC_REPRESENTATION_CONTEXT() REPRESENTATION_CONTEXT('2D SPACE',''
  ) );
#3143 = ORIENTED_EDGE('',*,*,#3144,.T.);
#3144 = EDGE_CURVE('',#3122,#2911,#3145,.T.);
#3145 = SURFACE_CURVE('',#3146,(#3150,#3157),.PCURVE_S1.);
#3146 = LINE('',#3147,#3148);
#3147 = CARTESIAN_POINT('',(509.15,1.5,3.9949E+03));
#3148 = VECTOR('',#3149,1.);
#3149 = DIRECTION('',(0.,0.,1.));
#3150 = PCURVE('',#2954,#3151);
#3151 = DEFINITIONAL_REPRESENTATION('',(#3152),#3156);
#3152 = LINE('',#3153,#3154);
#3153 = CARTESIAN_POINT('',(0.,-3.));
#3154 = VECTOR('',#3155,1.);
#3155 = DIRECTION('',(1.,0.));
#3156 = ( GEOMETRIC_REPRESENTATION_CONTEXT(2) 
PARAMETRIC_REPRESENTATION_CONTEXT() REPRESENTATION_CONTEXT('2D SPACE',''
  ) );
#3157 = PCURVE('',#2926,#3158);
#3158 = DEFINITIONAL_REPRESENTATION('',(#3159),#3163);
#3159 = LINE('',#3160,#3161);
#3160 = CARTESIAN_POINT('',(0.,4.));
#3161 = VECTOR('',#3162,1.);
#3162 = DIRECTION('',(1.,0.));
#3163 = ( GEOMETRIC_REPRESENTATION_CONTEXT(2) 
PARAMETRIC_REPRESENTATION_CONTEXT() REPRESENTATION_CONTEXT('2D SPACE',''
  ) );
#3164 = ORIENTED_EDGE('',*,*,#2938,.F.);
#3165 = ADVANCED_FACE('',(#3166),#2926,.T.);
#3166 = FACE_BOUND('',#3167,.T.);
#3167 = EDGE_LOOP('',(#3168,#3189,#3190,#3191));
#3168 = ORIENTED_EDGE('',*,*,#3169,.F.);
#3169 = EDGE_CURVE('',#3019,#3122,#3170,.T.);
#3170 = SURFACE_CURVE('',#3171,(#3175,#3182),.PCURVE_S1.);
#3171 = LINE('',#3172,#3173);
#3172 = CARTESIAN_POINT('',(505.15,1.5,3.9949E+03));
#3173 = VECTOR('',#3174,1.);
#3174 = DIRECTION('',(1.,0.,-0.));
#3175 = PCURVE('',#2926,#3176);
#3176 = DEFINITIONAL_REPRESENTATION('',(#3177),#3181);
#3177 = LINE('',#3178,#3179);
#3178 = CARTESIAN_POINT('',(0.,0.));
#3179 = VECTOR('',#3180,1.);
#3180 = DIRECTION('',(0.,1.));
#3181 = ( GEOMETRIC_REPRESENTATION_CONTEXT(2) 
PARAMETRIC_REPRESENTATION_CONTEXT() REPRESENTATION_CONTEXT('2D SPACE',''
  ) );
#3182 = PCURVE('',#3034,#3183);
#3183 = DEFINITIONAL_REPRESENTATION('',(#3184),#3188);
#3184 = LINE('',#3185,#3186);
#3185 = CARTESIAN_POINT('',(0.,3.));
#3186 = VECTOR('',#3187,1.);
#3187 = DIRECTION('',(1.,0.));
#3188 = ( GEOMETRIC_REPRESENTATION_CONTEXT(2) 
PARAMETRIC_REPRESENTATION_CONTEXT() REPRESENTATION_CONTEXT('2D SPACE',''
  ) );
#3189 = ORIENTED_EDGE('',*,*,#3046,.T.);
#3190 = ORIENTED_EDGE('',*,*,#2910,.T.);
#3191 = ORIENTED_EDGE('',*,*,#3144,.F.);
#3192 = ADVANCED_FACE('',(#3193),#3034,.F.);
#3193 = FACE_BOUND('',#3194,.F.);
#3194 = EDGE_LOOP('',(#3195,#3196,#3197,#3198));
#3195 = ORIENTED_EDGE('',*,*,#3018,.F.);
#3196 = ORIENTED_EDGE('',*,*,#3071,.T.);
#3197 = ORIENTED_EDGE('',*,*,#3121,.T.);
#3198 = ORIENTED_EDGE('',*,*,#3169,.F.);
#3199 = MANIFOLD_SOLID_BREP('',#3200);
#3200 = CLOSED_SHELL('',(#3201,#3321,#3421,#3468,#3515,#3522));
#3201 = ADVANCED_FACE('',(#3202),#3216,.F.);
#3202 = FACE_BOUND('',#3203,.F.);
#3203 = EDGE_LOOP('',(#3204,#3239,#3267,#3295));
#3204 = ORIENTED_EDGE('',*,*,#3205,.F.);
#3205 = EDGE_CURVE('',#3206,#3208,#3210,.T.);
#3206 = VERTEX_POINT('',#3207);
#3207 = CARTESIAN_POINT('',(502.15,-13.,3.916E+03));
#3208 = VERTEX_POINT('',#3209);
#3209 = CARTESIAN_POINT('',(502.15,-13.,3.986E+03));
#3210 = SURFACE_CURVE('',#3211,(#3215,#3227),.PCURVE_S1.);
#3211 = LINE('',#3212,#3213);
#3212 = CARTESIAN_POINT('',(502.15,-13.,3.916E+03));
#3213 = VECTOR('',#3214,1.);
#3214 = DIRECTION('',(0.,0.,1.));
#3215 = PCURVE('',#3216,#3221);
#3216 = PLANE('',#3217);
#3217 = AXIS2_PLACEMENT_3D('',#3218,#3219,#3220);
#3218 = CARTESIAN_POINT('',(502.15,-13.,3.916E+03));
#3219 = DIRECTION('',(1.,0.,-0.));
#3220 = DIRECTION('',(0.,0.,1.));
#3221 = DEFINITIONAL_REPRESENTATION('',(#3222),#3226);
#3222 = LINE('',#3223,#3224);
#3223 = CARTESIAN_POINT('',(0.,0.));
#3224 = VECTOR('',#3225,1.);
#3225 = DIRECTION('',(1.,0.));
#3226 = ( GEOMETRIC_REPRESENTATION_CONTEXT(2) 
PARAMETRIC_REPRESENTATION_CONTEXT() REPRESENTATION_CONTEXT('2D SPACE',''
  ) );
#3227 = PCURVE('',#3228,#3233);
#3228 = PLANE('',#3229);
#3229 = AXIS2_PLACEMENT_3D('',#3230,#3231,#3232);
#3230 = CARTESIAN_POINT('',(502.15,-13.,3.916E+03));
#3231 = DIRECTION('',(-0.,1.,0.));
#3232 = DIRECTION('',(0.,0.,1.));
#3233 = DEFINITIONAL_REPRESENTATION('',(#3234),#3238);
#3234 = LINE('',#3235,#3236);
#3235 = CARTESIAN_POINT('',(0.,0.));
#3236 = VECTOR('',#3237,1.);
#3237 = DIRECTION('',(1.,0.));
#3238 = ( GEOMETRIC_REPRESENTATION_CONTEXT(2) 
PARAMETRIC_REPRESENTATION_CONTEXT() REPRESENTATION_CONTEXT('2D SPACE',''
  ) );
#3239 = ORIENTED_EDGE('',*,*,#3240,.T.);
#3240 = EDGE_CURVE('',#3206,#3241,#3243,.T.);
#3241 = VERTEX_POINT('',#3242);
#3242 = CARTESIAN_POINT('',(502.15,13.,3.916E+03));
#3243 = SURFACE_CURVE('',#3244,(#3248,#3255),.PCURVE_S1.);
#3244 = LINE('',#3245,#3246);
#3245 = CARTESIAN_POINT('',(502.15,-13.,3.916E+03));
#3246 = VECTOR('',#3247,1.);
#3247 = DIRECTION('',(-0.,1.,0.));
#3248 = PCURVE('',#3216,#3249);
#3249 = DEFINITIONAL_REPRESENTATION('',(#3250),#3254);
#3250 = LINE('',#3251,#3252);
#3251 = CARTESIAN_POINT('',(0.,0.));
#3252 = VECTOR('',#3253,1.);
#3253 = DIRECTION('',(0.,-1.));
#3254 = ( GEOMETRIC_REPRESENTATION_CONTEXT(2) 
PARAMETRIC_REPRESENTATION_CONTEXT() REPRESENTATION_CONTEXT('2D SPACE',''
  ) );
#3255 = PCURVE('',#3256,#3261);
#3256 = PLANE('',#3257);
#3257 = AXIS2_PLACEMENT_3D('',#3258,#3259,#3260);
#3258 = CARTESIAN_POINT('',(502.15,-13.,3.916E+03));
#3259 = DIRECTION('',(0.,0.,1.));
#3260 = DIRECTION('',(1.,0.,-0.));
#3261 = DEFINITIONAL_REPRESENTATION('',(#3262),#3266);
#3262 = LINE('',#3263,#3264);
#3263 = CARTESIAN_POINT('',(0.,0.));
#3264 = VECTOR('',#3265,1.);
#3265 = DIRECTION('',(0.,1.));
#3266 = ( GEOMETRIC_REPRESENTATION_CONTEXT(2) 
PARAMETRIC_REPRESENTATION_CONTEXT() REPRESENTATION_CONTEXT('2D SPACE',''
  ) );
#3267 = ORIENTED_EDGE('',*,*,#3268,.T.);
#3268 = EDGE_CURVE('',#3241,#3269,#3271,.T.);
#3269 = VERTEX_POINT('',#3270);
#3270 = CARTESIAN_POINT('',(502.15,13.,3.986E+03));
#3271 = SURFACE_CURVE('',#3272,(#3276,#3283),.PCURVE_S1.);
#3272 = LINE('',#3273,#3274);
#3273 = CARTESIAN_POINT('',(502.15,13.,3.916E+03));
#3274 = VECTOR('',#3275,1.);
#3275 = DIRECTION('',(0.,0.,1.));
#3276 = PCURVE('',#3216,#3277);
#3277 = DEFINITIONAL_REPRESENTATION('',(#3278),#3282);
#3278 = LINE('',#3279,#3280);
#3279 = CARTESIAN_POINT('',(0.,-26.));
#3280 = VECTOR('',#3281,1.);
#3281 = DIRECTION('',(1.,0.));
#3282 = ( GEOMETRIC_REPRESENTATION_CONTEXT(2) 
PARAMETRIC_REPRESENTATION_CONTEXT() REPRESENTATION_CONTEXT('2D SPACE',''
  ) );
#3283 = PCURVE('',#3284,#3289);
#3284 = PLANE('',#3285);
#3285 = AXIS2_PLACEMENT_3D('',#3286,#3287,#3288);
#3286 = CARTESIAN_POINT('',(502.15,13.,3.916E+03));
#3287 = DIRECTION('',(-0.,1.,0.));
#3288 = DIRECTION('',(0.,0.,1.));
#3289 = DEFINITIONAL_REPRESENTATION('',(#3290),#3294);
#3290 = LINE('',#3291,#3292);
#3291 = CARTESIAN_POINT('',(0.,0.));
#3292 = VECTOR('',#3293,1.);
#3293 = DIRECTION('',(1.,0.));
#3294 = ( GEOMETRIC_REPRESENTATION_CONTEXT(2) 
PARAMETRIC_REPRESENTATION_CONTEXT() REPRESENTATION_CONTEXT('2D SPACE',''
  ) );
#3295 = ORIENTED_EDGE('',*,*,#3296,.F.);
#3296 = EDGE_CURVE('',#3208,#3269,#3297,.T.);
#3297 = SURFACE_CURVE('',#3298,(#3302,#3309),.PCURVE_S1.);
#3298 = LINE('',#3299,#3300);
#3299 = CARTESIAN_POINT('',(502.15,-13.,3.986E+03));
#3300 = VECTOR('',#3301,1.);
#3301 = DIRECTION('',(-0.,1.,0.));
#3302 = PCURVE('',#3216,#3303);
#3303 = DEFINITIONAL_REPRESENTATION('',(#3304),#3308);
#3304 = LINE('',#3305,#3306);
#3305 = CARTESIAN_POINT('',(70.,0.));
#3306 = VECTOR('',#3307,1.);
#3307 = DIRECTION('',(0.,-1.));
#3308 = ( GEOMETRIC_REPRESENTATION_CONTEXT(2) 
PARAMETRIC_REPRESENTATION_CONTEXT() REPRESENTATION_CONTEXT('2D SPACE',''
  ) );
#3309 = PCURVE('',#3310,#3315);
#3310 = PLANE('',#3311);
#3311 = AXIS2_PLACEMENT_3D('',#3312,#3313,#3314);
#3312 = CARTESIAN_POINT('',(502.15,-13.,3.986E+03));
#3313 = DIRECTION('',(0.,0.,1.));
#3314 = DIRECTION('',(1.,0.,-0.));
#3315 = DEFINITIONAL_REPRESENTATION('',(#3316),#3320);
#3316 = LINE('',#3317,#3318);
#3317 = CARTESIAN_POINT('',(0.,0.));
#3318 = VECTOR('',#3319,1.);
#3319 = DIRECTION('',(0.,1.));
#3320 = ( GEOMETRIC_REPRESENTATION_CONTEXT(2) 
PARAMETRIC_REPRESENTATION_CONTEXT() REPRESENTATION_CONTEXT('2D SPACE',''
  ) );
#3321 = ADVANCED_FACE('',(#3322),#3336,.T.);
#3322 = FACE_BOUND('',#3323,.T.);
#3323 = EDGE_LOOP('',(#3324,#3354,#3377,#3400));
#3324 = ORIENTED_EDGE('',*,*,#3325,.F.);
#3325 = EDGE_CURVE('',#3326,#3328,#3330,.T.);
#3326 = VERTEX_POINT('',#3327);
#3327 = CARTESIAN_POINT('',(512.15,-13.,3.916E+03));
#3328 = VERTEX_POINT('',#3329);
#3329 = CARTESIAN_POINT('',(512.15,-13.,3.986E+03));
#3330 = SURFACE_CURVE('',#3331,(#3335,#3347),.PCURVE_S1.);
#3331 = LINE('',#3332,#3333);
#3332 = CARTESIAN_POINT('',(512.15,-13.,3.916E+03));
#3333 = VECTOR('',#3334,1.);
#3334 = DIRECTION('',(0.,0.,1.));
#3335 = PCURVE('',#3336,#3341);
#3336 = PLANE('',#3337);
#3337 = AXIS2_PLACEMENT_3D('',#3338,#3339,#3340);
#3338 = CARTESIAN_POINT('',(512.15,-13.,3.916E+03));
#3339 = DIRECTION('',(1.,0.,-0.));
#3340 = DIRECTION('',(0.,0.,1.));
#3341 = DEFINITIONAL_REPRESENTATION('',(#3342),#3346);
#3342 = LINE('',#3343,#3344);
#3343 = CARTESIAN_POINT('',(0.,0.));
#3344 = VECTOR('',#3345,1.);
#3345 = DIRECTION('',(1.,0.));
#3346 = ( GEOMETRIC_REPRESENTATION_CONTEXT(2) 
PARAMETRIC_REPRESENTATION_CONTEXT() REPRESENTATION_CONTEXT('2D SPACE',''
  ) );
#3347 = PCURVE('',#3228,#3348);
#3348 = DEFINITIONAL_REPRESENTATION('',(#3349),#3353);
#3349 = LINE('',#3350,#3351);
#3350 = CARTESIAN_POINT('',(0.,10.));
#3351 = VECTOR('',#3352,1.);
#3352 = DIRECTION('',(1.,0.));
#3353 = ( GEOMETRIC_REPRESENTATION_CONTEXT(2) 
PARAMETRIC_REPRESENTATION_CONTEXT() REPRESENTATION_CONTEXT('2D SPACE',''
  ) );
#3354 = ORIENTED_EDGE('',*,*,#3355,.T.);
#3355 = EDGE_CURVE('',#3326,#3356,#3358,.T.);
#3356 = VERTEX_POINT('',#3357);
#3357 = CARTESIAN_POINT('',(512.15,13.,3.916E+03));
#3358 = SURFACE_CURVE('',#3359,(#3363,#3370),.PCURVE_S1.);
#3359 = LINE('',#3360,#3361);
#3360 = CARTESIAN_POINT('',(512.15,-13.,3.916E+03));
#3361 = VECTOR('',#3362,1.);
#3362 = DIRECTION('',(-0.,1.,0.));
#3363 = PCURVE('',#3336,#3364);
#3364 = DEFINITIONAL_REPRESENTATION('',(#3365),#3369);
#3365 = LINE('',#3366,#3367);
#3366 = CARTESIAN_POINT('',(0.,0.));
#3367 = VECTOR('',#3368,1.);
#3368 = DIRECTION('',(0.,-1.));
#3369 = ( GEOMETRIC_REPRESENTATION_CONTEXT(2) 
PARAMETRIC_REPRESENTATION_CONTEXT() REPRESENTATION_CONTEXT('2D SPACE',''
  ) );
#3370 = PCURVE('',#3256,#3371);
#3371 = DEFINITIONAL_REPRESENTATION('',(#3372),#3376);
#3372 = LINE('',#3373,#3374);
#3373 = CARTESIAN_POINT('',(10.,0.));
#3374 = VECTOR('',#3375,1.);
#3375 = DIRECTION('',(0.,1.));
#3376 = ( GEOMETRIC_REPRESENTATION_CONTEXT(2) 
PARAMETRIC_REPRESENTATION_CONTEXT() REPRESENTATION_CONTEXT('2D SPACE',''
  ) );
#3377 = ORIENTED_EDGE('',*,*,#3378,.T.);
#3378 = EDGE_CURVE('',#3356,#3379,#3381,.T.);
#3379 = VERTEX_POINT('',#3380);
#3380 = CARTESIAN_POINT('',(512.15,13.,3.986E+03));
#3381 = SURFACE_CURVE('',#3382,(#3386,#3393),.PCURVE_S1.);
#3382 = LINE('',#3383,#3384);
#3383 = CARTESIAN_POINT('',(512.15,13.,3.916E+03));
#3384 = VECTOR('',#3385,1.);
#3385 = DIRECTION('',(0.,0.,1.));
#3386 = PCURVE('',#3336,#3387);
#3387 = DEFINITIONAL_REPRESENTATION('',(#3388),#3392);
#3388 = LINE('',#3389,#3390);
#3389 = CARTESIAN_POINT('',(0.,-26.));
#3390 = VECTOR('',#3391,1.);
#3391 = DIRECTION('',(1.,0.));
#3392 = ( GEOMETRIC_REPRESENTATION_CONTEXT(2) 
PARAMETRIC_REPRESENTATION_CONTEXT() REPRESENTATION_CONTEXT('2D SPACE',''
  ) );
#3393 = PCURVE('',#3284,#3394);
#3394 = DEFINITIONAL_REPRESENTATION('',(#3395),#3399);
#3395 = LINE('',#3396,#3397);
#3396 = CARTESIAN_POINT('',(0.,10.));
#3397 = VECTOR('',#3398,1.);
#3398 = DIRECTION('',(1.,0.));
#3399 = ( GEOMETRIC_REPRESENTATION_CONTEXT(2) 
PARAMETRIC_REPRESENTATION_CONTEXT() REPRESENTATION_CONTEXT('2D SPACE',''
  ) );
#3400 = ORIENTED_EDGE('',*,*,#3401,.F.);
#3401 = EDGE_CURVE('',#3328,#3379,#3402,.T.);
#3402 = SURFACE_CURVE('',#3403,(#3407,#3414),.PCURVE_S1.);
#3403 = LINE('',#3404,#3405);
#3404 = CARTESIAN_POINT('',(512.15,-13.,3.986E+03));
#3405 = VECTOR('',#3406,1.);
#3406 = DIRECTION('',(-0.,1.,0.));
#3407 = PCURVE('',#3336,#3408);
#3408 = DEFINITIONAL_REPRESENTATION('',(#3409),#3413);
#3409 = LINE('',#3410,#3411);
#3410 = CARTESIAN_POINT('',(70.,0.));
#3411 = VECTOR('',#3412,1.);
#3412 = DIRECTION('',(0.,-1.));
#3413 = ( GEOMETRIC_REPRESENTATION_CONTEXT(2) 
PARAMETRIC_REPRESENTATION_CONTEXT() REPRESENTATION_CONTEXT('2D SPACE',''
  ) );
#3414 = PCURVE('',#3310,#3415);
#3415 = DEFINITIONAL_REPRESENTATION('',(#3416),#3420);
#3416 = LINE('',#3417,#3418);
#3417 = CARTESIAN_POINT('',(10.,0.));
#3418 = VECTOR('',#3419,1.);
#3419 = DIRECTION('',(0.,1.));
#3420 = ( GEOMETRIC_REPRESENTATION_CONTEXT(2) 
PARAMETRIC_REPRESENTATION_CONTEXT() REPRESENTATION_CONTEXT('2D SPACE',''
  ) );
#3421 = ADVANCED_FACE('',(#3422),#3228,.F.);
#3422 = FACE_BOUND('',#3423,.F.);
#3423 = EDGE_LOOP('',(#3424,#3445,#3446,#3467));
#3424 = ORIENTED_EDGE('',*,*,#3425,.F.);
#3425 = EDGE_CURVE('',#3206,#3326,#3426,.T.);
#3426 = SURFACE_CURVE('',#3427,(#3431,#3438),.PCURVE_S1.);
#3427 = LINE('',#3428,#3429);
#3428 = CARTESIAN_POINT('',(502.15,-13.,3.916E+03));
#3429 = VECTOR('',#3430,1.);
#3430 = DIRECTION('',(1.,0.,-0.));
#3431 = PCURVE('',#3228,#3432);
#3432 = DEFINITIONAL_REPRESENTATION('',(#3433),#3437);
#3433 = LINE('',#3434,#3435);
#3434 = CARTESIAN_POINT('',(0.,0.));
#3435 = VECTOR('',#3436,1.);
#3436 = DIRECTION('',(0.,1.));
#3437 = ( GEOMETRIC_REPRESENTATION_CONTEXT(2) 
PARAMETRIC_REPRESENTATION_CONTEXT() REPRESENTATION_CONTEXT('2D SPACE',''
  ) );
#3438 = PCURVE('',#3256,#3439);
#3439 = DEFINITIONAL_REPRESENTATION('',(#3440),#3444);
#3440 = LINE('',#3441,#3442);
#3441 = CARTESIAN_POINT('',(0.,0.));
#3442 = VECTOR('',#3443,1.);
#3443 = DIRECTION('',(1.,0.));
#3444 = ( GEOMETRIC_REPRESENTATION_CONTEXT(2) 
PARAMETRIC_REPRESENTATION_CONTEXT() REPRESENTATION_CONTEXT('2D SPACE',''
  ) );
#3445 = ORIENTED_EDGE('',*,*,#3205,.T.);
#3446 = ORIENTED_EDGE('',*,*,#3447,.T.);
#3447 = EDGE_CURVE('',#3208,#3328,#3448,.T.);
#3448 = SURFACE_CURVE('',#3449,(#3453,#3460),.PCURVE_S1.);
#3449 = LINE('',#3450,#3451);
#3450 = CARTESIAN_POINT('',(502.15,-13.,3.986E+03));
#3451 = VECTOR('',#3452,1.);
#3452 = DIRECTION('',(1.,0.,-0.));
#3453 = PCURVE('',#3228,#3454);
#3454 = DEFINITIONAL_REPRESENTATION('',(#3455),#3459);
#3455 = LINE('',#3456,#3457);
#3456 = CARTESIAN_POINT('',(70.,0.));
#3457 = VECTOR('',#3458,1.);
#3458 = DIRECTION('',(0.,1.));
#3459 = ( GEOMETRIC_REPRESENTATION_CONTEXT(2) 
PARAMETRIC_REPRESENTATION_CONTEXT() REPRESENTATION_CONTEXT('2D SPACE',''
  ) );
#3460 = PCURVE('',#3310,#3461);
#3461 = DEFINITIONAL_REPRESENTATION('',(#3462),#3466);
#3462 = LINE('',#3463,#3464);
#3463 = CARTESIAN_POINT('',(0.,0.));
#3464 = VECTOR('',#3465,1.);
#3465 = DIRECTION('',(1.,0.));
#3466 = ( GEOMETRIC_REPRESENTATION_CONTEXT(2) 
PARAMETRIC_REPRESENTATION_CONTEXT() REPRESENTATION_CONTEXT('2D SPACE',''
  ) );
#3467 = ORIENTED_EDGE('',*,*,#3325,.F.);
#3468 = ADVANCED_FACE('',(#3469),#3284,.T.);
#3469 = FACE_BOUND('',#3470,.T.);
#3470 = EDGE_LOOP('',(#3471,#3492,#3493,#3514));
#3471 = ORIENTED_EDGE('',*,*,#3472,.F.);
#3472 = EDGE_CURVE('',#3241,#3356,#3473,.T.);
#3473 = SURFACE_CURVE('',#3474,(#3478,#3485),.PCURVE_S1.);
#3474 = LINE('',#3475,#3476);
#3475 = CARTESIAN_POINT('',(502.15,13.,3.916E+03));
#3476 = VECTOR('',#3477,1.);
#3477 = DIRECTION('',(1.,0.,-0.));
#3478 = PCURVE('',#3284,#3479);
#3479 = DEFINITIONAL_REPRESENTATION('',(#3480),#3484);
#3480 = LINE('',#3481,#3482);
#3481 = CARTESIAN_POINT('',(0.,0.));
#3482 = VECTOR('',#3483,1.);
#3483 = DIRECTION('',(0.,1.));
#3484 = ( GEOMETRIC_REPRESENTATION_CONTEXT(2) 
PARAMETRIC_REPRESENTATION_CONTEXT() REPRESENTATION_CONTEXT('2D SPACE',''
  ) );
#3485 = PCURVE('',#3256,#3486);
#3486 = DEFINITIONAL_REPRESENTATION('',(#3487),#3491);
#3487 = LINE('',#3488,#3489);
#3488 = CARTESIAN_POINT('',(0.,26.));
#3489 = VECTOR('',#3490,1.);
#3490 = DIRECTION('',(1.,0.));
#3491 = ( GEOMETRIC_REPRESENTATION_CONTEXT(2) 
PARAMETRIC_REPRESENTATION_CONTEXT() REPRESENTATION_CONTEXT('2D SPACE',''
  ) );
#3492 = ORIENTED_EDGE('',*,*,#3268,.T.);
#3493 = ORIENTED_EDGE('',*,*,#3494,.T.);
#3494 = EDGE_CURVE('',#3269,#3379,#3495,.T.);
#3495 = SURFACE_CURVE('',#3496,(#3500,#3507),.PCURVE_S1.);
#3496 = LINE('',#3497,#3498);
#3497 = CARTESIAN_POINT('',(502.15,13.,3.986E+03));
#3498 = VECTOR('',#3499,1.);
#3499 = DIRECTION('',(1.,0.,-0.));
#3500 = PCURVE('',#3284,#3501);
#3501 = DEFINITIONAL_REPRESENTATION('',(#3502),#3506);
#3502 = LINE('',#3503,#3504);
#3503 = CARTESIAN_POINT('',(70.,0.));
#3504 = VECTOR('',#3505,1.);
#3505 = DIRECTION('',(0.,1.));
#3506 = ( GEOMETRIC_REPRESENTATION_CONTEXT(2) 
PARAMETRIC_REPRESENTATION_CONTEXT() REPRESENTATION_CONTEXT('2D SPACE',''
  ) );
#3507 = PCURVE('',#3310,#3508);
#3508 = DEFINITIONAL_REPRESENTATION('',(#3509),#3513);
#3509 = LINE('',#3510,#3511);
#3510 = CARTESIAN_POINT('',(0.,26.));
#3511 = VECTOR('',#3512,1.);
#3512 = DIRECTION('',(1.,0.));
#3513 = ( GEOMETRIC_REPRESENTATION_CONTEXT(2) 
PARAMETRIC_REPRESENTATION_CONTEXT() REPRESENTATION_CONTEXT('2D SPACE',''
  ) );
#3514 = ORIENTED_EDGE('',*,*,#3378,.F.);
#3515 = ADVANCED_FACE('',(#3516),#3256,.F.);
#3516 = FACE_BOUND('',#3517,.F.);
#3517 = EDGE_LOOP('',(#3518,#3519,#3520,#3521));
#3518 = ORIENTED_EDGE('',*,*,#3240,.F.);
#3519 = ORIENTED_EDGE('',*,*,#3425,.T.);
#3520 = ORIENTED_EDGE('',*,*,#3355,.T.);
#3521 = ORIENTED_EDGE('',*,*,#3472,.F.);
#3522 = ADVANCED_FACE('',(#3523),#3310,.T.);
#3523 = FACE_BOUND('',#3524,.T.);
#3524 = EDGE_LOOP('',(#3525,#3526,#3527,#3528));
#3525 = ORIENTED_EDGE('',*,*,#3296,.F.);
#3526 = ORIENTED_EDGE('',*,*,#3447,.T.);
#3527 = ORIENTED_EDGE('',*,*,#3401,.T.);
#3528 = ORIENTED_EDGE('',*,*,#3494,.F.);
#3529 = MANIFOLD_SOLID_BREP('',#3530);
#3530 = CLOSED_SHELL('',(#3531,#3620,#3675,#3730,#3734));
#3531 = ADVANCED_FACE('',(#3532),#3545,.T.);
#3532 = FACE_BOUND('',#3533,.T.);
#3533 = EDGE_LOOP('',(#3534,#3568,#3592,#3619));
#3534 = ORIENTED_EDGE('',*,*,#3535,.T.);
#3535 = EDGE_CURVE('',#3536,#3536,#3538,.T.);
#3536 = VERTEX_POINT('',#3537);
#3537 = CARTESIAN_POINT('',(527.64999999999,-5.021051876504E-15,
    3.964940669002E+03));
#3538 = SURFACE_CURVE('',#3539,(#3544,#3556),.PCURVE_S1.);
#3539 = CIRCLE('',#3540,20.5);
#3540 = AXIS2_PLACEMENT_3D('',#3541,#3542,#3543);
#3541 = CARTESIAN_POINT('',(507.15,0.,3.964940669002E+03));
#3542 = DIRECTION('',(0.,0.,1.));
#3543 = DIRECTION('',(0.,-1.,0.));
#3544 = PCURVE('',#3545,#3550);
#3545 = SPHERICAL_SURFACE('',#3546,45.);
#3546 = AXIS2_PLACEMENT_3D('',#3547,#3548,#3549);
#3547 = CARTESIAN_POINT('',(507.15,0.,4.005E+03));
#3548 = DIRECTION('',(0.,0.,1.));
#3549 = DIRECTION('',(1.,0.,-0.));
#3550 = DEFINITIONAL_REPRESENTATION('',(#3551),#3555);
#3551 = LINE('',#3552,#3553);
#3552 = CARTESIAN_POINT('',(-1.570796326795,-1.097800137921));
#3553 = VECTOR('',#3554,1.);
#3554 = DIRECTION('',(1.,0.));
#3555 = ( GEOMETRIC_REPRESENTATION_CONTEXT(2) 
PARAMETRIC_REPRESENTATION_CONTEXT() REPRESENTATION_CONTEXT('2D SPACE',''
  ) );
#3556 = PCURVE('',#3557,#3562);
#3557 = CYLINDRICAL_SURFACE('',#3558,20.5);
#3558 = AXIS2_PLACEMENT_3D('',#3559,#3560,#3561);
#3559 = CARTESIAN_POINT('',(507.15,0.,3.958E+03));
#3560 = DIRECTION('',(0.,0.,1.));
#3561 = DIRECTION('',(1.,0.,-0.));
#3562 = DEFINITIONAL_REPRESENTATION('',(#3563),#3567);
#3563 = LINE('',#3564,#3565);
#3564 = CARTESIAN_POINT('',(-1.570796326795,6.940669002091));
#3565 = VECTOR('',#3566,1.);
#3566 = DIRECTION('',(1.,0.));
#3567 = ( GEOMETRIC_REPRESENTATION_CONTEXT(2) 
PARAMETRIC_REPRESENTATION_CONTEXT() REPRESENTATION_CONTEXT('2D SPACE',''
  ) );
#3568 = ORIENTED_EDGE('',*,*,#3569,.T.);
#3569 = EDGE_CURVE('',#3536,#3570,#3572,.T.);
#3570 = VERTEX_POINT('',#3571);
#3571 = CARTESIAN_POINT('',(508.65,-3.673940397442E-16,
    4.049974993052E+03));
#3572 = SEAM_CURVE('',#3573,(#3578,#3585),.PCURVE_S1.);
#3573 = CIRCLE('',#3574,45.);
#3574 = AXIS2_PLACEMENT_3D('',#3575,#3576,#3577);
#3575 = CARTESIAN_POINT('',(507.15,0.,4.005E+03));
#3576 = DIRECTION('',(-2.449293598295E-16,-1.,0.));
#3577 = DIRECTION('',(1.,-2.449293598295E-16,0.));
#3578 = PCURVE('',#3545,#3579);
#3579 = DEFINITIONAL_REPRESENTATION('',(#3580),#3584);
#3580 = LINE('',#3581,#3582);
#3581 = CARTESIAN_POINT('',(0.,-6.28318530718));
#3582 = VECTOR('',#3583,1.);
#3583 = DIRECTION('',(0.,1.));
#3584 = ( GEOMETRIC_REPRESENTATION_CONTEXT(2) 
PARAMETRIC_REPRESENTATION_CONTEXT() REPRESENTATION_CONTEXT('2D SPACE',''
  ) );
#3585 = PCURVE('',#3545,#3586);
#3586 = DEFINITIONAL_REPRESENTATION('',(#3587),#3591);
#3587 = LINE('',#3588,#3589);
#3588 = CARTESIAN_POINT('',(6.28318530718,-6.28318530718));
#3589 = VECTOR('',#3590,1.);
#3590 = DIRECTION('',(0.,1.));
#3591 = ( GEOMETRIC_REPRESENTATION_CONTEXT(2) 
PARAMETRIC_REPRESENTATION_CONTEXT() REPRESENTATION_CONTEXT('2D SPACE',''
  ) );
#3592 = ORIENTED_EDGE('',*,*,#3593,.F.);
#3593 = EDGE_CURVE('',#3570,#3570,#3594,.T.);
#3594 = SURFACE_CURVE('',#3595,(#3600,#3607),.PCURVE_S1.);
#3595 = CIRCLE('',#3596,1.5);
#3596 = AXIS2_PLACEMENT_3D('',#3597,#3598,#3599);
#3597 = CARTESIAN_POINT('',(507.15,0.,4.049974993052E+03));
#3598 = DIRECTION('',(0.,0.,1.));
#3599 = DIRECTION('',(0.,-1.,0.));
#3600 = PCURVE('',#3545,#3601);
#3601 = DEFINITIONAL_REPRESENTATION('',(#3602),#3606);
#3602 = LINE('',#3603,#3604);
#3603 = CARTESIAN_POINT('',(-1.570796326795,1.537456817534));
#3604 = VECTOR('',#3605,1.);
#3605 = DIRECTION('',(1.,0.));
#3606 = ( GEOMETRIC_REPRESENTATION_CONTEXT(2) 
PARAMETRIC_REPRESENTATION_CONTEXT() REPRESENTATION_CONTEXT('2D SPACE',''
  ) );
#3607 = PCURVE('',#3608,#3613);
#3608 = CYLINDRICAL_SURFACE('',#3609,1.5);
#3609 = AXIS2_PLACEMENT_3D('',#3610,#3611,#3612);
#3610 = CARTESIAN_POINT('',(507.15,0.,4.045E+03));
#3611 = DIRECTION('',(0.,0.,1.));
#3612 = DIRECTION('',(1.,0.,-0.));
#3613 = DEFINITIONAL_REPRESENTATION('',(#3614),#3618);
#3614 = LINE('',#3615,#3616);
#3615 = CARTESIAN_POINT('',(-1.570796326795,4.974993051695));
#3616 = VECTOR('',#3617,1.);
#3617 = DIRECTION('',(1.,0.));
#3618 = ( GEOMETRIC_REPRESENTATION_CONTEXT(2) 
PARAMETRIC_REPRESENTATION_CONTEXT() REPRESENTATION_CONTEXT('2D SPACE',''
  ) );
#3619 = ORIENTED_EDGE('',*,*,#3569,.F.);
#3620 = ADVANCED_FACE('',(#3621),#3557,.F.);
#3621 = FACE_BOUND('',#3622,.F.);
#3622 = EDGE_LOOP('',(#3623,#3646,#3673,#3674));
#3623 = ORIENTED_EDGE('',*,*,#3624,.T.);
#3624 = EDGE_CURVE('',#3536,#3625,#3627,.T.);
#3625 = VERTEX_POINT('',#3626);
#3626 = CARTESIAN_POINT('',(527.65,-5.021051876504E-15,4.0005E+03));
#3627 = SEAM_CURVE('',#3628,(#3632,#3639),.PCURVE_S1.);
#3628 = LINE('',#3629,#3630);
#3629 = CARTESIAN_POINT('',(527.65,-5.021051876504E-15,3.958E+03));
#3630 = VECTOR('',#3631,1.);
#3631 = DIRECTION('',(0.,0.,1.));
#3632 = PCURVE('',#3557,#3633);
#3633 = DEFINITIONAL_REPRESENTATION('',(#3634),#3638);
#3634 = LINE('',#3635,#3636);
#3635 = CARTESIAN_POINT('',(6.28318530718,-0.));
#3636 = VECTOR('',#3637,1.);
#3637 = DIRECTION('',(0.,1.));
#3638 = ( GEOMETRIC_REPRESENTATION_CONTEXT(2) 
PARAMETRIC_REPRESENTATION_CONTEXT() REPRESENTATION_CONTEXT('2D SPACE',''
  ) );
#3639 = PCURVE('',#3557,#3640);
#3640 = DEFINITIONAL_REPRESENTATION('',(#3641),#3645);
#3641 = LINE('',#3642,#3643);
#3642 = CARTESIAN_POINT('',(0.,-0.));
#3643 = VECTOR('',#3644,1.);
#3644 = DIRECTION('',(0.,1.));
#3645 = ( GEOMETRIC_REPRESENTATION_CONTEXT(2) 
PARAMETRIC_REPRESENTATION_CONTEXT() REPRESENTATION_CONTEXT('2D SPACE',''
  ) );
#3646 = ORIENTED_EDGE('',*,*,#3647,.F.);
#3647 = EDGE_CURVE('',#3625,#3625,#3648,.T.);
#3648 = SURFACE_CURVE('',#3649,(#3654,#3661),.PCURVE_S1.);
#3649 = CIRCLE('',#3650,20.5);
#3650 = AXIS2_PLACEMENT_3D('',#3651,#3652,#3653);
#3651 = CARTESIAN_POINT('',(507.15,0.,4.0005E+03));
#3652 = DIRECTION('',(0.,0.,1.));
#3653 = DIRECTION('',(1.,0.,-0.));
#3654 = PCURVE('',#3557,#3655);
#3655 = DEFINITIONAL_REPRESENTATION('',(#3656),#3660);
#3656 = LINE('',#3657,#3658);
#3657 = CARTESIAN_POINT('',(0.,42.5));
#3658 = VECTOR('',#3659,1.);
#3659 = DIRECTION('',(1.,0.));
#3660 = ( GEOMETRIC_REPRESENTATION_CONTEXT(2) 
PARAMETRIC_REPRESENTATION_CONTEXT() REPRESENTATION_CONTEXT('2D SPACE',''
  ) );
#3661 = PCURVE('',#3662,#3667);
#3662 = PLANE('',#3663);
#3663 = AXIS2_PLACEMENT_3D('',#3664,#3665,#3666);
#3664 = CARTESIAN_POINT('',(507.15,0.,4.0005E+03));
#3665 = DIRECTION('',(0.,0.,1.));
#3666 = DIRECTION('',(1.,0.,-0.));
#3667 = DEFINITIONAL_REPRESENTATION('',(#3668),#3672);
#3668 = CIRCLE('',#3669,20.5);
#3669 = AXIS2_PLACEMENT_2D('',#3670,#3671);
#3670 = CARTESIAN_POINT('',(0.,0.));
#3671 = DIRECTION('',(1.,0.));
#3672 = ( GEOMETRIC_REPRESENTATION_CONTEXT(2) 
PARAMETRIC_REPRESENTATION_CONTEXT() REPRESENTATION_CONTEXT('2D SPACE',''
  ) );
#3673 = ORIENTED_EDGE('',*,*,#3624,.F.);
#3674 = ORIENTED_EDGE('',*,*,#3535,.T.);
#3675 = ADVANCED_FACE('',(#3676),#3608,.T.);
#3676 = FACE_BOUND('',#3677,.T.);
#3677 = EDGE_LOOP('',(#3678,#3701,#3728,#3729));
#3678 = ORIENTED_EDGE('',*,*,#3679,.T.);
#3679 = EDGE_CURVE('',#3570,#3680,#3682,.T.);
#3680 = VERTEX_POINT('',#3681);
#3681 = CARTESIAN_POINT('',(508.65,-3.673940397442E-16,4.16E+03));
#3682 = SEAM_CURVE('',#3683,(#3687,#3694),.PCURVE_S1.);
#3683 = LINE('',#3684,#3685);
#3684 = CARTESIAN_POINT('',(508.65,-3.673940397442E-16,4.045E+03));
#3685 = VECTOR('',#3686,1.);
#3686 = DIRECTION('',(0.,0.,1.));
#3687 = PCURVE('',#3608,#3688);
#3688 = DEFINITIONAL_REPRESENTATION('',(#3689),#3693);
#3689 = LINE('',#3690,#3691);
#3690 = CARTESIAN_POINT('',(6.28318530718,-0.));
#3691 = VECTOR('',#3692,1.);
#3692 = DIRECTION('',(0.,1.));
#3693 = ( GEOMETRIC_REPRESENTATION_CONTEXT(2) 
PARAMETRIC_REPRESENTATION_CONTEXT() REPRESENTATION_CONTEXT('2D SPACE',''
  ) );
#3694 = PCURVE('',#3608,#3695);
#3695 = DEFINITIONAL_REPRESENTATION('',(#3696),#3700);
#3696 = LINE('',#3697,#3698);
#3697 = CARTESIAN_POINT('',(0.,-0.));
#3698 = VECTOR('',#3699,1.);
#3699 = DIRECTION('',(0.,1.));
#3700 = ( GEOMETRIC_REPRESENTATION_CONTEXT(2) 
PARAMETRIC_REPRESENTATION_CONTEXT() REPRESENTATION_CONTEXT('2D SPACE',''
  ) );
#3701 = ORIENTED_EDGE('',*,*,#3702,.F.);
#3702 = EDGE_CURVE('',#3680,#3680,#3703,.T.);
#3703 = SURFACE_CURVE('',#3704,(#3709,#3716),.PCURVE_S1.);
#3704 = CIRCLE('',#3705,1.5);
#3705 = AXIS2_PLACEMENT_3D('',#3706,#3707,#3708);
#3706 = CARTESIAN_POINT('',(507.15,0.,4.16E+03));
#3707 = DIRECTION('',(0.,0.,1.));
#3708 = DIRECTION('',(1.,0.,-0.));
#3709 = PCURVE('',#3608,#3710);
#3710 = DEFINITIONAL_REPRESENTATION('',(#3711),#3715);
#3711 = LINE('',#3712,#3713);
#3712 = CARTESIAN_POINT('',(0.,115.));
#3713 = VECTOR('',#3714,1.);
#3714 = DIRECTION('',(1.,0.));
#3715 = ( GEOMETRIC_REPRESENTATION_CONTEXT(2) 
PARAMETRIC_REPRESENTATION_CONTEXT() REPRESENTATION_CONTEXT('2D SPACE',''
  ) );
#3716 = PCURVE('',#3717,#3722);
#3717 = PLANE('',#3718);
#3718 = AXIS2_PLACEMENT_3D('',#3719,#3720,#3721);
#3719 = CARTESIAN_POINT('',(507.15,0.,4.16E+03));
#3720 = DIRECTION('',(0.,0.,1.));
#3721 = DIRECTION('',(1.,0.,-0.));
#3722 = DEFINITIONAL_REPRESENTATION('',(#3723),#3727);
#3723 = CIRCLE('',#3724,1.5);
#3724 = AXIS2_PLACEMENT_2D('',#3725,#3726);
#3725 = CARTESIAN_POINT('',(0.,0.));
#3726 = DIRECTION('',(1.,0.));
#3727 = ( GEOMETRIC_REPRESENTATION_CONTEXT(2) 
PARAMETRIC_REPRESENTATION_CONTEXT() REPRESENTATION_CONTEXT('2D SPACE',''
  ) );
#3728 = ORIENTED_EDGE('',*,*,#3679,.F.);
#3729 = ORIENTED_EDGE('',*,*,#3593,.T.);
#3730 = ADVANCED_FACE('',(#3731),#3662,.F.);
#3731 = FACE_BOUND('',#3732,.F.);
#3732 = EDGE_LOOP('',(#3733));
#3733 = ORIENTED_EDGE('',*,*,#3647,.T.);
#3734 = ADVANCED_FACE('',(#3735),#3717,.T.);
#3735 = FACE_BOUND('',#3736,.T.);
#3736 = EDGE_LOOP('',(#3737));
#3737 = ORIENTED_EDGE('',*,*,#3702,.T.);
#3738 = ( GEOMETRIC_REPRESENTATION_CONTEXT(3) 
GLOBAL_UNCERTAINTY_ASSIGNED_CONTEXT((#3742)) 
GLOBAL_UNIT_ASSIGNED_CONTEXT((#3739,#3740,#3741)) REPRESENTATION_CONTEXT
('Context #1','3D Context with UNIT and UNCERTAINTY') );
#3739 = ( LENGTH_UNIT() NAMED_UNIT(*) SI_UNIT(.MILLI.,.METRE.) );
#3740 = ( NAMED_UNIT(*) PLANE_ANGLE_UNIT() SI_UNIT($,.RADIAN.) );
#3741 = ( NAMED_UNIT(*) SI_UNIT($,.STERADIAN.) SOLID_ANGLE_UNIT() );
#3742 = UNCERTAINTY_MEASURE_WITH_UNIT(LENGTH_MEASURE(1.E-07),#3739,
  'distance_accuracy_value','confusion accuracy');
#3743 = PRODUCT_RELATED_PRODUCT_CATEGORY('part',$,(#7));
ENDSEC;
END-ISO-10303-21;
